months_as_customer,age,policy_deductable,policy_annual_premium,umbrella_limit,insured_education_level,capital-gains,capital-loss,incident_hour_of_the_day,number_of_vehicles_involved,bodily_injuries,witnesses,injury_claim,property_claim,vehicle_claim,auto_year,customer_tenure_days,incident_day_of_week,incident_is_weekend,vehicle_age_at_incident,net_capital,injury_claim_ratio,property_claim_ratio,vehicle_claim_ratio,claim_to_premium_ratio,incident_complexity,policy_state_IN,policy_state_OH,policy_csl_250/500,policy_csl_500/1000,insured_sex_MALE,insured_occupation_armed-forces,insured_occupation_craft-repair,insured_occupation_exec-managerial,insured_occupation_farming-fishing,insured_occupation_handlers-cleaners,insured_occupation_machine-op-inspct,insured_occupation_other-service,insured_occupation_priv-house-serv,insured_occupation_prof-specialty,insured_occupation_protective-serv,insured_occupation_sales,insured_occupation_tech-support,insured_occupation_transport-moving,insured_hobbies_basketball,insured_hobbies_board-games,insured_hobbies_bungie-jumping,insured_hobbies_camping,insured_hobbies_chess,insured_hobbies_cross-fit,insured_hobbies_dancing,insured_hobbies_exercise,insured_hobbies_golf,insured_hobbies_hiking,insured_hobbies_kayaking,insured_hobbies_movies,insured_hobbies_paintball,insured_hobbies_polo,insured_hobbies_reading,insured_hobbies_skydiving,insured_hobbies_sleeping,insured_hobbies_video-games,insured_hobbies_yachting,insured_relationship_not-in-family,insured_relationship_other-relative,insured_relationship_own-child,insured_relationship_unmarried,insured_relationship_wife,incident_type_Parked Car,incident_type_Single Vehicle Collision,incident_type_Vehicle Theft,collision_type_Rear Collision,collision_type_Side Collision,collision_type_Unknown,incident_severity_Minor Damage,incident_severity_Total Loss,incident_severity_Trivial Damage,authorities_contacted_Fire,authorities_contacted_Other,authorities_contacted_Police,incident_state_NY,incident_state_OH,incident_state_PA,incident_state_SC,incident_state_VA,incident_state_WV,incident_city_Columbus,incident_city_Hillsdale,incident_city_Northbend,incident_city_Northbrook,incident_city_Riverwood,incident_city_Springfield,property_damage_Unknown,property_damage_YES,police_report_available_Unknown,police_report_available_YES,auto_make_Audi,auto_make_BMW,auto_make_Chevrolet,auto_make_Dodge,auto_make_Ford,auto_make_Honda,auto_make_Jeep,auto_make_Mercedes,auto_make_Nissan,auto_make_Saab,auto_make_Suburu,auto_make_Toyota,auto_make_Volkswagen,incident_time_bucket_Evening,incident_time_bucket_Morning,incident_time_bucket_Night
328,48,1000,1406.91,0,5,53300,0,5,1,1,2,6510,13020,52080,2004,100,6,1,11,53300,0.09090909090909091,0.18181818181818182,0.7272727272727273,50.89877817344393,4,0,1,1,0,1,0,1,0,0,0,0,0,0,0,0,0,0,0,0,0,0,0,0,0,0,0,0,0,0,0,0,0,0,0,1,0,0,0,0,0,0,0,0,1,0,0,1,0,0,0,0,0,0,1,0,0,0,1,0,0,1,0,0,0,0,0,0,1,0,1,0,0,0,0,0,0,0,0,0,1,0,0,0,0,1,0
228,42,2000,1197.22,5000000,5,0,0,8,1,0,0,780,780,3510,2007,3130,2,0,8,0,0.15384615384615385,0.15384615384615385,0.6923076923076923,4.234810644660129,1,1,0,1,0,1,0,0,0,0,0,1,0,0,0,0,0,0,0,0,0,0,0,0,0,0,0,0,0,0,0,0,0,1,0,0,0,0,0,1,0,0,0,0,0,1,0,0,1,1,0,0,0,0,1,0,0,0,0,1,0,0,0,0,0,1,0,1,0,1,0,0,0,0,0,0,0,0,1,0,0,0,0,0,0,1,0
134,29,2000,1413.14,5000000,6,35100,0,7,3,2,3,7700,3850,23100,2007,5282,6,1,8,35100,0.2222222222222222,0.1111111111111111,0.6666666666666666,24.51986356624255,8,0,1,0,0,0,0,0,0,0,0,0,0,0,0,0,1,0,0,0,1,0,0,0,0,0,0,0,0,0,0,0,0,0,0,0,0,0,0,0,1,0,0,0,0,0,1,0,0,1,0,0,0,0,1,1,0,0,0,0,0,1,0,0,0,0,0,0,0,0,0,0,0,0,1,0,0,0,0,0,0,0,0,0,0,1,0
256,41,2000,1415.74,6000000,6,48900,-62400,5,1,1,2,6340,6340,50720,2014,8996,5,1,1,-13500,0.1,0.1,0.8,44.782234026021726,4,0,0,1,0,0,1,0,0,0,0,0,0,0,0,0,0,0,0,0,1,0,0,0,0,0,0,0,0,0,0,0,0,0,0,0,0,0,0,0,0,1,0,0,1,0,0,0,0,0,0,0,0,0,1,0,1,0,0,0,0,0,0,0,0,0,0,1,0,0,0,0,0,1,0,0,0,0,0,0,0,0,0,0,0,1,0
228,44,1000,1583.91,6000000,2,66000,-46000,20,1,0,1,1300,650,4550,2009,256,1,0,6,20000,0.2,0.1,0.7,4.1037685222013875,2,0,0,0,1,1,0,0,0,0,0,0,0,0,0,0,1,0,0,0,1,0,0,0,0,0,0,0,0,0,0,0,0,0,0,0,0,0,0,0,0,1,0,0,0,1,0,0,1,1,0,0,0,0,0,1,0,0,0,0,0,0,0,0,0,0,0,0,0,0,0,0,0,0,0,0,0,0,0,0,0,0,0,0,1,0,0
256,39,1000,1351.1,0,6,0,0,19,3,0,2,6410,6410,51280,2003,3004,4,0,12,0,0.1,0.1,0.8,47.44282436533196,5,0,1,1,0,0,0,0,0,0,0,0,0,0,0,0,0,1,0,0,0,1,0,0,0,0,0,0,0,0,0,0,0,0,0,0,0,0,0,0,0,1,0,0,0,0,1,0,0,0,0,0,1,0,0,0,0,0,1,0,0,0,0,0,0,0,0,0,0,0,0,0,0,0,0,0,0,0,0,0,1,0,0,0,1,0,0
137,34,1000,1333.35,0,6,0,-77000,0,3,0,0,21450,7150,50050,2012,5336,1,0,3,-77000,0.2727272727272727,0.09090909090909091,0.6363636363636364,58.986762665466685,3,1,0,1,0,1,0,0,0,0,0,0,0,0,1,0,0,0,0,0,1,0,0,0,0,0,0,0,0,0,0,0,0,0,0,0,0,0,0,0,0,0,0,0,0,0,0,0,0,1,0,0,0,0,1,1,0,0,0,0,0,0,0,0,0,0,1,1,0,1,0,0,0,0,0,0,0,0,0,1,0,0,0,0,0,0,1
165,37,1000,1137.03,0,2,0,0,23,3,2,2,9380,9380,32830,2015,9155,4,0,0,0,0.18181818181818182,0.18181818181818182,0.6363636363636364,45.37259351116506,7,0,0,0,0,1,0,0,0,0,0,0,0,0,0,0,0,1,0,0,0,0,0,0,0,0,0,0,0,0,0,0,0,0,0,0,0,0,0,0,0,1,0,0,0,0,0,0,0,0,1,0,0,0,1,0,0,0,0,1,0,1,0,0,0,0,0,1,0,0,1,1,0,0,0,0,0,0,0,0,0,0,0,0,0,0,1
27,33,500,1442.99,0,6,0,0,21,1,1,1,2770,2770,22160,2012,6568,4,0,3,0,0.1,0.1,0.8,19.196252226280155,3,0,0,0,0,0,0,0,0,0,0,0,1,0,0,0,0,0,0,0,0,0,0,0,0,0,0,1,0,0,0,0,0,0,0,0,0,0,0,0,1,0,0,0,1,0,0,0,0,0,1,0,0,0,1,0,0,0,0,0,1,0,0,0,0,0,0,0,0,0,1,0,0,0,0,0,0,0,0,0,0,0,1,0,0,0,1
212,42,500,1315.68,0,6,0,-39300,14,1,2,1,4700,4700,32900,1996,1260,0,0,19,-39300,0.1111111111111111,0.1111111111111111,0.7777777777777778,32.15067493615469,4,0,0,0,0,1,0,0,0,0,0,0,0,1,0,0,0,0,0,0,0,0,1,0,0,0,0,0,0,0,0,0,0,0,0,0,0,0,0,0,0,0,1,0,1,0,1,0,0,0,1,0,0,1,0,0,0,0,0,0,0,0,1,0,0,0,0,0,0,1,0,0,0,0,0,0,0,0,0,0,1,0,0,0,0,0,0
235,42,500,1253.12,4000000,4,38400,0,22,1,2,2,7910,15820,63280,2002,4608,1,0,13,38400,0.09090909090909091,0.18181818181818182,0.7272727272727273,69.43469101123596,5,0,1,0,0,0,0,0,1,0,0,0,0,0,0,0,0,0,0,0,0,0,0,0,0,1,0,0,0,0,0,0,0,0,0,0,0,0,0,1,0,0,0,0,1,0,0,0,0,0,1,0,0,0,1,1,0,0,0,0,0,0,0,1,0,0,0,0,1,1,0,0,0,0,0,1,0,0,0,0,0,0,0,0,0,0,1
447,61,2000,1137.16,0,0,0,-51000,21,3,1,2,17680,17680,79560,2006,5741,6,1,9,-51000,0.15384615384615385,0.15384615384615385,0.6923076923076923,101.05877800837173,6,0,1,0,0,0,0,0,1,0,0,0,0,0,0,0,0,0,0,0,0,0,0,0,0,0,0,0,0,0,0,0,0,0,1,0,0,0,0,1,0,0,0,0,0,0,0,0,0,0,0,0,1,0,0,0,0,0,1,0,0,0,0,0,0,0,1,0,1,0,1,1,0,0,0,0,0,0,0,0,0,0,0,0,0,0,1
60,23,500,1215.36,3000000,5,0,0,9,1,1,0,4710,9420,42390,2000,6272,3,0,15,0,0.08333333333333333,0.16666666666666666,0.75,46.5047393364929,2,0,1,0,1,1,0,0,0,0,0,0,0,0,0,1,0,0,0,0,0,0,0,0,0,0,0,0,0,0,0,0,0,1,0,0,0,0,0,0,0,0,1,0,1,0,1,0,0,0,1,0,0,0,0,0,0,0,1,0,0,0,0,1,0,0,0,0,1,0,0,0,0,0,0,0,0,0,0,0,1,0,0,0,0,1,0
121,34,1000,936.61,0,5,52800,-32800,5,1,1,1,1120,1120,5040,2010,804,3,0,5,20000,0.15384615384615385,0.15384615384615385,0.6923076923076923,7.772712228141916,3,0,1,0,0,0,1,0,0,0,0,0,0,0,0,0,0,0,0,0,0,1,0,0,0,0,0,0,0,0,0,0,0,0,0,0,0,0,0,0,0,0,1,1,0,0,0,0,1,1,0,0,0,0,0,0,0,0,1,0,0,0,0,0,0,0,1,0,0,0,0,0,0,0,0,0,0,0,0,0,0,0,1,0,0,1,0
180,38,2000,1301.13,0,1,41300,-55500,12,1,0,2,4200,8400,33600,2003,5862,3,0,12,-14200,0.09090909090909091,0.18181818181818182,0.7272727272727273,35.50759724239699,3,0,1,1,0,0,0,0,0,0,0,1,0,0,0,0,0,0,0,0,1,0,0,0,0,0,0,0,0,0,0,0,0,0,0,0,0,0,1,0,0,0,0,0,1,0,1,0,0,0,1,0,0,0,1,0,0,0,1,0,0,0,0,0,0,0,1,0,0,0,1,0,0,0,1,0,0,0,0,0,0,0,0,0,0,0,0
473,58,2000,1131.4,0,5,55700,0,12,4,0,0,10520,10520,42080,1999,8137,3,0,16,55700,0.16666666666666666,0.16666666666666666,0.6666666666666666,55.78928760827293,4,1,0,0,0,0,0,0,0,0,0,0,0,0,0,0,0,0,1,0,0,0,0,0,0,0,0,0,0,0,1,0,0,0,0,0,0,0,0,1,0,0,0,0,0,0,0,1,0,0,0,0,0,1,0,0,0,0,0,0,1,0,1,0,0,0,0,0,1,0,0,0,0,0,0,0,0,0,0,0,0,0,0,0,0,0,0
70,26,1000,1199.44,5000000,1,63600,0,0,3,1,2,5790,5790,40530,2012,3546,6,1,3,63600,0.1111111111111111,0.1111111111111111,0.7777777777777778,43.44527446141532,6,0,1,0,1,1,0,0,0,0,0,1,0,0,0,0,0,0,0,0,0,0,0,0,0,0,0,0,1,0,0,0,0,0,0,0,0,0,0,0,1,0,0,0,0,0,1,0,0,0,0,0,0,1,0,1,0,0,0,0,0,0,0,0,0,1,0,1,0,0,1,0,0,0,0,0,0,0,0,1,0,0,0,0,0,0,1
140,31,500,708.64,6000000,0,53500,0,9,1,0,2,14160,7080,56640,2015,3704,1,0,0,53500,0.18181818181818182,0.09090909090909091,0.7272727272727273,109.90065477534432,3,1,0,0,1,1,0,0,0,0,0,1,0,0,0,0,0,0,0,0,0,0,0,0,0,0,0,0,0,0,0,0,0,1,0,0,0,0,0,0,0,1,0,0,1,0,0,1,0,0,1,0,0,0,1,0,0,0,0,0,1,0,0,1,0,0,0,0,0,0,1,0,0,0,0,0,0,0,0,0,0,1,0,0,0,1,0
160,37,500,1374.22,0,5,45500,-37800,19,1,1,0,6630,13260,53040,2015,22,0,0,0,7700,0.09090909090909091,0.18181818181818182,0.7272727272727273,53.070105223326685,2,0,1,0,1,0,0,1,0,0,0,0,0,0,0,0,0,0,0,0,0,0,0,0,0,0,0,0,0,0,0,0,0,0,0,0,0,1,0,1,0,0,0,0,1,0,0,1,0,0,1,0,0,1,0,1,0,0,0,0,0,0,0,0,1,0,0,0,1,0,0,0,0,0,0,0,0,0,0,0,0,0,0,0,1,0,0
196,39,2000,1475.73,0,0,57000,-27300,8,3,2,0,6040,6040,48320,2014,8239,6,1,1,29700,0.1,0.1,0.8,40.928896207300795,5,1,0,0,1,0,0,0,0,0,1,0,0,0,0,0,0,0,0,0,0,0,1,0,0,0,0,0,0,0,0,0,0,0,0,0,0,0,0,0,1,0,0,0,0,0,0,1,0,0,0,0,0,0,1,0,0,0,0,1,0,1,0,0,0,0,0,1,0,0,0,0,0,0,0,0,0,0,0,1,0,0,0,0,0,1,0
460,62,1000,1187.96,4000000,3,0,0,20,3,1,0,0,5240,41920,2011,4573,3,0,4,0,0.0,0.1111111111111111,0.8888888888888888,39.698306340280816,4,1,0,1,0,1,0,0,0,0,0,0,1,0,0,0,0,0,0,0,0,1,0,0,0,0,0,0,0,0,0,0,0,0,0,0,0,0,0,0,1,0,0,0,0,0,1,0,0,1,0,0,0,0,1,1,0,0,0,0,0,1,0,0,0,0,0,0,0,1,0,0,0,0,0,0,0,0,0,0,0,1,0,0,1,0,0
217,41,2000,875.15,0,2,46700,0,15,3,1,2,0,4730,33110,1996,3362,1,0,19,46700,0.0,0.125,0.875,43.23830200537051,6,0,0,0,1,0,0,0,0,0,0,1,0,0,0,0,0,0,0,0,0,0,0,0,0,0,0,0,0,0,0,0,0,0,1,0,0,0,0,0,1,0,0,0,0,0,0,1,0,0,1,0,0,0,1,0,0,0,1,0,0,0,0,0,0,0,0,1,0,1,0,0,0,0,0,0,0,0,0,0,0,0,0,0,0,0,0
370,55,2000,972.18,0,0,72700,-68200,20,3,0,0,17880,5960,47680,2000,7534,6,1,15,4500,0.25,0.08333333333333333,0.6666666666666666,73.56662346479048,3,0,0,0,0,1,0,0,0,0,0,0,0,0,1,0,0,0,0,0,0,0,0,0,0,0,0,0,0,0,0,1,0,0,0,0,0,0,0,1,0,0,0,0,0,0,1,0,0,0,0,0,0,0,0,0,0,0,1,0,0,0,1,0,0,0,0,0,0,0,1,0,0,0,0,0,0,0,0,0,0,1,0,0,1,0,0
413,55,2000,1268.79,0,5,0,-31000,15,1,2,2,8180,16360,73620,2011,8746,0,0,4,-31000,0.08333333333333333,0.16666666666666666,0.75,77.36504858960112,5,1,0,0,0,1,0,0,0,0,0,0,0,1,0,0,0,0,0,0,0,0,0,1,0,0,0,0,0,0,0,0,0,0,0,0,0,0,0,0,1,0,0,0,1,0,0,0,0,0,1,0,0,0,0,0,0,0,0,0,1,0,0,1,0,0,0,1,0,1,0,0,0,0,1,0,0,0,0,0,0,0,0,0,0,0,0
237,40,1000,883.31,0,1,0,-53500,6,1,1,3,7080,14160,56640,2005,6962,1,0,10,-53500,0.09090909090909091,0.18181818181818182,0.7272727272727273,88.16836671157351,5,1,0,0,0,1,0,1,0,0,0,0,0,0,0,0,0,0,0,0,0,0,0,0,0,0,0,0,0,1,0,0,0,0,0,0,0,0,0,0,0,0,0,0,1,0,1,0,0,1,0,0,0,1,0,0,0,0,0,1,0,0,0,0,0,1,0,0,0,0,0,0,0,0,0,1,0,0,0,0,0,0,0,0,0,1,0
8,35,2000,1266.92,0,4,0,0,16,3,1,3,16500,11000,44000,2006,400,4,0,9,0,0.23076923076923078,0.15384615384615385,0.6153846153846154,56.436081204811664,7,0,1,0,0,1,0,0,0,0,0,0,0,0,0,0,1,0,0,0,0,0,0,0,0,0,0,0,0,0,0,0,1,0,0,0,0,0,0,0,1,0,0,0,0,0,1,0,0,0,0,0,0,1,0,0,1,0,0,0,0,0,0,0,0,0,0,0,0,0,1,0,0,0,0,1,0,0,0,0,0,0,0,0,0,0,0
257,43,2000,1322.1,0,0,0,-29200,4,1,1,3,1640,820,6560,2005,8896,2,0,10,-29200,0.18181818181818182,0.09090909090909091,0.7272727272727273,6.822479388851071,5,1,0,0,0,1,0,0,0,0,0,0,0,0,1,0,0,0,0,0,0,0,0,0,0,0,0,1,0,0,0,0,0,0,0,0,0,0,0,0,1,0,0,1,0,0,0,0,1,1,0,0,0,0,1,0,0,1,0,0,0,0,0,0,0,0,0,0,1,0,1,0,0,0,0,0,0,0,0,0,0,0,1,0,0,0,1
202,34,500,848.07,3000000,3,31000,-30200,5,1,2,1,1040,520,4160,2003,4556,2,0,12,800,0.18181818181818182,0.09090909090909091,0.7272727272727273,6.744726260803943,4,1,0,0,0,1,0,0,1,0,0,0,0,0,0,0,0,0,0,0,0,0,0,1,0,0,0,0,0,0,0,0,0,0,0,0,0,0,1,0,0,0,0,0,0,1,0,0,1,1,0,0,0,0,0,0,0,0,0,1,0,0,0,0,1,0,0,0,1,1,0,0,0,0,0,0,0,0,0,0,0,1,0,0,0,1,0
224,40,2000,1291.7,0,3,0,-55600,21,1,1,0,7760,15520,46560,2009,9100,3,0,6,-55600,0.1111111111111111,0.2222222222222222,0.6666666666666666,54.068282108848805,2,0,1,0,0,0,0,0,0,0,0,0,0,0,0,0,1,0,0,0,0,0,0,0,0,0,0,0,0,1,0,0,0,0,0,0,0,0,1,0,0,0,0,0,1,0,0,1,0,1,0,0,0,1,0,0,0,0,1,0,0,0,0,1,0,0,0,0,0,0,1,0,0,0,1,0,0,0,0,0,0,0,0,0,0,0,1
241,45,2000,1104.5,0,6,0,0,5,1,2,2,14100,14100,63450,2011,348,6,1,4,0,0.15384615384615385,0.15384615384615385,0.6923076923076923,82.97872340425532,5,0,0,0,1,0,0,0,0,0,0,1,0,0,0,0,0,0,0,1,0,0,0,0,0,0,0,0,0,0,0,0,0,0,0,0,0,0,0,0,0,1,0,0,1,0,1,0,0,1,0,0,0,0,1,0,0,0,1,0,0,0,0,0,1,0,0,0,0,0,0,0,0,0,0,0,0,0,0,0,0,0,0,0,0,1,0
64,25,1000,954.16,0,4,53200,0,22,4,0,0,12600,12600,50400,2005,5448,6,1,10,53200,0.16666666666666666,0.16666666666666666,0.6666666666666666,79.23199463402365,4,0,0,1,0,1,0,0,0,0,0,0,0,0,1,0,0,0,0,0,0,0,0,0,0,0,0,0,0,0,0,0,0,0,0,0,1,0,0,0,0,0,0,0,0,0,0,1,0,0,0,0,0,0,0,0,0,0,1,0,0,1,0,0,0,0,0,0,0,1,0,0,0,0,0,0,0,0,0,0,0,0,1,0,0,0,1
166,37,2000,1337.28,8000000,3,27500,0,10,3,2,2,7460,7460,52220,2006,2445,5,1,9,27500,0.1111111111111111,0.1111111111111111,0.7777777777777778,50.206389088298636,7,0,0,0,0,1,0,1,0,0,0,0,0,0,0,0,0,0,0,0,0,0,0,0,0,0,0,0,0,0,0,0,0,1,0,0,0,0,0,0,0,0,0,0,0,0,0,1,0,0,0,0,0,0,1,0,0,0,0,0,1,0,0,0,0,1,0,0,0,1,0,0,0,0,0,1,0,0,0,0,0,0,0,0,0,1,0
155,35,1000,1088.34,0,2,81100,0,16,3,2,3,3310,3310,23170,2008,4225,1,0,7,81100,0.1111111111111111,0.1111111111111111,0.7777777777777778,27.37196096807983,8,0,0,0,1,0,0,0,0,0,0,0,0,0,0,0,0,0,0,0,0,0,0,0,0,0,0,0,0,0,0,0,0,0,0,0,0,1,0,1,0,0,0,0,0,0,0,0,0,0,1,0,0,0,1,1,0,0,0,0,0,0,0,0,0,0,0,0,1,0,0,0,1,0,0,0,0,0,0,0,0,0,0,0,0,0,0
114,30,1000,1558.29,0,0,51400,-64000,1,3,1,2,14020,14020,49070,2015,8315,4,0,0,-12600,0.18181818181818182,0.18181818181818182,0.6363636363636364,49.48372895930796,6,0,0,0,0,1,0,0,0,1,0,0,0,0,0,0,0,0,0,0,0,0,0,0,0,0,0,0,0,0,0,0,0,0,0,0,1,0,0,0,0,0,1,0,0,0,0,0,0,0,0,0,0,0,0,1,0,0,0,0,0,0,1,0,0,0,0,0,0,1,0,0,0,0,0,0,0,0,0,0,0,1,0,0,0,0,1
149,37,500,1415.68,0,6,0,0,17,1,0,1,10800,5400,48600,1999,8796,3,0,16,0,0.16666666666666666,0.08333333333333333,0.75,45.773056057866185,2,0,0,0,1,1,0,0,0,0,0,0,0,0,1,0,0,0,0,0,0,0,0,0,0,0,0,0,0,0,0,0,0,0,0,0,0,1,0,0,1,0,0,0,1,0,0,1,0,0,1,0,1,0,0,0,0,0,0,0,1,0,1,0,0,0,0,0,1,0,1,1,0,0,0,0,0,0,0,0,0,0,0,0,1,0,0
147,33,1000,1334.15,6000000,0,53300,-49200,15,1,2,0,10620,5310,37170,1995,1630,5,1,20,4100,0.2,0.1,0.7,39.80062211895214,3,0,1,0,0,1,0,1,0,0,0,0,0,0,0,0,0,0,0,0,0,0,0,0,0,0,0,0,0,0,0,0,0,1,0,0,0,0,1,0,0,0,0,0,1,0,0,0,0,0,0,0,0,1,0,0,0,0,0,0,1,0,0,0,0,0,1,0,1,0,1,0,0,0,0,0,0,0,1,0,0,0,0,0,0,0,0
62,28,1000,988.45,0,4,0,0,3,1,1,1,6020,6020,48160,2004,4324,4,0,11,0,0.1,0.1,0.8,60.90343467044362,3,0,0,0,0,0,0,0,0,0,0,0,0,0,0,1,0,0,0,0,0,0,1,0,0,0,0,0,0,0,0,0,0,0,0,0,0,0,0,0,0,1,0,0,1,0,1,0,0,0,1,0,0,0,1,1,0,0,0,0,0,0,0,0,1,0,0,1,0,0,1,0,0,0,0,0,0,0,0,0,0,1,0,0,0,0,1
289,49,2000,1222.48,0,3,0,0,16,1,1,1,1230,820,3280,2001,8019,6,1,14,0,0.23076923076923078,0.15384615384615385,0.6153846153846154,4.359989529481055,3,0,0,0,1,0,0,0,0,0,0,0,0,1,0,0,0,0,0,0,0,0,0,0,0,0,0,1,0,0,0,0,0,0,0,0,0,0,0,0,0,1,0,1,0,0,0,0,1,1,0,0,0,0,0,0,0,0,0,0,1,0,0,0,0,0,0,0,0,0,1,0,0,0,0,0,0,0,0,0,0,1,0,0,0,0,0
431,54,2000,1155.55,0,5,65700,0,4,3,2,0,12460,6230,43610,2007,4440,2,0,8,65700,0.2,0.1,0.7,53.91372073904202,5,1,0,0,1,0,0,1,0,0,0,0,0,0,0,0,0,0,0,0,0,1,0,0,0,0,0,0,0,0,0,0,0,0,0,0,0,0,0,0,0,1,0,0,0,0,1,0,0,0,0,0,0,0,1,1,0,0,0,0,0,0,1,0,0,0,0,1,0,1,0,0,0,0,0,0,0,1,0,0,0,0,0,0,0,0,1
199,37,500,1262.08,0,3,48500,0,4,1,0,3,10940,10940,38290,2011,6374,3,0,4,48500,0.18181818181818182,0.18181818181818182,0.6363636363636364,47.67526622718053,4,1,0,1,0,1,0,0,0,0,0,0,0,0,0,0,0,1,0,0,0,0,0,0,0,0,0,0,0,0,0,0,0,0,0,0,1,0,0,0,0,0,1,0,1,0,0,0,0,0,0,0,0,0,0,0,0,0,0,0,0,1,0,0,0,0,0,1,0,0,0,0,0,0,0,0,0,0,0,1,0,0,0,0,0,0,1
79,26,500,1451.62,0,2,0,-55700,19,1,2,2,8000,4000,28000,2010,7180,5,1,5,-55700,0.2,0.1,0.7,27.555420840164782,5,0,0,0,0,1,0,0,0,0,0,0,0,0,0,0,0,1,0,0,0,0,0,0,0,0,0,0,0,1,0,0,0,0,0,0,0,0,1,0,0,0,0,0,1,0,1,0,0,1,0,0,0,0,0,0,0,0,0,0,1,1,0,0,0,0,0,0,0,1,0,0,1,0,0,0,0,0,0,0,0,0,0,0,1,0,0
116,34,500,1737.66,0,2,0,-24100,1,1,1,1,16180,16180,64720,2001,854,3,0,14,-24100,0.16666666666666666,0.16666666666666666,0.6666666666666666,55.86823659404026,3,1,0,1,0,1,0,0,0,0,0,0,0,0,0,0,0,0,1,0,0,0,0,1,0,0,0,0,0,0,0,0,0,0,0,0,0,0,0,0,0,1,0,0,1,0,0,1,0,0,0,0,0,0,1,0,0,0,0,0,1,0,0,0,1,0,0,1,0,1,0,0,1,0,0,0,0,0,0,0,0,0,0,0,0,0,1
37,23,500,1475.93,0,1,0,-67400,17,3,1,0,5740,5740,40180,2010,3183,4,0,5,-67400,0.1111111111111111,0.1111111111111111,0.7777777777777778,35.00165997032379,4,0,0,0,1,0,0,0,0,0,0,0,0,0,1,0,0,0,0,0,0,0,0,0,0,0,0,0,1,0,0,0,0,0,0,0,0,0,0,0,0,0,0,0,0,0,0,1,0,1,0,0,0,1,0,0,0,0,1,0,0,0,0,0,0,0,1,0,1,0,0,0,0,0,1,0,0,0,0,0,0,0,0,0,1,0,0
106,30,500,538.17,0,6,49700,-60200,23,1,2,2,5680,5680,39760,2005,4321,1,0,10,-10500,0.1111111111111111,0.1111111111111111,0.7777777777777778,94.98857238419087,5,0,1,1,0,0,0,0,0,0,0,0,0,0,0,0,0,0,1,0,0,0,0,0,0,0,0,0,0,0,0,0,0,1,0,0,0,0,0,0,1,0,0,0,1,0,1,0,0,0,1,0,0,1,0,0,0,0,0,0,0,0,0,0,0,0,0,0,0,0,0,0,0,0,0,0,0,0,1,0,0,0,0,0,0,0,1
269,44,2000,1081.08,0,3,36400,-28700,14,1,0,2,11280,11280,33840,2014,2628,5,1,1,7700,0.2,0.2,0.6,52.17005217005217,3,0,0,0,0,1,0,0,0,0,0,0,0,1,0,0,0,0,0,0,0,0,0,0,0,0,0,0,0,0,0,0,0,1,0,0,0,0,0,0,0,1,0,0,1,0,0,0,0,1,0,0,0,1,0,0,0,0,1,0,0,0,0,0,0,0,1,0,1,1,0,0,0,0,0,0,0,0,0,0,0,0,1,0,0,0,0
265,40,1000,1454.43,0,5,0,0,17,3,2,3,6890,0,48230,2002,3106,5,1,13,0,0.125,0.0,0.875,37.89800815439725,8,0,0,1,0,0,0,0,0,0,0,0,0,0,0,1,0,0,0,0,0,0,0,0,0,0,0,0,0,0,0,0,0,0,0,0,0,1,0,0,0,0,0,0,0,0,1,0,0,0,1,0,0,1,0,1,0,0,0,0,0,0,0,0,0,0,0,0,0,1,0,0,0,0,0,0,0,0,0,0,0,0,0,0,1,0,0
163,33,500,1240.47,0,2,35300,0,11,3,1,1,0,14020,63090,2014,9172,2,0,1,35300,0.0,0.18181818181818182,0.8181818181818182,62.16192249711803,5,1,0,0,0,0,0,0,0,0,0,0,1,0,0,0,0,0,0,0,0,0,0,0,0,0,0,0,0,0,0,0,1,0,0,0,0,0,0,0,0,0,0,0,0,0,1,0,0,0,1,0,1,0,0,0,0,0,0,0,0,0,0,1,0,0,0,0,1,1,0,0,0,0,0,0,1,0,0,0,0,0,0,0,0,1,0
355,47,2000,1273.7,4000000,1,0,0,19,3,2,1,6280,6280,50240,2003,9064,5,1,12,0,0.1,0.1,0.8,49.305173902802856,6,0,1,0,1,1,0,0,0,0,0,0,1,0,0,0,0,0,0,0,0,0,0,0,0,0,0,0,0,1,0,0,0,0,0,0,0,0,0,0,0,0,0,0,0,0,0,0,0,0,0,0,1,0,0,0,0,0,0,0,1,0,0,0,0,0,0,0,0,0,0,1,0,0,0,0,0,0,0,0,0,0,0,0,1,0,0
175,34,1000,1123.87,8000000,6,0,0,5,1,2,0,810,810,5670,1995,2607,3,0,20,0,0.1111111111111111,0.1111111111111111,0.7777777777777778,6.486515344301388,3,1,0,0,1,0,0,0,0,0,0,0,0,0,0,1,0,0,0,0,0,0,0,0,0,1,0,0,0,0,0,0,0,0,0,0,0,0,0,1,0,0,0,0,0,1,0,0,1,0,0,1,0,0,1,1,0,0,0,0,0,0,0,0,0,0,0,1,0,0,1,0,0,0,0,0,0,0,0,0,0,0,0,1,0,1,0
192,35,1000,1245.89,0,4,0,-40300,19,1,0,0,15320,7660,53620,2000,6506,3,0,15,-40300,0.2,0.1,0.7,61.48215332011654,1,0,0,0,0,0,0,0,1,0,0,0,0,0,0,0,0,0,0,0,0,0,0,0,0,0,0,0,0,0,1,0,0,0,0,0,0,0,0,0,0,0,1,0,1,0,1,0,0,0,1,0,0,1,0,0,0,0,0,0,1,0,0,0,0,0,1,0,0,1,0,0,0,0,0,0,0,0,1,0,0,0,0,0,1,0,0
430,59,2000,1326.62,7000000,5,0,0,19,3,0,3,16360,8180,57260,1998,4011,5,1,17,0,0.2,0.1,0.7,61.66046041820567,6,0,1,1,0,1,0,0,0,0,0,0,1,0,0,0,0,0,0,0,0,1,0,0,0,0,0,0,0,0,0,0,0,0,0,0,0,0,0,0,1,0,0,0,0,0,0,0,0,1,0,0,1,0,0,1,0,0,0,0,0,0,0,0,0,1,0,1,0,0,1,0,0,0,0,0,0,0,0,1,0,0,0,0,1,0,0
91,27,2000,1073.83,0,3,0,0,4,1,1,2,1320,660,5280,2008,7455,5,1,7,0,0.18181818181818182,0.09090909090909091,0.7272727272727273,6.760846688954491,4,0,0,0,0,0,0,0,0,1,0,0,0,0,0,0,0,0,0,0,0,0,0,0,0,0,0,0,0,0,0,0,1,0,0,0,0,0,0,0,0,0,0,0,0,1,0,0,1,0,0,1,0,0,0,1,0,0,0,0,0,0,0,0,0,0,0,1,0,1,0,0,1,0,0,0,0,0,0,0,0,0,0,0,0,0,1
217,39,1000,1530.52,0,1,0,0,8,1,2,1,430,430,3440,2000,4648,6,1,15,0,0.1,0.1,0.8,2.8095026526932023,4,1,0,0,0,1,1,0,0,0,0,0,0,0,0,0,0,0,0,1,0,0,0,0,0,0,0,0,0,0,0,0,0,0,0,0,0,0,1,0,0,0,0,0,0,1,0,0,1,1,0,0,0,0,0,0,0,0,0,0,1,0,0,1,0,0,0,1,0,0,1,0,0,0,0,0,0,0,0,0,0,0,1,0,0,1,0
223,40,500,1201.41,0,3,88400,-46500,7,3,1,0,12820,12820,44870,1999,7579,1,0,16,41900,0.18181818181818182,0.18181818181818182,0.6363636363636364,58.6893733196827,4,1,0,0,0,0,0,0,0,0,0,0,0,1,0,0,0,0,0,0,0,0,0,0,0,0,0,0,0,0,1,0,0,0,0,0,0,0,0,0,0,0,0,0,0,0,0,1,0,0,0,0,0,0,1,0,0,0,0,0,0,1,0,0,0,0,0,0,1,1,0,0,0,0,0,0,0,0,0,0,0,1,0,0,0,1,0
195,39,1000,1393.57,0,6,47600,-39600,5,1,0,1,480,480,1680,2009,194,4,0,6,8000,0.18181818181818182,0.18181818181818182,0.6363636363636364,1.8944150634700805,2,0,1,1,0,1,0,0,0,0,0,1,0,0,0,0,0,0,0,0,0,0,0,0,0,0,0,0,0,0,1,0,0,0,0,0,0,0,1,0,0,0,0,1,0,0,0,0,1,1,0,0,0,0,1,0,0,0,0,1,0,0,0,1,0,0,0,0,0,0,1,0,0,0,0,1,0,0,0,0,0,0,0,0,0,1,0
22,26,1000,1276.57,0,6,71500,0,3,1,1,2,15780,7890,55230,1995,2705,1,0,20,71500,0.2,0.1,0.7,61.80624642596959,4,0,1,0,0,1,0,1,0,0,0,0,0,0,0,0,0,0,0,0,0,0,0,0,0,0,0,0,0,0,0,0,0,0,1,0,0,0,1,0,0,0,0,0,1,0,1,0,0,1,0,0,1,0,0,1,0,0,0,0,0,0,0,0,0,0,0,0,1,0,0,0,0,1,0,0,0,0,0,0,0,0,0,0,0,0,1
439,56,500,1082.49,0,6,36100,-55000,12,3,2,3,0,6270,50160,2014,2291,5,1,1,-18900,0.0,0.1111111111111111,0.8888888888888888,52.12981182274201,8,1,0,1,0,0,0,0,0,0,0,0,0,0,1,0,0,0,0,0,0,0,0,1,0,0,0,0,0,0,0,0,0,0,0,0,0,0,0,0,0,1,0,0,0,0,0,0,0,0,0,0,1,0,0,0,0,0,1,0,0,1,0,0,0,0,0,1,0,1,0,0,0,0,0,0,1,0,0,0,0,0,0,0,0,0,0
94,32,1000,1414.74,0,4,0,0,19,1,1,3,300,300,1800,2014,7067,6,1,1,0,0.125,0.125,0.75,1.6964247847661054,5,1,0,0,1,0,0,0,0,0,0,0,0,0,0,0,0,0,0,0,0,0,0,0,0,0,0,0,1,0,0,0,0,0,0,0,0,0,0,0,1,0,0,1,0,0,0,0,1,1,0,0,0,0,0,0,0,0,0,1,0,0,0,0,0,1,0,0,0,0,0,0,0,1,0,0,0,0,0,0,0,0,0,0,1,0,0
11,39,2000,1470.06,0,6,56600,-45800,22,1,0,1,7310,7310,51170,2007,7903,2,0,8,10800,0.1111111111111111,0.1111111111111111,0.7777777777777778,44.75327537651525,2,0,0,1,0,1,0,0,0,0,0,0,1,0,0,0,0,0,0,0,0,0,0,0,0,0,0,0,0,0,0,0,0,0,0,0,0,1,0,0,0,0,0,0,1,0,0,0,0,0,1,0,0,0,0,0,0,0,0,0,1,0,0,0,0,1,0,0,1,0,0,0,0,0,0,0,0,0,0,0,1,0,0,0,0,0,1
151,36,2000,870.63,0,5,94800,-58500,12,3,1,1,11440,5720,45760,2000,3601,1,0,15,36300,0.18181818181818182,0.09090909090909091,0.7272727272727273,72.26950598991534,5,0,1,1,0,0,0,0,0,0,0,0,0,0,0,0,0,0,0,0,0,0,0,0,0,0,0,0,0,1,0,0,0,0,0,0,0,0,0,0,1,0,0,0,0,0,0,1,0,1,0,0,0,0,1,0,0,0,0,1,0,0,1,0,0,0,0,0,0,0,0,0,0,0,0,1,0,0,0,0,0,0,0,0,0,0,0
154,34,500,795.23,0,6,36900,0,15,3,2,1,15440,0,54040,2014,9096,5,1,1,36900,0.2222222222222222,0.0,0.7777777777777778,87.37094928511249,6,1,0,0,0,1,0,0,0,0,0,1,0,0,0,0,0,0,0,0,0,0,0,0,0,0,0,0,0,0,0,0,0,0,0,0,0,0,0,1,0,0,0,0,0,0,1,0,0,0,0,0,0,0,1,1,0,0,0,0,0,0,0,0,0,0,1,0,1,1,0,0,0,0,0,0,0,0,0,1,0,0,0,0,0,0,0
245,44,1000,1168.2,0,3,69100,0,23,3,0,3,7380,3690,33210,1997,7804,2,0,18,69100,0.16666666666666666,0.08333333333333333,0.75,37.90446841294299,6,0,0,0,1,1,0,0,0,0,1,0,0,0,0,0,0,0,0,1,0,0,0,0,0,0,0,0,0,0,0,0,0,0,0,0,0,0,0,0,0,0,0,0,0,0,0,1,0,0,1,0,0,1,0,0,1,0,0,0,0,0,0,0,0,0,1,0,0,0,0,0,0,0,0,0,1,0,0,0,0,0,0,0,0,0,1
119,32,1000,993.51,0,0,0,-49500,12,1,0,3,5630,11260,39410,2011,216,0,0,4,-49500,0.1,0.2,0.7,56.66777385230144,4,0,0,0,1,1,1,0,0,0,0,0,0,0,0,0,0,0,0,0,0,1,0,0,0,0,0,0,0,0,0,0,0,0,0,0,0,0,0,0,0,1,0,0,1,0,0,1,0,1,0,0,0,1,0,0,0,0,0,0,1,0,1,0,0,0,0,0,0,0,1,0,1,0,0,0,0,0,0,0,0,0,0,0,0,0,0
215,42,500,1848.81,0,3,0,-49000,20,3,2,2,11420,5710,51390,2003,2292,4,0,12,-49000,0.16666666666666666,0.08333333333333333,0.75,37.06167751148036,7,0,1,0,1,1,0,0,0,0,0,0,0,0,0,0,0,0,1,0,0,0,0,0,0,0,0,0,0,0,0,0,0,0,0,0,1,0,0,0,1,0,0,0,0,0,0,0,0,0,0,0,1,0,0,0,0,0,0,0,1,0,0,1,0,0,0,0,1,0,1,0,0,0,0,0,0,0,0,0,0,1,0,0,1,0,0
295,42,2000,1641.73,5000000,6,62400,0,16,3,0,0,6570,6570,45990,2006,2828,1,0,9,62400,0.1111111111111111,0.1111111111111111,0.7777777777777778,36.01688462780116,3,0,1,1,0,1,0,0,0,0,0,0,0,0,0,0,1,0,0,0,0,0,0,1,0,0,0,0,0,0,0,0,0,0,0,0,0,0,1,0,0,0,0,0,0,0,1,0,0,0,1,0,1,0,0,0,0,0,0,1,0,0,0,0,0,1,0,0,0,0,0,0,0,0,0,1,0,0,0,0,0,0,0,0,0,0,0
254,39,500,1362.87,0,5,35700,0,6,3,2,2,13720,6860,61740,1995,7741,6,1,20,35700,0.16666666666666666,0.08333333333333333,0.75,60.401945893592206,7,1,0,0,0,0,0,0,1,0,0,0,0,0,0,0,0,0,0,0,0,0,0,1,0,0,0,0,0,0,0,0,0,0,0,0,0,0,0,1,0,0,0,0,0,0,0,0,0,1,0,0,0,0,0,1,0,0,0,0,0,0,0,0,0,0,0,0,1,0,0,0,0,0,1,0,0,0,0,0,0,0,0,0,0,1,0
107,31,500,1239.22,7000000,0,43400,-91200,12,1,0,1,13800,13800,62100,2009,1262,4,0,6,-47800,0.15384615384615385,0.15384615384615385,0.6923076923076923,72.38424170042445,2,1,0,1,0,0,0,0,0,0,0,0,0,0,0,0,0,1,0,0,0,0,0,0,0,0,0,0,0,0,0,1,0,0,0,0,0,0,1,0,0,0,0,0,1,0,0,1,0,1,0,0,1,0,0,0,0,0,1,0,0,0,0,0,0,0,1,0,1,0,0,1,0,0,0,0,0,0,0,0,0,0,0,0,0,0,0
478,64,500,835.02,0,2,59600,0,17,3,1,1,0,3770,30160,1998,8932,0,0,17,59600,0.0,0.1111111111111111,0.8888888888888888,40.633757275274846,5,0,1,1,0,0,0,0,0,0,0,0,0,0,0,0,0,0,0,0,0,0,0,0,0,0,0,0,0,0,0,0,0,1,0,0,0,0,0,0,0,1,0,0,0,0,0,1,0,1,0,0,1,0,0,0,0,0,0,0,1,0,1,0,0,0,0,0,0,0,0,0,1,0,0,0,0,0,0,0,0,0,0,0,1,0,0
128,30,1000,1061.33,0,5,43300,-66200,8,1,0,3,12460,6230,49840,1997,7638,5,1,18,-22900,0.18181818181818182,0.09090909090909091,0.7272727272727273,64.56992641308547,4,0,1,0,0,1,0,0,0,0,0,1,0,0,0,0,0,0,0,0,0,0,0,0,0,0,0,0,0,0,1,0,0,0,0,0,0,0,0,0,1,0,0,0,1,0,0,0,0,0,0,0,0,0,0,0,0,0,0,0,1,0,0,0,1,0,0,0,0,0,0,1,0,0,0,0,0,0,0,0,0,0,0,0,0,1,0
338,49,1000,1279.08,0,5,0,-51500,13,1,0,1,860,860,2580,2004,7675,4,0,11,-51500,0.2,0.2,0.6,3.361791287487882,2,1,0,0,1,1,0,0,0,0,0,0,1,0,0,0,0,0,0,0,0,0,0,0,0,0,0,0,0,1,0,0,0,0,0,0,0,0,0,0,1,0,0,1,0,0,0,0,1,1,0,0,0,0,0,0,0,0,0,0,0,0,0,0,0,1,0,0,0,1,0,0,0,0,0,1,0,0,0,0,0,0,0,0,0,0,0
271,42,500,1105.49,0,2,56200,-50000,12,2,2,3,12420,6210,49680,2003,1285,4,0,12,6200,0.18181818181818182,0.09090909090909091,0.7272727272727273,61.79160372323585,7,0,1,0,0,0,0,0,0,0,0,0,0,0,1,0,0,0,0,0,0,0,0,0,0,0,0,0,0,0,0,0,0,0,0,1,0,0,0,0,1,0,0,0,0,0,0,1,0,0,0,0,0,1,0,0,0,0,1,0,0,0,1,0,0,0,0,1,0,1,0,1,0,0,0,0,0,0,0,0,0,0,0,0,0,0,0
222,41,2000,1055.53,0,5,37800,-50300,7,1,0,2,6810,6810,47670,1995,5933,6,1,20,-12500,0.1111111111111111,0.1111111111111111,0.7777777777777778,58.065616325447884,3,0,1,0,0,0,1,0,0,0,0,0,0,0,0,0,0,0,0,0,0,0,0,0,1,0,0,0,0,0,0,0,0,0,0,0,0,0,1,0,0,0,0,0,1,0,0,0,0,0,1,0,0,1,0,0,0,0,0,0,1,0,0,0,1,0,0,0,0,0,0,0,0,0,0,0,1,0,0,0,0,0,0,0,0,1,0
199,41,1000,895.83,0,2,0,0,10,1,1,2,3010,0,27090,1999,7009,2,0,16,0,0.1,0.0,0.9,33.60012502372102,4,0,1,1,0,0,0,0,0,0,0,0,0,0,0,0,1,0,0,0,0,0,0,0,0,0,0,0,0,0,0,1,0,0,0,0,0,0,0,0,0,0,0,0,1,0,1,0,0,1,0,0,0,0,0,0,0,0,0,0,0,0,0,0,0,0,0,0,0,0,0,0,0,1,0,0,0,0,0,0,0,0,0,0,0,1,0
215,37,500,1632.93,0,1,0,-42900,7,3,2,0,9520,4760,42840,2002,4440,0,0,13,-42900,0.16666666666666666,0.08333333333333333,0.75,34.98006650621888,5,1,0,0,0,0,0,0,0,0,0,0,0,0,0,0,0,0,1,0,0,0,0,0,0,0,0,1,0,0,0,0,0,0,0,0,0,0,1,0,0,0,0,0,0,0,1,0,0,1,0,0,1,0,0,0,0,0,1,0,0,0,0,0,0,1,0,0,0,0,1,0,0,0,0,0,0,0,1,0,0,0,0,0,0,1,0
192,40,1000,1405.99,0,2,0,0,18,3,1,0,9540,4770,28620,2005,3972,6,1,10,0,0.2222222222222222,0.1111111111111111,0.6666666666666666,30.533645331759118,4,0,0,0,0,0,0,0,0,0,0,0,0,0,0,0,1,0,0,0,0,0,0,0,0,0,0,0,0,0,0,0,0,0,0,0,0,1,0,0,0,0,1,0,0,0,0,1,0,1,0,0,0,0,0,0,0,0,0,1,0,0,0,0,0,0,1,0,1,0,1,0,1,0,0,0,0,0,0,0,0,0,0,0,1,0,0
120,35,1000,1425.54,0,0,78300,0,22,3,2,0,11380,5690,34140,2010,5095,3,0,5,78300,0.2222222222222222,0.1111111111111111,0.6666666666666666,35.92322909213351,5,0,1,0,0,0,0,0,0,0,0,0,0,0,0,0,0,0,1,0,0,1,0,0,0,0,0,0,0,0,0,0,0,0,0,0,0,0,0,1,0,0,0,0,0,0,0,0,0,0,1,0,0,0,0,0,0,0,1,0,0,0,0,0,0,1,0,0,0,0,0,0,0,0,0,1,0,0,0,0,0,0,0,0,0,0,1
270,45,1000,1038.09,0,1,0,-19700,18,3,1,1,14900,7450,67050,1998,1828,2,0,17,-19700,0.16666666666666666,0.08333333333333333,0.75,86.11970060399388,5,0,1,0,1,0,0,0,0,0,1,0,0,0,0,0,0,0,0,0,0,0,0,0,0,0,0,1,0,0,0,0,0,0,0,0,0,0,0,0,0,0,0,0,0,0,0,0,0,1,0,0,1,0,0,1,0,0,0,0,0,0,0,0,0,0,1,0,0,0,1,0,0,0,0,0,0,0,0,0,0,1,0,0,1,0,0
319,47,500,1307.11,0,1,0,0,22,3,0,2,10860,10860,38010,2005,8344,1,0,10,0,0.18181818181818182,0.18181818181818182,0.6363636363636364,45.69623061563296,5,1,0,1,0,1,0,0,0,0,0,0,0,0,0,0,0,0,1,0,0,0,0,0,0,1,0,0,0,0,0,0,0,0,0,0,0,0,1,0,0,0,0,0,0,0,0,0,0,0,1,0,0,0,1,0,0,0,0,0,1,0,0,0,1,0,0,0,0,1,0,1,0,0,0,0,0,0,0,0,0,0,0,0,0,0,1
194,39,1000,1489.24,6000000,3,0,-45000,15,1,2,2,1240,1240,5580,2004,1709,5,1,11,-45000,0.15384615384615385,0.15384615384615385,0.6923076923076923,5.4121565362198165,5,0,1,0,1,0,0,0,0,0,0,0,1,0,0,0,0,0,0,0,0,0,0,0,0,0,0,0,0,1,0,0,0,0,0,0,0,0,0,0,0,0,1,0,0,1,0,0,1,1,0,0,0,0,0,0,0,0,1,0,0,0,0,0,0,0,1,0,1,0,1,0,0,0,0,0,0,0,0,0,1,0,0,0,0,0,0
227,38,500,976.67,0,6,0,0,16,1,1,2,14440,7220,50540,2013,451,2,0,2,0,0.2,0.1,0.7,73.92466237316596,4,0,1,0,1,0,0,0,0,0,1,0,0,0,0,0,0,0,0,0,0,0,0,0,0,0,0,0,0,0,0,0,1,0,0,0,0,0,0,0,0,1,0,0,1,0,1,0,0,0,0,0,1,0,0,0,0,0,1,0,0,0,0,0,1,0,0,1,0,1,0,0,1,0,0,0,0,0,0,0,0,0,0,0,0,0,0
137,31,2000,1340.43,0,0,52700,-40600,6,3,1,2,10160,10160,30480,2005,7435,3,0,10,12100,0.2,0.2,0.6,37.89828637079146,6,0,1,1,0,1,0,0,1,0,0,0,0,0,0,0,0,0,0,0,0,0,0,0,0,0,0,0,0,0,0,1,0,0,0,0,0,0,0,0,0,0,0,0,0,0,0,1,0,1,0,0,0,0,0,0,0,0,0,0,0,0,0,0,0,0,0,0,0,0,0,0,0,0,0,0,0,0,0,0,0,0,0,0,0,1,0
244,40,2000,1267.81,5000000,4,0,0,10,1,2,1,660,1320,4620,2005,6392,5,1,10,0,0.1,0.2,0.7,5.205827371609311,4,0,1,0,1,0,0,0,1,0,0,0,0,0,0,0,0,0,0,0,0,0,0,0,0,0,0,0,0,0,0,0,0,0,0,0,1,0,0,0,0,0,1,0,0,1,0,0,1,0,0,1,0,0,0,0,0,0,0,0,0,0,0,0,1,0,0,1,0,1,0,0,0,0,0,0,0,0,0,0,0,0,0,0,0,1,0
78,29,1000,1234.2,6000000,4,0,0,3,1,2,2,750,1500,5250,2002,1444,3,0,13,0,0.1,0.2,0.7,6.076810889645114,5,0,0,1,0,1,0,0,0,0,0,0,1,0,0,0,0,0,0,0,0,1,0,0,0,0,0,0,0,0,0,0,0,0,0,0,0,0,0,1,0,0,0,0,0,1,0,0,1,1,0,0,0,0,1,1,0,0,0,0,0,0,0,0,1,0,0,0,1,0,0,0,0,0,0,0,0,0,0,1,0,0,0,0,0,0,1
200,35,2000,1318.06,0,0,57300,-80600,13,1,0,3,1180,1180,4130,2002,7456,0,0,13,-23300,0.18181818181818182,0.18181818181818182,0.6363636363636364,4.923903312444047,4,1,0,1,0,1,0,0,1,0,0,0,0,0,0,0,0,0,0,0,0,0,0,0,0,0,0,0,0,0,0,0,0,0,0,0,1,0,0,0,0,0,1,0,0,1,0,0,1,0,0,1,0,0,0,0,0,0,0,1,0,0,1,0,0,0,0,0,0,0,1,0,0,0,0,0,0,0,0,0,0,0,0,1,0,0,0
284,48,2000,769.95,0,4,0,-44200,16,2,2,3,5540,11080,44320,2013,6458,0,0,2,-44200,0.09090909090909091,0.18181818181818182,0.7272727272727273,79.14799662315734,7,1,0,0,1,1,0,0,0,0,0,0,0,0,1,0,0,0,0,0,0,0,0,0,0,0,0,0,0,0,1,0,0,0,0,0,0,0,1,0,0,0,0,0,0,0,0,1,0,0,0,0,0,0,0,1,0,0,0,0,0,0,1,0,0,0,0,1,0,0,0,1,0,0,0,0,0,0,0,0,0,0,0,0,0,0,0
275,41,2000,1514.72,0,0,35700,0,13,3,0,1,5830,11660,40810,2007,6673,0,0,8,35700,0.1,0.2,0.7,38.488961656279706,4,0,1,0,0,1,0,0,0,0,0,0,0,0,0,0,0,0,1,0,1,0,0,0,0,0,0,0,0,0,0,0,0,0,0,0,0,0,0,0,1,0,0,0,0,0,0,0,0,0,0,0,1,0,0,1,0,0,0,0,0,0,0,0,1,0,0,0,1,1,0,0,0,0,0,0,0,0,0,0,0,1,0,0,0,0,0
153,34,1000,873.64,4000000,2,800,0,9,3,2,1,11400,11400,45600,2007,3254,4,0,8,800,0.16666666666666666,0.16666666666666666,0.6666666666666666,78.29311844695756,6,0,0,0,1,0,0,0,0,0,0,0,0,1,0,0,0,0,0,0,0,0,0,0,0,0,0,0,0,0,0,0,0,0,0,0,0,1,0,0,0,0,0,0,0,0,0,0,0,1,0,0,0,1,0,0,0,0,1,0,0,1,0,0,0,0,0,0,0,1,0,0,0,0,0,1,0,0,0,0,0,0,0,0,0,1,0
134,32,500,1612.43,0,5,36400,0,2,1,2,1,11680,11680,40880,2015,8772,3,0,0,36400,0.18181818181818182,0.18181818181818182,0.6363636363636364,39.84048919953114,4,0,0,0,1,0,0,0,0,0,0,0,1,0,0,0,0,0,0,0,0,0,0,0,0,0,0,0,0,0,0,0,0,0,0,0,0,1,0,0,1,0,0,0,1,0,0,1,0,0,1,0,1,0,0,0,0,0,0,1,0,0,0,0,0,0,1,1,0,0,1,0,1,0,0,0,0,0,0,0,0,0,0,0,0,0,1
31,36,2000,1318.24,9000000,1,0,-78600,9,1,0,1,940,470,3290,2002,5647,4,0,13,-78600,0.2,0.1,0.7,3.5653598737710888,2,0,0,0,1,0,0,0,0,0,0,0,0,0,1,0,0,0,0,0,0,0,0,0,0,0,0,0,0,1,0,0,0,0,0,0,0,0,1,0,0,0,0,1,0,0,0,0,1,0,0,1,0,0,0,0,0,0,0,0,1,0,0,0,0,0,0,0,0,0,1,0,0,0,1,0,0,0,0,0,0,0,0,0,0,1,0
41,25,1000,1226.83,0,1,0,-56100,12,3,2,0,0,5640,39480,2011,8393,2,0,4,-56100,0.0,0.125,0.875,36.77771166339265,5,1,0,0,0,0,0,0,1,0,0,0,0,0,0,0,0,0,0,0,0,0,0,0,0,0,1,0,0,0,0,0,0,0,0,0,0,0,1,0,0,0,0,0,0,0,0,1,0,0,0,0,0,1,0,0,0,0,1,0,0,1,0,0,0,0,0,0,1,1,0,0,0,0,0,0,0,0,0,0,0,0,0,0,0,0,0
127,29,2000,1326.44,5000000,0,0,0,12,2,1,1,10300,10300,46350,1995,5558,1,0,20,0,0.15384615384615385,0.15384615384615385,0.6923076923076923,50.473447724736886,4,0,1,1,0,0,0,0,0,0,0,0,0,0,0,0,1,0,0,0,1,0,0,0,0,0,0,0,0,0,0,0,0,0,0,0,0,0,0,0,1,0,0,0,0,0,0,0,0,0,1,0,1,0,0,0,0,0,1,0,0,0,0,0,0,0,0,0,1,1,0,0,0,0,0,0,0,0,0,0,1,0,0,0,0,0,0
61,23,2000,1136.83,4000000,2,0,-62400,14,1,0,3,8940,17880,71520,2004,7911,0,0,11,-62400,0.09090909090909091,0.18181818181818182,0.7272727272727273,86.50369888197883,4,0,0,1,0,0,0,0,0,0,0,0,0,0,0,0,0,1,0,0,0,0,0,0,0,0,1,0,0,0,0,0,0,0,0,0,0,0,0,0,1,0,0,0,1,0,0,1,0,0,0,0,0,0,1,1,0,0,0,0,0,1,0,0,0,0,0,0,0,1,0,0,0,0,0,0,1,0,0,0,0,0,0,0,0,0,0
207,42,2000,1322.78,0,6,55200,0,9,1,0,1,590,590,4720,2007,5261,5,1,8,55200,0.1,0.1,0.8,4.460303300624442,2,0,0,1,0,1,0,0,0,1,0,0,0,0,0,0,0,0,0,0,0,0,0,0,0,0,0,0,0,0,0,0,0,0,0,0,0,1,0,0,1,0,0,1,0,0,0,0,1,0,0,1,0,0,0,0,0,0,0,0,1,0,0,0,0,0,1,0,0,0,0,0,1,0,0,0,0,0,0,0,0,0,0,0,0,1,0
219,43,1000,1483.25,0,5,90700,-20800,3,3,1,1,5890,11780,53010,2009,1503,0,0,6,69900,0.08333333333333333,0.16666666666666666,0.75,47.65211528737569,5,1,0,0,0,0,0,0,1,0,0,0,0,0,0,0,0,0,0,0,0,0,0,0,0,0,1,0,0,0,0,0,0,0,0,0,0,0,1,0,0,0,0,0,0,0,0,0,0,0,0,0,0,0,0,0,0,0,0,0,0,0,0,0,0,1,0,0,0,1,0,0,0,0,0,1,0,0,0,0,0,0,0,0,0,0,1
271,42,500,1515.3,0,0,0,0,21,3,1,0,17040,8520,68160,2005,9074,0,0,10,0,0.18181818181818182,0.09090909090909091,0.7272727272727273,61.84913878439913,4,0,0,0,0,0,0,0,0,0,0,1,0,0,0,0,0,0,0,0,0,0,0,0,0,0,0,0,1,0,0,0,0,0,0,0,0,0,1,0,0,0,0,0,0,0,1,0,0,0,1,0,0,0,0,0,0,0,1,0,0,0,0,1,0,0,0,0,0,0,0,0,0,0,0,0,0,0,1,0,0,0,0,0,0,0,1
80,25,2000,1075.18,5000000,6,67700,-58400,5,1,2,0,1260,630,5040,2001,1087,5,1,14,9300,0.18181818181818182,0.09090909090909091,0.7272727272727273,6.445432392715638,3,0,0,0,0,0,1,0,0,0,0,0,0,0,0,0,0,0,0,0,0,0,0,0,0,0,1,0,0,0,0,0,0,0,0,0,0,0,0,0,0,0,0,0,0,1,0,0,1,1,0,0,0,0,0,0,1,0,0,0,0,0,0,0,1,0,0,0,0,0,1,0,0,0,0,0,0,0,0,0,0,0,1,0,0,1,0
325,47,1000,1690.27,0,2,61500,0,11,1,0,3,6630,6630,59670,2006,3265,2,0,9,61500,0.09090909090909091,0.09090909090909091,0.8181818181818182,43.146952853686095,4,1,0,0,1,0,0,0,0,0,0,0,0,0,0,1,0,0,0,0,0,0,0,0,0,0,0,0,1,0,0,0,0,0,0,0,0,0,1,0,0,0,0,0,1,0,0,1,0,0,0,0,1,0,0,0,0,0,0,1,0,0,0,0,0,0,1,0,1,0,0,0,0,0,1,0,0,0,0,0,0,0,0,0,0,1,0
29,25,2000,1352.83,0,4,0,-71700,4,4,1,2,7210,7210,50470,2013,82,3,0,2,-71700,0.1111111111111111,0.1111111111111111,0.7777777777777778,47.96611547644567,7,0,0,1,0,1,0,0,0,1,0,0,0,0,0,0,0,0,0,0,0,0,0,0,0,0,0,0,0,0,0,0,0,0,1,0,0,0,0,0,1,0,0,0,0,0,1,0,0,1,0,0,0,1,0,0,0,0,1,0,0,0,1,0,0,0,0,0,1,0,1,0,0,0,0,0,0,0,0,1,0,0,0,0,0,0,1
295,48,1000,1148.73,0,1,0,0,6,1,1,2,900,900,3600,1999,2076,6,1,16,0,0.16666666666666666,0.16666666666666666,0.6666666666666666,4.700843540257502,4,0,1,1,0,0,0,0,0,0,0,1,0,0,0,0,0,0,0,0,0,0,0,0,0,0,0,0,0,1,0,0,0,0,0,0,0,0,0,0,0,0,1,1,0,0,0,0,1,0,0,1,0,0,0,0,0,0,0,0,1,1,0,0,0,0,0,1,0,0,1,0,0,0,0,0,0,0,0,0,1,0,0,0,0,1,0
239,42,1000,969.5,0,1,0,0,10,1,0,0,700,700,4200,2007,5607,0,0,8,0,0.125,0.125,0.75,5.776173285198556,1,0,0,0,0,1,0,0,1,0,0,0,0,0,0,0,0,0,0,0,0,0,0,0,0,0,0,0,0,0,0,0,0,1,0,0,0,0,1,0,0,0,0,0,0,1,0,0,1,0,0,1,0,0,0,0,0,0,0,0,0,0,0,0,1,0,0,0,0,1,0,1,0,0,0,0,0,0,0,0,0,0,0,0,0,1,0
269,41,500,1463.82,0,1,0,-72300,23,1,0,0,15860,15860,47580,2007,8863,5,1,8,-72300,0.2,0.2,0.6,54.173327321665234,1,1,0,0,0,0,0,0,0,0,0,0,0,0,0,1,0,0,0,0,0,0,0,0,0,0,0,0,0,0,0,0,0,0,0,0,0,1,1,0,0,0,0,0,1,0,1,0,0,1,0,0,0,0,1,0,0,0,1,0,0,0,0,1,0,0,0,0,1,1,0,0,0,0,0,0,0,0,0,0,1,0,0,0,0,0,1
80,27,1000,1474.17,0,1,0,0,13,1,1,0,10560,5280,36960,2004,6772,3,0,11,0,0.2,0.1,0.7,35.81676468792609,2,0,0,0,0,0,0,0,0,0,0,0,0,0,0,0,0,1,0,0,0,0,0,0,0,0,1,0,0,0,0,0,0,0,0,0,0,0,0,0,0,1,0,0,1,0,0,1,0,0,0,0,0,0,1,0,0,0,0,0,1,0,0,1,0,0,0,0,1,0,1,0,0,0,0,0,0,0,0,0,1,0,0,0,0,0,0
279,41,500,1497.35,0,3,37300,-31700,16,3,2,3,0,3600,25200,2013,4985,3,0,2,5600,0.0,0.125,0.875,19.23398003138879,8,0,0,1,0,0,0,0,0,0,0,0,0,0,1,0,0,0,0,0,0,1,0,0,0,0,0,0,0,0,0,0,0,0,0,0,0,0,0,0,0,0,0,0,0,0,0,0,0,1,0,0,1,0,0,0,0,0,0,0,0,0,0,0,1,0,0,1,0,0,0,0,0,0,0,1,0,0,0,0,0,0,0,0,0,0,0
165,33,1000,1427.14,0,2,35300,-58100,3,1,1,1,330,330,2310,2008,2884,6,1,7,-22800,0.1111111111111111,0.1111111111111111,0.7777777777777778,2.0810852474179127,3,0,1,0,0,0,0,0,0,0,0,0,0,0,0,0,0,1,0,0,0,0,0,0,0,0,0,0,0,1,0,0,0,0,0,0,0,0,0,1,0,0,0,1,0,0,0,0,1,1,0,0,0,0,1,0,0,0,0,0,1,0,0,1,0,0,0,0,0,0,0,0,0,0,0,0,0,0,0,0,0,0,1,0,0,0,1
350,54,500,1495.1,0,1,50500,0,15,3,0,0,15580,7790,70110,2014,469,3,0,1,50500,0.16666666666666666,0.08333333333333333,0.75,62.52424586984149,3,0,1,0,1,1,0,0,0,0,0,0,1,0,0,0,0,0,0,1,0,0,0,0,0,0,0,0,0,0,0,0,0,0,0,0,0,0,0,0,0,0,1,0,0,0,0,1,0,0,1,0,0,0,1,0,0,0,1,0,0,0,0,1,0,0,0,0,0,1,0,0,0,1,0,0,0,0,0,0,0,0,0,0,0,0,0
295,49,500,1141.62,0,1,34300,-24300,4,1,1,3,480,480,3360,2002,8237,3,0,13,10000,0.1111111111111111,0.1111111111111111,0.7777777777777778,3.784096284227677,5,0,0,0,0,1,0,0,0,0,0,0,0,0,1,0,0,0,0,0,0,0,0,0,0,0,0,0,0,1,0,0,0,0,0,0,0,0,0,0,0,0,0,0,0,1,0,0,1,1,0,0,0,0,0,0,0,0,0,0,1,1,0,0,0,0,0,0,1,0,1,0,0,0,0,0,0,0,1,0,0,0,0,0,0,0,1
464,61,1000,1125.37,0,2,0,-56400,6,3,0,2,6650,19950,53200,2000,8864,1,0,15,-56400,0.08333333333333333,0.25,0.6666666666666666,70.9100118183353,5,0,1,0,1,0,0,0,0,0,0,0,0,0,1,0,0,0,0,1,0,0,0,0,0,0,0,0,0,0,0,0,0,0,0,0,0,0,0,0,0,0,0,0,0,0,1,0,0,0,0,0,0,0,1,0,0,0,0,1,0,0,0,1,0,0,0,1,0,0,1,0,0,0,0,0,0,0,0,0,1,0,0,0,0,1,0
118,28,2000,1207.36,0,0,0,-57000,22,2,1,0,7420,14840,51940,1997,8464,6,1,18,-57000,0.1,0.2,0.7,61.45640074211504,3,1,0,0,1,0,0,0,0,0,1,0,0,0,0,0,0,0,0,0,0,0,1,0,0,0,0,0,0,0,0,0,0,0,0,0,0,0,0,0,1,0,0,0,0,0,0,0,0,0,0,0,0,0,0,0,0,0,0,0,1,1,0,0,0,0,0,0,0,1,0,0,0,0,0,0,0,0,0,0,0,0,0,1,0,0,1
298,47,2000,1338.5,0,6,28800,0,1,1,0,0,10860,10860,48870,2000,5927,0,0,15,28800,0.15384615384615385,0.15384615384615385,0.6923076923076923,52.73813970862906,1,0,0,0,1,0,0,0,0,0,0,1,0,0,0,0,0,0,0,1,0,0,0,0,0,0,0,0,0,0,0,0,0,0,0,0,0,0,0,1,0,0,0,0,1,0,0,0,0,0,0,0,1,0,0,1,0,0,0,0,0,0,0,0,1,0,0,1,0,1,0,0,0,0,0,0,0,0,0,0,1,0,0,0,0,0,1
87,31,1000,1074.07,0,4,0,-47500,16,3,0,3,5540,11080,44320,2006,2041,1,0,9,-47500,0.09090909090909091,0.18181818181818182,0.7272727272727273,56.737456590352586,6,1,0,0,1,0,0,0,0,0,0,0,0,0,0,0,1,0,0,0,0,0,0,1,0,0,0,0,0,0,0,0,0,0,0,0,0,0,0,0,0,0,0,0,0,0,1,0,0,0,0,0,1,0,0,1,0,0,0,0,0,0,0,0,0,0,1,0,0,0,1,0,0,0,0,0,0,0,0,1,0,0,0,0,0,0,0
261,42,500,1337.56,0,1,0,0,18,1,1,2,7470,14940,52290,2010,2192,0,0,5,0,0.1,0.2,0.7,55.847961960584946,4,0,1,1,0,0,0,0,0,0,0,0,0,0,1,0,0,0,0,0,0,0,0,0,0,0,0,0,0,0,0,0,0,0,0,0,1,0,0,0,0,1,0,0,1,0,1,0,0,1,0,0,0,0,1,0,0,0,1,0,0,0,0,0,0,1,0,1,0,0,1,0,0,0,1,0,0,0,0,0,0,0,0,0,1,0,0
453,60,500,1298.91,6000000,6,52600,-38800,0,1,0,0,14000,7000,49000,2015,4312,1,0,0,13800,0.2,0.1,0.7,53.89133966171636,1,1,0,0,0,1,0,1,0,0,0,0,0,0,0,0,0,0,0,0,0,0,0,0,0,1,0,0,0,0,0,0,0,0,0,0,0,0,0,0,0,1,0,0,1,0,0,0,0,0,0,0,1,0,0,0,0,0,0,0,0,0,0,0,0,0,1,0,1,1,0,0,0,0,0,1,0,0,0,0,0,0,0,0,0,0,1
210,41,500,1222.75,0,0,0,-41000,12,3,2,0,14740,14740,51590,2001,819,4,0,14,-41000,0.18181818181818182,0.18181818181818182,0.6363636363636364,66.3013698630137,5,0,0,0,1,1,0,0,1,0,0,0,0,0,0,0,0,0,0,0,0,0,0,0,0,0,0,0,0,0,0,0,1,0,0,0,0,0,0,1,0,0,0,0,0,0,1,0,0,0,1,0,0,1,0,0,0,0,0,0,1,1,0,0,0,0,0,1,0,0,0,0,1,0,0,0,0,0,0,0,0,0,0,0,0,0,0
168,32,1000,1059.52,0,5,0,-40600,13,2,1,1,14430,9620,33670,2007,5414,6,1,8,-40600,0.25,0.16666666666666666,0.5833333333333334,54.47749924494111,4,1,0,0,0,1,0,0,0,0,0,0,0,0,0,1,0,0,0,0,0,0,1,0,0,0,0,0,0,0,0,0,0,0,0,0,0,0,0,0,1,0,0,0,0,0,0,1,0,0,0,0,0,1,0,0,0,0,0,1,0,0,1,0,0,0,0,1,0,1,0,0,0,0,0,0,0,0,0,0,1,0,0,0,0,0,0
390,51,2000,1124.38,0,2,0,0,9,1,1,1,1180,1180,4720,2001,5627,1,0,14,0,0.16666666666666666,0.16666666666666666,0.6666666666666666,6.2968035717462065,3,0,1,1,0,1,1,0,0,0,0,0,0,0,0,0,0,0,0,0,0,0,0,0,0,0,0,0,0,0,0,0,0,1,0,0,0,0,0,1,0,0,0,0,0,1,0,0,1,1,0,0,0,0,0,0,0,0,0,1,0,0,0,0,1,0,0,0,1,0,1,0,0,0,0,1,0,0,0,0,0,0,0,0,0,1,0
258,46,1000,1110.37,10000000,5,34400,-56800,14,3,0,1,4770,9540,33390,1997,5800,5,1,18,-22400,0.1,0.2,0.7,42.958653421832366,4,1,0,0,0,1,0,0,0,0,0,1,0,0,0,0,0,0,0,0,0,0,0,0,0,0,0,0,1,0,0,0,0,0,0,0,0,0,0,1,0,0,0,0,0,0,0,1,0,0,1,0,0,1,0,1,0,0,0,0,0,0,0,0,0,1,0,0,0,1,0,0,0,0,0,0,0,0,0,0,0,0,0,0,0,0,0
107,31,2000,1374.22,0,6,62000,-63100,16,1,0,3,9320,9320,32620,2002,8779,3,0,13,-1100,0.18181818181818182,0.18181818181818182,0.6363636363636364,37.30115993072434,4,0,0,0,1,0,0,0,0,0,0,1,0,0,0,0,0,0,0,0,0,1,0,0,0,0,0,0,0,0,0,0,0,0,0,0,0,0,0,1,0,0,0,0,1,0,1,0,0,1,0,0,0,0,1,0,0,0,1,0,0,0,1,0,0,0,0,0,0,0,0,0,0,0,0,0,0,0,0,0,0,1,0,0,0,0,0
225,41,2000,1103.58,0,0,41200,-36200,20,3,2,2,6400,12800,51200,2011,7837,0,0,4,5000,0.09090909090909091,0.18181818181818182,0.7272727272727273,63.79238478406641,7,0,1,0,1,1,0,0,1,0,0,0,0,0,0,0,0,0,0,0,0,0,0,0,0,0,1,0,0,0,0,0,0,0,0,0,0,0,0,0,0,1,0,0,0,0,0,1,0,0,0,0,0,0,1,1,0,0,0,0,0,0,0,1,0,0,0,1,0,0,0,0,0,0,0,0,0,0,0,0,0,0,1,0,1,0,0
164,38,2000,1269.76,0,6,44300,0,4,1,1,3,18000,9000,63000,2015,6287,5,1,0,44300,0.2,0.1,0.7,70.87953629032258,5,0,0,1,0,0,0,0,0,0,0,0,0,0,0,0,0,0,1,0,0,0,0,0,0,0,0,0,0,0,0,0,0,0,0,0,0,1,1,0,0,0,0,0,1,0,1,0,0,1,0,0,1,0,0,1,0,0,0,0,0,0,1,0,0,0,0,0,0,0,1,0,0,0,0,1,0,0,0,0,0,0,0,0,0,0,1
245,39,500,964.79,8000000,2,58000,0,7,3,0,1,13240,6620,52960,2010,5053,4,0,5,58000,0.18181818181818182,0.09090909090909091,0.7272727272727273,75.47756506597291,4,0,1,1,0,0,0,0,0,0,0,0,0,0,0,0,0,0,0,0,0,0,1,0,0,0,0,0,0,0,0,0,0,0,0,0,0,0,0,0,0,0,0,0,0,0,1,0,0,1,0,0,0,0,1,1,0,0,0,0,0,0,0,0,0,0,0,1,0,1,0,0,1,0,0,0,0,0,0,0,0,0,0,0,0,1,0
255,41,2000,1167.3,4000000,0,0,0,22,1,2,0,13860,13860,41580,2000,775,6,1,15,0,0.2,0.2,0.6,59.367771781033156,3,0,0,0,1,1,0,0,0,0,0,0,0,1,0,0,0,0,0,0,1,0,0,0,0,0,0,0,0,0,0,0,0,0,0,0,0,0,0,1,0,0,0,0,1,0,0,1,0,1,0,0,1,0,0,0,0,0,1,0,0,0,1,0,0,0,0,0,0,1,0,0,0,0,0,0,0,0,0,0,0,0,0,1,0,0,1
206,36,500,1625.45,4000000,5,0,-53700,11,1,2,1,12760,12760,51040,2008,2010,4,0,7,-53700,0.16666666666666666,0.16666666666666666,0.6666666666666666,47.100802854594114,4,0,0,0,1,0,0,0,0,0,0,0,1,0,0,0,0,0,0,0,0,0,0,0,0,0,0,0,0,0,0,0,0,0,0,0,1,0,0,1,0,0,0,0,1,0,0,0,0,0,0,0,0,0,0,1,0,0,0,0,0,0,0,0,1,0,0,0,0,0,0,0,0,0,0,1,0,0,0,0,0,0,0,0,0,1,0
203,38,500,1394.43,0,4,0,0,7,1,0,1,0,6160,49280,1999,6189,5,1,16,0,0.0,0.1111111111111111,0.8888888888888888,39.7581807620318,2,0,0,1,0,0,0,0,0,0,0,0,1,0,0,0,0,0,0,0,0,0,0,0,0,0,0,0,0,0,0,0,0,0,1,0,0,0,1,0,0,0,0,0,1,0,0,0,0,0,0,0,0,0,0,0,0,0,0,1,0,1,0,0,0,0,0,1,0,0,1,0,0,0,0,0,0,0,0,1,0,0,0,0,0,1,0
22,25,2000,1053.24,0,1,51100,0,0,4,1,0,8570,17140,51420,1995,2489,0,0,20,51100,0.1111111111111111,0.2222222222222222,0.6666666666666666,73.231172382363,5,0,1,1,0,0,0,0,0,0,0,0,0,0,1,0,0,0,0,0,0,0,0,0,0,0,0,0,0,0,1,0,0,0,0,0,0,0,0,1,0,0,0,0,0,0,0,0,0,0,1,0,0,1,0,0,0,0,0,0,0,0,0,0,0,0,0,0,1,0,0,0,0,0,0,0,0,0,0,0,0,0,0,0,0,0,1
211,35,500,1040.75,0,3,0,0,1,1,1,1,7000,7000,28000,2011,6741,1,0,4,0,0.16666666666666666,0.16666666666666666,0.6666666666666666,40.35551285130915,3,0,0,0,0,0,0,0,0,0,0,0,0,0,1,0,0,0,0,0,0,0,0,0,0,0,0,0,0,0,0,1,0,0,0,0,0,0,1,0,0,0,0,0,1,0,1,0,0,0,1,0,0,0,0,0,0,0,0,0,1,0,0,1,0,0,0,0,1,1,0,0,1,0,0,0,0,0,0,0,0,0,0,0,0,0,1
206,39,1000,1302.4,6000000,3,47200,-69700,12,3,2,3,3300,9900,23100,2013,205,1,0,2,-22500,0.09090909090909091,0.2727272727272727,0.6363636363636364,27.87162162162162,8,1,0,1,0,1,0,1,0,0,0,0,0,0,0,0,0,0,0,0,0,0,0,0,0,1,0,0,0,0,0,0,0,0,0,0,0,0,0,0,0,1,0,0,0,0,1,0,0,0,1,0,0,0,0,1,0,0,0,0,0,0,1,0,0,0,0,0,0,0,1,0,0,0,0,1,0,0,0,0,0,0,0,0,0,0,0
166,38,2000,1588.55,0,5,59600,-32100,8,1,0,0,5760,5760,28800,2001,8096,4,0,14,27500,0.14285714285714285,0.14285714285714285,0.7142857142857143,25.381637342230338,1,0,0,0,0,1,0,0,0,0,0,0,0,0,0,1,0,0,0,0,0,0,0,0,0,0,0,0,0,0,0,0,0,0,0,0,1,0,0,0,0,1,0,0,1,0,0,1,0,0,1,0,0,1,0,0,0,0,0,0,1,1,0,0,0,0,0,0,0,1,0,0,0,0,0,0,0,0,0,0,0,1,0,0,0,1,0
165,32,500,1399.26,0,0,70500,0,9,1,2,0,330,660,2970,1998,979,6,1,17,70500,0.08333333333333333,0.16666666666666666,0.75,2.8300673212984004,3,1,0,0,1,0,0,0,0,0,0,0,0,0,0,0,0,1,0,0,0,0,0,0,0,0,1,0,0,0,0,0,0,0,0,0,0,0,0,0,1,0,0,1,0,0,0,0,1,1,0,0,0,0,1,0,0,1,0,0,0,0,0,0,1,0,0,1,0,1,0,0,1,0,0,0,0,0,0,0,0,0,0,0,0,1,0
274,43,2000,1352.31,0,1,40700,-47300,22,1,0,3,10640,10640,42560,2006,5017,4,0,9,-6600,0.16666666666666666,0.16666666666666666,0.6666666666666666,47.208110566364226,4,0,1,0,0,1,0,0,0,1,0,0,0,0,0,0,0,0,0,1,0,0,0,0,0,0,0,0,0,0,0,0,0,0,0,0,0,0,0,0,0,0,1,0,1,0,0,0,0,0,0,0,1,0,0,1,0,0,0,0,0,0,0,1,0,0,0,0,1,0,1,0,1,0,0,0,0,0,0,0,0,0,0,0,0,0,1
81,28,1000,1139.0,6000000,4,42400,0,0,3,1,2,4970,4970,34790,2000,1215,2,0,15,42400,0.1111111111111111,0.1111111111111111,0.7777777777777778,39.271290605794555,6,0,0,1,0,0,0,0,0,0,0,0,0,0,0,0,1,0,0,0,0,0,0,0,0,0,0,0,0,0,0,0,0,0,0,1,0,0,0,0,0,0,0,0,0,0,0,0,0,0,0,0,1,0,0,0,0,0,1,0,0,0,0,1,0,0,0,1,0,1,0,0,0,0,0,0,0,0,0,0,1,0,0,0,0,0,1
280,45,1000,1397.67,0,3,57900,0,0,3,1,2,14120,14120,56480,1999,1287,3,0,16,57900,0.16666666666666666,0.16666666666666666,0.6666666666666666,60.615166670244044,6,1,0,1,0,1,0,0,0,0,0,1,0,0,0,0,0,0,0,0,0,0,1,0,0,0,0,0,0,0,0,0,0,0,0,0,0,0,0,0,0,0,1,0,0,0,0,0,0,1,0,0,0,1,0,1,0,0,0,0,0,0,0,0,0,0,0,0,1,0,0,0,0,0,0,1,0,0,0,0,0,0,0,0,0,0,1
194,39,500,823.17,0,4,0,0,3,3,2,2,6150,12300,43050,2012,3498,0,0,3,0,0.1,0.2,0.7,74.7111775210467,7,1,0,1,0,1,0,0,0,0,0,0,0,0,0,0,0,0,0,0,0,0,0,0,0,0,0,0,0,0,0,1,0,0,0,0,0,0,0,0,1,0,0,0,0,0,0,0,0,0,0,0,0,1,0,0,0,0,0,0,1,1,0,0,0,0,0,1,0,0,0,0,0,0,1,0,0,0,0,0,0,0,0,0,0,0,1
112,27,500,965.13,0,4,60000,-54800,21,3,0,1,8500,8500,34000,2013,3414,6,1,2,5200,0.16666666666666666,0.16666666666666666,0.6666666666666666,52.842622237418794,4,0,1,0,0,0,0,0,0,0,0,0,0,0,0,0,0,1,0,0,0,0,0,0,0,0,1,0,0,0,0,0,0,0,0,0,0,0,0,0,0,1,0,0,0,0,0,0,0,0,0,0,0,0,0,0,0,0,0,0,0,0,0,0,0,0,0,1,0,1,0,0,0,0,0,0,0,0,0,1,0,0,0,0,0,0,1
24,33,1000,1922.84,0,0,0,-45200,0,1,2,1,4680,9360,32760,2002,6945,5,1,13,-45200,0.1,0.2,0.7,24.338998564623164,4,0,0,0,1,0,0,0,0,0,0,1,0,0,0,0,0,0,0,0,0,0,0,0,0,0,0,0,0,0,0,0,0,0,1,0,0,0,0,0,0,0,1,0,1,0,0,1,0,0,1,0,0,0,1,0,0,0,0,0,1,0,0,1,0,0,0,1,0,0,0,0,0,0,0,0,0,1,0,0,0,0,0,0,0,0,1
93,32,2000,1624.82,0,6,65300,-65600,16,1,1,1,17360,8680,52080,2006,3420,0,0,9,-300,0.2222222222222222,0.1111111111111111,0.6666666666666666,48.07917184672764,3,0,1,1,0,1,0,0,1,0,0,0,0,0,0,0,0,0,0,1,0,0,0,0,0,0,0,0,0,0,0,0,0,0,0,0,0,0,0,0,0,1,0,0,1,0,0,1,0,1,0,0,0,0,0,0,0,0,0,0,1,0,0,1,0,0,0,1,0,1,0,0,1,0,0,0,0,0,0,0,0,0,0,0,0,0,0
171,34,2000,1277.25,0,1,84900,0,14,1,1,2,13840,6920,48440,1996,6544,0,0,19,84900,0.2,0.1,0.7,54.1788999804267,4,1,0,1,0,0,0,0,1,0,0,0,0,0,0,0,0,0,0,0,0,0,0,0,0,0,0,0,0,0,0,0,0,0,0,0,0,1,0,1,0,0,0,0,1,0,1,0,0,0,0,0,0,0,1,1,0,0,0,0,0,0,0,0,0,0,1,0,0,1,0,0,0,0,0,0,0,0,0,0,0,0,0,1,0,0,0
200,40,1000,1439.34,0,0,45300,-20400,9,1,0,0,410,410,2870,2015,1696,3,0,0,24900,0.1111111111111111,0.1111111111111111,0.7777777777777778,2.5636750177164536,1,0,0,0,0,0,0,0,0,0,0,0,0,0,0,0,1,0,0,0,0,0,0,0,0,0,1,0,0,0,0,0,0,0,0,0,0,0,0,1,0,0,0,0,0,1,0,0,1,1,0,0,0,0,1,0,0,0,0,1,0,0,0,0,0,1,0,1,0,0,0,0,0,0,0,1,0,0,0,0,0,0,0,0,0,1,0
120,28,1000,1281.27,0,6,68900,0,9,3,0,3,6550,6550,52400,2010,2161,2,0,5,68900,0.1,0.1,0.8,51.12115323077884,6,0,0,1,0,0,0,0,0,0,0,0,0,0,0,0,0,1,0,0,0,0,0,0,0,0,0,1,0,0,0,0,0,0,0,0,0,0,1,0,0,0,0,0,0,0,1,0,0,1,0,0,1,0,0,0,0,0,1,0,0,0,0,0,0,0,1,0,0,1,0,0,1,0,0,0,0,0,0,0,0,0,0,0,0,1,0
325,46,500,1348.83,0,0,46300,-77500,21,3,1,2,13840,6920,55360,1999,572,6,1,16,-31200,0.18181818181818182,0.09090909090909091,0.7272727272727273,56.434094733954616,6,0,0,0,1,0,0,0,0,0,0,0,0,0,1,0,0,0,0,1,0,0,0,0,0,0,0,0,0,0,0,0,0,0,0,0,0,0,0,0,0,0,1,0,0,0,1,0,0,1,0,0,1,0,0,0,0,0,0,0,0,0,0,0,0,0,1,1,0,0,1,0,0,0,0,0,0,0,0,0,0,0,1,0,0,0,1
124,32,1000,1198.15,0,5,0,-43200,19,3,0,2,12260,12260,49040,1995,8295,5,1,20,-43200,0.16666666666666666,0.16666666666666666,0.6666666666666666,61.39465008554855,5,0,0,1,0,0,0,0,0,0,0,0,1,0,0,0,0,0,0,0,0,0,0,0,0,0,0,0,1,0,0,0,0,0,0,0,0,0,1,0,0,0,0,0,0,0,0,0,0,0,1,0,0,1,0,0,0,0,0,1,0,0,0,0,0,0,1,0,0,0,1,0,1,0,0,0,0,0,0,0,0,0,0,0,1,0,0
211,35,2000,1221.22,0,4,76000,0,2,1,0,1,9460,4730,37840,2008,6163,2,0,7,76000,0.18181818181818182,0.09090909090909091,0.7272727272727273,42.604936047559,2,0,1,0,0,1,0,0,0,0,0,1,0,0,0,0,0,0,0,0,0,0,1,0,0,0,0,0,0,0,0,0,0,0,0,0,0,0,0,1,0,0,0,0,1,0,1,0,0,0,1,0,0,0,1,1,0,0,0,0,0,0,0,1,0,0,0,0,1,1,0,0,0,0,0,0,0,0,1,0,0,0,0,0,0,0,1
287,41,2000,968.74,0,4,0,-49000,9,1,2,3,470,940,3760,2001,3948,0,0,14,-49000,0.09090909090909091,0.18181818181818182,0.7272727272727273,5.336829283399054,6,0,0,0,1,1,0,0,0,0,0,0,0,0,0,0,0,0,1,0,0,0,0,0,0,0,0,0,0,0,0,0,0,0,0,0,1,0,0,0,0,0,1,0,0,1,0,0,1,0,0,1,0,0,0,0,0,0,1,0,0,0,0,0,1,0,0,1,0,1,0,0,0,0,0,0,0,0,0,0,0,1,0,0,0,1,0
122,34,1000,1220.71,0,6,58600,-28700,5,1,2,1,1890,1260,5040,2013,3193,4,0,2,29900,0.23076923076923078,0.15384615384615385,0.6153846153846154,6.709210213728076,4,1,0,1,0,1,0,0,0,0,0,1,0,0,0,0,0,0,0,0,0,0,0,0,0,0,0,0,0,0,0,0,0,0,0,0,1,0,0,0,1,0,0,1,0,0,0,0,1,1,0,0,0,0,0,0,0,0,1,0,0,0,0,1,0,0,0,1,0,0,1,0,0,1,0,0,0,0,0,0,0,0,0,0,0,1,0
22,29,2000,1238.62,6000000,5,0,-56200,14,1,2,3,7080,14160,49560,2012,7556,5,1,3,-56200,0.1,0.2,0.7,57.160388173935516,6,1,0,1,0,1,0,0,1,0,0,0,0,0,0,0,0,0,0,0,0,0,0,0,0,0,0,0,0,0,0,0,0,0,0,0,0,1,0,1,0,0,0,0,1,0,1,0,0,0,0,0,0,0,0,0,0,0,1,0,0,0,0,0,0,0,1,1,0,1,0,0,0,0,0,0,0,0,0,0,0,0,0,0,0,0,0
106,31,2000,1320.75,0,3,54100,0,20,3,0,3,5070,5070,35490,2011,6198,6,1,4,54100,0.1111111111111111,0.1111111111111111,0.7777777777777778,34.54855195911414,6,0,0,0,1,0,0,0,0,1,0,0,0,0,0,0,0,0,0,0,0,0,0,0,0,0,0,0,0,0,0,0,0,0,0,0,1,0,0,0,0,0,1,0,0,0,1,0,0,0,1,0,0,0,1,0,0,0,0,0,1,0,0,0,0,0,1,1,0,0,1,0,0,0,0,0,0,0,0,0,0,0,0,0,1,0,0
398,58,500,990.98,0,2,0,-57900,18,1,2,1,7640,15280,76400,2002,5191,0,0,13,-57900,0.07692307692307693,0.15384615384615385,0.7692307692307693,100.22402066641102,4,0,1,0,0,0,0,0,1,0,0,0,0,0,0,0,0,0,0,0,0,0,0,0,1,0,0,0,0,0,0,0,0,0,0,0,0,0,0,0,0,0,1,0,1,0,0,0,0,0,0,0,0,0,1,0,0,0,0,0,0,0,0,0,1,0,0,0,1,1,0,0,0,0,0,0,0,0,0,0,0,0,0,0,1,0,0
214,41,500,1398.51,4000000,4,0,-57100,13,3,2,0,12800,6400,44800,1996,3752,6,1,19,-57100,0.2,0.1,0.7,45.76299061143646,5,0,0,0,1,1,0,0,0,0,0,0,0,0,0,0,0,1,0,0,0,0,0,0,0,0,0,0,0,0,0,0,1,0,0,0,0,0,1,0,0,0,0,0,0,0,0,1,0,0,0,0,1,0,0,0,0,0,0,0,0,0,0,1,0,0,0,1,0,0,0,0,1,0,0,0,0,0,0,0,0,0,0,0,0,0,0
209,38,500,1355.08,0,5,58100,0,21,1,1,1,4730,4730,37840,2014,1898,0,0,1,58100,0.1,0.1,0.8,34.905688225049445,3,0,1,0,0,0,0,0,0,0,0,0,1,0,0,0,0,0,0,0,0,0,0,0,0,0,0,1,0,0,0,0,0,0,0,0,0,0,0,1,0,0,0,0,1,0,0,0,0,1,0,0,1,0,0,0,0,0,0,0,1,0,0,0,1,0,0,1,0,1,0,0,0,0,0,0,0,0,0,1,0,0,0,0,0,0,1
82,27,1000,1384.51,0,6,13100,-38200,14,1,2,3,8960,8960,53760,2007,6724,2,0,8,-25100,0.125,0.125,0.75,51.7728293764581,6,0,0,0,0,1,0,0,0,0,0,0,0,0,0,0,0,0,0,0,0,0,0,0,0,0,0,0,0,0,0,0,0,1,0,0,0,0,1,0,0,0,0,0,1,0,1,0,0,0,0,0,0,1,0,0,0,0,1,0,0,0,0,0,0,0,1,0,0,1,0,0,0,0,0,0,0,0,0,0,0,0,0,1,0,0,0
193,41,500,847.03,0,3,0,0,1,1,1,0,17280,17280,77760,2011,7147,6,1,4,0,0.15384615384615385,0.15384615384615385,0.6923076923076923,132.60451223687474,2,0,1,1,0,0,0,1,0,0,0,0,0,0,0,0,0,0,0,0,0,0,0,0,0,0,0,0,0,0,0,0,0,0,1,0,0,0,1,0,0,0,0,0,1,0,0,1,0,0,0,0,0,1,0,0,0,0,1,0,0,0,0,0,0,0,1,1,0,0,1,0,0,0,0,0,0,0,0,0,0,1,0,0,0,0,1
134,32,1000,1000.06,0,6,0,0,17,1,1,0,7520,15040,60160,2014,4962,4,0,1,0,0.09090909090909091,0.18181818181818182,0.7272727272727273,82.71503709777414,2,0,1,0,0,0,0,0,0,1,0,0,0,0,0,0,0,0,0,0,0,0,0,0,0,0,0,0,0,0,0,0,0,0,0,0,0,0,0,0,0,0,1,0,1,0,0,1,0,0,1,0,0,1,0,1,0,0,0,0,0,1,0,0,0,0,0,1,0,1,0,1,0,0,0,0,0,0,0,0,0,0,0,0,1,0,0
288,45,1000,1046.71,0,4,0,0,4,3,2,1,10680,5340,32040,2009,4527,4,0,6,0,0.2222222222222222,0.1111111111111111,0.6666666666666666,45.915296500463356,6,0,0,0,0,1,0,0,0,0,0,0,0,1,0,0,0,0,0,0,0,0,0,0,0,0,0,0,0,0,0,0,1,0,0,0,0,0,0,0,0,0,0,0,0,0,1,0,0,0,0,0,1,0,0,0,0,0,0,0,0,0,1,0,0,0,0,1,0,1,0,0,0,0,0,0,0,0,1,0,0,0,0,0,0,0,1
104,32,500,1158.03,0,0,31900,-44600,23,3,1,3,9780,9780,44010,2006,6387,3,0,9,-12700,0.15384615384615385,0.15384615384615385,0.6923076923076923,54.894950908007566,7,1,0,1,0,1,0,0,1,0,0,0,0,0,0,0,0,0,0,0,0,0,0,0,0,0,0,0,0,1,0,0,0,0,0,0,0,0,0,0,1,0,0,0,0,0,1,0,0,0,1,0,0,0,1,1,0,0,0,0,0,0,0,0,0,1,0,0,1,0,1,0,0,0,0,0,0,0,0,0,0,0,0,1,0,0,1
431,54,1000,1372.27,0,4,17600,0,13,3,2,3,10540,10540,42160,1997,7363,3,0,18,17600,0.16666666666666666,0.16666666666666666,0.6666666666666666,46.084225407536415,8,0,1,0,0,0,0,1,0,0,0,0,0,0,0,0,0,0,0,0,0,0,0,0,0,0,0,0,0,0,0,1,0,0,0,0,0,0,0,0,1,0,0,0,0,0,1,0,0,0,1,0,1,0,0,0,0,0,0,0,1,1,0,0,0,0,0,0,0,1,0,0,0,0,0,0,0,0,0,0,0,1,0,0,0,0,0
101,33,1000,1053.04,7000000,4,52000,-44500,20,3,1,3,9040,9040,36160,2013,976,1,0,2,7500,0.16666666666666666,0.16666666666666666,0.6666666666666666,51.5080148902226,7,0,1,0,0,0,0,0,0,0,0,0,1,0,0,0,0,0,0,0,0,0,0,0,0,0,0,0,0,0,0,0,0,1,0,0,0,0,0,0,1,0,0,0,0,0,1,0,0,1,0,0,0,0,0,0,0,0,0,0,0,0,0,0,1,0,0,0,0,1,0,0,0,0,0,0,0,0,0,0,1,0,0,0,1,0,0
375,50,1000,1275.39,0,2,0,0,16,1,2,3,0,0,37280,1996,2916,3,0,19,0,0.0,0.0,1.0,29.23027466108406,6,0,1,0,0,1,0,0,0,0,0,0,0,0,0,0,1,0,0,0,0,1,0,0,0,0,0,0,0,0,0,0,0,0,0,0,0,0,0,1,0,0,0,0,1,0,0,0,0,0,0,0,0,0,1,1,0,0,0,0,0,0,0,0,0,1,0,0,1,0,0,1,0,0,0,0,0,0,0,0,0,0,0,0,0,0,0
461,61,2000,1402.75,0,3,0,0,10,3,2,1,7210,14420,50470,2006,3523,2,0,9,0,0.1,0.2,0.7,51.39903760470504,6,0,1,0,0,1,0,0,1,0,0,0,0,0,0,0,0,0,0,0,0,0,0,0,0,0,1,0,0,0,0,0,0,0,0,0,0,0,0,0,0,0,0,0,0,0,1,0,0,1,0,0,0,0,1,1,0,0,0,0,0,1,0,0,0,0,0,1,0,0,1,0,0,0,0,0,0,1,0,0,0,0,0,0,0,1,0
428,59,500,1344.36,7000000,3,0,0,8,1,2,3,1300,650,4550,2013,5609,4,0,2,0,0.2,0.1,0.7,4.835014430658455,6,1,0,1,0,0,0,0,0,0,0,0,0,0,1,0,0,0,0,0,0,0,0,0,0,0,0,0,1,0,0,0,0,0,0,0,0,0,0,1,0,0,0,1,0,0,0,0,1,1,0,0,0,0,0,0,0,0,0,0,1,0,0,1,0,0,0,1,0,0,0,0,0,0,0,0,0,0,0,0,1,0,0,0,0,1,0
45,38,1000,1197.71,0,4,29000,0,17,3,2,0,13040,13040,52160,2013,3198,5,1,2,29000,0.16666666666666666,0.16666666666666666,0.6666666666666666,65.32466122851108,5,1,0,0,0,1,0,0,0,0,0,1,0,0,0,0,0,0,0,0,0,0,0,0,0,0,0,0,0,0,1,0,0,0,0,0,0,0,1,0,0,0,0,0,0,0,0,0,0,0,1,0,0,0,0,0,0,0,0,0,1,0,0,0,0,0,1,1,0,1,0,0,0,0,0,0,0,0,0,0,0,1,0,0,1,0,0
136,29,500,1203.24,0,3,62500,-66900,9,1,2,0,1240,620,4340,1999,1743,3,0,16,-4400,0.2,0.1,0.7,5.152754230245005,3,0,1,0,0,0,0,0,0,0,0,0,0,0,0,0,0,0,1,0,0,0,0,0,0,0,0,0,0,0,0,0,0,0,0,0,1,0,0,1,0,0,0,0,0,1,0,0,1,1,0,0,0,0,1,1,0,0,0,0,0,1,0,0,0,0,0,1,0,1,0,0,0,0,0,0,1,0,0,0,0,0,0,0,0,1,0
216,36,1000,1152.4,0,2,39600,-82400,0,1,2,3,560,1680,3920,2014,8111,6,1,1,-42800,0.09090909090909091,0.2727272727272727,0.6363636363636364,5.345366192294342,6,1,0,0,1,0,0,0,0,0,0,0,0,1,0,0,0,0,0,0,0,0,0,0,0,0,0,0,0,0,0,0,0,1,0,0,0,0,0,0,0,1,0,1,0,0,0,0,1,1,0,0,0,0,1,0,0,0,0,1,0,0,0,0,0,0,1,0,1,1,0,0,0,0,0,0,0,0,1,0,0,0,0,0,0,0,1
278,48,2000,1142.62,7000000,5,0,-54000,12,1,2,0,11700,11700,52650,1997,5655,4,0,18,-54000,0.15384615384615385,0.15384615384615385,0.6923076923076923,66.55756069384398,3,1,0,0,1,0,0,0,0,1,0,0,0,0,0,0,0,0,0,0,0,0,0,0,0,1,0,0,0,0,0,0,0,0,0,0,0,0,1,0,0,0,0,0,1,0,0,0,0,0,1,0,0,0,0,0,0,0,1,0,0,0,0,0,1,0,0,1,0,1,0,0,0,1,0,0,0,0,0,0,0,0,0,0,0,0,0
295,48,1000,1332.07,0,5,49700,-59100,20,2,2,1,13240,13240,59580,2002,8376,2,0,13,-9400,0.15384615384615385,0.15384615384615385,0.6923076923076923,64.60621438813276,5,0,1,0,1,0,0,0,1,0,0,0,0,0,0,0,0,0,0,0,0,0,0,0,0,0,0,0,0,0,0,0,1,0,0,0,0,0,0,0,0,1,0,0,0,0,0,1,0,0,1,0,0,0,0,1,0,0,0,0,0,0,1,0,0,0,0,0,0,0,1,0,0,0,0,0,0,0,0,0,0,0,0,1,1,0,0
112,30,1000,1166.54,0,4,47700,-59300,3,1,2,0,10790,21580,75530,1997,4513,2,0,18,-11600,0.1,0.2,0.7,92.49575668215407,3,0,1,0,1,0,0,0,0,0,0,0,0,0,1,0,0,0,0,0,0,0,0,0,0,0,0,0,0,0,0,0,0,0,0,1,0,0,1,0,0,0,0,0,1,0,0,0,0,0,0,0,1,0,0,0,0,0,1,0,0,0,0,0,0,0,0,0,1,0,0,0,0,0,1,0,0,0,0,0,0,0,0,0,0,0,1
122,34,500,1495.06,0,4,38100,-31400,18,3,2,0,18180,18180,63630,2011,4169,2,0,4,6700,0.18181818181818182,0.18181818181818182,0.6363636363636364,66.88025898626142,5,0,0,1,0,0,0,0,0,0,0,0,0,0,1,0,0,0,0,0,0,0,0,0,0,0,0,0,0,0,0,0,1,0,0,0,0,0,0,0,0,1,0,0,0,0,1,0,0,0,1,0,1,0,0,0,0,1,0,0,0,1,0,0,0,0,0,0,0,0,1,0,0,0,0,0,0,0,1,0,0,0,0,0,1,0,0
108,29,1000,1337.92,0,6,71400,0,4,3,2,2,11160,5580,44640,2012,2638,0,0,3,71400,0.18181818181818182,0.09090909090909091,0.7272727272727273,45.87718249222674,7,1,0,0,1,0,1,0,0,0,0,0,0,0,0,0,0,0,0,0,0,1,0,0,0,0,0,0,0,0,0,0,0,0,0,0,0,0,1,0,0,0,0,0,0,0,0,1,0,1,0,0,0,0,0,0,0,0,0,0,1,1,0,0,0,0,0,0,0,0,1,0,0,0,0,0,0,0,0,0,0,1,0,0,0,0,1
14,28,2000,1587.96,0,2,0,-26900,18,1,2,1,12960,12960,45360,2012,4590,5,1,3,-26900,0.18181818181818182,0.18181818181818182,0.6363636363636364,44.88778054862843,4,0,1,1,0,0,0,1,0,0,0,0,0,0,0,0,0,0,0,0,1,0,0,0,0,0,0,0,0,0,0,0,0,0,0,0,0,0,0,0,0,1,0,0,1,0,1,0,0,0,0,0,1,0,0,0,0,0,0,0,1,0,0,0,0,1,0,1,0,0,1,1,0,0,0,0,0,0,0,0,0,0,0,0,1,0,0
298,45,1000,1362.29,0,0,0,-51100,18,3,0,0,12800,6400,44800,1999,8274,4,0,16,-51100,0.2,0.1,0.7,46.979717974880536,3,0,0,0,1,1,0,0,0,1,0,0,0,0,0,0,0,0,0,0,0,0,0,0,0,0,0,0,0,0,0,0,0,0,0,0,0,1,0,0,0,1,0,0,0,0,0,0,0,1,0,0,0,0,0,1,0,0,0,0,0,0,0,1,0,0,0,0,0,0,0,0,0,0,0,0,0,0,0,0,1,0,0,0,1,0,0
276,46,500,1448.84,0,4,0,-50000,7,1,0,1,660,660,4620,2015,3616,5,1,0,-50000,0.1111111111111111,0.1111111111111111,0.7777777777777778,4.099831589409459,2,0,0,1,0,0,0,0,0,0,0,1,0,0,0,0,0,0,0,0,0,1,0,0,0,0,0,0,0,0,0,0,0,0,0,0,0,0,0,0,0,0,0,1,0,0,0,0,1,0,0,1,0,0,1,0,0,0,1,0,0,0,1,0,0,0,0,1,0,0,0,0,0,0,0,0,0,0,0,0,0,0,1,0,0,1,0
47,37,2000,1241.97,0,0,75400,0,18,1,1,0,670,670,5360,2011,2486,0,0,4,75400,0.1,0.1,0.8,5.394655265425091,2,1,0,1,0,1,0,0,0,0,0,0,1,0,0,0,0,0,0,0,0,0,0,0,0,0,0,0,0,0,1,0,0,0,0,0,0,0,1,0,0,0,0,1,0,0,0,0,1,1,0,0,0,0,0,1,0,0,0,0,0,0,1,0,0,0,0,0,0,0,0,0,0,0,0,0,0,1,0,0,0,0,0,0,1,0,0
222,42,500,1124.6,0,2,0,0,23,3,0,0,11940,7960,31840,2006,5731,4,0,9,0,0.23076923076923078,0.15384615384615385,0.6153846153846154,46.007469322425756,3,0,0,1,0,1,1,0,0,0,0,0,0,0,0,0,0,0,0,0,0,0,0,0,0,0,0,0,1,0,0,0,0,0,0,0,0,0,1,0,0,0,0,0,0,0,1,0,0,1,0,0,0,0,1,1,0,0,0,0,0,0,0,0,0,0,0,0,1,1,0,0,0,0,0,0,0,1,0,0,0,0,0,0,0,0,1
119,28,2000,1079.92,0,0,88800,0,1,1,0,1,6700,6700,40200,2007,826,3,0,8,88800,0.125,0.125,0.75,49.63330617082747,2,0,1,1,0,1,0,0,0,0,0,1,0,0,0,0,0,0,0,0,0,0,0,0,0,0,0,0,1,0,0,0,0,0,0,0,0,0,0,0,0,0,0,0,1,0,1,0,0,0,1,0,0,0,0,0,0,1,0,0,0,0,0,0,0,1,0,1,0,0,1,0,0,0,0,0,0,0,0,0,0,0,0,1,0,0,1
73,29,1000,1447.78,0,1,35100,-59900,15,3,1,0,4990,4990,34930,2001,8016,5,1,14,-24800,0.1111111111111111,0.1111111111111111,0.7777777777777778,31.019906339360954,4,0,0,1,0,1,0,0,0,0,0,0,0,0,0,1,0,0,0,0,1,0,0,0,0,0,0,0,0,0,0,0,0,0,0,0,0,0,0,0,0,0,1,0,0,0,1,0,0,0,1,0,0,1,0,0,0,0,1,0,0,0,0,0,0,0,0,0,1,1,0,0,0,0,1,0,0,0,0,0,0,0,0,0,0,0,0
8,31,500,1229.16,4000000,5,0,-88300,2,3,0,2,11100,7400,29600,2014,4395,0,0,1,-88300,0.23076923076923078,0.15384615384615385,0.6153846153846154,39.13241563344072,5,1,0,1,0,0,0,0,0,0,0,0,0,0,0,0,0,0,1,0,0,0,0,0,0,0,0,0,0,1,0,0,0,0,0,0,0,0,0,0,0,0,1,0,0,0,0,0,0,0,0,0,1,0,0,0,0,1,0,0,0,0,1,0,0,0,0,1,0,0,1,0,0,0,0,0,0,0,0,0,0,0,0,1,0,0,1
294,44,1000,1226.49,0,6,53900,0,3,1,0,1,610,1220,4270,2002,8940,3,0,13,53900,0.1,0.2,0.7,4.973542385180474,2,0,0,0,0,0,0,0,0,1,0,0,0,0,0,0,0,0,0,0,0,0,0,0,0,0,0,0,0,1,0,0,0,0,0,0,0,0,0,0,0,1,0,0,0,1,0,0,1,0,0,1,0,0,0,0,0,0,0,0,1,0,0,0,0,1,0,0,0,0,0,0,0,0,0,1,0,0,0,0,0,0,0,0,0,0,1
324,46,2000,897.89,6000000,5,0,-41300,13,1,1,0,15920,15920,47760,2011,1782,2,0,4,-41300,0.2,0.2,0.6,88.65228480103353,2,1,0,0,0,1,0,0,0,0,0,0,0,0,0,0,0,1,0,0,1,0,0,0,0,0,0,0,0,0,0,0,0,0,0,0,0,0,0,0,0,0,1,0,1,0,1,0,0,1,0,0,0,1,0,0,0,1,0,0,0,0,1,0,0,0,0,1,0,0,1,0,0,0,0,0,0,1,0,0,0,0,0,0,0,0,0
155,34,500,1706.79,0,4,0,0,1,1,1,1,8560,8560,59920,1998,8868,2,0,17,0,0.1111111111111111,0.1111111111111111,0.7777777777777778,45.137363120243265,3,1,0,0,0,1,0,0,0,0,0,0,0,0,0,1,0,0,0,0,0,0,0,0,0,1,0,0,0,0,0,0,0,0,0,0,0,0,0,1,0,0,0,0,1,0,0,0,0,1,0,0,0,0,0,0,1,0,0,0,0,0,1,0,0,0,0,0,0,0,1,0,0,0,0,0,1,0,0,0,0,0,0,0,0,0,1
261,45,1000,1254.18,0,6,0,-45100,16,1,0,1,11380,11380,39830,2003,3495,6,1,12,-45100,0.18181818181818182,0.18181818181818182,0.6363636363636364,49.90511728778963,2,0,0,1,0,0,0,0,0,0,0,0,0,0,1,0,0,0,0,0,0,0,0,0,0,0,0,0,0,1,0,0,0,0,0,0,0,0,0,1,0,0,0,0,1,0,1,0,0,1,0,0,1,0,0,0,0,0,1,0,0,1,0,0,0,0,0,0,1,1,0,0,0,0,0,0,0,0,0,0,0,0,0,1,0,0,0
245,40,500,885.08,0,4,27000,-58900,0,1,0,1,13100,13100,58950,1998,4893,4,0,17,-31900,0.15384615384615385,0.15384615384615385,0.6923076923076923,96.20599267862792,2,1,0,0,1,0,1,0,0,0,0,0,0,0,0,0,0,0,0,0,0,0,0,0,0,0,0,0,0,0,0,0,0,0,1,0,0,0,0,1,0,0,0,0,1,0,0,0,0,0,1,0,0,1,0,0,0,0,0,0,1,0,0,1,0,0,0,0,1,0,0,0,0,1,0,0,0,0,0,0,0,0,0,0,0,0,1
235,39,500,1046.58,4000000,5,0,-31700,1,1,2,1,450,900,3600,2010,1478,5,1,5,-31700,0.09090909090909091,0.18181818181818182,0.7272727272727273,4.729690993521757,4,0,0,0,0,1,0,0,0,0,0,0,0,0,0,0,0,1,0,0,0,0,0,0,0,0,1,0,0,0,0,0,0,0,0,0,0,0,0,0,0,0,1,0,0,1,0,0,1,0,0,1,0,0,0,1,0,0,0,0,0,0,1,0,0,0,0,1,0,0,0,0,0,1,0,0,0,0,0,0,0,0,0,0,0,0,1
53,36,2000,1712.68,0,2,72200,0,17,3,2,0,10220,5110,35770,2006,4176,2,0,9,72200,0.2,0.1,0.7,29.83627998225004,5,0,1,0,1,1,0,0,0,0,1,0,0,0,0,0,0,0,0,1,0,0,0,0,0,0,0,0,0,0,0,0,0,0,0,0,0,0,1,0,0,0,0,0,0,0,0,1,0,0,0,0,1,0,0,0,0,0,0,1,0,0,0,0,0,1,0,1,0,0,1,1,0,0,0,0,0,0,0,0,0,0,0,0,1,0,0
426,54,2000,1097.71,0,4,29600,-22300,13,1,2,3,16800,16800,67200,1997,6289,0,0,18,7300,0.16666666666666666,0.16666666666666666,0.6666666666666666,91.82753186178499,6,0,0,0,1,0,0,0,0,0,0,0,0,0,0,0,0,0,0,0,0,0,0,0,0,0,0,0,0,0,0,0,0,1,0,0,0,0,1,0,0,0,0,0,1,0,0,1,0,1,0,0,0,0,1,0,0,0,1,0,0,0,0,0,0,0,1,0,1,1,0,0,0,0,1,0,0,0,0,0,0,0,0,0,0,0,0
111,27,500,1363.77,4000000,4,51100,0,12,1,2,3,16540,16540,57890,2009,2204,5,1,6,51100,0.18181818181818182,0.18181818181818182,0.6363636363636364,66.70479626329953,6,1,0,1,0,0,0,0,0,0,0,0,0,0,0,0,0,1,0,0,0,0,0,0,0,0,1,0,0,0,0,0,0,0,0,0,0,0,0,0,0,0,0,0,1,0,0,1,0,0,1,0,0,0,1,0,0,0,0,1,0,0,0,0,0,0,1,0,1,0,0,0,0,0,0,0,0,0,0,0,0,0,0,0,0,0,0
86,26,500,1382.88,7000000,3,0,-30300,11,1,1,1,14880,7440,59520,2011,5936,0,0,4,-30300,0.18181818181818182,0.09090909090909091,0.7272727272727273,59.18083998611593,3,0,1,0,0,1,0,0,0,0,0,0,0,0,0,0,0,1,0,0,0,0,0,0,1,0,0,0,0,0,0,0,0,0,0,0,0,0,0,1,0,0,0,0,1,0,1,0,0,1,0,0,0,0,1,0,0,0,1,0,0,0,0,1,0,0,0,1,0,0,1,0,0,1,0,0,0,0,0,0,0,0,0,0,0,1,0
296,46,1000,1141.35,7000000,4,0,0,18,1,0,2,5490,5490,43920,2013,7987,1,0,2,0,0.1,0.1,0.8,48.100933105532924,3,0,1,0,0,1,0,1,0,0,0,0,0,0,0,0,0,0,0,0,0,0,0,0,0,0,0,0,0,0,0,0,0,0,0,1,0,0,1,0,0,0,0,0,1,0,0,0,0,0,0,0,0,0,0,1,0,0,0,0,0,0,0,1,0,0,0,1,0,0,0,0,0,0,0,0,0,0,1,0,0,0,0,0,1,0,0
125,35,500,1054.83,7000000,3,0,-51300,17,1,2,3,8060,16120,64480,2007,6807,2,0,8,-51300,0.09090909090909091,0.18181818181818182,0.7272727272727273,84.05145852886248,6,0,1,0,1,1,0,0,0,0,0,0,0,0,0,0,0,1,0,0,0,0,0,0,1,0,0,0,0,0,0,0,0,0,0,0,0,0,0,0,0,0,0,0,1,0,0,0,0,0,1,0,1,0,0,1,0,0,0,0,0,0,0,1,0,0,0,0,1,0,0,0,0,0,0,0,0,0,1,0,0,0,0,0,1,0,0
177,34,2000,1057.77,0,3,0,-57700,22,3,1,1,2250,2250,13500,2009,754,0,0,6,-57700,0.125,0.125,0.75,17.01693184718795,5,0,0,0,0,0,0,0,0,0,0,0,0,0,0,0,0,1,0,0,0,1,0,0,0,0,0,0,0,0,0,0,0,0,0,0,0,0,0,0,0,1,0,0,0,0,0,0,0,0,1,0,0,0,0,0,0,0,0,0,0,0,0,0,0,1,0,1,0,0,0,1,0,0,0,0,0,0,0,0,0,0,0,0,0,0,1
238,39,2000,1488.02,0,3,0,-39200,9,1,1,3,1100,550,3850,2010,3003,2,0,5,-39200,0.2,0.1,0.7,3.696186879208613,5,1,0,1,0,0,0,0,0,0,0,0,0,0,0,1,0,0,0,0,0,0,0,0,0,0,1,0,0,0,0,0,0,0,0,0,0,0,0,1,0,0,0,0,0,1,0,0,1,1,0,0,0,0,1,1,0,0,0,0,0,0,0,0,1,0,0,0,1,0,1,0,0,1,0,0,0,0,0,0,0,0,0,0,0,1,0
81,25,500,920.3,5000000,0,51000,-67900,11,3,1,0,13440,6720,53760,2003,363,5,1,12,-16900,0.18181818181818182,0.09090909090909091,0.7272727272727273,80.32163424970119,4,1,0,0,0,0,0,0,0,0,0,0,0,0,0,0,0,1,0,0,0,0,0,0,0,0,0,0,1,0,0,0,0,0,0,0,0,0,0,0,1,0,0,0,0,0,1,0,0,0,0,0,0,1,0,0,0,0,0,0,1,0,1,0,0,0,0,1,0,1,0,0,0,0,0,0,1,0,0,0,0,0,0,0,0,1,0
128,28,1000,986.53,0,0,62700,0,11,1,0,2,18520,18520,64820,2007,2649,0,0,8,62700,0.18181818181818182,0.18181818181818182,0.6363636363636364,103.25078811592147,3,0,1,0,1,0,0,0,0,0,0,0,0,0,0,0,0,0,0,0,0,0,0,0,0,0,0,0,0,0,0,0,1,0,0,0,0,0,0,1,0,0,0,0,1,0,1,0,0,0,1,0,0,0,0,0,0,0,0,1,0,1,0,0,0,0,0,0,0,0,1,0,0,0,0,0,1,0,0,0,0,0,0,0,0,1,0
449,57,2000,1440.68,0,2,25000,0,8,1,0,1,980,980,3430,2008,5777,0,0,7,25000,0.18181818181818182,0.18181818181818182,0.6363636363636364,3.741288835827526,2,0,1,1,0,1,0,0,0,0,0,0,0,0,0,0,0,1,0,0,0,0,0,0,0,0,0,0,0,0,1,0,0,0,0,0,0,0,0,0,1,0,0,1,0,0,0,0,1,1,0,0,0,0,0,0,0,0,1,0,0,0,0,0,0,1,0,0,1,0,1,0,0,0,0,0,0,0,0,0,0,0,0,1,0,1,0
252,39,1000,1086.21,0,3,68500,-57500,18,1,1,2,5610,5610,39270,2001,3294,4,0,14,11000,0.1111111111111111,0.1111111111111111,0.7777777777777778,46.48272433507333,4,1,0,1,0,1,0,0,0,1,0,0,0,0,0,0,0,0,0,0,0,0,0,0,0,0,0,0,1,0,0,0,0,0,0,0,0,0,0,0,0,1,0,0,1,0,0,1,0,1,0,0,0,0,1,0,0,0,1,0,0,0,0,0,0,0,1,1,0,1,0,0,0,0,0,0,0,0,0,1,0,0,0,0,1,0,0
359,47,2000,1367.68,0,5,0,0,13,1,0,3,5550,11100,38850,2012,7753,6,1,3,0,0.1,0.2,0.7,40.579667758540005,4,0,1,0,0,0,0,0,0,0,1,0,0,0,0,0,0,0,0,1,0,0,0,0,0,0,0,0,0,0,0,0,0,0,0,0,0,0,0,0,0,1,0,0,1,0,0,0,0,0,1,0,0,0,1,0,0,0,1,0,0,0,0,0,0,0,0,0,0,0,0,0,0,0,0,0,0,0,1,0,0,0,0,0,0,0,0
19,32,1000,1215.85,0,0,42900,-90200,8,1,1,1,1280,640,5120,2015,3288,4,0,0,-47300,0.18181818181818182,0.09090909090909091,0.7272727272727273,5.790187934366904,3,0,1,0,1,1,0,0,0,0,0,0,1,0,0,0,0,0,0,0,0,0,0,0,0,0,0,0,1,0,0,0,0,0,0,0,0,0,0,0,0,0,0,0,0,1,0,0,1,1,0,0,0,0,1,0,0,0,0,1,0,0,1,0,0,0,0,0,1,0,1,0,0,0,0,0,0,0,0,1,0,0,0,0,0,1,0
73,26,2000,1191.19,4000000,5,29300,0,9,3,0,1,5020,0,35140,2003,4332,3,0,12,29300,0.125,0.0,0.875,33.714184974689175,4,0,0,1,0,1,0,0,0,1,0,0,0,0,0,0,0,0,0,1,0,0,0,0,0,0,0,0,0,0,0,0,0,0,0,0,0,0,1,0,0,0,0,0,0,0,1,0,0,0,1,0,0,1,0,0,0,0,0,1,0,0,0,0,1,0,0,1,0,0,1,0,0,1,0,0,0,0,0,0,0,0,0,0,0,1,0
285,44,1000,1594.45,0,0,0,0,17,2,2,3,6960,6960,41760,2006,215,3,0,9,0,0.125,0.125,0.75,34.921132678980214,7,0,0,0,1,1,0,0,0,0,1,0,0,0,0,0,0,0,0,0,0,1,0,0,0,0,0,0,0,0,0,0,0,0,0,0,0,0,0,0,0,0,0,0,0,0,0,1,0,0,1,0,1,0,0,0,0,0,0,0,0,1,0,0,0,0,0,0,1,0,0,0,0,0,0,0,0,0,0,0,1,0,0,0,1,0,0
196,36,2000,1463.07,0,5,0,0,3,1,1,1,530,530,4240,2001,6948,5,1,14,0,0.1,0.1,0.8,3.6225197700725187,3,1,0,1,0,1,1,0,0,0,0,0,0,0,0,0,0,0,0,0,0,0,0,0,0,0,0,0,0,0,0,0,0,0,1,0,0,0,0,0,1,0,0,0,0,1,0,0,1,0,0,1,0,0,1,0,0,0,0,0,1,0,0,0,0,0,1,1,0,0,0,0,0,0,0,0,0,1,0,0,0,0,0,0,0,0,1
223,43,500,1734.09,0,5,0,0,6,1,0,3,650,650,3900,2006,4651,0,0,9,0,0.125,0.125,0.75,2.998690956063411,4,0,1,1,0,0,0,0,0,0,0,0,0,0,0,0,0,0,0,0,0,0,1,0,0,0,0,0,0,0,0,0,0,0,0,0,0,0,1,0,0,0,0,1,0,0,0,0,1,0,0,1,0,0,0,0,0,0,0,0,1,0,0,0,0,0,0,0,1,1,0,0,0,0,0,0,0,0,0,0,0,0,0,0,0,1,0
328,48,500,1411.43,0,4,45100,-32800,17,1,2,1,5940,11880,41580,2014,3324,4,0,1,12300,0.1,0.2,0.7,42.084977646783756,4,0,0,1,0,1,1,0,0,0,0,0,0,0,0,0,0,0,0,0,0,1,0,0,0,0,0,0,0,0,0,0,0,0,0,0,0,0,0,0,1,0,0,0,1,0,0,0,0,0,0,0,0,0,0,1,0,0,0,0,0,0,0,0,0,1,0,0,1,0,0,0,0,0,0,0,1,0,0,0,0,0,0,0,1,0,0
285,43,2000,1512.58,0,1,47600,0,7,1,1,1,280,280,1960,1997,7372,1,0,18,47600,0.1111111111111111,0.1111111111111111,0.7777777777777778,1.6660275820121913,3,0,1,0,0,0,0,0,0,0,0,0,0,0,0,0,1,0,0,0,0,0,0,0,0,0,0,0,0,0,0,1,0,0,0,0,0,0,0,1,0,0,0,0,0,1,0,0,1,1,0,0,0,0,1,0,0,0,1,0,0,0,0,0,0,0,0,1,0,1,0,0,1,0,0,0,0,0,0,0,0,0,0,0,0,1,0
30,31,2000,1153.35,0,6,0,0,9,1,2,1,960,960,3840,2011,975,0,0,4,0,0.16666666666666666,0.16666666666666666,0.6666666666666666,4.99414748341787,4,0,0,1,0,1,0,1,0,0,0,0,0,0,0,0,0,0,0,0,0,0,0,0,0,0,0,1,0,0,0,0,0,0,0,0,0,0,1,0,0,0,0,0,0,1,0,0,1,0,0,1,0,0,1,1,0,0,0,0,0,0,1,0,0,0,0,0,0,0,1,0,0,0,0,0,0,0,0,0,0,1,0,0,0,1,0
342,49,500,1722.95,0,6,63100,-13800,3,1,2,0,7670,7670,61360,2006,6171,5,1,9,49300,0.1,0.1,0.8,44.51667198699904,3,0,1,1,0,1,0,0,0,0,0,0,0,0,0,0,0,0,1,0,0,0,0,0,0,0,0,0,0,0,0,0,0,0,0,0,0,0,1,0,0,0,0,0,1,0,1,0,0,1,0,0,1,0,0,0,0,0,0,0,1,0,1,0,0,0,0,1,0,0,1,0,0,0,0,0,0,0,0,0,0,1,0,0,0,0,1
219,39,2000,1281.07,7000000,0,0,0,6,1,0,2,740,740,4440,2015,2825,6,1,0,0,0.125,0.125,0.75,4.621137018273787,3,1,0,1,0,0,0,0,0,0,0,0,0,0,0,1,0,0,0,0,1,0,0,0,0,0,0,0,0,0,0,0,0,0,0,0,0,0,0,0,0,1,0,1,0,0,0,0,1,0,0,1,0,0,1,1,0,0,0,0,0,0,0,0,0,0,1,0,0,0,0,0,0,1,0,0,0,0,0,0,0,0,0,0,0,1,0
468,62,500,1011.92,0,6,0,0,7,3,0,3,7150,7150,50050,2009,5343,6,1,6,0,0.1111111111111111,0.1111111111111111,0.7777777777777778,63.59198355601234,6,0,0,0,0,1,0,0,0,0,0,1,0,0,0,0,0,0,0,0,0,0,0,0,0,0,0,0,0,0,0,1,0,0,0,0,0,0,0,0,0,0,1,0,0,0,1,0,0,0,0,0,1,0,0,0,0,0,1,0,0,0,0,0,0,1,0,0,1,1,0,0,0,1,0,0,0,0,0,0,0,0,0,0,0,1,0
241,39,2000,1042.26,0,3,0,0,21,3,1,2,4240,2120,12720,1995,6815,5,1,20,0,0.2222222222222222,0.1111111111111111,0.6666666666666666,18.306372690115712,6,0,0,1,0,1,0,0,0,0,0,0,0,0,0,0,1,0,0,0,0,0,0,0,0,0,0,0,0,1,0,0,0,0,0,0,0,0,0,0,0,0,0,0,0,0,1,0,0,0,1,0,0,0,0,0,0,0,0,0,1,0,0,1,0,0,0,0,0,1,0,0,0,0,0,0,0,0,0,0,1,0,0,0,0,0,1
223,43,500,1235.1,0,4,66400,-34400,14,1,2,1,5440,5440,43520,2011,2103,1,0,4,32000,0.1,0.1,0.8,44.045016597846335,4,0,1,0,1,0,0,0,0,0,0,0,0,0,0,0,0,1,0,0,0,0,0,0,0,0,1,0,0,0,0,0,0,0,0,0,0,0,1,0,0,0,0,0,1,0,1,0,0,1,0,0,0,0,1,0,0,0,1,0,0,0,0,0,0,0,1,0,0,0,0,0,1,0,0,0,0,0,0,0,0,0,0,0,0,0,0
128,32,2000,768.91,0,1,0,-39300,0,1,1,0,5980,5980,47840,1999,4981,3,0,16,-39300,0.1,0.1,0.8,77.77243110377027,2,0,1,0,0,0,0,0,0,0,0,0,0,0,0,0,1,0,0,0,0,0,0,1,0,0,0,0,0,0,0,0,0,0,0,0,0,0,0,1,0,0,0,0,1,0,1,0,0,0,1,0,1,0,0,0,0,0,1,0,0,1,0,0,0,0,0,1,0,0,0,0,0,0,0,1,0,0,0,0,0,0,0,0,0,0,1
124,29,500,1301.72,0,4,0,0,14,3,0,3,7200,7200,57600,2005,7828,2,0,10,0,0.1,0.1,0.8,55.31143410257198,6,0,1,0,1,1,0,0,0,0,1,0,0,0,0,0,0,0,0,0,0,0,0,0,0,0,0,1,0,0,0,0,0,0,0,0,0,0,0,0,0,0,0,0,0,0,0,1,0,0,0,0,0,0,1,0,0,0,0,1,0,0,0,0,0,0,1,1,0,0,1,1,0,0,0,0,0,0,0,0,0,0,0,0,0,0,0
343,48,500,1451.54,3000000,3,0,0,13,4,2,3,7230,14460,43380,2003,1892,3,0,12,0,0.1111111111111111,0.2222222222222222,0.6666666666666666,44.82825137440236,9,1,0,1,0,1,0,0,0,0,0,0,0,0,0,0,0,0,0,0,0,0,0,0,0,0,0,0,1,0,0,0,0,0,0,0,0,0,0,0,0,0,0,0,0,0,0,1,0,0,1,0,0,0,1,0,0,0,1,0,0,0,0,0,0,1,0,0,0,0,0,0,0,0,0,0,0,0,1,0,0,0,0,0,0,0,0
404,53,500,767.14,0,2,25500,-36700,8,1,0,1,1760,880,6160,2002,35,2,0,13,-11200,0.2,0.1,0.7,11.471178663607686,2,1,0,1,0,1,0,0,0,0,0,0,0,0,0,0,1,0,0,0,0,0,0,0,0,0,0,0,0,0,0,0,0,1,0,0,0,0,1,0,0,0,0,1,0,0,0,0,1,0,0,1,0,0,1,0,0,0,0,0,1,1,0,0,0,0,0,0,0,0,0,0,0,0,0,0,0,0,0,0,0,1,0,0,0,1,0
63,24,2000,1620.89,0,0,0,0,7,1,2,0,1020,1020,4080,2015,7696,1,0,0,0,0.16666666666666666,0.16666666666666666,0.6666666666666666,3.7757034715495807,3,0,1,1,0,0,0,0,0,0,1,0,0,0,0,0,0,0,0,0,0,0,0,0,0,0,0,0,0,0,1,0,0,0,0,0,0,0,0,1,0,0,0,0,0,1,0,0,1,1,0,0,0,0,1,0,0,0,0,0,0,0,1,0,0,0,0,0,0,0,0,0,0,0,0,0,0,0,0,0,0,0,1,0,0,1,0
210,37,2000,1048.46,0,0,59900,0,9,1,1,2,1180,590,5310,1999,3075,0,0,16,59900,0.16666666666666666,0.08333333333333333,0.75,6.7527611926062985,4,1,0,0,1,1,0,0,0,0,0,0,0,1,0,0,0,0,0,0,0,0,0,0,0,0,0,0,0,0,0,0,0,0,1,0,0,0,1,0,0,0,0,0,0,1,0,0,1,0,0,1,0,0,0,0,1,0,0,0,0,1,0,0,0,0,0,1,0,1,0,0,0,0,1,0,0,0,0,0,0,0,0,0,0,1,0
335,50,1000,1538.26,6000000,0,62200,-31400,12,3,2,3,8580,4290,21450,2009,2908,5,1,6,30800,0.25,0.125,0.625,22.310922730877746,8,0,1,0,0,1,0,0,0,0,0,0,0,0,0,0,1,0,0,0,0,0,0,0,0,0,0,0,0,0,0,0,0,0,0,0,0,1,0,1,0,0,0,0,0,0,0,1,0,1,0,0,0,0,0,1,0,0,0,0,0,0,0,0,0,1,0,0,1,0,1,0,0,0,0,0,0,0,0,0,0,0,0,1,0,0,0
11,40,2000,1217.69,0,5,24000,0,6,3,1,0,9720,9720,34020,2004,5040,0,0,11,24000,0.18181818181818182,0.18181818181818182,0.6363636363636364,43.902799563107195,4,0,1,0,1,0,0,0,0,0,0,0,0,0,1,0,0,0,0,0,0,0,0,0,0,0,0,0,0,0,0,0,0,1,0,0,0,0,0,0,0,0,1,0,0,0,0,1,0,0,0,0,0,1,0,0,0,0,1,0,0,0,0,0,0,0,1,1,0,1,0,0,0,0,1,0,0,0,0,0,0,0,0,0,0,1,0
142,33,2000,1362.64,5000000,3,0,0,11,1,1,3,6780,13560,61020,2009,7278,2,0,6,0,0.08333333333333333,0.16666666666666666,0.75,59.70762637233605,5,1,0,0,0,0,0,0,1,0,0,0,0,0,0,0,0,0,0,0,0,0,0,0,1,0,0,0,0,0,0,0,0,0,0,0,0,0,0,0,0,0,1,0,1,0,0,1,0,0,1,0,0,1,0,0,0,0,0,0,0,1,0,0,0,0,0,0,1,1,0,0,0,0,0,0,0,0,0,0,0,1,0,0,0,1,0
272,43,1000,1279.13,0,6,0,0,5,3,1,2,7370,14740,58960,2006,7136,4,0,9,0,0.09090909090909091,0.18181818181818182,0.7272727272727273,63.37901542454637,6,0,1,0,0,1,0,1,0,0,0,0,0,0,0,0,0,0,0,0,0,1,0,0,0,0,0,0,0,0,0,0,0,0,0,0,0,0,0,1,0,0,0,0,0,0,0,1,0,1,0,0,0,0,0,0,0,0,0,0,0,0,0,0,0,0,1,1,0,0,1,1,0,0,0,0,0,0,0,0,0,0,0,0,0,1,0
69,26,2000,924.72,0,0,0,0,14,1,2,2,5260,10520,47340,2008,3211,2,0,7,0,0.08333333333333333,0.16666666666666666,0.75,68.25849987023099,5,0,0,0,0,0,0,0,0,0,0,1,0,0,0,0,0,0,0,0,0,0,0,0,0,0,0,0,0,0,0,0,0,0,0,0,0,0,0,0,0,1,0,0,1,0,0,0,0,1,0,0,1,0,0,1,0,0,0,0,0,1,0,0,0,0,0,0,0,0,0,1,0,0,0,0,0,0,0,0,0,0,0,0,0,0,0
38,28,1000,1019.44,0,4,0,-39700,17,1,2,1,1440,720,5040,2004,7259,1,0,11,-39700,0.2,0.1,0.7,7.0627010907949455,4,0,1,1,0,1,0,0,0,0,0,0,0,0,0,0,0,0,1,0,0,0,0,0,0,0,0,0,0,0,0,0,0,0,0,0,0,1,1,0,0,0,0,0,0,1,0,0,1,0,0,1,0,0,0,0,0,0,0,0,0,0,0,0,0,0,1,1,0,0,0,0,1,0,0,0,0,0,0,0,0,0,0,0,1,0,0
328,46,500,1314.6,0,5,24800,0,0,1,2,3,12780,6390,51120,1998,6823,0,0,17,24800,0.18181818181818182,0.09090909090909091,0.7272727272727273,53.46873573710635,6,0,0,0,1,0,0,0,0,0,0,0,0,0,1,0,0,0,0,0,0,0,0,0,0,0,1,0,0,0,0,0,0,0,0,0,0,0,1,0,0,0,0,0,1,0,1,0,0,0,1,0,0,1,0,0,0,0,0,0,1,0,1,0,0,0,0,1,0,1,0,0,0,0,0,0,0,0,0,0,1,0,0,0,0,0,1
281,43,1000,1515.18,6000000,1,0,0,21,3,1,0,9260,9260,41670,1999,7877,4,0,16,0,0.15384615384615385,0.15384615384615385,0.6923076923076923,39.72465317652028,4,0,1,0,0,1,0,0,0,0,0,0,0,1,0,0,0,0,0,0,0,0,1,0,0,0,0,0,0,0,0,0,0,0,0,0,0,0,0,1,0,0,0,0,0,0,0,1,0,1,0,0,1,0,0,0,0,0,1,0,0,0,0,0,1,0,0,0,0,0,0,0,1,0,0,0,0,0,0,0,0,0,0,0,0,0,1
246,44,2000,1649.18,0,1,0,-58600,18,1,1,2,11160,5580,44640,2009,4974,6,1,6,-58600,0.18181818181818182,0.09090909090909091,0.7272727272727273,37.21849646490983,4,0,1,1,0,1,0,0,0,1,0,0,0,0,0,0,0,0,0,0,0,0,0,0,0,0,0,0,0,0,0,0,0,0,0,0,0,0,0,1,0,0,0,0,1,0,0,0,0,0,0,0,0,1,0,1,0,0,0,0,0,0,1,0,0,0,0,0,1,0,1,0,0,0,0,0,1,0,0,0,0,0,0,0,1,0,0
298,49,500,1451.01,0,1,47800,0,17,1,2,2,2810,5620,19670,2012,2282,5,1,3,47800,0.1,0.2,0.7,19.365821048786707,5,0,1,1,0,0,0,0,0,0,0,0,1,0,0,0,0,0,0,0,0,0,0,0,0,0,1,0,0,0,0,0,0,0,0,0,0,0,0,0,1,0,0,0,1,0,0,0,0,1,0,0,0,0,0,1,0,0,0,0,0,0,0,0,0,0,1,0,0,0,0,0,0,0,0,0,0,1,0,0,0,0,0,0,1,0,0
330,50,1000,978.46,0,0,0,0,19,1,0,0,8920,8920,31220,1995,4421,2,0,20,0,0.18181818181818182,0.18181818181818182,0.6363636363636364,50.14001594342129,1,0,0,0,1,0,0,0,0,0,0,0,0,0,0,0,1,0,0,0,0,0,0,0,0,0,0,0,0,0,0,0,0,0,0,0,0,1,0,0,0,0,0,0,1,0,0,1,0,0,1,0,1,0,0,1,0,0,0,0,0,0,1,0,0,0,0,0,1,0,0,0,0,1,0,0,0,0,0,0,0,0,0,0,1,0,0
362,50,500,1198.34,4000000,2,53000,-72500,17,3,1,1,6340,6340,44380,1995,3293,2,0,20,-19500,0.1111111111111111,0.1111111111111111,0.7777777777777778,47.615868618255256,5,0,0,1,0,1,0,0,0,0,0,0,0,0,0,0,1,0,0,0,1,0,0,0,0,0,0,0,0,0,0,0,0,0,0,0,0,0,0,0,0,0,1,0,0,0,0,1,0,0,1,0,1,0,0,1,0,0,0,0,0,1,0,0,0,0,0,1,0,0,0,0,0,0,0,0,0,0,1,0,0,0,0,0,1,0,0
241,38,2000,1003.23,0,2,0,0,23,3,0,3,12980,12980,51920,2008,9009,5,1,7,0,0.16666666666666666,0.16666666666666666,0.6666666666666666,77.62925749828055,6,1,0,0,0,0,0,0,0,0,0,0,0,0,0,0,0,1,0,0,0,0,0,0,0,0,0,0,0,1,0,0,0,0,0,0,0,0,1,0,0,0,0,0,0,0,0,1,0,0,0,0,1,0,0,0,0,0,0,1,0,0,0,0,0,0,0,1,0,0,1,0,0,0,0,0,0,0,0,0,0,0,0,0,0,0,1
245,41,2000,1212.0,0,4,24400,-60500,4,1,0,1,7350,14700,51450,1999,520,2,0,16,-36100,0.1,0.2,0.7,60.64356435643565,2,1,0,0,1,1,0,0,1,0,0,0,0,0,0,0,0,0,0,1,0,0,0,0,0,0,0,0,0,0,0,0,0,0,0,0,0,0,0,0,0,1,0,0,1,0,0,0,0,0,1,0,0,0,0,1,0,0,0,0,0,0,0,0,0,0,1,0,1,0,1,0,0,0,0,0,0,1,0,0,0,0,0,0,0,0,1
371,52,1000,1242.96,7000000,0,0,-37100,2,2,2,0,6840,13680,68400,2010,6342,6,1,5,-37100,0.07692307692307693,0.15384615384615385,0.7692307692307693,71.53890712492759,4,0,0,1,0,0,0,0,0,0,0,0,1,0,0,0,0,0,0,0,0,0,0,0,0,0,0,0,0,0,0,1,0,0,0,0,0,0,0,0,1,0,0,0,0,0,1,0,0,1,0,0,0,1,0,1,0,0,0,0,0,0,0,0,0,1,0,0,1,1,0,0,0,0,0,0,0,0,0,0,0,0,0,0,0,0,1
343,52,1000,1053.02,0,2,0,0,2,1,0,2,12990,4330,30310,2005,4774,0,0,10,0,0.2727272727272727,0.09090909090909091,0.6363636363636364,45.23180946230841,3,0,0,0,1,0,0,0,0,0,0,0,0,0,1,0,0,0,0,0,0,1,0,0,0,0,0,0,0,0,0,0,0,0,0,0,0,0,1,0,0,0,0,0,1,0,0,0,0,0,0,0,0,1,0,1,0,0,0,0,0,0,0,0,0,0,0,1,0,0,0,0,0,0,0,0,0,0,0,0,0,0,1,0,0,0,1
377,53,500,1693.63,0,5,0,-64000,10,3,1,3,6560,6560,45920,2015,6742,1,0,0,-64000,0.1111111111111111,0.1111111111111111,0.7777777777777778,34.860034364058265,7,0,0,0,0,0,0,1,0,0,0,0,0,0,0,0,0,0,0,0,0,0,0,0,0,0,0,0,0,1,0,0,0,0,0,0,0,0,0,0,0,1,0,0,0,0,0,0,0,0,1,0,1,0,0,0,0,0,0,0,1,0,1,0,0,0,0,0,1,0,0,0,0,0,0,0,0,0,0,0,1,0,0,0,0,1,0
154,37,1000,2047.59,0,5,0,-67800,2,1,0,3,14460,7230,57840,2000,1807,4,0,15,-67800,0.18181818181818182,0.09090909090909091,0.7272727272727273,38.8407835553016,4,0,0,1,0,0,0,0,0,1,0,0,0,0,0,0,0,0,0,0,0,0,0,0,0,1,0,0,0,0,0,0,0,0,0,0,0,0,0,1,0,0,0,0,1,0,1,0,0,1,0,0,0,1,0,0,0,0,1,0,0,1,0,0,0,0,0,1,0,0,0,0,0,0,0,0,0,0,0,0,0,0,0,0,0,0,1
166,34,1000,1083.72,0,0,65600,-68200,18,1,0,2,4880,4880,43920,2005,129,0,0,10,-2600,0.09090909090909091,0.09090909090909091,0.8181818181818182,49.533089727974016,3,0,1,0,0,0,0,0,0,0,0,1,0,0,0,0,0,0,0,0,0,0,0,0,0,0,0,0,0,0,0,0,0,0,0,0,0,0,0,0,0,0,1,0,1,0,0,1,0,0,1,0,0,1,0,1,0,0,0,0,0,1,0,0,0,0,0,0,0,0,1,0,0,0,0,0,1,0,0,0,0,0,0,0,1,0,0
298,46,1000,1138.42,6000000,3,36900,-55000,18,1,2,3,3050,6100,24400,2005,2847,0,0,10,-18100,0.09090909090909091,0.18181818181818182,0.7272727272727273,29.470669875792762,6,0,1,0,1,1,0,0,0,0,0,0,0,0,1,0,0,0,0,0,0,0,0,0,0,1,0,0,0,0,0,0,0,0,0,0,0,0,0,0,1,0,0,0,1,0,0,1,0,1,0,0,0,0,1,0,0,0,1,0,0,0,0,0,0,0,0,0,0,0,1,0,0,0,0,0,0,0,0,0,0,0,0,1,1,0,0
235,42,500,1072.62,0,4,39900,-60200,7,4,2,1,6910,6910,55280,2006,8915,2,0,9,-20300,0.1,0.1,0.8,64.42169640692883,7,1,0,1,0,0,0,0,0,0,0,1,0,0,0,0,0,0,0,0,0,0,0,0,0,0,1,0,0,0,0,0,0,0,0,0,0,0,0,0,0,0,0,0,0,0,0,1,0,0,1,0,0,1,0,0,0,0,0,0,1,0,0,0,0,0,1,1,0,0,1,0,0,0,0,0,0,0,0,0,0,0,1,0,0,1,0
172,35,2000,1219.04,0,5,63600,-68700,19,3,2,0,14500,14500,50750,1999,3766,6,1,16,-5100,0.18181818181818182,0.18181818181818182,0.6363636363636364,65.4203307520672,5,0,0,0,0,1,0,0,0,0,1,0,0,0,0,0,0,0,0,0,0,0,0,0,0,0,0,0,0,0,0,1,0,0,0,0,0,0,0,0,1,0,0,0,0,0,1,0,0,0,0,0,0,0,1,0,1,0,0,0,0,0,1,0,0,0,0,1,0,0,0,0,0,0,0,0,0,0,0,1,0,0,0,0,1,0,0
27,28,2000,1371.78,0,3,0,-32500,10,3,0,2,5360,10720,37520,2015,7100,2,0,0,-32500,0.1,0.2,0.7,39.07332079487965,5,1,0,0,0,1,0,0,0,1,0,0,0,0,0,0,0,0,0,0,0,0,0,0,0,0,0,0,0,0,0,0,1,0,0,0,0,0,0,1,0,0,0,0,0,0,0,0,0,0,0,0,0,1,0,0,0,1,0,0,0,0,0,0,0,1,0,1,0,0,1,1,0,0,0,0,0,0,0,0,0,0,0,0,0,1,0
428,54,2000,1506.21,0,4,0,-24400,16,3,1,0,12760,6380,57420,2009,4005,3,0,6,-24400,0.16666666666666666,0.08333333333333333,0.75,50.829565598422526,4,1,0,0,0,1,0,0,0,0,0,0,0,0,0,0,0,0,1,0,0,0,0,0,0,0,0,0,0,1,0,0,0,0,0,0,0,0,0,0,0,1,0,0,0,0,0,1,0,1,0,0,1,0,0,1,0,0,0,0,0,0,0,0,0,1,0,0,0,1,0,0,0,0,0,0,0,0,0,1,0,0,0,0,0,0,0
99,32,1000,1058.21,3000000,3,0,0,17,1,1,1,4570,4570,31990,1999,171,5,1,16,0,0.1111111111111111,0.1111111111111111,0.7777777777777778,38.86752156944274,3,1,0,0,0,1,0,1,0,0,0,0,0,0,0,0,0,0,0,0,0,0,0,0,0,0,0,1,0,0,0,0,0,0,0,0,0,0,0,0,0,1,0,0,1,0,0,0,0,0,1,0,1,0,0,1,0,0,0,0,0,0,0,0,0,0,0,0,1,0,0,0,0,0,1,0,0,0,0,0,0,0,0,0,1,0,0
107,26,2000,932.14,0,5,40600,0,2,3,2,3,14300,7150,57200,1996,6504,5,1,19,40600,0.18181818181818182,0.09090909090909091,0.7272727272727273,84.37573755015342,8,0,0,0,1,1,0,0,0,0,0,0,0,0,0,0,1,0,0,0,0,0,0,0,1,0,0,0,0,0,0,0,0,0,0,0,0,0,0,0,1,0,0,0,0,0,1,0,0,0,1,0,1,0,0,0,0,0,1,0,0,1,0,0,0,0,0,0,0,0,0,1,0,0,0,0,0,0,0,0,0,0,0,0,0,0,1
272,41,2000,1608.34,0,2,33300,-10600,19,1,1,1,6460,12920,51680,2010,8687,0,0,5,22700,0.09090909090909091,0.18181818181818182,0.7272727272727273,44.18220028103511,3,0,1,0,1,0,0,0,0,1,0,0,0,0,0,0,0,0,0,0,0,0,0,0,0,0,0,0,0,0,0,0,0,1,0,0,0,0,0,0,1,0,0,0,1,0,0,1,0,0,0,0,0,1,0,1,0,0,0,0,0,0,0,0,0,0,1,1,0,1,0,0,0,0,0,0,0,0,0,0,1,0,0,0,1,0,0
151,37,1000,1728.56,0,4,54000,0,0,1,1,1,3530,3530,31770,1999,8220,6,1,16,54000,0.09090909090909091,0.09090909090909091,0.8181818181818182,22.463784884528163,3,1,0,0,1,0,0,0,0,1,0,0,0,0,0,0,0,0,0,0,0,0,0,0,0,1,0,0,0,0,0,0,0,0,0,0,0,0,0,0,1,0,0,0,1,0,0,0,0,1,0,0,1,0,0,0,0,0,0,0,1,0,0,0,1,0,0,0,1,1,0,0,0,0,0,0,0,0,0,0,0,1,0,0,0,0,1
249,43,1000,1518.46,0,5,0,0,16,1,0,0,5350,5350,42800,2015,510,0,0,0,0,0.1,0.1,0.8,35.23306507909329,1,0,0,1,0,0,1,0,0,0,0,0,0,0,0,0,0,0,0,0,0,0,0,0,1,0,0,0,0,0,0,0,0,0,0,0,0,0,0,0,1,0,0,0,1,0,0,0,0,0,0,0,1,0,0,0,0,0,1,0,0,0,0,0,0,1,0,1,0,0,1,0,0,0,0,0,0,0,0,0,1,0,0,0,0,0,0
177,38,2000,1540.19,0,1,0,-74500,20,1,2,0,7370,7370,58960,2001,1123,6,1,14,-74500,0.1,0.1,0.8,47.85123913283426,3,0,0,0,0,0,0,0,0,0,0,0,0,0,0,0,0,0,0,0,0,0,0,0,0,0,0,0,0,0,0,0,0,0,1,0,0,0,0,1,0,0,0,0,1,0,0,0,0,0,0,0,0,1,0,0,0,0,0,1,0,1,0,0,0,0,0,0,1,0,0,0,0,1,0,0,0,0,0,0,0,0,0,0,1,0,0
190,40,2000,965.21,0,3,36900,-53700,10,1,2,1,630,630,5040,2001,2928,0,0,14,-16800,0.1,0.1,0.8,6.527077009148268,4,0,1,0,1,0,0,0,1,0,0,0,0,0,0,0,0,0,0,0,0,0,1,0,0,0,0,0,0,0,0,0,0,0,0,0,0,0,0,1,0,0,0,1,0,0,0,0,1,0,0,1,0,0,0,0,0,0,1,0,0,0,1,0,0,0,0,1,0,0,1,0,0,0,0,0,0,0,0,1,0,0,0,0,0,1,0
174,36,2000,1278.75,0,1,53200,-53800,21,3,2,2,10900,10900,43600,2012,3402,4,0,3,-600,0.16666666666666666,0.16666666666666666,0.6666666666666666,51.143695014662754,7,0,0,0,0,0,0,0,0,0,0,0,0,0,0,0,0,1,0,0,0,0,0,0,0,0,0,0,0,0,0,1,0,0,0,0,0,0,0,0,1,0,0,0,0,0,1,0,0,0,1,0,0,0,0,1,0,0,0,0,0,0,0,0,0,1,0,1,0,0,0,0,0,0,1,0,0,0,0,0,0,0,0,0,0,0,1
95,28,1000,773.99,0,2,0,-70300,3,1,1,2,640,320,2240,2014,8825,3,0,1,-70300,0.2,0.1,0.7,4.134420341348079,4,0,1,1,0,1,1,0,0,0,0,0,0,0,0,0,0,0,0,0,1,0,0,0,0,0,0,0,0,0,0,0,0,0,0,0,0,0,0,1,0,0,0,0,0,1,0,0,1,0,0,1,0,0,0,0,0,1,0,0,0,0,0,0,0,0,1,0,1,0,0,0,0,0,0,0,0,0,1,0,0,0,0,0,0,0,1
371,51,1000,1532.47,0,2,60300,-24700,7,1,0,3,7540,15080,52780,2012,3383,0,0,3,35600,0.1,0.2,0.7,49.201615692313716,4,1,0,0,1,0,0,0,0,0,0,0,0,0,0,0,0,1,0,0,0,0,0,0,0,0,0,1,0,0,0,0,0,0,0,0,0,0,0,1,0,0,0,0,1,0,1,0,0,0,0,0,1,0,0,1,0,0,0,0,0,0,0,0,0,0,0,0,1,0,1,0,0,0,1,0,0,0,0,0,0,0,0,0,0,1,0
2,28,1000,1340.56,0,3,0,0,19,1,0,2,6460,6460,45220,2008,5719,5,1,7,0,0.1111111111111111,0.1111111111111111,0.7777777777777778,43.369934952557145,3,0,0,1,0,0,0,0,0,0,0,1,0,0,0,0,0,0,0,0,0,0,0,0,0,0,0,1,0,0,0,0,0,0,0,0,0,0,1,0,0,0,0,0,1,0,0,1,0,1,0,0,1,0,0,1,0,0,0,0,0,0,0,1,0,0,0,0,1,0,1,0,0,0,0,0,0,0,0,0,1,0,0,0,1,0,0
269,44,500,1297.75,4000000,3,0,-41400,15,3,0,1,15180,15180,68310,2010,4425,6,1,5,-41400,0.15384615384615385,0.15384615384615385,0.6923076923076923,76.0315931419765,4,0,1,0,0,0,0,0,0,0,0,0,1,0,0,0,0,0,0,0,0,0,0,1,0,0,0,0,0,0,0,0,0,0,0,0,0,0,0,0,1,0,0,0,0,0,1,0,0,0,1,0,0,0,0,0,0,0,1,0,0,1,0,0,0,0,0,1,0,1,0,0,0,1,0,0,0,0,0,0,0,0,0,0,0,0,0
101,27,1000,433.33,0,4,25900,0,7,1,0,3,1180,590,4130,2009,2883,4,0,6,25900,0.2,0.1,0.7,13.615489349918077,4,0,0,1,0,1,0,0,0,0,0,1,0,0,0,0,0,0,0,0,0,0,0,0,0,0,0,1,0,0,0,0,0,0,0,0,0,0,0,1,0,0,0,1,0,0,0,0,1,1,0,0,0,0,0,0,0,0,1,0,0,0,1,0,0,0,0,1,0,0,0,0,0,0,0,0,0,0,1,0,0,0,0,0,0,1,0
94,30,2000,1025.54,0,0,0,-52600,19,1,1,3,6410,6410,51280,2001,4739,4,0,14,-52600,0.1,0.1,0.8,62.5036566101761,5,1,0,1,0,0,1,0,0,0,0,0,0,0,0,0,0,0,0,0,0,0,0,0,0,0,0,0,0,0,0,1,0,0,0,0,0,0,0,1,0,0,0,0,1,0,1,0,0,0,0,0,1,0,0,0,0,0,0,0,0,0,0,0,0,0,0,1,0,0,1,0,0,1,0,0,0,0,0,0,0,0,0,0,1,0,0
117,28,500,1264.77,0,2,47500,-32500,13,2,0,1,5040,10080,40320,2009,4308,3,0,6,15000,0.09090909090909091,0.18181818181818182,0.7272727272727273,43.83405678502811,3,0,1,1,0,0,0,0,0,0,0,0,0,0,0,0,0,0,1,0,0,0,0,0,0,0,0,0,0,0,0,0,0,0,0,0,0,1,0,0,0,1,0,0,0,0,1,0,0,0,1,0,1,0,0,0,0,0,1,0,0,0,0,0,0,0,1,0,1,1,0,0,0,0,0,0,0,0,0,0,0,1,0,0,0,0,0
111,27,500,1459.97,5000000,5,0,0,2,3,1,2,7350,14700,58800,2011,4541,4,0,4,0,0.09090909090909091,0.18181818181818182,0.7272727272727273,55.37785022979924,6,0,1,1,0,1,0,0,0,0,0,0,0,0,0,0,1,0,0,0,0,0,0,0,0,0,0,0,0,0,0,0,0,0,0,0,0,1,0,1,0,0,0,0,0,0,0,1,0,0,0,0,0,0,1,0,0,0,1,0,0,0,0,1,0,0,0,0,0,0,0,0,0,0,0,1,0,0,0,0,0,0,0,0,0,0,1
242,40,500,1238.65,0,0,0,-44600,5,1,1,1,680,680,6120,1998,6195,1,0,17,-44600,0.09090909090909091,0.09090909090909091,0.8181818181818182,6.038832600008073,3,0,1,0,0,0,0,0,0,0,0,0,0,0,0,0,0,0,1,0,0,1,0,0,0,0,0,0,0,0,0,0,0,0,0,0,0,0,0,0,0,0,0,0,0,1,0,0,1,0,0,1,0,0,1,0,0,0,0,0,1,0,0,0,0,0,1,0,1,0,0,0,0,0,0,0,0,0,0,0,1,0,0,0,0,1,0
440,61,500,1050.76,0,6,41500,-70200,21,1,2,3,5960,5960,41720,2004,8182,0,0,11,-28700,0.1111111111111111,0.1111111111111111,0.7777777777777778,51.04876470364308,6,0,1,1,0,1,0,0,0,0,0,0,0,0,0,0,0,0,1,0,0,0,0,0,0,0,0,0,0,0,1,0,0,0,0,0,0,0,0,0,0,0,1,0,1,0,0,1,0,0,0,0,1,0,0,0,1,0,0,0,0,0,0,0,0,1,0,1,0,0,0,0,0,0,0,0,0,0,0,1,0,0,0,0,0,0,1
20,23,1000,1711.72,0,3,0,0,21,3,2,2,5750,11500,46000,2002,5736,1,0,13,0,0.09090909090909091,0.18181818181818182,0.7272727272727273,36.951136868179375,7,0,1,0,1,0,0,0,0,0,0,0,0,0,0,0,0,1,0,0,0,0,0,0,0,0,0,0,0,0,0,0,0,0,0,0,0,0,0,0,0,0,1,0,0,0,1,0,0,0,0,0,1,0,0,0,0,0,1,0,0,0,0,0,1,0,0,0,0,0,0,0,0,1,0,0,0,0,0,0,0,0,0,0,0,0,1
461,57,500,865.33,7000000,0,0,0,7,3,0,1,9840,9840,39360,1995,6235,2,0,20,0,0.16666666666666666,0.16666666666666666,0.6666666666666666,68.22830596419863,4,0,0,0,0,0,0,0,0,1,0,0,0,0,0,0,0,0,0,0,0,0,0,0,0,0,0,1,0,0,0,0,0,0,0,0,0,0,0,0,1,0,0,0,0,0,0,1,0,0,0,0,0,0,0,1,0,0,0,0,0,0,1,0,0,0,0,0,0,1,0,0,0,0,1,0,0,0,0,0,0,0,0,0,0,1,0
208,36,500,1153.49,0,2,0,0,16,3,1,0,10100,5050,35350,2004,5362,6,1,11,0,0.2,0.1,0.7,43.78018014893931,4,0,0,1,0,1,0,1,0,0,0,0,0,0,0,0,0,0,0,0,0,0,0,0,0,0,0,0,0,0,0,0,0,0,0,0,0,0,0,1,0,0,0,0,0,0,0,1,0,0,1,0,0,1,0,0,0,0,1,0,0,0,0,0,0,0,0,0,1,0,1,0,0,0,0,0,0,0,0,0,0,0,0,0,0,0,0
279,43,2000,1281.25,0,2,0,0,13,1,0,1,6410,12820,38460,2010,7208,5,1,5,0,0.1111111111111111,0.2222222222222222,0.6666666666666666,45.02634146341463,2,0,1,0,1,1,0,0,0,0,0,1,0,0,0,0,0,0,0,0,0,0,0,0,1,0,0,0,0,0,0,0,0,0,0,0,0,0,0,1,0,0,0,0,1,0,0,1,0,0,0,0,0,0,1,0,0,0,1,0,0,1,0,0,0,0,0,0,1,0,0,0,0,0,0,0,0,0,1,0,0,0,0,0,0,0,0
244,40,500,1342.8,0,5,0,0,2,1,1,3,660,660,4620,2014,3153,0,0,1,0,0.1111111111111111,0.1111111111111111,0.7777777777777778,4.423592493297587,5,0,0,0,0,0,0,0,0,0,0,0,0,0,0,0,1,0,0,0,0,0,0,0,0,0,0,0,0,0,0,0,0,0,0,0,0,0,0,0,0,0,0,0,0,1,0,0,1,0,0,1,0,0,1,1,0,0,0,0,0,0,0,0,0,0,1,0,1,0,1,0,0,0,0,0,0,0,0,0,0,0,1,0,0,0,1
134,30,2000,1443.32,0,6,0,0,19,3,0,2,5310,5310,37170,1995,2658,2,0,20,0,0.1111111111111111,0.1111111111111111,0.7777777777777778,33.11116038023446,5,0,1,1,0,0,0,0,1,0,0,0,0,0,0,0,0,0,0,0,0,0,0,0,0,1,0,0,0,0,0,0,0,0,0,0,0,0,0,0,0,1,0,0,0,0,1,0,0,0,0,0,1,0,0,0,0,0,1,0,0,0,0,1,0,0,0,1,0,0,1,0,0,0,0,0,0,0,0,0,0,1,0,0,1,0,0
122,29,1000,1629.94,0,4,0,-47100,17,1,0,1,350,350,3150,2014,8474,0,0,1,-47100,0.09090909090909091,0.09090909090909091,0.8181818181818182,2.362050136814852,2,0,1,1,0,0,0,0,0,0,0,0,0,1,0,0,0,0,0,0,0,0,0,0,0,0,0,0,0,0,0,0,0,0,1,0,0,0,0,1,0,0,0,1,0,0,0,0,1,0,0,1,0,0,0,0,0,0,1,0,0,0,0,0,0,1,0,1,0,0,0,0,0,0,1,0,0,0,0,0,0,0,0,0,1,0,0
156,31,2000,1134.08,0,6,0,0,3,1,2,0,5900,5900,47200,2013,6713,5,1,2,0,0.1,0.1,0.8,52.02454853273138,3,0,0,0,0,1,0,0,0,0,0,0,1,0,0,0,0,0,0,0,0,0,0,0,0,0,0,0,0,0,0,0,0,1,0,0,0,0,0,0,0,0,0,0,1,0,0,0,0,0,0,0,0,0,1,0,0,0,0,0,0,0,0,0,0,0,0,1,0,1,0,0,0,0,0,1,0,0,0,0,0,0,0,0,0,0,1
232,43,500,1483.91,8000000,1,0,-33600,17,3,0,1,7060,14120,49420,2013,4995,6,1,2,-33600,0.1,0.2,0.7,47.57700938736176,4,0,1,1,0,1,0,0,0,0,0,1,0,0,0,0,0,0,0,0,0,0,0,0,0,0,0,1,0,0,0,0,0,0,0,0,0,0,0,0,0,0,0,0,0,0,1,0,0,0,0,0,0,0,0,1,0,0,0,0,0,0,0,0,0,0,0,0,0,1,0,0,0,0,0,0,0,0,0,0,0,0,0,1,1,0,0
244,40,2000,1304.67,7000000,4,0,-45000,5,3,1,1,5590,11180,44720,2001,5631,5,1,14,-45000,0.09090909090909091,0.18181818181818182,0.7272727272727273,47.13069205239639,5,1,0,0,1,1,1,0,0,0,0,0,0,0,0,0,0,0,0,0,0,0,0,0,0,0,0,0,0,0,0,0,0,0,0,0,0,0,0,1,0,0,0,0,0,0,0,1,0,1,0,0,0,0,1,0,0,0,1,0,0,0,1,0,0,0,0,1,0,1,0,0,0,0,1,0,0,0,0,0,0,0,0,0,0,1,0
84,30,2000,1035.79,0,5,44400,-51500,9,1,1,0,5240,10480,41920,2010,4246,4,0,5,-7100,0.09090909090909091,0.18181818181818182,0.7272727272727273,55.64834570714141,2,0,0,0,1,0,0,0,0,0,0,0,0,0,0,1,0,0,0,0,0,0,0,0,0,0,0,0,0,1,0,0,0,0,0,0,0,0,0,0,0,0,1,0,1,0,0,1,0,1,0,0,0,0,1,0,0,0,1,0,0,0,0,1,0,0,0,0,0,0,1,0,0,0,0,0,0,0,0,0,0,0,0,1,0,1,0
394,57,500,1401.2,0,0,51500,0,9,1,1,0,1060,1060,4770,1999,5780,6,1,16,51500,0.15384615384615385,0.15384615384615385,0.6923076923076923,4.917213816728518,2,0,0,1,0,0,0,1,0,0,0,0,0,0,0,0,0,0,0,0,0,0,0,0,0,0,0,0,0,0,1,0,0,0,0,0,0,0,0,0,1,0,0,0,0,1,0,0,1,0,0,1,0,0,1,0,0,0,0,0,0,0,1,0,0,0,0,0,0,0,0,1,0,0,0,0,0,0,0,0,0,0,0,0,0,1,0
246,45,1000,1665.45,0,3,34400,-33100,9,3,2,2,11840,5920,35520,2006,5839,3,0,9,1300,0.2222222222222222,0.1111111111111111,0.6666666666666666,31.99135368819238,7,0,0,1,0,1,0,0,0,0,0,1,0,0,0,0,0,0,0,0,0,0,0,0,0,0,0,0,1,0,0,0,0,0,0,0,0,0,0,0,0,0,1,0,0,0,0,1,0,0,0,0,1,0,0,0,0,1,0,0,0,1,0,0,0,0,0,1,0,1,0,0,0,0,0,0,0,0,0,0,0,0,1,0,0,1,0
35,29,2000,653.66,0,3,52100,-46900,22,3,0,0,15660,7830,54810,2009,1279,1,0,6,5200,0.2,0.1,0.7,119.78704525288377,3,1,0,0,1,0,0,0,0,0,1,0,0,0,0,0,0,0,0,0,0,0,0,0,0,0,0,0,0,0,0,0,0,0,0,0,1,0,0,0,0,1,0,0,0,0,1,0,0,1,0,0,1,0,0,0,0,0,1,0,0,0,0,0,0,0,1,0,0,1,0,0,1,0,0,0,0,0,0,0,0,0,0,0,0,0,1
156,37,500,1080.13,0,2,0,-61000,15,3,0,3,4610,4610,32270,2001,1651,6,1,14,-61000,0.1111111111111111,0.1111111111111111,0.7777777777777778,38.412042994824695,6,0,1,0,0,1,0,0,0,0,0,0,0,0,0,1,0,0,0,0,0,0,0,0,0,0,0,0,0,0,0,0,0,1,0,0,0,0,0,1,0,0,0,0,0,0,1,0,0,0,0,0,0,0,0,0,0,1,0,0,0,0,0,0,0,0,1,0,1,0,0,0,0,0,0,0,0,0,0,1,0,0,0,0,0,0,0
195,36,2000,1346.18,0,2,57800,-53300,14,3,2,3,12540,6270,50160,2007,4859,2,0,8,4500,0.18181818181818182,0.09090909090909091,0.7272727272727273,51.23386174211472,8,1,0,0,0,0,0,0,0,0,0,1,0,0,0,0,0,0,0,0,0,0,1,0,0,0,0,0,0,0,0,0,0,0,0,0,0,0,0,0,0,0,1,0,0,0,0,0,0,0,1,0,1,0,0,0,0,0,1,0,0,0,1,0,0,0,0,0,1,0,1,0,0,1,0,0,0,0,0,0,0,0,0,0,0,0,0
369,55,2000,1589.54,0,1,55400,0,6,3,2,0,17060,8530,59710,2003,652,1,0,12,55400,0.2,0.1,0.7,53.66332398052267,5,0,1,1,0,1,0,0,0,0,1,0,0,0,0,0,0,0,0,0,0,0,1,0,0,0,0,0,0,0,0,0,0,0,0,0,0,0,0,0,0,0,0,0,0,0,1,0,0,1,0,0,0,0,1,0,0,0,0,1,0,0,0,0,0,0,0,1,0,0,1,0,0,0,0,0,0,0,0,0,0,0,1,0,0,1,0
271,40,1000,1251.65,0,2,71200,0,6,1,0,0,560,280,2240,2012,7014,3,0,3,71200,0.18181818181818182,0.09090909090909091,0.7272727272727273,2.4607518076139496,1,0,0,0,0,0,0,0,0,0,0,0,1,0,0,0,0,0,0,0,0,0,1,0,0,0,0,0,0,0,0,0,0,0,0,0,0,0,0,0,0,0,1,1,0,0,0,0,1,1,0,0,0,0,0,1,0,0,0,0,0,0,1,0,0,0,0,0,0,0,0,1,0,0,0,0,0,0,0,0,0,0,0,0,0,1,0
332,47,2000,1083.01,0,5,91900,0,22,4,2,0,11040,11040,49680,2010,8492,5,1,5,91900,0.15384615384615385,0.15384615384615385,0.6923076923076923,66.25977599468149,6,0,0,0,0,1,0,1,0,0,0,0,0,0,0,0,0,0,0,0,0,0,0,0,0,0,0,0,0,0,0,1,0,0,0,0,0,0,0,1,0,0,0,0,0,0,0,0,0,0,0,0,0,0,1,0,0,0,0,0,1,0,0,0,0,0,0,0,1,1,0,0,0,0,0,0,0,1,0,0,0,0,0,0,0,0,1
107,26,500,974.59,0,3,62800,0,14,3,1,0,11940,11940,35820,2002,244,6,1,13,62800,0.2,0.2,0.6,61.25652838629578,4,0,1,0,0,0,1,0,0,0,0,0,0,0,0,0,0,0,0,0,0,0,0,0,0,0,0,0,0,0,0,0,0,0,1,0,0,0,0,0,0,0,1,0,0,0,1,0,0,1,0,0,0,0,0,1,0,0,0,0,0,0,0,0,0,0,0,1,0,0,0,0,0,0,0,0,0,0,0,1,0,0,0,0,0,0,0
217,39,2000,1399.85,0,4,49900,-19800,16,3,0,2,10820,10820,43280,1997,8336,5,1,18,30100,0.16666666666666666,0.16666666666666666,0.6666666666666666,46.376397471157624,5,0,0,0,1,0,0,0,0,0,0,0,1,0,0,0,0,0,0,0,0,0,0,0,0,0,0,0,0,0,0,0,0,0,1,0,0,0,0,1,0,0,0,0,0,0,0,0,0,1,0,0,1,0,0,1,0,0,0,0,0,1,0,0,0,0,0,0,0,1,0,0,0,0,0,1,0,0,0,0,0,0,0,0,0,0,0
243,43,500,1307.74,0,2,0,-75700,10,3,0,1,4170,4170,29190,2008,3281,2,0,7,-75700,0.1111111111111111,0.1111111111111111,0.7777777777777778,28.69836511844862,4,1,0,0,1,0,0,0,0,0,0,1,0,0,0,0,0,0,0,0,1,0,0,0,0,0,0,0,0,0,0,0,0,0,0,0,0,0,0,0,1,0,0,0,0,0,0,0,0,0,0,0,0,0,0,0,0,0,1,0,0,0,0,0,0,1,0,1,0,0,0,0,0,0,0,0,0,1,0,0,0,0,0,0,0,1,0
296,42,2000,1219.27,0,2,53100,-63400,9,3,1,2,7120,7120,49840,2012,4355,0,0,3,-10300,0.1111111111111111,0.1111111111111111,0.7777777777777778,52.55603762907313,6,1,0,1,0,1,0,0,0,0,0,0,0,0,0,0,0,1,0,0,0,0,0,0,0,0,0,0,0,0,0,1,0,0,0,0,0,0,0,0,0,0,0,0,0,0,0,1,0,0,1,0,0,0,0,0,0,0,0,0,1,1,0,0,0,0,0,0,1,0,0,0,0,0,0,0,0,0,0,0,1,0,0,0,0,1,0
264,41,500,1411.3,0,6,55600,0,4,1,1,0,10980,5490,43920,2004,4498,6,1,11,55600,0.18181818181818182,0.09090909090909091,0.7272727272727273,42.79033515198753,2,0,1,0,0,1,0,0,0,0,0,0,0,0,1,0,0,0,0,0,0,0,0,0,1,0,0,0,0,0,0,0,0,0,0,0,0,0,0,0,0,1,0,0,1,0,1,0,0,1,0,0,0,1,0,0,0,1,0,0,0,0,0,0,1,0,0,0,0,1,0,0,1,0,0,0,0,0,0,0,0,0,0,0,0,0,1
108,33,2000,694.45,0,3,0,0,6,3,0,1,5850,11700,46800,2011,9124,1,0,4,0,0.09090909090909091,0.18181818181818182,0.7272727272727273,92.66325869393044,4,0,0,0,0,0,1,0,0,0,0,0,0,0,0,0,0,0,0,0,0,0,0,0,0,0,1,0,0,0,0,0,0,0,0,0,0,0,1,0,0,0,0,0,0,0,0,1,0,0,0,0,0,0,1,0,0,0,0,0,1,0,0,1,0,0,0,1,0,0,1,0,0,0,0,0,0,0,0,1,0,0,0,0,0,1,0
32,38,500,1006.77,6000000,1,0,0,15,3,2,1,14180,7090,49630,1997,1793,4,0,18,0,0.2,0.1,0.7,70.42323470107374,6,0,0,0,0,0,0,0,0,0,0,0,1,0,0,0,0,0,0,0,0,0,0,0,0,0,0,0,0,0,0,0,0,0,0,1,0,0,0,0,1,0,0,0,0,0,0,1,0,1,0,0,0,0,1,0,0,0,1,0,0,0,0,1,0,0,0,0,1,0,1,0,1,0,0,0,0,0,0,0,0,0,0,0,0,0,0
259,39,1000,1422.36,0,3,0,-83900,12,3,1,3,7760,7760,31040,2012,7067,5,1,3,-83900,0.16666666666666666,0.16666666666666666,0.6666666666666666,32.734328861891505,7,0,1,1,0,0,0,1,0,0,0,0,0,0,0,0,0,0,0,0,0,0,0,0,0,0,0,0,0,0,1,0,0,0,0,0,0,0,0,0,0,1,0,0,0,0,0,1,0,1,0,0,1,0,0,0,0,1,0,0,0,1,0,0,0,0,0,0,0,1,0,0,0,0,0,0,0,0,0,1,0,0,0,0,0,0,0
186,33,1000,1348.32,0,2,37600,-37600,3,1,2,1,860,860,3010,2013,1782,2,0,2,0,0.18181818181818182,0.18181818181818182,0.6363636363636364,3.5080693010561292,4,1,0,0,0,0,0,1,0,0,0,0,0,0,0,0,0,0,0,0,0,0,0,0,1,0,0,0,0,0,0,0,0,0,0,0,0,0,0,0,0,0,1,0,0,1,0,0,1,0,0,1,0,0,1,1,0,0,0,0,0,0,0,0,0,0,0,0,0,1,0,0,0,1,0,0,0,0,0,0,0,0,0,0,0,0,1
201,40,2000,1315.56,0,6,0,0,14,1,0,0,1240,1240,4340,2003,8453,2,0,12,0,0.18181818181818182,0.18181818181818182,0.6363636363636364,5.184104107756393,1,0,1,1,0,0,0,0,0,0,0,0,0,0,0,0,0,0,1,0,0,0,0,0,0,0,0,0,0,0,0,0,0,0,0,0,1,0,1,0,0,0,0,0,0,1,0,0,1,1,0,0,0,0,1,0,0,0,1,0,0,0,0,0,1,0,0,0,1,0,1,0,0,0,0,0,0,1,0,0,0,0,0,0,0,0,0
436,58,2000,1407.01,5000000,6,47400,-27600,10,1,0,2,11980,5990,41930,1997,4638,5,1,18,19800,0.2,0.1,0.7,42.572547458795604,3,0,1,1,0,1,0,0,0,0,0,0,0,0,0,0,0,1,0,0,0,0,0,0,0,0,0,0,0,0,0,0,0,0,0,1,0,0,0,1,0,0,0,0,1,0,1,0,0,0,0,0,0,0,1,0,0,0,0,0,1,0,0,0,0,1,0,1,0,1,0,0,1,0,0,0,0,0,0,0,0,0,0,0,0,1,0
189,36,2000,1388.58,0,5,0,-49400,17,3,1,3,13260,13260,53040,2009,2848,4,0,6,-49400,0.16666666666666666,0.16666666666666666,0.6666666666666666,57.29594261763817,7,0,1,1,0,0,0,0,0,0,0,0,0,1,0,0,0,0,0,1,0,0,0,0,0,0,0,0,0,0,0,0,0,0,0,0,0,0,0,0,1,0,0,0,0,0,0,1,0,0,0,0,0,0,1,0,0,0,0,0,1,0,0,0,0,1,0,1,0,0,1,0,0,0,0,1,0,0,0,0,0,0,0,0,1,0,0
105,33,500,1310.76,0,0,0,-40900,8,1,0,1,12780,6390,51120,2008,6798,1,0,7,-40900,0.18181818181818182,0.09090909090909091,0.7272727272727273,53.625377643504535,2,0,0,0,1,0,0,0,0,0,0,0,0,0,0,0,0,0,0,0,0,0,0,0,0,0,0,0,0,1,0,0,0,0,0,0,0,0,1,0,0,0,0,0,1,0,0,0,0,0,1,0,0,1,0,0,0,0,0,1,0,0,0,0,1,0,0,0,1,1,0,0,0,0,0,0,0,0,0,0,0,0,0,0,0,1,0
163,31,1000,1004.63,6000000,3,26900,0,14,3,2,0,5810,11620,46480,1999,4664,2,0,16,26900,0.09090909090909091,0.18181818181818182,0.7272727272727273,63.61546041826344,5,1,0,0,0,1,0,0,0,0,0,0,0,1,0,0,0,0,0,0,0,0,0,0,0,0,0,0,1,0,0,0,0,0,0,0,0,0,1,0,0,0,0,0,0,0,1,0,0,0,1,0,0,0,0,0,0,0,1,0,0,0,1,0,0,0,0,0,1,0,0,0,0,0,0,0,0,0,0,0,0,1,0,0,0,0,0
219,40,500,1134.91,0,2,68700,0,6,1,1,0,640,640,5120,1997,3014,3,0,18,68700,0.1,0.1,0.8,5.639213682142196,2,0,1,0,0,0,0,0,0,0,0,0,0,0,0,0,0,0,1,0,0,0,0,0,0,0,0,1,0,0,0,0,0,0,0,0,0,0,1,0,0,0,0,0,0,1,0,0,1,0,0,1,0,0,0,0,0,0,1,0,0,0,0,0,0,1,0,1,0,0,0,0,0,0,0,0,0,0,0,0,0,0,1,0,0,1,0
88,25,1000,1194.0,0,3,0,0,6,1,1,2,7420,7420,51940,2013,2668,4,0,2,0,0.1111111111111111,0.1111111111111111,0.7777777777777778,55.92964824120603,4,1,0,1,0,0,0,0,0,0,1,0,0,0,0,0,0,0,0,0,0,0,0,0,0,0,0,0,0,0,1,0,0,0,0,0,0,0,0,0,0,0,0,0,1,0,1,0,0,0,0,0,0,0,0,0,0,0,1,0,0,0,0,0,1,0,0,0,1,0,1,0,0,0,0,1,0,0,0,0,0,0,0,0,0,1,0
40,39,1000,1248.25,4000000,1,0,-33300,8,1,0,2,1460,1460,5840,2013,5058,6,1,2,-33300,0.16666666666666666,0.16666666666666666,0.6666666666666666,7.017824954936912,3,1,0,0,1,0,0,0,0,0,0,0,0,0,0,0,1,0,0,0,0,0,0,0,0,0,0,0,1,0,0,0,0,0,0,0,0,0,0,0,1,0,0,1,0,0,0,0,1,1,0,0,0,0,1,0,0,0,0,1,0,0,0,0,1,0,0,0,0,1,0,0,1,0,0,0,0,0,0,0,0,0,0,0,0,1,0
284,42,500,1338.54,-1000000,2,0,0,13,1,0,1,8560,17120,68480,1996,7210,3,0,19,0,0.09090909090909091,0.18181818181818182,0.7272727272727273,70.34530159726269,2,0,1,0,0,1,0,0,0,0,0,1,0,0,0,0,0,0,0,0,0,0,0,0,0,0,0,0,0,1,0,0,0,0,0,0,0,0,0,0,0,0,1,0,1,0,0,1,0,0,0,0,0,0,0,0,0,0,0,0,0,0,0,0,0,0,0,0,1,1,0,0,0,1,0,0,0,0,0,0,0,0,0,0,0,0,0
59,40,2000,782.23,0,1,64200,-32300,0,3,0,2,5730,11460,34380,2010,1227,4,0,5,31900,0.1111111111111111,0.2222222222222222,0.6666666666666666,65.92690129501553,5,0,0,1,0,1,0,0,0,0,0,0,0,0,0,1,0,0,0,0,0,0,0,0,0,0,0,1,0,0,0,0,0,0,0,0,0,0,0,1,0,0,0,0,0,0,0,0,0,0,1,0,0,0,0,0,1,0,0,0,0,0,0,0,0,0,1,1,0,0,0,0,1,0,0,0,0,0,0,0,0,0,0,0,0,0,1
39,31,2000,1366.9,0,0,0,-15700,14,3,1,0,10540,10540,31620,2014,4383,2,0,1,-15700,0.2,0.2,0.6,38.55439315238861,4,0,0,1,0,0,0,0,0,0,1,0,0,0,0,0,0,0,0,0,0,0,0,0,0,0,0,0,0,0,0,0,1,0,0,0,0,0,0,0,0,0,0,0,0,0,1,0,0,0,0,0,1,0,0,0,0,0,0,0,0,0,0,1,0,0,0,1,0,0,0,0,1,0,0,0,0,0,0,0,0,0,0,0,0,0,0
147,34,1000,1275.81,0,0,0,-48300,13,1,2,2,15540,15540,69930,1998,1450,2,0,17,-48300,0.15384615384615385,0.15384615384615385,0.6923076923076923,79.17323112375668,5,0,0,0,1,1,0,0,0,0,0,0,0,0,0,0,1,0,0,0,0,0,0,0,0,1,0,0,0,0,0,0,0,0,0,0,0,0,0,0,0,0,1,0,1,0,0,1,0,1,0,0,1,0,0,1,0,0,0,0,0,1,0,0,0,0,0,0,1,1,0,0,0,0,0,0,0,0,1,0,0,0,0,0,0,0,0
156,37,500,1090.65,0,0,0,-51800,16,4,1,2,5340,5340,42720,2010,8011,4,0,5,-51800,0.1,0.1,0.8,48.96162838674185,7,1,0,1,0,1,0,0,1,0,0,0,0,0,0,0,0,0,0,0,0,0,0,0,0,0,0,1,0,0,0,0,0,0,0,0,0,0,0,0,0,1,0,0,0,0,1,0,0,1,0,0,0,0,1,0,0,0,0,0,0,1,0,0,0,0,0,1,0,0,1,0,0,0,0,0,1,0,0,0,0,0,0,0,0,0,0
123,31,500,1326.0,0,2,0,-54600,13,1,1,2,12020,12020,48080,2009,3483,1,0,6,-54600,0.16666666666666666,0.16666666666666666,0.6666666666666666,54.38914027149321,4,1,0,1,0,0,0,0,0,0,0,0,0,0,1,0,0,0,0,1,0,0,0,0,0,0,0,0,0,0,0,0,0,0,0,0,0,0,0,0,0,0,1,0,1,0,0,1,0,0,1,0,1,0,0,0,0,0,1,0,0,0,0,0,1,0,0,1,0,0,0,0,0,0,0,0,0,0,1,0,0,0,0,0,0,0,0
231,43,2000,972.47,0,1,0,-58100,15,3,2,2,7710,15420,53970,2010,3151,6,1,5,-58100,0.1,0.2,0.7,79.28265139284503,7,0,0,1,0,1,0,0,0,0,0,0,0,0,0,1,0,0,0,0,0,0,0,0,0,0,0,0,0,0,0,0,0,1,0,0,0,0,0,0,0,0,1,0,0,0,0,0,0,1,0,0,0,0,1,0,0,1,0,0,0,0,1,0,0,0,0,0,1,0,1,1,0,0,0,0,0,0,0,0,0,0,0,0,0,0,0
247,39,500,806.31,0,1,0,0,3,1,2,3,600,0,2700,2003,7750,2,0,12,0,0.18181818181818182,0.0,0.8181818181818182,4.092718681400454,6,0,0,0,0,0,0,0,0,0,1,0,0,0,0,0,0,0,0,0,0,0,0,0,0,1,0,0,0,0,0,0,0,0,0,0,0,0,0,0,0,0,1,1,0,0,0,0,1,0,0,1,0,0,1,0,0,0,1,0,0,0,0,1,0,0,0,1,0,1,0,0,0,0,1,0,0,0,0,0,0,0,0,0,0,0,1
194,35,500,1416.24,0,5,0,0,7,1,1,0,1080,540,4320,2003,1079,3,0,12,0,0.18181818181818182,0.09090909090909091,0.7272727272727273,4.194204372140315,2,0,0,0,1,0,0,0,0,0,0,0,0,0,0,0,0,0,0,0,0,0,0,0,0,0,0,1,0,0,0,0,0,0,0,0,0,0,1,0,0,0,0,1,0,0,0,0,1,1,0,0,0,0,0,0,0,0,0,0,1,0,0,1,0,0,0,0,1,1,0,0,0,0,0,0,0,0,0,1,0,0,0,0,0,1,0
119,27,2000,1097.64,0,0,27100,0,16,2,1,0,7080,21240,35400,2006,6394,4,0,9,27100,0.1111111111111111,0.3333333333333333,0.5555555555555556,58.05182026894063,3,1,0,1,0,1,0,0,0,0,0,0,0,0,0,0,0,0,1,0,0,0,0,0,0,0,0,0,0,0,0,0,0,0,0,0,1,0,0,1,0,0,0,0,0,0,1,0,0,0,0,0,0,1,0,0,0,1,0,0,0,0,0,1,0,0,0,0,0,1,0,0,0,0,0,0,0,0,0,0,0,0,0,0,0,0,0
259,43,500,947.75,0,4,0,-39300,15,1,1,3,1280,640,5760,2008,2039,1,0,7,-39300,0.16666666666666666,0.08333333333333333,0.75,8.103402796096017,5,0,0,0,0,0,0,0,0,1,0,0,0,0,0,0,0,0,0,0,0,0,0,0,0,0,0,0,0,0,0,0,0,0,0,0,0,0,1,0,0,0,0,0,0,1,0,0,1,0,0,1,0,0,1,0,0,0,1,0,0,0,0,0,0,1,0,0,0,0,0,1,0,0,0,0,0,0,0,0,0,0,0,0,0,0,0
107,31,2000,1018.73,5000000,2,20000,-82700,21,3,1,2,14420,21630,57680,2001,7368,1,0,14,-62700,0.15384615384615385,0.23076923076923078,0.6153846153846154,92.0067142422428,6,0,0,0,0,1,0,0,0,0,1,0,0,0,0,0,0,0,0,0,0,0,0,0,0,0,0,0,0,0,0,0,0,0,0,0,0,1,0,0,1,0,0,0,0,0,0,1,0,0,1,0,0,0,1,1,0,0,0,0,0,0,0,0,0,1,0,0,1,1,0,0,0,0,0,0,1,0,0,0,0,0,0,0,0,0,1
48,44,2000,1400.74,0,1,34000,-55600,23,3,0,2,17460,17460,52380,2013,6561,2,0,2,-21600,0.2,0.2,0.6,62.32420006567957,5,0,0,0,0,1,0,0,0,0,0,0,0,0,0,0,1,0,0,0,0,0,0,0,0,0,0,0,0,0,0,0,0,0,0,0,0,0,0,1,0,0,0,0,0,0,1,0,0,0,0,0,0,0,1,0,0,0,0,0,0,0,0,0,0,0,0,0,1,1,0,0,0,0,0,0,0,1,0,0,0,0,0,0,0,0,1
267,40,500,1155.53,5000000,3,0,-35200,5,1,0,2,1260,630,3780,1997,1933,5,1,18,-35200,0.2222222222222222,0.1111111111111111,0.6666666666666666,4.906839285868823,3,0,0,1,0,1,0,0,0,0,0,0,0,0,0,0,0,0,1,0,0,0,1,0,0,0,0,0,0,0,0,0,0,0,0,0,0,0,0,0,0,0,1,1,0,0,0,0,1,0,0,1,0,0,1,1,0,0,0,0,0,1,0,0,0,0,0,1,0,0,0,0,0,0,0,1,0,0,0,0,0,0,0,0,0,1,0
286,47,500,1386.93,0,0,54100,-77600,15,3,0,0,13160,6580,46060,2001,4441,5,1,14,-23500,0.2,0.1,0.7,47.442913485179496,3,1,0,1,0,1,0,0,0,0,0,0,0,1,0,0,0,0,0,0,0,1,0,0,0,0,0,0,0,0,0,0,0,0,0,0,0,0,0,0,0,0,0,0,0,0,1,0,0,1,0,0,0,1,0,1,0,0,0,0,0,0,0,0,0,0,1,0,1,0,0,0,0,0,0,0,0,0,0,0,0,0,0,0,0,0,0
175,34,500,915.29,0,3,82400,-57100,14,1,2,1,4080,4080,28560,2009,7210,0,0,6,25300,0.1111111111111111,0.1111111111111111,0.7777777777777778,40.1184324094003,4,0,1,0,0,0,0,0,0,0,1,0,0,0,0,0,0,0,0,0,0,0,0,0,0,0,0,0,0,0,0,0,0,0,0,0,0,0,0,0,0,0,1,0,1,0,0,0,0,0,0,0,0,1,0,1,0,0,0,0,0,0,0,0,0,0,0,1,0,0,1,0,0,0,0,0,1,0,0,0,0,0,0,0,0,0,0
111,29,500,1239.55,2000000,6,0,0,1,1,1,1,4800,9600,38400,1996,1448,4,0,19,0,0.09090909090909091,0.18181818181818182,0.7272727272727273,42.59610342462991,3,0,0,1,0,0,0,0,0,1,0,0,0,0,0,0,0,0,0,0,0,0,0,0,0,0,0,0,0,1,0,0,0,0,0,0,0,0,0,0,1,0,0,0,1,0,0,1,0,0,0,0,1,0,0,0,0,0,1,0,0,0,0,0,0,1,0,1,0,0,1,0,0,0,0,0,0,0,1,0,0,0,0,0,0,0,1
151,37,500,1366.42,0,2,44000,0,14,3,1,2,5910,5910,47280,1998,850,6,1,17,44000,0.1,0.1,0.8,43.251708845011045,6,1,0,1,0,0,0,0,0,0,0,0,0,0,0,1,0,0,0,0,0,0,0,0,1,0,0,0,0,0,0,0,0,0,0,0,0,0,0,0,0,1,0,0,0,0,1,0,0,0,1,0,1,0,0,0,0,0,1,0,0,0,0,0,0,0,0,0,0,0,1,0,0,0,0,0,0,0,0,1,0,0,0,0,0,0,0
156,37,1000,1086.48,6000000,2,0,-53800,17,3,1,1,14080,7040,56320,1999,8496,4,0,16,-53800,0.18181818181818182,0.09090909090909091,0.7272727272727273,71.27604741918857,5,0,1,0,1,1,0,0,0,0,0,1,0,0,0,0,0,0,0,0,0,0,0,0,0,0,0,0,1,0,0,0,0,0,0,0,0,0,0,0,0,1,0,0,0,0,1,0,0,0,1,0,0,1,0,1,0,0,0,0,0,0,0,0,1,0,0,1,0,0,1,0,0,0,0,0,0,0,0,0,0,1,0,0,1,0,0
165,36,2000,1247.87,0,4,0,-39700,20,3,2,2,4570,4570,36560,2008,1566,2,0,7,-39700,0.1,0.1,0.8,36.62240457739989,7,0,0,1,0,1,1,0,0,0,0,0,0,0,0,0,0,0,0,0,0,0,0,0,0,0,0,1,0,0,0,0,0,0,0,0,0,0,0,0,0,0,0,0,0,0,0,1,0,0,1,0,1,0,0,1,0,0,0,0,0,0,0,1,0,0,0,0,0,0,0,0,1,0,0,0,0,0,0,0,0,0,0,0,1,0,0
253,41,2000,1312.75,0,6,81300,0,10,3,2,2,7340,14680,58720,2014,631,3,0,1,81300,0.09090909090909091,0.18181818181818182,0.7272727272727273,61.50447533803085,7,0,1,0,0,0,0,0,0,0,0,0,0,0,0,0,1,0,0,0,0,0,0,0,0,1,0,0,0,0,0,0,0,0,0,0,0,0,0,1,0,0,0,0,0,0,1,0,0,0,0,0,0,1,0,0,0,0,1,0,0,0,0,0,0,0,1,0,0,0,1,0,0,0,0,0,0,0,0,0,0,0,1,0,0,1,0
10,26,2000,765.64,0,5,0,-22200,3,3,0,3,2850,5700,22800,2001,2441,0,0,14,-22200,0.09090909090909091,0.18181818181818182,0.7272727272727273,40.9461365654877,6,1,0,0,0,1,0,0,0,0,0,0,0,0,0,0,1,0,0,0,0,0,0,0,0,0,0,0,0,0,0,0,0,0,0,0,0,0,1,0,0,0,0,0,0,0,0,0,0,0,0,0,0,0,0,0,0,0,1,0,0,0,0,0,1,0,0,1,0,1,0,0,0,0,0,0,1,0,0,0,0,0,0,0,0,0,1
158,33,2000,1327.41,0,2,0,-38600,0,1,0,0,3500,7000,24500,2012,396,6,1,3,-38600,0.1,0.2,0.7,26.367136001687495,1,0,1,0,0,0,0,0,0,0,1,0,0,0,0,0,0,0,0,0,0,0,0,0,0,0,0,0,0,0,0,0,0,0,1,0,0,0,0,1,0,0,0,0,1,0,0,1,0,0,1,0,0,1,0,0,0,0,1,0,0,0,1,0,0,0,0,1,0,1,0,0,0,0,0,0,0,0,0,0,0,1,0,0,0,0,1
436,59,1000,1338.55,0,6,39000,0,10,3,2,2,13600,6800,47600,2014,1605,0,0,1,39000,0.2,0.1,0.7,50.80124014792126,7,0,1,0,1,1,0,0,0,0,0,0,0,0,0,1,0,0,0,0,1,0,0,0,0,0,0,0,0,0,0,0,0,0,0,0,0,0,0,0,1,0,0,0,0,0,0,1,0,0,1,0,0,0,1,0,0,0,0,0,1,0,1,0,0,0,0,1,0,0,0,0,0,0,0,0,0,0,0,0,0,0,1,0,0,1,0
91,30,2000,1316.63,8000000,4,43900,0,13,3,2,0,13000,13000,58500,2009,1665,3,0,6,43900,0.15384615384615385,0.15384615384615385,0.6923076923076923,64.17900245323287,5,0,0,1,0,0,0,0,0,0,0,1,0,0,0,0,0,0,0,0,0,0,0,0,0,0,0,1,0,0,0,0,0,0,0,0,0,0,0,0,0,1,0,0,0,0,0,1,0,1,0,0,0,1,0,0,0,0,1,0,0,0,0,1,0,0,0,0,1,1,0,0,1,0,0,0,0,0,0,0,0,0,0,0,0,0,0
256,42,1000,1286.44,0,5,0,-39500,14,1,2,1,7550,15100,52850,1998,8322,3,0,17,-39500,0.1,0.2,0.7,58.68909548832436,4,0,0,0,1,0,0,0,0,0,0,0,0,0,0,0,0,0,1,0,0,1,0,0,0,0,0,0,0,0,0,0,0,0,0,0,0,0,0,0,0,0,1,0,1,0,1,0,0,1,0,0,0,0,1,0,0,0,0,0,1,0,0,1,0,0,0,0,0,1,0,0,0,0,0,0,0,0,0,1,0,0,0,0,0,0,0
274,46,1000,1372.18,0,0,0,0,22,3,1,3,15100,15100,60400,2009,6553,1,0,6,0,0.16666666666666666,0.16666666666666666,0.6666666666666666,66.02632307714731,7,0,1,0,1,1,0,0,1,0,0,0,0,0,0,0,0,0,0,0,0,1,0,0,0,0,0,0,0,0,0,0,0,0,0,0,0,0,1,0,0,0,0,0,0,0,0,1,0,0,1,0,0,1,0,0,0,0,0,0,1,0,0,0,0,1,0,0,0,1,0,0,1,0,0,0,0,0,0,0,0,0,0,0,0,0,1
275,45,2000,1447.77,0,2,39400,-63900,8,3,1,1,5360,10720,48240,1998,8444,6,1,17,-24500,0.08333333333333333,0.16666666666666666,0.75,44.426946269089704,5,1,0,0,1,0,0,0,0,0,0,0,0,0,0,0,0,0,0,0,0,0,1,0,0,0,0,0,0,0,0,0,0,0,0,0,0,0,0,0,0,0,1,0,0,0,0,1,0,0,1,0,0,0,0,0,0,0,0,1,0,0,0,1,0,0,0,0,1,1,0,0,0,0,0,0,0,0,0,0,0,0,0,0,0,1,0
1,33,500,903.32,0,0,0,0,1,3,1,0,6340,3170,22190,2006,7062,0,0,9,0,0.2,0.1,0.7,35.092768896957885,4,0,0,1,0,0,0,0,0,0,0,0,0,0,0,0,0,0,1,0,0,0,0,0,0,0,0,0,0,0,0,0,0,0,0,0,0,1,1,0,0,0,0,0,0,0,1,0,0,1,0,0,0,0,1,1,0,0,0,0,0,0,0,1,0,0,0,1,0,1,0,0,0,0,0,0,0,0,0,0,0,0,1,0,0,0,1
85,30,1000,1454.42,0,2,51600,-73900,19,1,0,1,12380,12380,49520,2006,7764,5,1,9,-22300,0.16666666666666666,0.16666666666666666,0.6666666666666666,51.07190495180209,2,1,0,0,1,1,0,0,0,0,0,0,0,0,0,1,0,0,0,0,0,0,0,0,0,0,0,0,0,0,0,0,0,1,0,0,0,0,0,1,0,0,0,0,1,0,0,1,0,0,0,0,0,1,0,1,0,0,0,0,0,0,0,0,0,0,1,0,1,0,1,0,0,0,0,0,0,0,0,0,0,1,0,0,1,0,0
233,37,2000,1603.42,0,0,61600,-30200,17,1,0,2,13420,6710,60390,2005,8496,4,0,10,31400,0.16666666666666666,0.08333333333333333,0.75,50.2176597522795,3,0,0,0,0,0,0,0,0,0,0,0,0,0,0,0,1,0,0,0,0,0,0,0,0,0,0,0,0,0,0,0,0,0,0,0,1,0,0,0,0,0,1,0,1,0,0,0,0,0,1,0,1,0,0,1,0,0,0,0,0,1,0,0,0,0,0,0,1,0,1,0,0,0,0,0,0,0,0,0,0,0,1,0,1,0,0
142,30,2000,1616.58,0,3,58500,-46800,13,3,0,3,6360,12720,44520,2010,4593,2,0,5,11700,0.1,0.2,0.7,39.34231525813755,6,1,0,1,0,1,0,0,0,0,0,0,0,0,0,0,0,0,0,0,0,0,0,0,0,0,0,0,0,0,0,0,1,0,0,0,0,0,0,0,0,0,0,0,0,0,1,0,0,0,0,0,0,1,0,0,0,0,1,0,0,0,1,0,0,0,0,0,1,0,1,0,0,0,1,0,0,0,0,0,0,0,0,0,0,0,0
266,44,500,1611.83,0,0,0,0,4,1,1,2,3280,3280,26240,2012,5505,4,0,3,0,0.1,0.1,0.8,20.349540584304798,4,0,0,1,0,1,0,0,0,0,1,0,0,0,0,0,0,0,0,0,0,0,0,0,0,0,0,0,0,0,1,0,0,0,0,0,0,0,0,0,0,0,0,0,1,0,0,0,0,0,1,0,0,0,1,0,0,0,0,0,1,0,0,0,0,1,0,1,0,0,1,0,1,0,0,0,0,0,0,0,0,0,0,0,0,0,1
350,50,500,889.13,0,4,0,0,14,3,0,2,9820,4910,29460,2015,3527,3,0,0,0,0.2222222222222222,0.1111111111111111,0.6666666666666666,49.700268802087436,5,0,1,0,1,0,0,0,0,0,0,0,0,1,0,0,0,0,0,0,1,0,0,0,0,0,0,0,0,0,0,0,0,0,0,0,0,0,0,1,0,0,0,0,0,0,1,0,0,0,1,0,0,0,1,0,0,1,0,0,0,0,0,1,0,0,0,0,0,0,0,1,0,0,0,0,0,0,0,0,0,0,0,0,0,0,0
97,26,1000,1252.08,0,1,0,0,4,2,2,2,10080,5040,35280,2000,8497,6,1,15,0,0.2,0.1,0.7,40.253018976423235,6,0,0,1,0,1,0,0,1,0,0,0,0,0,0,0,0,0,0,0,0,0,0,0,0,0,0,0,0,0,0,0,0,0,0,1,0,0,1,0,0,0,0,0,0,0,1,0,0,0,0,0,0,1,0,0,0,0,0,1,0,0,0,0,0,0,1,0,1,0,0,0,0,0,0,0,1,0,0,0,0,0,0,0,0,0,1
399,55,2000,995.56,0,3,0,-65400,23,3,1,1,17680,8840,61880,2010,7969,5,1,5,-65400,0.2,0.1,0.7,88.7942464542569,5,0,0,0,1,1,0,0,0,0,0,0,0,0,0,0,0,1,0,0,0,0,0,0,0,0,0,0,0,0,0,0,0,0,0,1,0,0,1,0,0,0,0,0,0,0,0,1,0,0,1,0,0,0,1,1,0,0,0,0,0,0,0,1,0,0,0,0,1,0,1,0,0,0,0,0,0,0,0,1,0,0,0,0,0,0,1
305,49,2000,1347.92,0,0,0,-42100,21,3,0,2,12100,6050,48400,2003,2004,1,0,12,-42100,0.18181818181818182,0.09090909090909091,0.7272727272727273,49.3723663125408,5,0,0,0,0,0,0,0,0,1,0,0,0,0,0,0,0,0,0,0,0,1,0,0,0,0,0,0,0,0,0,0,0,0,0,0,0,0,0,0,1,0,0,0,0,0,0,0,0,0,1,0,1,0,0,1,0,0,0,0,0,0,1,0,0,0,0,0,1,1,0,0,0,0,0,0,0,0,0,0,0,0,0,1,0,0,1
276,47,1000,1724.09,0,6,0,0,23,3,0,0,5980,11960,47840,2014,7878,0,0,1,0,0.09090909090909091,0.18181818181818182,0.7272727272727273,38.15346066620652,3,1,0,0,0,1,0,1,0,0,0,0,0,0,0,0,0,0,0,0,0,0,0,0,0,0,0,0,0,0,0,0,0,0,0,0,0,1,0,0,1,0,0,0,0,0,1,0,0,1,0,0,0,0,1,1,0,0,0,0,0,0,0,0,0,0,0,0,1,1,0,0,0,1,0,0,0,0,0,0,0,0,0,0,0,0,1
257,40,500,1379.93,0,5,0,0,6,3,0,2,9420,4710,37680,2002,929,6,1,13,0,0.18181818181818182,0.09090909090909091,0.7272727272727273,37.545382736805486,5,1,0,1,0,1,1,0,0,0,0,0,0,0,0,0,0,0,0,0,0,0,0,0,0,0,0,0,0,0,0,0,0,0,0,0,0,0,0,0,0,0,0,0,0,0,0,1,0,0,0,0,0,1,0,1,0,0,0,0,0,1,0,0,0,0,0,1,0,0,1,1,0,0,0,0,0,0,0,0,0,0,0,0,0,1,0
78,31,1000,1554.64,4000000,6,0,-27900,21,1,1,0,5060,10120,40480,2009,5853,1,0,6,-27900,0.09090909090909091,0.18181818181818182,0.7272727272727273,35.80250090053002,2,1,0,1,0,1,0,0,0,0,0,0,0,0,0,1,0,0,0,0,1,0,0,0,0,0,0,0,0,0,0,0,0,0,0,0,0,0,0,0,1,0,0,0,1,0,0,0,0,0,0,0,0,1,0,0,0,0,0,0,1,0,0,0,0,0,1,0,0,0,0,0,0,0,0,0,1,0,0,0,0,0,0,0,0,0,1
129,28,1000,1377.94,0,4,0,0,23,1,2,3,9920,4960,29760,2005,9129,5,1,10,0,0.2222222222222222,0.1111111111111111,0.6666666666666666,32.39618561040393,6,0,1,0,1,1,0,0,0,0,0,1,0,0,0,0,0,0,0,0,0,0,0,0,0,0,0,0,0,0,0,0,0,0,0,0,0,0,1,0,0,0,0,0,1,0,0,1,0,0,0,0,1,0,0,1,0,0,0,0,0,0,0,0,0,0,1,1,0,1,0,0,0,0,0,0,0,0,0,0,0,0,1,0,0,0,1
283,46,2000,1313.33,0,6,53500,-73600,3,3,1,3,7060,14120,56480,2004,5245,4,0,11,-20100,0.09090909090909091,0.18181818181818182,0.7272727272727273,59.132129776979134,7,0,0,0,1,0,0,0,0,0,0,0,0,0,0,0,0,0,1,0,0,0,0,0,0,0,0,0,0,0,0,0,0,1,0,0,0,0,0,0,0,0,0,0,0,0,0,0,0,0,0,0,0,0,0,1,0,0,0,0,0,0,0,0,0,1,0,1,0,0,0,0,0,0,0,0,0,0,0,1,0,0,0,0,0,0,1
85,25,500,1259.02,0,3,67000,-53600,8,1,2,2,940,940,3760,2005,2357,0,0,10,13400,0.16666666666666666,0.16666666666666666,0.6666666666666666,4.4796746675986086,5,1,0,1,0,0,0,0,0,0,0,0,0,0,0,0,0,1,0,0,0,0,0,0,0,0,0,0,0,0,0,0,0,0,0,0,0,0,0,0,0,1,0,1,0,0,0,0,1,0,0,1,0,0,0,0,0,0,1,0,0,0,0,1,0,0,0,0,0,1,0,0,0,0,0,0,0,0,0,1,0,0,0,0,0,1,0
101,26,1000,1371.88,0,5,0,0,4,1,2,2,580,580,2030,1995,8587,2,0,20,0,0.18181818181818182,0.18181818181818182,0.6363636363636364,2.32527626323002,5,0,0,0,1,0,0,0,0,0,0,0,0,0,1,0,0,0,0,0,0,0,0,0,0,0,0,0,0,0,0,0,0,1,0,0,0,0,0,0,0,0,0,1,0,0,0,0,1,0,0,1,0,0,0,0,0,0,0,1,0,0,0,0,0,0,0,1,0,1,0,0,0,0,0,0,0,0,0,0,0,1,0,0,0,0,1
96,30,500,1399.27,6000000,1,38900,-48700,22,1,0,0,0,6680,46760,2004,4900,1,0,11,-9800,0.0,0.125,0.875,38.19134262865637,1,0,1,0,0,1,0,0,0,0,0,0,0,0,1,0,0,0,0,0,0,0,0,0,0,0,0,0,1,0,0,0,0,0,0,0,0,0,0,0,0,0,1,0,1,0,0,1,0,0,1,0,1,0,0,0,0,0,0,0,0,0,0,0,0,0,0,1,0,0,1,0,0,0,0,1,0,0,0,0,0,0,0,0,0,0,1
121,31,1000,1061.98,6000000,3,0,0,16,1,0,1,7250,7250,50750,2002,2884,6,1,13,0,0.1111111111111111,0.1111111111111111,0.7777777777777778,61.44183506280721,2,0,0,0,1,0,1,0,0,0,0,0,0,0,0,0,0,0,0,0,0,0,1,0,0,0,0,0,0,0,0,0,0,0,0,0,0,0,0,0,0,1,0,0,1,0,1,0,0,1,0,0,0,0,1,0,0,0,0,0,1,0,1,0,0,0,0,0,0,0,1,0,1,0,0,0,0,0,0,0,0,0,0,0,0,0,0
176,39,500,1365.46,4000000,1,0,-56600,14,3,2,1,4920,4920,34440,2008,1538,3,0,7,-56600,0.1111111111111111,0.1111111111111111,0.7777777777777778,32.4286321093258,6,0,1,1,0,1,1,0,0,0,0,0,0,0,0,0,0,0,0,0,0,0,0,0,0,0,0,0,0,0,0,0,0,0,0,1,0,0,0,0,0,1,0,0,0,0,0,1,0,1,0,0,1,0,0,0,0,0,1,0,0,1,0,0,0,0,0,0,0,0,0,0,0,1,0,0,0,0,0,0,0,0,0,0,0,0,0
159,37,1000,894.4,0,2,0,-53700,13,1,2,0,7810,7810,54670,1999,5976,2,0,16,-53700,0.1111111111111111,0.1111111111111111,0.7777777777777778,78.58899821109124,3,0,0,0,1,1,0,0,0,0,0,0,0,0,0,0,0,1,0,0,0,0,1,0,0,0,0,0,0,0,0,0,0,0,0,0,0,0,0,0,0,0,1,0,1,0,1,0,0,0,1,0,0,0,1,1,0,0,0,0,0,0,0,0,0,0,1,0,1,0,0,0,0,0,1,0,0,0,0,0,0,0,0,0,0,0,0
120,30,500,956.69,0,2,39600,-64300,20,1,1,1,8710,8710,69680,2000,4588,4,0,15,-24700,0.1,0.1,0.8,91.04307560442776,3,1,0,1,0,0,0,0,0,0,0,0,0,1,0,0,0,0,0,0,0,0,0,0,0,0,0,0,0,0,1,0,0,0,0,0,0,0,0,0,0,0,0,0,1,0,0,0,0,1,0,0,0,1,0,1,0,0,0,0,0,0,1,0,0,0,0,1,0,0,1,0,0,0,0,0,0,0,0,0,1,0,0,0,1,0,0
212,35,2000,1123.89,0,5,35400,-49200,0,3,1,3,4580,4580,41220,1996,9033,2,0,19,-13800,0.09090909090909091,0.09090909090909091,0.8181818181818182,44.82645098719625,7,1,0,0,1,1,0,0,0,0,0,0,0,1,0,0,0,0,0,0,0,0,0,0,0,0,0,0,0,0,0,0,0,0,0,0,1,0,0,0,0,1,0,0,0,0,0,0,0,0,1,0,1,0,0,1,0,0,0,0,0,1,0,0,0,0,0,1,0,1,0,0,0,0,0,0,0,0,0,0,0,1,0,0,0,0,1
290,45,500,1085.03,0,3,0,-61000,23,3,2,2,12960,6480,45360,2014,6237,6,1,1,-61000,0.2,0.1,0.7,59.72185100872787,7,0,0,0,0,0,0,0,0,0,0,0,0,0,0,0,1,0,0,0,0,0,0,0,1,0,0,0,0,0,0,0,0,0,0,0,0,0,0,0,0,0,1,0,0,0,0,1,0,0,1,0,0,0,1,0,0,0,0,1,0,0,0,0,0,0,0,0,1,0,0,1,0,0,0,0,0,0,0,0,0,0,0,0,0,0,1
299,42,2000,1437.33,0,2,25000,0,13,1,1,3,12800,12800,44800,2000,2410,1,0,15,25000,0.18181818181818182,0.18181818181818182,0.6363636363636364,48.97970542603299,5,0,1,0,0,0,0,1,0,0,0,0,0,0,0,0,0,0,0,0,0,0,0,0,0,0,0,0,0,0,1,0,0,0,0,0,0,0,0,0,0,0,1,0,1,0,1,0,0,1,0,0,0,1,0,0,0,0,1,0,0,1,0,0,0,0,0,0,1,0,0,0,1,0,0,0,0,0,0,0,0,0,0,0,0,0,0
66,26,1000,988.29,0,1,0,0,8,1,2,2,0,10520,47340,2008,5925,0,0,7,0,0.0,0.18181818181818182,0.8181818181818182,58.545568608404416,5,0,0,1,0,1,1,0,0,0,0,0,0,0,0,0,0,0,0,0,0,0,0,0,0,0,0,0,0,0,0,0,0,0,1,0,0,0,0,0,1,0,0,0,1,0,1,0,0,0,0,0,0,0,1,1,0,0,0,0,0,0,0,1,0,0,0,1,0,0,1,0,0,0,0,0,0,0,0,0,0,1,0,0,0,1,0
334,47,500,1238.89,0,4,0,0,3,1,0,3,960,960,4320,2011,5000,5,1,4,0,0.15384615384615385,0.15384615384615385,0.6923076923076923,5.036766783168804,4,0,0,0,1,1,0,0,0,0,0,0,0,0,0,1,0,0,0,0,0,0,0,0,0,0,0,0,0,0,0,0,0,0,0,1,0,0,0,1,0,0,0,0,0,1,0,0,1,1,0,0,0,0,0,0,0,0,0,0,1,0,0,1,0,0,0,1,0,0,0,0,0,0,0,1,0,0,0,0,0,0,0,0,0,0,1
216,38,1000,1384.64,5000000,2,0,0,16,1,2,3,16650,11100,38850,2012,220,4,0,3,0,0.25,0.16666666666666666,0.5833333333333334,48.09914490409059,6,1,0,0,0,0,0,0,0,0,0,0,0,0,0,0,0,1,0,0,1,0,0,0,0,0,0,0,0,0,0,0,0,0,0,0,0,0,0,0,0,1,0,0,1,0,1,0,0,0,1,0,0,0,1,0,0,0,0,1,0,1,0,0,0,0,0,1,0,0,0,0,0,0,0,0,0,1,0,0,0,0,0,0,0,0,0
86,28,2000,1595.07,0,6,75800,0,19,1,0,2,11820,11820,47280,2002,8586,0,0,13,75800,0.16666666666666666,0.16666666666666666,0.6666666666666666,44.46199853297975,3,1,0,0,0,1,0,0,0,0,0,0,0,0,0,0,0,0,1,0,0,0,0,0,0,0,0,0,1,0,0,0,0,0,0,0,0,0,0,0,0,1,0,0,1,0,0,1,0,1,0,0,0,0,1,0,0,0,0,1,0,0,1,0,0,0,0,0,1,0,1,0,0,0,0,0,0,1,0,0,0,0,0,0,1,0,0
429,56,1000,1127.89,6000000,2,67400,-43800,0,1,2,0,6580,6580,26320,2002,5891,2,0,13,23600,0.16666666666666666,0.16666666666666666,0.6666666666666666,35.003413453439606,3,0,1,1,0,1,0,0,0,0,0,1,0,0,0,0,0,0,0,0,0,0,0,0,0,0,0,0,0,0,0,0,0,0,1,0,0,0,0,0,1,0,0,0,1,0,1,0,0,1,0,0,0,0,0,0,0,0,0,0,1,0,0,0,0,0,1,0,1,0,1,0,0,0,0,0,0,0,0,0,0,1,0,0,0,0,1
257,43,2000,929.7,6000000,6,46400,-74300,12,1,2,2,10540,5270,47430,2005,5809,2,0,10,-27900,0.16666666666666666,0.08333333333333333,0.75,68.0219425621168,5,1,0,0,1,0,0,0,0,0,1,0,0,0,0,0,0,0,0,0,0,0,0,0,0,0,0,0,0,0,0,0,0,0,0,0,0,0,0,0,0,0,0,0,1,0,0,0,0,0,1,0,0,1,0,0,0,0,0,1,0,0,0,0,0,0,0,1,0,0,1,0,0,0,0,0,0,0,1,0,0,0,0,0,0,0,0
15,34,1000,1829.63,0,3,56700,0,21,3,1,0,12300,6150,49200,2009,6305,1,0,6,56700,0.18181818181818182,0.09090909090909091,0.7272727272727273,36.97468887152047,4,0,0,0,0,1,0,0,0,0,0,0,0,0,0,0,0,1,0,0,0,0,0,0,1,0,0,0,0,0,0,0,0,0,0,0,0,0,1,0,0,0,0,0,0,0,0,1,0,0,1,0,0,1,0,0,0,0,1,0,0,0,0,0,0,0,0,0,1,1,0,1,0,0,0,0,0,0,0,0,0,0,0,0,0,0,1
230,39,1000,904.7,7000000,5,68600,-22300,0,1,1,3,14840,14840,44520,2002,5559,1,0,13,46300,0.2,0.2,0.6,82.01613794628054,5,0,0,0,0,0,0,1,0,0,0,0,0,0,0,0,0,0,0,0,0,1,0,0,0,0,0,0,0,0,0,0,0,0,0,0,0,0,0,0,0,1,0,0,1,0,0,0,0,0,0,0,1,0,0,0,0,0,1,0,0,0,0,0,0,1,0,1,0,0,0,0,0,0,0,0,0,0,0,0,0,0,0,0,0,0,1
250,43,1000,1243.84,0,3,47900,-73400,22,1,1,3,12980,12980,38940,2011,572,4,0,4,-25500,0.2,0.2,0.6,52.17712889117572,5,0,1,0,1,0,0,0,0,0,0,0,0,0,0,0,0,1,0,0,0,0,0,0,0,0,0,0,0,0,0,0,1,0,0,0,0,0,0,0,1,0,0,0,1,0,0,1,0,1,0,0,0,1,0,0,0,0,0,1,0,1,0,0,0,0,0,0,1,0,0,0,0,0,0,0,0,0,0,0,0,0,0,1,0,0,1
270,44,2000,1030.95,0,2,47200,0,20,3,1,0,7180,3590,25130,2007,4231,1,0,8,47200,0.2,0.1,0.7,34.82225132159658,4,0,0,0,1,0,0,0,0,0,0,1,0,0,0,0,0,0,0,0,0,0,0,0,0,0,0,0,0,0,0,1,0,0,0,0,0,0,0,1,0,0,0,0,0,0,1,0,0,0,0,0,0,0,0,0,0,0,0,0,0,0,0,1,0,0,0,1,0,0,0,1,0,0,0,0,0,0,0,0,0,0,0,0,1,0,0
65,26,500,1285.03,3000000,0,0,-41500,0,1,1,3,5220,10440,36540,2011,3422,1,0,4,-41500,0.1,0.2,0.7,40.62161972872229,5,1,0,0,0,0,0,1,0,0,0,0,0,0,0,0,0,0,0,0,0,0,1,0,0,0,0,0,0,0,0,0,0,0,0,0,0,0,0,0,0,1,0,0,1,0,1,0,0,1,0,0,1,0,0,0,0,0,0,1,0,0,0,0,0,1,0,0,0,1,0,0,0,0,0,0,1,0,0,0,0,0,0,0,0,0,1
475,57,500,1216.56,0,4,67400,-83200,20,1,0,2,6500,13000,58500,2000,7287,5,1,15,-15800,0.08333333333333333,0.16666666666666666,0.75,64.11521010061156,3,0,1,0,0,1,0,0,0,0,0,0,0,0,0,0,0,0,0,0,0,0,0,0,0,0,0,0,0,0,0,0,0,0,1,0,0,0,0,0,1,0,0,0,1,0,0,0,0,1,0,0,0,0,1,0,0,0,1,0,0,0,1,0,0,0,0,1,0,0,0,0,0,0,0,0,0,0,0,0,0,1,0,0,1,0,0
77,27,2000,966.26,0,0,56400,-32800,1,3,0,0,6720,6720,53760,1995,5784,4,0,20,23600,0.1,0.1,0.8,69.54649887193924,3,1,0,0,1,0,0,0,0,0,0,0,0,0,0,0,0,0,0,0,0,0,0,0,0,0,0,0,0,0,0,0,0,0,0,0,0,0,0,0,1,0,0,0,0,0,0,0,0,1,0,0,0,0,0,1,0,0,0,0,0,0,0,0,0,0,1,0,1,1,0,0,0,0,0,0,0,0,0,0,0,0,0,1,0,0,1
256,43,500,1203.17,0,5,56700,-65600,11,1,0,0,11500,5750,46000,1997,55,4,0,18,-8900,0.18181818181818182,0.09090909090909091,0.7272727272727273,52.569462336993105,1,0,1,0,0,0,0,0,0,0,0,0,0,0,1,0,0,0,0,0,0,0,0,0,0,0,0,1,0,0,0,0,0,0,0,0,0,0,0,0,0,1,0,0,1,0,1,0,0,0,1,0,1,0,0,0,0,0,0,0,1,0,1,0,0,0,0,0,0,1,0,0,0,0,0,0,0,0,0,1,0,0,0,0,0,1,0
229,37,2000,1212.12,0,5,65600,0,14,3,1,1,11460,5730,51570,1995,6451,3,0,20,65600,0.16666666666666666,0.08333333333333333,0.75,56.727056727056734,5,0,0,1,0,0,0,1,0,0,0,0,0,0,0,0,0,0,0,0,0,0,0,0,0,0,0,0,0,0,0,1,0,0,0,0,0,0,1,0,0,0,0,0,0,0,0,1,0,0,0,0,0,1,0,0,0,0,0,0,1,1,0,0,0,0,0,0,1,0,1,0,0,0,0,1,0,0,0,0,0,0,0,0,0,0,0
110,28,1000,1573.93,0,1,30400,0,20,3,0,2,10840,10840,43360,2010,543,2,0,5,30400,0.16666666666666666,0.16666666666666666,0.6666666666666666,41.323311710177705,5,0,1,1,0,1,0,0,0,0,0,0,1,0,0,0,0,0,0,0,0,0,0,0,0,0,0,0,0,0,1,0,0,0,0,0,0,0,0,1,0,0,0,0,0,0,0,1,0,1,0,0,0,0,1,1,0,0,0,0,0,0,0,0,0,0,1,0,1,1,0,0,0,0,0,0,0,0,0,0,0,1,0,0,1,0,0
177,33,1000,1609.67,0,1,0,-13200,22,1,1,3,20700,13800,48300,2004,4404,1,0,11,-13200,0.25,0.16666666666666666,0.5833333333333334,51.43911484962756,5,0,0,0,0,1,0,0,0,0,0,0,0,0,0,0,0,0,0,0,0,0,0,0,0,0,0,0,0,0,0,0,0,0,0,0,0,1,0,0,0,0,1,0,1,0,0,1,0,0,0,0,0,0,0,0,0,0,1,0,0,0,0,0,0,0,1,1,0,1,0,0,0,0,0,0,0,1,0,0,0,0,0,0,0,0,1
292,44,500,1097.57,0,6,0,0,12,1,1,0,6170,6170,49360,2005,6574,5,1,10,0,0.1,0.1,0.8,56.21509334256585,2,0,1,0,1,1,0,0,0,0,0,0,0,1,0,0,0,0,0,1,0,0,0,0,0,0,0,0,0,0,0,0,0,0,0,0,0,0,0,0,0,1,0,0,1,0,0,1,0,0,1,0,0,1,0,0,0,0,1,0,0,1,0,0,0,0,0,0,0,0,1,0,0,0,0,0,0,0,0,0,1,0,0,0,0,0,0
451,61,2000,1618.65,2000000,2,0,-42600,3,3,2,1,15620,7810,54670,1997,6075,2,0,18,-42600,0.2,0.1,0.7,48.25008494733265,6,1,0,1,0,0,0,0,0,0,0,0,0,0,0,0,0,0,1,0,0,0,0,0,0,0,0,0,0,0,0,0,1,0,0,0,0,0,0,0,0,1,0,0,0,0,1,0,0,0,0,0,0,0,0,0,1,0,0,0,0,1,0,0,0,0,0,0,1,0,1,0,0,1,0,0,0,0,0,0,0,0,0,0,0,0,1
61,24,500,922.67,0,1,47400,0,15,3,2,1,9360,9360,46800,2011,6913,0,0,4,47400,0.14285714285714285,0.14285714285714285,0.7142857142857143,71.01130414991276,6,1,0,0,0,0,0,0,0,0,0,0,0,1,0,0,0,0,0,0,0,0,0,0,0,0,0,0,0,0,0,1,0,0,0,0,0,0,0,1,0,0,0,0,0,0,1,0,0,0,0,0,0,0,0,0,0,0,1,0,0,0,0,1,0,0,0,0,1,1,0,0,0,0,0,0,0,0,0,0,0,0,1,0,0,0,0
150,30,1000,1342.02,0,5,0,0,8,1,0,2,450,450,3600,1999,3755,5,1,16,0,0.1,0.1,0.8,3.353154200384495,3,1,0,0,0,1,0,0,0,0,0,0,0,0,1,0,0,0,0,0,0,0,0,0,0,0,0,0,0,0,0,0,1,0,0,0,0,0,0,0,1,0,0,1,0,0,0,0,1,0,0,1,0,0,0,0,0,0,0,1,0,0,0,0,0,0,0,0,1,0,0,0,0,0,0,0,0,0,0,0,1,0,0,0,0,1,0
283,41,500,1195.01,0,2,60700,-54300,13,3,0,2,0,6100,36600,2011,805,3,0,4,6400,0.0,0.14285714285714285,0.8571428571428571,35.73191856135095,5,0,1,0,0,0,0,0,0,0,0,0,0,0,0,0,1,0,0,0,0,0,0,0,0,0,0,0,0,0,0,0,0,1,0,0,0,0,0,0,1,0,0,0,0,0,0,1,0,0,0,0,0,1,0,0,0,0,0,0,1,0,0,1,0,0,0,0,0,1,0,0,0,0,0,0,0,0,1,0,0,0,0,0,0,0,0
291,46,1000,994.74,0,0,0,-55300,8,1,2,2,620,620,4340,2005,3209,6,1,10,-55300,0.1111111111111111,0.1111111111111111,0.7777777777777778,5.609506001568249,5,0,1,0,1,0,0,0,0,0,0,0,0,0,0,0,0,0,0,0,0,0,0,0,0,0,0,0,0,0,0,0,1,0,0,0,0,0,0,0,1,0,0,1,0,0,0,0,1,1,0,0,0,0,1,0,0,0,1,0,0,0,1,0,0,0,0,0,0,0,1,0,0,0,0,0,0,0,0,0,0,0,0,1,0,1,0
162,31,1000,1050.24,0,4,30700,0,7,1,0,0,360,720,2520,2013,3292,3,0,2,30700,0.1,0.2,0.7,3.4277879341864717,1,1,0,0,0,0,0,0,0,0,0,0,0,0,0,0,0,0,0,0,0,0,0,1,0,0,0,0,0,0,0,0,0,0,0,0,0,0,0,0,0,0,1,1,0,0,0,0,1,1,0,0,0,0,0,0,0,0,0,0,0,0,0,0,0,0,0,1,0,0,0,0,1,0,0,0,0,0,0,0,0,0,0,0,0,1,0
154,36,2000,1313.51,7000000,4,68500,0,9,1,2,0,280,280,2240,2015,4066,1,0,0,68500,0.1,0.1,0.8,2.1316929448576714,3,0,0,1,0,0,0,0,1,0,0,0,0,0,0,0,0,0,0,0,0,0,0,0,0,1,0,0,0,0,0,0,0,0,0,0,0,0,0,0,1,0,0,0,0,1,0,0,1,0,0,1,0,0,0,0,0,0,1,0,0,0,0,0,1,0,0,1,0,1,0,0,0,0,0,0,0,0,0,0,0,0,0,1,0,1,0
289,47,2000,1102.29,0,2,73000,-37900,15,1,1,0,6000,6000,42000,1996,5663,5,1,19,35100,0.1111111111111111,0.1111111111111111,0.7777777777777778,48.98892306017473,2,0,1,0,1,0,0,0,0,0,0,0,0,0,0,0,0,0,0,0,0,0,0,0,0,0,0,0,1,0,0,0,0,0,0,0,0,0,0,0,1,0,0,0,1,0,0,0,0,1,0,0,0,0,0,0,0,0,0,1,0,0,0,1,0,0,0,0,0,0,1,0,0,0,0,0,0,0,0,0,0,0,1,0,0,0,0
10,19,1000,1185.78,0,3,0,-60700,5,1,0,2,4450,8900,35600,2011,180,6,1,4,-60700,0.09090909090909091,0.18181818181818182,0.7272727272727273,41.280844676078196,3,1,0,1,0,0,0,1,0,0,0,0,0,0,0,0,0,0,0,0,0,0,0,0,0,0,0,0,0,0,0,0,0,0,0,0,0,1,0,0,0,0,1,0,1,0,0,1,0,1,0,0,0,0,1,0,0,0,0,0,0,0,0,1,0,0,0,1,0,1,0,0,0,0,0,0,0,0,0,0,0,0,0,0,0,1,0
309,47,500,1527.95,0,6,69400,0,15,4,0,1,15560,15560,46680,2002,1357,5,1,13,69400,0.2,0.2,0.6,50.91789652802775,5,0,0,0,1,1,0,0,1,0,0,0,0,0,0,0,0,0,0,0,0,0,0,0,0,0,0,0,1,0,0,0,0,0,0,0,0,0,0,1,0,0,0,0,0,0,1,0,0,0,0,0,0,1,0,0,0,0,0,0,1,0,0,1,0,0,0,0,1,1,0,0,0,0,1,0,0,0,0,0,0,0,0,0,0,0,0
396,57,1000,1366.39,0,0,0,-22400,22,3,2,1,11680,5840,35040,1995,8146,4,0,20,-22400,0.2222222222222222,0.1111111111111111,0.6666666666666666,38.466323670401565,6,1,0,0,0,1,0,0,0,0,0,0,0,0,0,1,0,0,0,0,0,0,0,0,0,0,1,0,0,0,0,0,0,0,0,0,0,0,0,1,0,0,0,0,0,0,0,0,0,0,0,0,0,1,0,0,0,0,0,0,0,1,0,0,0,0,0,0,1,0,0,0,0,0,0,0,0,0,0,0,1,0,0,0,0,0,1
273,41,1000,1403.9,0,6,0,0,16,2,1,2,4010,8020,32080,2015,1809,5,1,0,0,0.09090909090909091,0.18181818181818182,0.7272727272727273,31.419616781822064,5,0,1,0,1,0,0,0,0,1,0,0,0,0,0,0,0,0,0,0,0,0,0,0,0,1,0,0,0,0,0,0,0,0,0,0,0,0,0,0,1,0,0,0,0,0,0,1,0,0,1,0,0,0,1,0,0,0,0,1,0,0,0,0,0,1,0,1,0,0,1,0,0,0,0,0,1,0,0,0,0,0,0,0,0,0,0
129,30,2000,927.23,0,6,51500,0,7,1,1,3,13520,6760,54080,2009,2809,1,0,6,51500,0.18181818181818182,0.09090909090909091,0.7272727272727273,80.1958521618153,5,0,0,0,1,0,0,0,0,0,0,0,0,0,0,0,1,0,0,0,0,0,0,0,0,0,0,0,0,0,0,0,0,0,0,0,1,0,0,0,0,0,0,0,1,0,0,0,0,0,1,0,0,1,0,0,0,0,1,0,0,0,1,0,0,0,0,0,0,1,0,0,0,0,0,0,0,0,0,0,0,1,0,0,0,1,0
140,31,2000,1554.86,6000000,3,59000,0,2,1,1,2,680,680,4760,2002,6500,0,0,13,59000,0.1111111111111111,0.1111111111111111,0.7777777777777778,3.9360456890009394,4,0,1,1,0,0,1,0,0,0,0,0,0,0,0,0,0,0,0,0,0,0,0,0,0,0,0,0,0,0,0,0,0,0,0,0,0,0,0,0,0,0,1,1,0,0,0,0,1,1,0,0,0,0,0,0,0,0,0,0,1,0,0,0,0,0,0,0,1,1,0,0,0,0,0,0,1,0,0,0,0,0,0,0,0,0,1
419,53,2000,736.07,6000000,1,45700,0,17,4,0,0,5190,10380,46710,2012,6216,2,0,3,45700,0.08333333333333333,0.16666666666666666,0.75,84.61151792628418,4,0,0,0,1,1,0,0,0,0,0,0,0,0,0,0,0,0,1,0,0,0,0,1,0,0,0,0,0,0,0,0,0,0,0,0,0,0,0,0,0,1,0,0,0,0,0,1,0,1,0,0,0,0,1,0,0,0,1,0,0,0,0,1,0,0,0,1,0,0,1,0,0,0,0,0,0,0,0,0,0,1,0,0,1,0,0
315,44,1000,974.16,6000000,4,0,-56800,12,3,1,0,4860,4860,17010,2006,7948,5,1,9,-56800,0.18181818181818182,0.18181818181818182,0.6363636363636364,27.439024390243905,4,0,0,1,0,0,0,0,0,0,0,0,0,0,0,0,1,0,0,0,0,0,0,0,0,0,0,0,0,0,0,0,0,1,0,0,0,0,0,1,0,0,0,0,0,0,0,0,0,0,1,0,0,1,0,1,0,0,0,0,0,0,0,0,0,0,1,1,0,0,1,0,0,0,0,0,0,0,0,0,0,0,0,1,0,0,0
72,29,500,973.8,0,2,0,-85900,9,1,1,0,6620,6620,52960,2013,7468,4,0,2,-85900,0.1,0.1,0.8,67.98110494968167,2,0,1,0,1,0,0,1,0,0,0,0,0,0,0,0,0,0,0,0,0,0,0,0,0,0,1,0,0,0,0,0,0,0,0,0,0,0,0,0,1,0,0,0,1,0,1,0,0,0,0,0,0,0,0,0,0,0,0,0,1,0,0,0,0,0,0,1,0,0,0,0,0,0,1,0,0,0,0,0,0,0,0,0,0,1,0
32,26,2000,1260.32,6000000,3,0,-79800,16,1,1,2,9100,4550,31850,2009,106,5,1,6,-79800,0.2,0.1,0.7,36.1019423638441,4,0,1,0,0,1,0,0,0,0,0,0,1,0,0,0,0,0,0,0,0,0,0,0,0,0,0,0,0,0,0,0,1,0,0,0,0,0,1,0,0,0,0,0,1,0,0,1,0,0,1,0,1,0,0,0,0,0,0,1,0,0,0,0,1,0,0,1,0,1,0,0,0,0,0,0,0,0,0,0,0,0,1,0,0,0,0
230,41,1000,1464.03,0,3,0,0,19,3,2,0,4420,4420,44200,2006,8457,6,1,9,0,0.08333333333333333,0.08333333333333333,0.8333333333333334,36.22876580397943,5,1,0,0,0,1,0,0,0,0,0,0,0,0,0,0,0,0,1,0,0,0,0,0,0,0,0,0,0,0,0,0,0,0,0,1,0,0,0,0,1,0,0,0,0,0,0,1,0,1,0,0,0,0,0,1,0,0,0,0,0,0,0,0,0,0,1,1,0,1,0,1,0,0,0,0,0,0,0,0,0,0,0,0,1,0,0
157,32,2000,617.11,0,1,0,-54100,14,3,1,2,10160,5080,35560,2013,1899,4,0,2,-54100,0.2,0.1,0.7,82.31919754986956,6,0,1,0,0,1,0,0,0,0,0,0,1,0,0,0,0,0,0,0,0,0,0,0,0,0,0,0,0,0,0,0,0,1,0,0,0,0,0,1,0,0,0,0,0,0,0,0,0,0,0,0,0,1,0,0,0,0,0,1,0,1,0,0,0,0,0,1,0,0,0,0,0,0,0,0,0,0,1,0,0,0,0,0,0,0,0
265,41,2000,1724.46,6000000,2,81800,0,18,3,1,3,4420,4420,35360,2014,6315,1,0,1,81800,0.1,0.1,0.8,25.631212089581666,7,1,0,1,0,0,0,1,0,0,0,0,0,0,0,0,0,0,0,0,0,0,0,0,0,0,0,0,0,0,0,0,0,0,0,1,0,0,0,0,1,0,0,0,0,0,0,1,0,0,1,0,0,0,1,0,0,0,1,0,0,0,0,1,0,0,0,1,0,1,0,1,0,0,0,0,0,0,0,0,0,0,0,0,1,0,0
47,34,500,1161.31,0,6,64800,-24300,23,1,1,3,11440,5720,45760,2012,4025,2,0,3,40500,0.18181818181818182,0.09090909090909091,0.7272727272727273,54.18019305783986,5,0,0,0,1,0,0,0,1,0,0,0,0,0,0,0,0,0,0,0,0,0,0,0,0,0,0,0,0,0,0,0,0,0,0,0,0,0,0,1,0,0,0,0,1,0,0,0,0,1,0,0,0,0,1,0,0,0,1,0,0,0,0,0,0,0,1,0,1,1,0,0,0,1,0,0,0,0,0,0,0,0,0,0,0,0,1
113,29,2000,1091.73,0,6,36100,-42300,15,3,0,2,5550,5550,38850,2004,2561,0,0,11,-6200,0.1111111111111111,0.1111111111111111,0.7777777777777778,45.75307081421231,5,0,1,1,0,1,0,0,1,0,0,0,0,0,0,0,0,0,0,0,0,0,0,0,0,0,0,1,0,0,0,0,0,0,0,0,0,0,1,0,0,0,0,0,0,0,1,0,0,1,0,0,0,1,0,1,0,0,0,0,0,0,0,0,0,0,1,1,0,0,1,0,0,0,0,0,0,0,0,1,0,0,0,0,0,0,0
289,46,2000,1209.07,0,3,0,0,18,1,0,1,6270,6270,43890,1995,3925,5,1,20,0,0.1111111111111111,0.1111111111111111,0.7777777777777778,46.67223568527877,2,0,0,1,0,1,1,0,0,0,0,0,0,0,0,0,0,0,0,0,0,0,0,1,0,0,0,0,0,0,0,0,0,0,0,0,0,0,0,0,0,1,0,0,1,0,1,0,0,1,0,0,0,0,0,0,0,0,0,0,0,0,0,0,0,0,0,0,1,0,1,0,1,0,0,0,0,0,0,0,0,0,0,0,1,0,0
254,41,2000,1241.04,0,4,0,0,16,1,2,2,18220,18220,63770,2014,382,6,1,1,0,0.18181818181818182,0.18181818181818182,0.6363636363636364,80.74679301231225,5,0,0,1,0,0,0,0,0,0,0,0,0,0,0,1,0,0,0,0,1,0,0,0,0,0,0,0,0,0,0,0,0,0,0,0,0,0,0,0,1,0,0,0,1,0,0,0,0,1,0,0,0,0,1,1,0,0,0,0,0,0,0,0,0,1,0,0,0,0,1,1,0,0,0,0,0,0,0,0,0,0,0,0,0,0,0
115,30,500,1757.21,0,0,46400,0,12,3,1,0,5460,5460,38220,2007,5275,0,0,8,46400,0.1111111111111111,0.1111111111111111,0.7777777777777778,27.964785085447954,4,0,1,0,1,1,0,0,0,0,0,0,0,0,1,0,0,0,0,0,0,0,0,0,0,0,0,0,0,0,0,0,0,0,0,0,0,0,0,0,0,0,1,0,0,0,0,0,0,1,0,0,1,0,0,1,0,0,0,0,0,0,0,1,0,0,0,0,0,0,1,0,0,0,0,1,0,0,0,0,0,0,0,0,0,0,0
236,38,1000,802.24,0,1,0,-62500,16,1,0,1,16710,5570,44560,2014,8167,0,0,1,-62500,0.25,0.08333333333333333,0.6666666666666666,83.31671320303151,2,0,1,1,0,0,0,0,0,0,0,0,1,0,0,0,0,0,0,0,0,0,0,0,0,0,0,0,0,0,0,1,0,0,0,0,0,0,1,0,0,0,0,0,1,0,0,1,0,0,0,0,0,0,0,0,0,0,0,0,1,0,0,0,1,0,0,0,0,1,0,0,0,0,0,0,0,0,1,0,0,0,0,0,0,0,0
7,21,1000,1342.72,0,2,0,-45300,21,1,1,2,6940,6940,48580,2003,8487,1,0,12,-45300,0.1111111111111111,0.1111111111111111,0.7777777777777778,46.51751668255481,4,1,0,0,1,1,0,0,0,0,0,1,0,0,0,0,0,0,0,0,0,0,1,0,0,0,0,0,0,0,0,0,0,0,0,0,0,0,0,0,0,0,1,0,1,0,0,0,0,0,1,0,0,1,0,1,0,0,0,0,0,0,1,0,0,0,0,1,0,1,0,0,0,0,0,0,1,0,0,0,0,0,0,0,0,0,1
208,36,2000,1209.41,5000000,3,0,0,15,3,0,1,11420,11420,39970,1999,7071,0,0,16,0,0.18181818181818182,0.18181818181818182,0.6363636363636364,51.93441430118818,4,0,1,0,0,1,0,0,0,0,0,1,0,0,0,0,0,0,0,0,0,0,0,0,0,0,0,0,0,0,0,0,0,0,0,0,0,0,0,0,0,0,1,0,0,0,0,1,0,0,1,0,0,1,0,1,0,0,0,0,0,1,0,0,0,0,0,0,1,1,0,0,0,0,0,0,0,0,0,1,0,0,0,0,0,0,0
126,33,1000,1141.71,2000000,3,36700,-73400,21,1,1,2,6770,6770,40620,2009,2625,6,1,6,-36700,0.125,0.125,0.75,47.43761550656471,4,0,1,0,1,0,0,0,0,0,0,0,0,1,0,0,0,0,0,0,0,0,0,0,0,0,0,0,0,0,0,0,0,0,0,1,0,0,0,0,1,0,0,0,1,0,0,0,0,0,0,0,0,0,0,0,0,0,0,0,1,0,0,0,1,0,0,0,1,1,0,0,0,0,0,0,0,0,0,0,0,1,0,0,0,0,1
48,35,500,1090.03,0,3,0,-51000,1,1,0,2,9680,4840,33880,2005,2450,4,0,10,-51000,0.2,0.1,0.7,44.40244763905581,3,0,0,0,0,0,0,0,1,0,0,0,0,0,0,0,0,0,0,0,0,0,0,0,0,0,0,1,0,0,0,0,0,0,0,0,0,0,0,0,0,1,0,0,1,0,1,0,0,0,0,0,0,0,0,0,0,0,0,0,1,0,0,0,0,0,0,0,1,0,0,0,0,0,0,0,0,0,0,0,1,0,0,0,0,0,1
297,48,1000,1464.73,3000000,6,54900,-36700,17,3,0,0,5720,5720,40040,2013,2043,6,1,2,18200,0.1111111111111111,0.1111111111111111,0.7777777777777778,35.14640923583186,3,1,0,1,0,1,0,0,1,0,0,0,0,0,0,0,0,0,0,0,0,0,0,0,0,0,0,1,0,0,0,0,0,0,0,0,0,0,0,1,0,0,0,0,0,0,0,1,0,0,1,0,1,0,0,1,0,0,0,0,0,0,0,0,0,0,0,1,0,0,0,0,0,0,0,0,0,0,0,0,0,0,1,0,1,0,0
160,36,1000,1118.58,0,0,0,-36600,5,3,2,1,5170,10340,36190,2003,987,3,0,12,-36600,0.1,0.2,0.7,46.21931377281911,6,0,1,0,0,0,0,0,0,0,0,0,0,0,1,0,0,0,0,0,1,0,0,0,0,0,0,0,0,0,0,0,0,0,0,0,0,0,0,0,0,0,0,0,0,0,1,0,0,0,1,0,1,0,0,1,0,0,0,0,0,1,0,0,0,0,0,0,0,0,0,0,0,0,0,0,0,0,0,0,1,0,0,0,0,1,0
406,58,2000,1117.04,0,5,0,-42700,15,3,1,2,10920,5460,49140,2009,4109,3,0,6,-42700,0.16666666666666666,0.08333333333333333,0.75,58.655016830194086,6,0,1,1,0,1,0,0,1,0,0,0,0,0,0,0,0,0,0,0,0,0,0,0,0,0,0,0,0,0,0,0,0,0,0,0,1,0,0,0,1,0,0,0,0,0,0,0,0,0,1,0,0,1,0,0,0,0,0,0,1,0,0,1,0,0,0,1,0,1,0,0,0,0,0,0,0,0,0,0,0,0,0,1,0,0,0
157,31,500,1257.83,7000000,0,40700,-41600,2,4,2,2,4770,9540,33390,2011,8962,5,1,4,-900,0.1,0.2,0.7,37.922453749711806,8,1,0,0,1,1,0,0,0,1,0,0,0,0,0,0,0,0,0,0,0,0,0,0,0,0,0,0,0,0,0,0,0,1,0,0,0,0,0,0,1,0,0,0,0,0,1,0,0,0,0,0,0,1,0,0,1,0,0,0,0,0,0,0,0,0,0,0,0,0,0,0,0,0,0,0,0,0,0,0,0,0,0,0,0,0,1
146,31,2000,1082.72,0,6,61400,-57500,3,1,2,0,580,580,4060,2015,6330,3,0,0,3900,0.1111111111111111,0.1111111111111111,0.7777777777777778,4.821191074331313,3,0,1,1,0,0,0,0,0,0,0,1,0,0,0,0,0,0,0,0,0,0,0,0,0,0,0,0,0,0,0,0,0,0,0,0,1,0,1,0,0,0,0,0,0,1,0,0,1,1,0,0,0,0,0,0,0,0,1,0,0,0,0,1,0,0,0,0,1,0,0,0,0,0,0,0,0,0,0,0,0,0,0,0,0,0,1
409,57,1000,1191.8,6000000,0,55600,0,19,1,1,0,6110,12220,54990,2012,7101,1,0,3,55600,0.08333333333333333,0.16666666666666666,0.75,61.5203893270683,2,1,0,0,0,1,0,0,0,0,0,0,0,0,0,1,0,0,0,0,0,0,0,0,0,0,1,0,0,0,0,0,0,0,0,0,0,0,0,0,0,1,0,0,1,0,0,1,0,0,0,0,0,1,0,1,0,0,0,0,0,0,0,0,0,1,0,0,0,1,0,0,0,0,0,1,0,0,0,0,0,0,0,0,1,0,0
252,46,1000,1242.02,0,4,0,-28800,17,1,0,2,14980,7490,52430,2003,3442,6,1,12,-28800,0.2,0.1,0.7,60.30498703724578,3,1,0,0,0,1,0,0,0,0,0,0,0,0,0,0,0,0,0,0,0,0,0,0,0,1,0,0,0,0,0,0,0,0,0,0,0,0,0,0,0,0,1,0,1,0,0,0,0,1,0,0,1,0,0,0,0,0,0,1,0,0,1,0,0,0,0,0,1,0,1,0,0,0,0,0,0,1,0,0,0,0,0,0,1,0,0
6,27,500,1075.71,0,0,0,-47400,7,1,0,1,580,290,2320,2015,8231,1,0,0,-47400,0.18181818181818182,0.09090909090909091,0.7272727272727273,2.965483262217512,2,0,1,1,0,0,0,0,0,0,0,0,0,0,1,0,0,0,0,0,0,0,0,0,0,1,0,0,0,0,0,0,0,0,0,0,0,0,0,0,0,1,0,0,0,1,0,0,1,0,0,1,0,0,1,0,0,0,0,0,1,1,0,0,0,0,0,1,0,0,1,0,0,0,0,0,0,0,0,0,1,0,0,0,0,1,0
103,33,1000,969.88,6000000,5,0,0,21,1,1,0,12820,6410,57690,2002,8034,2,0,13,0,0.16666666666666666,0.08333333333333333,0.75,79.30878046768673,2,1,0,0,0,1,1,0,0,0,0,0,0,0,0,0,0,0,0,0,0,0,0,0,0,0,1,0,0,0,0,0,0,0,0,0,0,0,0,0,1,0,0,0,1,0,1,0,0,1,0,0,0,0,0,1,0,0,0,0,0,1,0,0,0,0,0,0,0,0,1,0,0,1,0,0,0,0,0,0,0,0,0,0,0,0,1
369,53,2000,1459.93,0,4,0,0,10,2,1,3,7090,14180,56720,2012,7205,0,0,3,0,0.09090909090909091,0.18181818181818182,0.7272727272727273,53.4203694697691,6,0,1,1,0,0,0,0,0,0,0,0,0,1,0,0,0,0,0,0,0,0,0,0,0,0,0,0,0,0,0,0,0,0,0,0,1,0,1,0,0,0,0,0,0,0,0,0,0,0,1,0,0,0,1,0,0,0,0,0,1,0,0,0,0,0,1,0,1,0,0,0,0,0,0,0,0,1,0,0,0,0,0,0,0,1,0
261,46,1000,1245.61,0,5,0,0,11,1,1,0,9180,9180,41310,2008,8176,3,0,7,0,0.15384615384615385,0.15384615384615385,0.6923076923076923,47.90423968979055,2,0,0,0,1,1,0,0,0,0,0,0,0,0,0,0,0,0,1,0,0,0,0,0,0,0,0,0,0,0,0,0,0,0,0,0,0,0,0,0,1,0,0,0,1,0,0,0,0,0,1,0,1,0,0,1,0,0,0,0,0,1,0,0,0,0,0,0,1,1,0,0,0,0,0,1,0,0,0,0,0,0,0,0,0,1,0
159,33,2000,1462.76,0,1,69200,-36900,23,3,2,0,8160,4080,32640,2004,2776,1,0,11,32300,0.18181818181818182,0.09090909090909091,0.7272727272727273,30.681724958298012,5,1,0,0,0,0,0,1,0,0,0,0,0,0,0,0,0,0,0,0,0,0,0,0,0,0,0,0,0,0,0,0,0,0,1,0,0,0,0,0,0,0,0,0,0,0,1,0,0,0,0,0,0,0,0,1,0,0,0,0,0,1,0,0,0,0,0,0,1,0,0,0,0,0,0,0,0,0,1,0,0,0,0,0,0,0,1
344,51,2000,1398.46,0,2,0,0,14,1,0,2,7530,15060,60240,2004,8315,0,0,11,0,0.09090909090909091,0.18181818181818182,0.7272727272727273,59.22943809619152,3,1,0,0,0,1,0,0,0,0,0,0,0,0,0,0,1,0,0,0,0,0,0,0,0,0,0,0,0,0,0,0,0,0,1,0,0,0,0,1,0,0,0,0,1,0,0,1,0,1,0,0,0,0,0,0,0,0,0,0,0,0,0,1,0,0,0,1,0,0,0,1,0,0,0,0,0,0,0,0,0,0,0,0,0,0,0
437,60,1000,1269.64,0,1,48800,0,10,1,1,3,7680,15360,61440,2012,6235,5,1,3,48800,0.09090909090909091,0.18181818181818182,0.7272727272727273,66.53854635959799,5,0,1,0,1,0,1,0,0,0,0,0,0,0,0,0,0,0,0,0,0,0,0,0,1,0,0,0,0,0,0,0,0,0,0,0,0,0,0,0,0,1,0,0,1,0,0,0,0,1,0,0,0,1,0,0,0,0,1,0,0,0,0,0,0,1,0,0,0,0,0,0,0,1,0,0,0,0,0,0,0,0,0,0,0,1,0
65,30,500,1455.65,4000000,1,0,-66300,6,3,2,3,15960,7980,55860,1999,1986,6,1,16,-66300,0.2,0.1,0.7,54.820870401538826,8,1,0,0,0,0,0,0,0,0,0,0,0,0,0,0,0,0,1,0,0,0,0,0,0,0,0,0,0,0,0,0,0,0,1,0,0,0,0,0,0,0,1,0,0,0,0,1,0,0,1,0,1,0,0,0,0,0,0,0,1,0,1,0,0,0,0,1,0,0,0,0,0,0,0,0,1,0,0,0,0,0,0,0,0,1,0
280,41,2000,1140.31,0,5,29300,-64700,10,3,0,3,9640,9640,33740,1999,7377,5,1,16,-35400,0.18181818181818182,0.18181818181818182,0.6363636363636364,46.49612824582789,6,0,1,0,1,1,0,0,0,0,0,0,0,0,0,0,0,0,0,0,0,0,0,0,0,0,1,0,0,0,0,0,0,0,0,0,0,0,0,0,0,0,0,0,0,0,1,0,0,1,0,0,0,0,1,0,0,0,0,0,1,0,0,0,0,0,0,1,0,0,1,0,0,0,0,0,0,0,0,0,0,0,1,0,0,1,0
269,45,500,1330.46,0,0,54800,-64100,5,3,0,0,2200,4400,17600,2008,6722,6,1,7,-9300,0.09090909090909091,0.18181818181818182,0.7272727272727273,18.189197721088945,3,1,0,0,1,0,0,0,0,0,0,1,0,0,0,0,0,0,0,0,0,0,0,0,0,0,0,0,0,0,0,0,0,0,0,1,0,0,0,0,0,0,1,0,0,0,0,1,0,0,1,0,0,0,1,0,0,0,0,1,0,0,1,0,0,0,0,1,0,0,0,0,0,0,0,0,0,0,0,0,0,1,0,0,0,1,0
275,40,2000,1190.6,0,4,0,-45300,17,1,1,3,7860,7860,27510,2001,8448,1,0,14,-45300,0.18181818181818182,0.18181818181818182,0.6363636363636364,36.30942381992273,5,0,1,1,0,1,0,0,1,0,0,0,0,0,0,0,0,0,0,0,0,0,1,0,0,0,0,0,0,0,0,0,0,0,0,0,0,0,0,0,0,1,0,0,1,0,1,0,0,1,0,0,1,0,0,0,1,0,0,0,0,0,0,0,0,1,0,1,0,0,1,0,0,1,0,0,0,0,0,0,0,0,0,0,1,0,0
265,45,500,972.5,0,1,0,0,3,1,2,3,290,580,2320,1995,5927,0,0,20,0,0.09090909090909091,0.18181818181818182,0.7272727272727273,3.2802056555269923,6,0,1,1,0,0,0,0,1,0,0,0,0,0,0,0,0,0,0,0,0,0,0,0,1,0,0,0,0,0,0,0,0,0,0,0,0,0,0,0,0,1,0,0,0,1,0,0,1,0,0,1,0,0,0,0,0,0,0,0,0,0,0,0,0,0,1,0,0,0,0,0,0,0,0,1,0,0,0,0,0,0,0,0,0,0,1
283,43,2000,1161.91,0,2,0,-50400,9,1,0,3,1300,650,3900,2006,6396,5,1,9,-50400,0.2222222222222222,0.1111111111111111,0.6666666666666666,5.034813367644654,4,1,0,0,0,0,0,0,0,0,0,0,0,0,0,0,0,0,0,0,0,0,0,0,0,0,0,0,0,0,0,0,1,0,0,0,0,0,1,0,0,0,0,1,0,0,0,0,1,1,0,0,0,0,0,0,0,0,0,0,1,0,0,0,1,0,0,1,0,0,0,0,1,0,0,0,0,0,0,0,0,0,0,0,0,1,0
84,29,1000,1117.17,0,0,0,-29900,6,1,2,0,620,1240,4960,2005,4327,3,0,10,-29900,0.09090909090909091,0.18181818181818182,0.7272727272727273,6.104711010857792,3,0,1,1,0,0,0,0,0,0,0,1,0,0,0,0,0,0,0,0,0,0,0,0,0,0,0,0,0,0,0,0,0,0,0,0,1,0,1,0,0,0,0,1,0,0,0,0,1,0,0,1,0,0,1,0,0,0,1,0,0,0,0,0,0,0,0,0,1,0,1,0,1,0,0,0,0,0,0,0,0,0,0,0,0,1,0
247,44,2000,1101.51,0,1,64000,0,22,3,2,2,11580,11580,46320,2008,8408,2,0,7,64000,0.16666666666666666,0.16666666666666666,0.6666666666666666,63.07704877849498,7,0,1,1,0,0,0,0,0,1,0,0,0,0,0,0,0,0,0,0,0,0,1,0,0,0,0,0,0,0,0,0,0,0,0,0,0,0,1,0,0,0,0,0,0,0,0,0,0,1,0,0,1,0,0,1,0,0,0,0,0,0,0,0,0,1,0,0,0,0,0,0,0,1,0,0,0,0,0,0,0,0,0,0,0,0,1
56,29,1000,1523.17,0,4,0,0,10,3,1,2,7880,15760,70920,1995,3159,5,1,20,0,0.08333333333333333,0.16666666666666666,0.75,62.08105464262032,6,0,0,0,0,1,0,0,0,0,0,0,0,0,1,0,0,0,0,0,0,0,0,0,0,0,0,0,0,0,1,0,0,0,0,0,0,0,0,0,1,0,0,0,0,0,0,0,0,0,0,0,1,0,0,0,0,1,0,0,0,0,0,1,0,0,0,1,0,0,1,0,0,0,0,0,0,1,0,0,0,0,0,0,0,1,0
210,39,1000,984.45,0,2,0,0,4,1,1,2,780,780,6240,1997,6404,4,0,18,0,0.1,0.1,0.8,7.923205850982782,4,0,1,0,1,1,1,0,0,0,0,0,0,0,0,0,0,0,0,0,0,0,0,0,0,0,0,0,0,0,0,1,0,0,0,0,0,0,0,0,0,1,0,0,0,1,0,0,1,1,0,0,0,0,0,0,0,0,0,0,0,0,0,0,0,1,0,0,1,1,0,0,0,0,1,0,0,0,0,0,0,0,0,0,0,0,1
108,32,2000,1257.0,4000000,0,63900,-43700,23,1,1,3,5570,11140,44560,1999,3048,6,1,16,20200,0.09090909090909091,0.18181818181818182,0.7272727272727273,48.74303898170247,5,0,1,0,1,0,0,0,0,0,0,1,0,0,0,0,0,0,0,1,0,0,0,0,0,0,0,0,0,0,0,0,0,0,0,0,0,0,0,0,0,1,0,0,1,0,0,0,0,0,1,0,0,1,0,0,0,0,0,0,1,0,0,0,1,0,0,0,0,0,0,0,0,0,0,0,0,0,0,0,0,1,0,0,0,0,1
328,49,500,1434.51,0,4,0,0,19,1,0,2,8930,8930,53580,2005,4893,0,0,10,0,0.125,0.125,0.75,49.80097733720922,3,0,1,0,1,0,0,0,0,0,0,0,0,0,0,0,0,0,1,0,0,1,0,0,0,0,0,0,0,0,0,0,0,0,0,0,0,0,0,0,0,0,1,0,1,0,1,0,0,0,1,0,0,0,1,1,0,0,0,0,0,0,0,0,0,1,0,1,0,0,1,0,0,0,0,0,0,0,1,0,0,0,0,0,1,0,0
186,37,2000,1628.0,0,3,0,0,22,1,1,2,11120,5560,38920,2009,2168,2,0,6,0,0.2,0.1,0.7,34.152334152334156,4,0,1,1,0,0,0,0,0,0,0,0,0,1,0,0,0,0,0,0,0,0,0,0,0,0,1,0,0,0,0,0,0,0,0,0,0,0,0,0,0,1,0,0,1,0,1,0,0,0,1,0,0,0,0,1,0,0,0,0,0,0,1,0,0,0,0,0,1,0,1,0,0,0,0,0,0,1,0,0,0,0,0,0,0,0,1
277,44,500,1412.31,0,0,0,0,6,1,1,3,1000,500,3500,2005,4968,6,1,10,0,0.2,0.1,0.7,3.5402992260905894,5,1,0,0,1,1,0,0,0,0,0,0,0,1,0,0,0,0,0,0,1,0,0,0,0,0,0,0,0,0,0,0,0,0,0,0,0,0,0,0,0,1,0,0,0,1,0,0,1,0,0,1,0,0,1,0,0,0,0,0,0,0,0,0,0,1,0,0,0,0,0,0,0,0,0,0,0,1,0,0,0,0,0,0,0,1,0
138,33,500,1362.87,5000000,3,56900,-56900,6,1,2,0,14740,14740,66330,2007,6611,1,0,8,0,0.15384615384615385,0.15384615384615385,0.6923076923076923,70.30017536522193,3,0,0,1,0,0,0,0,1,0,0,0,0,0,0,0,0,0,0,0,0,0,0,0,0,0,0,0,0,0,0,1,0,0,0,0,0,0,0,0,1,0,0,0,1,0,0,1,0,1,0,0,0,1,0,1,0,0,0,0,0,0,0,0,0,0,1,0,0,1,0,0,1,0,0,0,0,0,0,0,0,0,0,0,0,1,0
208,41,1000,1134.68,0,1,0,0,18,1,2,2,6930,13860,48510,1996,210,1,0,19,0,0.1,0.2,0.7,61.07448796136355,5,1,0,0,0,0,0,0,0,0,0,0,0,0,0,0,0,1,0,0,0,0,0,1,0,0,0,0,0,0,0,0,0,0,0,0,0,0,0,0,0,0,0,0,1,0,1,0,0,0,0,0,0,0,0,0,0,0,1,0,0,0,0,1,0,0,0,0,0,1,0,0,0,0,0,0,0,0,0,0,0,0,0,1,1,0,0
147,37,1000,1306.78,0,5,0,0,22,1,1,0,13520,20280,47320,1995,8139,2,0,20,0,0.16666666666666666,0.25,0.5833333333333334,62.076248488651494,2,1,0,1,0,1,0,0,0,0,0,0,0,0,1,0,0,0,0,0,0,0,0,0,0,0,0,0,0,0,0,0,0,0,0,0,1,0,0,1,0,0,0,0,1,0,0,0,0,0,1,0,0,0,0,0,0,0,1,0,0,0,0,1,0,0,0,1,0,0,0,0,0,0,0,0,0,0,0,0,0,0,1,0,0,0,1
8,21,500,1021.9,0,0,0,0,21,1,0,0,14040,14040,63180,2012,849,3,0,3,0,0.15384615384615385,0.15384615384615385,0.6923076923076923,89.304237205206,1,1,0,0,1,1,0,0,0,0,1,0,0,0,0,0,0,0,0,0,0,0,0,0,0,0,0,0,1,0,0,0,0,0,0,0,0,0,0,0,0,0,0,0,1,0,0,0,0,0,0,0,0,1,0,0,0,0,0,0,1,1,0,0,0,0,0,1,0,1,0,0,0,0,0,0,0,0,0,0,0,0,1,0,0,0,1
297,48,1000,1538.6,0,5,0,-54700,12,1,0,0,6060,12120,42420,2004,8005,6,1,11,-54700,0.1,0.2,0.7,39.38645521903029,1,1,0,0,0,0,0,0,0,0,0,0,1,0,0,0,0,0,0,0,0,0,0,0,0,0,0,0,0,1,0,0,0,0,0,0,0,0,0,0,0,0,1,0,1,0,0,1,0,1,0,0,1,0,0,0,0,0,1,0,0,0,0,1,0,0,0,1,0,1,0,0,0,0,0,1,0,0,0,0,0,0,0,0,0,0,0
150,31,1000,1354.5,0,4,52800,0,6,3,0,3,6480,12960,45360,2000,7401,4,0,15,52800,0.1,0.2,0.7,47.840531561461795,6,1,0,0,1,1,0,0,0,0,0,1,0,0,0,0,0,0,0,0,0,0,0,0,0,0,0,0,0,0,0,0,0,0,0,0,0,0,0,0,0,0,0,0,0,0,0,0,0,0,0,0,0,0,0,1,0,0,0,0,0,0,0,0,0,0,0,1,0,0,1,0,0,0,0,0,0,0,0,0,0,1,0,0,0,1,0
4,34,500,1282.93,0,1,0,0,0,4,0,0,6080,12160,48640,1996,4282,3,0,19,0,0.09090909090909091,0.18181818181818182,0.7272727272727273,52.130669639029406,4,0,1,0,1,0,0,0,1,0,0,0,0,0,0,0,0,0,0,1,0,0,0,0,0,0,0,0,0,0,0,0,0,0,0,0,0,0,0,1,0,0,0,0,0,0,0,1,0,0,0,0,0,0,1,0,0,0,0,0,1,0,0,0,1,0,0,1,0,1,0,0,0,1,0,0,0,0,0,0,0,0,0,0,0,0,1
210,35,1000,1346.27,0,4,44900,-91400,11,1,0,2,5820,5820,46560,2013,8410,5,1,2,-46500,0.1,0.1,0.8,43.230555534922416,3,0,0,0,1,1,0,0,0,1,0,0,0,0,0,0,0,0,0,0,0,0,0,0,1,0,0,0,0,0,0,0,0,0,0,0,0,0,1,0,0,0,0,0,1,0,0,0,0,0,1,0,0,0,0,0,0,0,0,0,1,0,0,0,0,0,0,0,0,1,0,0,1,0,0,0,0,0,0,0,0,0,0,0,0,1,0
91,31,1000,1338.4,4000000,0,63600,0,19,1,1,0,6730,6730,47110,2011,5639,2,0,4,63600,0.1111111111111111,0.1111111111111111,0.7777777777777778,45.25552898983861,2,1,0,0,0,0,0,0,0,0,0,0,0,1,0,0,0,0,0,0,0,0,0,0,0,0,0,0,0,0,0,0,1,0,0,0,0,0,0,0,1,0,0,0,1,0,0,1,0,1,0,0,0,0,1,0,0,0,0,0,0,0,1,0,0,0,0,1,0,0,0,0,0,0,0,0,0,0,0,1,0,0,0,0,1,0,0
167,36,1000,949.44,0,4,0,-38400,22,3,0,0,8710,8710,52260,2008,7655,0,0,7,-38400,0.125,0.125,0.75,73.3906302662622,3,0,0,0,0,0,0,0,1,0,0,0,0,0,0,0,0,0,0,0,0,0,1,0,0,0,0,0,0,0,0,0,0,0,0,0,0,0,0,1,0,0,0,0,0,0,1,0,0,0,0,0,0,0,0,0,0,0,0,0,0,0,0,0,0,0,1,1,0,0,0,0,0,0,0,0,0,0,1,0,0,0,0,0,0,0,1
467,58,2000,977.4,0,4,82200,0,2,1,2,3,5570,11140,38990,2014,4368,5,1,1,82200,0.1,0.2,0.7,56.98792715367301,6,1,0,0,1,1,0,0,0,0,0,0,0,0,0,0,0,0,1,0,0,1,0,0,0,0,0,0,0,0,0,0,0,0,0,0,0,0,0,0,1,0,0,0,1,0,0,0,0,0,1,0,1,0,0,1,0,0,0,0,0,1,0,0,0,0,0,0,1,0,0,0,0,0,0,0,0,0,0,1,0,0,0,0,0,0,1
264,47,2000,1181.46,10000000,3,0,-67400,16,4,1,2,5670,5670,51030,2001,3629,3,0,14,-67400,0.09090909090909091,0.09090909090909091,0.8181818181818182,52.79061500177746,7,1,0,1,0,0,0,0,0,0,0,0,0,0,0,0,0,0,1,0,0,0,0,0,0,0,0,0,0,0,0,0,0,0,0,1,0,0,0,1,0,0,0,0,0,0,0,0,0,0,1,0,0,0,0,0,1,0,0,0,0,0,0,0,0,0,0,0,1,0,1,0,0,0,1,0,0,0,0,0,0,0,0,0,0,0,0
270,45,500,1187.53,0,6,83200,-53300,23,3,0,0,9880,0,44460,2005,4203,1,0,10,29900,0.18181818181818182,0.0,0.8181818181818182,45.758843987099276,3,0,1,0,1,0,0,0,0,0,0,0,0,1,0,0,0,0,0,0,0,0,0,0,0,0,0,0,0,0,0,0,0,0,0,0,0,1,1,0,0,0,0,0,0,0,0,1,0,0,1,0,0,1,0,0,0,0,0,1,0,1,0,0,0,0,0,1,0,0,1,0,0,0,0,0,0,0,0,0,1,0,0,0,0,0,1
310,48,1000,845.16,0,4,0,0,21,1,1,0,6130,6130,42910,2005,4612,2,0,10,0,0.1111111111111111,0.1111111111111111,0.7777777777777778,65.2775805764589,2,0,1,0,0,0,0,0,0,0,0,0,0,1,0,0,0,0,0,0,0,0,0,0,0,0,0,0,0,0,0,0,0,0,0,0,0,0,0,1,0,0,0,0,1,0,0,0,0,0,0,0,0,0,1,0,0,0,0,0,0,0,0,1,0,0,0,0,1,0,0,1,0,0,0,0,0,0,0,0,0,0,0,0,0,0,1
143,34,500,1442.27,0,1,67900,0,10,1,2,3,11700,5850,40950,1999,335,1,0,16,67900,0.2,0.1,0.7,40.56105999570122,6,0,0,0,0,1,0,0,0,0,0,0,0,1,0,0,0,0,0,0,0,0,0,0,0,0,1,0,0,0,0,0,0,0,0,0,0,0,0,0,0,0,1,0,1,0,0,0,0,1,0,0,0,1,0,1,0,0,0,0,0,1,0,0,0,0,0,1,0,0,1,0,0,0,1,0,0,0,0,0,0,0,0,0,0,1,0
146,32,2000,1276.43,0,2,0,0,12,1,0,3,6660,6660,46620,1995,7735,0,0,20,0,0.1111111111111111,0.1111111111111111,0.7777777777777778,46.95909685607514,4,0,1,0,0,1,0,0,0,0,0,0,0,1,0,0,0,0,0,0,0,0,0,0,0,0,0,0,0,0,0,0,0,0,1,0,0,0,0,0,1,0,0,0,1,0,1,0,0,0,0,0,1,0,0,0,0,0,0,0,0,0,0,0,0,1,0,1,0,1,0,0,0,0,0,0,1,0,0,0,0,0,0,0,0,0,0
102,28,500,1075.41,0,5,55200,0,6,1,1,0,7340,7340,58720,1996,5649,6,1,19,55200,0.1,0.1,0.8,68.25303837606121,2,0,1,1,0,1,0,0,0,0,0,1,0,0,0,0,0,0,0,0,0,0,0,0,0,0,0,0,0,0,0,0,0,1,0,0,0,0,0,0,0,0,1,0,1,0,0,1,0,0,1,0,0,0,1,0,0,1,0,0,0,0,0,1,0,0,0,0,0,0,0,0,0,0,1,0,0,0,0,0,0,0,0,0,0,1,0
61,23,500,1111.72,0,3,54600,0,6,1,1,2,4650,4650,32550,1997,2910,2,0,18,54600,0.1111111111111111,0.1111111111111111,0.7777777777777778,37.644370884755155,4,0,0,0,0,1,0,0,1,0,0,0,0,0,0,0,0,0,0,0,0,1,0,0,0,0,0,0,0,0,0,0,0,0,0,0,0,0,0,1,0,0,0,0,1,0,0,1,0,0,0,0,1,0,0,0,0,1,0,0,0,0,0,0,0,1,0,1,0,1,0,0,0,0,0,0,0,0,0,0,0,1,0,0,0,1,0
255,44,2000,814.96,6000000,6,68500,0,7,1,2,2,640,1280,4480,2005,4051,3,0,10,68500,0.1,0.2,0.7,7.853146166683027,5,0,1,0,1,0,0,0,0,0,0,0,0,1,0,0,0,0,0,0,0,0,0,1,0,0,0,0,0,0,0,0,0,0,0,0,0,0,1,0,0,0,0,1,0,0,0,0,1,0,0,1,0,0,1,0,0,0,0,0,0,0,1,0,0,0,0,1,0,0,0,0,0,0,0,0,0,0,1,0,0,0,0,0,0,1,0
211,40,1000,1575.86,0,6,0,0,3,1,1,1,580,290,2320,2004,8663,0,0,11,0,0.18181818181818182,0.09090909090909091,0.7272727272727273,2.0242914979757085,3,0,0,0,1,0,0,0,0,0,0,0,1,0,0,0,0,0,0,0,0,0,0,0,0,0,0,0,0,0,0,0,0,0,0,1,0,0,0,0,1,0,0,0,0,1,0,0,1,0,0,1,0,0,1,0,0,0,0,0,1,0,0,0,1,0,0,0,0,0,0,1,0,0,0,0,0,0,0,0,0,0,0,0,0,0,1
61,29,1000,1115.27,0,3,0,-66000,10,1,2,1,590,590,4720,2010,7233,3,0,5,-66000,0.1,0.1,0.8,5.290198785944211,4,1,0,1,0,1,0,0,0,0,1,0,0,0,0,0,0,0,0,0,0,0,0,0,0,0,0,0,0,0,0,0,1,0,0,0,0,0,0,0,0,1,0,1,0,0,0,0,1,0,0,1,0,0,0,0,0,0,0,1,0,0,1,0,0,0,0,0,1,0,1,0,0,0,0,0,0,0,0,1,0,0,0,0,0,1,0
108,31,2000,1175.7,0,4,0,0,14,1,0,2,6370,6370,44590,2006,3359,3,0,9,0,0.1111111111111111,0.1111111111111111,0.7777777777777778,48.76243939780556,3,1,0,0,1,1,0,0,0,0,0,0,0,0,0,1,0,0,0,0,0,0,0,0,0,0,0,0,0,0,0,0,0,0,0,0,0,1,1,0,0,0,0,0,1,0,1,0,0,0,1,0,1,0,0,1,0,0,0,0,0,1,0,0,0,0,0,0,0,0,0,0,0,0,1,0,0,0,0,0,0,0,0,0,0,0,0
303,50,500,793.15,0,5,54600,-45500,17,3,0,3,13660,13660,54640,2008,4768,2,0,7,9100,0.16666666666666666,0.16666666666666666,0.6666666666666666,103.334804261489,6,0,1,0,0,1,0,0,0,0,0,0,0,0,0,0,0,1,0,0,1,0,0,0,0,0,0,0,0,0,0,0,0,0,0,0,0,0,0,0,1,0,0,0,0,0,0,0,0,0,1,0,0,1,0,0,0,0,0,0,1,0,1,0,0,0,0,0,0,0,0,0,0,0,1,0,0,0,0,0,0,0,0,0,1,0,0
152,33,500,942.51,0,6,0,0,16,1,0,0,6400,19200,44800,2001,5556,4,0,14,0,0.09090909090909091,0.2727272727272727,0.6363636363636364,74.69416770113845,1,1,0,1,0,0,0,0,0,0,0,0,0,0,0,0,0,0,1,0,0,0,0,0,0,0,1,0,0,0,0,0,0,0,0,0,0,0,0,0,0,0,1,0,1,0,0,1,0,0,0,0,1,0,0,0,0,0,1,0,0,0,1,0,0,0,0,0,1,1,0,0,0,0,0,0,0,0,0,0,0,1,0,0,0,0,0
120,34,1000,1056.71,0,3,77900,0,3,1,2,1,580,580,2610,2002,4833,1,0,13,77900,0.15384615384615385,0.15384615384615385,0.6923076923076923,3.5676770353266267,4,1,0,0,1,0,0,0,0,0,0,0,0,0,0,1,0,0,0,0,0,0,0,0,0,0,0,0,0,0,0,1,0,0,0,0,0,0,1,0,0,0,0,1,0,0,0,0,1,1,0,0,0,0,0,0,0,0,0,1,0,1,0,0,0,0,0,0,0,1,0,0,0,0,0,0,0,1,0,0,0,0,0,0,0,0,1
144,36,2000,1255.68,6000000,2,23600,-15600,7,1,0,0,740,1480,5180,2014,7780,2,0,1,8000,0.1,0.2,0.7,5.89322120285423,1,1,0,0,1,0,0,0,0,0,0,0,0,0,0,0,1,0,0,0,0,0,0,0,0,0,0,0,0,0,0,0,0,1,0,0,0,0,0,1,0,0,0,1,0,0,0,0,1,1,0,0,0,0,0,0,0,0,0,0,0,0,0,0,0,0,0,0,0,1,0,0,0,0,1,0,0,0,0,0,0,0,0,0,0,1,0
414,52,500,1335.13,0,0,44000,-71000,13,1,1,1,6090,6090,42630,1999,4346,2,0,16,-27000,0.1111111111111111,0.1111111111111111,0.7777777777777778,41.05218218450637,3,1,0,0,1,0,0,0,0,1,0,0,0,0,0,0,0,0,0,0,0,0,0,1,0,0,0,0,0,0,0,0,0,0,0,0,0,0,0,0,0,1,0,0,1,0,1,0,0,0,1,0,0,0,1,0,0,0,1,0,0,0,0,1,0,0,0,0,1,1,0,0,0,1,0,0,0,0,0,0,0,0,0,0,0,0,0
163,37,500,1178.95,6000000,3,0,-67300,20,1,2,3,4940,9880,34580,2005,3968,4,0,10,-67300,0.1,0.2,0.7,41.9016921837228,6,1,0,1,0,0,0,0,0,0,0,0,0,1,0,0,0,0,0,0,0,0,0,0,0,1,0,0,0,0,0,0,0,0,0,0,0,0,0,0,1,0,0,0,1,0,1,0,0,0,1,0,1,0,0,1,0,0,0,0,0,0,0,0,0,0,1,0,1,0,1,0,0,0,0,0,0,1,0,0,0,0,0,0,1,0,0
352,53,500,1793.16,0,2,0,0,23,1,2,2,12500,6250,50000,2009,552,3,0,6,0,0.18181818181818182,0.09090909090909091,0.7272727272727273,38.3401369649111,5,0,0,1,0,1,0,0,0,0,0,0,0,0,0,0,0,1,0,0,0,0,0,0,0,0,1,0,0,0,0,0,0,0,0,0,0,0,0,0,0,0,1,0,1,0,0,0,0,1,0,0,1,0,0,0,0,0,0,0,0,0,0,0,0,1,0,0,1,0,0,0,0,1,0,0,0,0,0,0,0,0,0,0,0,0,1
27,32,500,1008.38,0,6,37900,0,11,1,1,0,12300,6150,43050,2013,158,6,1,2,37900,0.2,0.1,0.7,60.988912909815745,2,0,1,0,0,0,0,0,0,0,0,0,0,0,0,0,0,0,0,0,0,0,0,0,0,0,0,0,0,0,0,0,0,0,0,0,0,1,0,1,0,0,0,0,1,0,0,0,0,0,1,0,0,0,0,0,0,0,1,0,0,0,0,0,0,0,0,0,0,1,0,0,0,0,1,0,0,0,0,0,0,0,0,0,0,1,0
239,39,500,1396.83,0,4,0,0,0,4,0,3,6990,13980,55920,2007,8964,1,0,8,0,0.09090909090909091,0.18181818181818182,0.7272727272727273,55.046068598183034,7,0,0,0,0,0,0,0,0,0,0,0,1,0,0,0,0,0,0,0,0,0,0,0,0,0,0,0,0,0,0,0,0,1,0,0,0,0,0,0,0,0,0,0,0,0,1,0,0,0,0,0,0,0,0,0,0,0,0,0,1,0,0,1,0,0,0,1,0,0,0,0,1,0,0,0,0,0,0,0,0,0,0,0,0,0,1
33,32,500,1402.78,5000000,6,70300,-50300,2,1,0,1,6230,12460,37380,2012,2523,0,0,3,20000,0.1111111111111111,0.2222222222222222,0.6666666666666666,39.97062974949743,2,0,1,0,0,0,0,0,0,0,0,0,1,0,0,0,0,0,0,0,0,0,0,0,0,0,0,0,0,0,0,0,0,0,0,0,0,0,0,0,0,0,0,0,1,0,1,0,0,1,0,0,0,0,0,1,0,0,0,0,0,0,0,0,1,0,0,0,1,1,0,0,0,0,0,0,0,0,0,0,0,0,1,0,0,0,1
88,30,1000,1437.88,0,1,42800,-51200,3,1,2,0,14000,0,42000,2003,8239,2,0,12,-8400,0.25,0.0,0.75,38.94622638885025,3,1,0,0,0,0,0,0,0,0,0,0,0,0,0,0,0,0,1,0,0,0,0,0,0,0,0,0,0,0,0,0,0,1,0,0,0,0,0,0,0,0,0,0,1,0,0,1,0,0,1,0,1,0,0,0,0,0,1,0,0,0,0,0,1,0,0,0,0,0,1,0,0,1,0,0,0,0,0,0,0,0,0,0,0,0,1
101,33,1000,1313.64,0,1,12100,0,3,1,1,0,780,390,3120,1997,8561,1,0,18,12100,0.18181818181818182,0.09090909090909091,0.7272727272727273,3.2657349045400563,2,0,0,0,1,0,0,0,0,0,0,0,0,1,0,0,0,0,0,0,1,0,0,0,0,0,0,0,0,0,0,0,0,0,0,0,0,0,0,0,0,1,0,1,0,0,0,0,1,0,0,1,0,0,0,1,0,0,0,0,0,0,1,0,0,0,0,0,1,0,0,1,0,0,0,0,0,0,0,0,0,0,0,0,0,0,1
20,37,500,1482.14,0,2,33000,-43600,15,3,2,1,6750,6750,47250,2003,1269,6,1,12,-10600,0.1111111111111111,0.1111111111111111,0.7777777777777778,40.988030820300374,6,0,0,1,0,0,0,0,0,0,0,0,0,0,0,0,0,0,1,0,0,0,0,0,0,0,0,0,0,0,0,0,0,1,0,0,0,0,0,0,0,0,0,0,0,0,1,0,0,0,1,0,0,1,0,1,0,0,0,0,0,0,0,0,0,0,0,1,0,0,0,0,0,0,0,0,0,0,0,0,0,1,0,0,0,0,0
126,30,2000,1171.75,0,2,46500,-42700,23,1,2,3,4430,4430,39870,2011,847,5,1,4,3800,0.09090909090909091,0.09090909090909091,0.8181818181818182,41.58736931939407,6,0,0,1,0,0,0,0,0,0,0,1,0,0,0,0,0,0,0,0,1,0,0,0,0,0,0,0,0,0,0,0,0,0,0,0,0,0,1,0,0,0,0,0,1,0,0,1,0,1,0,0,0,1,0,1,0,0,0,0,0,0,0,1,0,0,0,1,0,0,0,0,0,1,0,0,0,0,0,0,0,0,0,0,0,0,1
264,43,2000,1353.33,0,2,0,-8500,9,3,2,0,17300,17300,60550,2007,390,3,0,8,-8500,0.18181818181818182,0.18181818181818182,0.6363636363636364,70.30805494594814,5,0,0,0,1,1,0,0,0,0,0,0,0,0,0,0,0,0,0,0,0,0,0,0,0,0,0,0,0,0,0,0,0,0,0,0,1,0,1,0,0,0,0,0,0,0,0,0,0,1,0,0,0,0,1,0,0,0,0,0,1,0,0,0,0,0,1,0,1,0,0,0,0,0,0,1,0,0,0,0,0,0,0,0,0,1,0
78,24,500,1175.51,0,4,0,0,20,1,0,1,680,680,6120,2003,8325,1,0,12,0,0.09090909090909091,0.09090909090909091,0.8181818181818182,6.363195549165894,2,1,0,0,0,1,0,1,0,0,0,0,0,0,0,0,0,0,0,0,0,0,0,0,0,0,0,0,0,0,0,0,0,0,0,0,0,1,0,0,0,0,0,0,0,1,0,0,1,1,0,0,0,0,1,1,0,0,0,0,0,1,0,0,0,0,0,1,0,0,1,0,0,0,1,0,0,0,0,0,0,0,0,0,1,0,0
123,28,2000,1836.02,0,4,38000,-41200,5,1,2,1,13300,6650,59850,2011,759,3,0,4,-3200,0.16666666666666666,0.08333333333333333,0.75,43.46357882811734,4,0,0,0,0,1,0,0,0,0,0,0,0,0,0,0,0,0,1,0,0,0,0,0,0,0,0,0,0,0,1,0,0,0,0,0,0,0,0,0,1,0,0,0,1,0,0,1,0,0,0,0,0,0,0,0,0,0,0,0,0,0,0,0,0,1,0,1,0,0,1,0,0,0,0,0,0,0,0,0,0,0,0,1,0,1,0
347,51,500,1480.79,9000000,5,0,-12100,15,1,0,2,8630,17260,77670,1997,6655,2,0,18,-12100,0.08333333333333333,0.16666666666666666,0.75,69.93564246111873,3,0,1,0,1,0,0,0,0,0,0,0,0,1,0,0,0,0,0,0,1,0,0,0,0,0,0,0,0,0,0,0,0,0,0,0,0,0,0,0,0,1,0,0,1,0,0,1,0,0,1,0,0,1,0,0,0,0,0,0,0,0,1,0,0,0,0,0,1,1,0,0,0,0,0,0,0,1,0,0,0,0,0,0,0,0,0
163,38,2000,1453.92,0,6,51700,0,13,1,2,3,15900,7950,55650,1995,6351,5,1,20,51700,0.2,0.1,0.7,54.679762297788045,6,1,0,0,1,0,0,0,0,0,0,0,1,0,0,0,0,0,0,0,0,0,0,0,0,0,0,0,0,0,0,0,0,0,0,0,0,1,0,1,0,0,0,0,1,0,0,1,0,1,0,0,0,0,0,1,0,0,0,0,0,0,1,0,0,0,0,0,1,1,0,0,0,0,0,0,0,0,0,0,0,0,0,0,0,0,0
271,44,500,1340.71,0,0,0,0,16,1,2,2,6930,13860,55440,1997,2524,5,1,18,0,0.09090909090909091,0.18181818181818182,0.7272727272727273,56.85793348300527,5,0,1,1,0,0,0,0,0,0,0,0,0,0,0,0,0,1,0,0,0,0,0,0,0,0,0,0,0,0,0,0,0,0,0,0,0,0,0,1,0,0,0,0,1,0,1,0,0,1,0,0,0,1,0,0,0,0,1,0,0,0,0,0,0,1,0,0,0,0,0,0,0,0,0,0,0,0,0,0,0,0,0,1,0,0,0
410,54,2000,714.03,0,5,0,-17000,0,1,0,2,9920,9920,39680,2001,1632,0,0,14,-17000,0.16666666666666666,0.16666666666666666,0.6666666666666666,83.35784210747448,3,0,0,0,0,1,0,0,0,0,0,0,0,0,0,1,0,0,0,0,1,0,0,0,0,0,0,0,0,0,0,0,0,0,0,0,0,0,0,0,1,0,0,0,1,0,0,1,0,1,0,0,0,0,0,0,0,0,0,0,1,0,0,1,0,0,0,0,1,0,0,0,0,0,0,0,1,0,0,0,0,0,0,0,0,0,1
448,57,2000,1376.16,0,6,38600,-50300,10,3,2,1,5970,5970,35820,2013,3597,2,0,2,-11700,0.125,0.125,0.75,34.705266829438436,6,0,0,0,0,0,0,0,0,0,0,0,0,0,0,0,0,1,0,0,0,0,0,0,0,0,0,0,1,0,0,0,0,0,0,0,0,0,0,0,1,0,0,0,0,0,0,0,0,0,0,0,0,0,1,0,0,0,1,0,0,0,0,0,0,0,0,0,0,1,0,0,0,0,0,0,0,0,0,0,0,1,0,0,0,1,0
218,41,500,914.22,0,3,37900,-72900,14,3,2,0,15380,7690,61520,2013,393,3,0,2,-35000,0.18181818181818182,0.09090909090909091,0.7272727272727273,92.52696287545668,5,0,0,0,0,1,0,0,0,0,0,0,0,0,1,0,0,0,0,0,0,0,0,0,0,0,0,1,0,0,0,0,0,0,0,0,0,0,0,0,0,0,1,0,0,0,0,1,0,0,1,0,0,0,1,1,0,0,0,0,0,0,0,0,0,0,1,0,0,0,0,0,0,0,0,0,0,0,0,0,1,0,0,0,0,0,0
43,38,1000,1601.47,0,6,64400,0,1,3,2,2,6850,6850,47950,2006,341,6,1,9,64400,0.1111111111111111,0.1111111111111111,0.7777777777777778,38.49588190849657,7,0,1,0,1,1,0,0,0,0,1,0,0,0,0,0,0,0,0,0,0,0,0,0,0,0,0,0,0,0,0,0,0,0,1,0,0,0,0,1,0,0,0,0,0,0,0,0,0,0,1,0,0,1,0,0,0,0,1,0,0,1,0,0,0,0,0,0,1,1,0,0,0,0,0,0,0,0,0,1,0,0,0,0,0,0,1
33,33,1000,1096.79,6000000,2,45500,-60600,16,1,2,1,8140,8140,65120,1998,6365,2,0,17,-15100,0.1,0.1,0.8,74.2165774669718,4,0,0,0,1,0,0,0,0,0,1,0,0,0,0,0,0,0,0,0,0,0,0,0,0,1,0,0,0,0,0,0,0,0,0,0,0,0,0,0,0,1,0,0,1,0,1,0,0,0,0,0,0,0,1,0,0,0,0,1,0,0,0,0,0,0,1,1,0,1,0,0,1,0,0,0,0,0,0,0,0,0,0,0,0,0,0
126,34,2000,1078.22,0,4,54500,0,2,3,0,1,10620,5310,42480,2007,2658,0,0,8,54500,0.18181818181818182,0.09090909090909091,0.7272727272727273,54.17261783309529,4,1,0,0,0,0,0,0,0,0,0,0,0,0,0,0,0,0,1,0,0,0,1,0,0,0,0,0,0,0,0,0,0,0,0,0,0,0,0,0,0,0,1,0,0,0,0,1,0,0,0,0,1,0,0,0,0,0,1,0,0,0,0,1,0,0,0,0,0,0,1,0,0,1,0,0,0,0,0,0,0,0,0,0,0,0,1
411,56,1000,1595.28,0,1,0,0,23,3,0,0,3510,3510,31590,2007,8195,1,0,8,0,0.09090909090909091,0.09090909090909091,0.8181818181818182,24.202647811042578,3,0,0,1,0,0,0,0,0,0,0,0,0,0,0,1,0,0,0,0,0,0,0,0,0,0,1,0,0,0,0,0,0,0,0,0,0,0,0,1,0,0,0,0,0,0,0,1,0,0,0,0,0,0,0,0,0,0,0,1,0,0,0,0,0,0,1,1,0,1,0,0,0,0,0,0,0,0,0,0,0,0,0,1,0,0,1
225,37,1000,1217.84,5000000,0,49600,0,19,3,2,2,9600,9600,38400,2015,5181,5,1,0,49600,0.16666666666666666,0.16666666666666666,0.6666666666666666,47.2968534454444,7,0,1,0,0,0,0,0,0,1,0,0,0,0,0,0,0,0,0,0,0,0,0,0,0,0,0,0,0,0,0,0,0,0,0,0,0,1,1,0,0,0,0,0,0,0,0,0,0,1,0,0,1,0,0,0,0,0,0,0,1,0,0,0,1,0,0,1,0,0,0,0,0,0,0,0,0,0,0,0,0,0,0,1,1,0,0
35,35,2000,1117.42,0,6,0,-51900,23,3,2,2,5910,11820,35460,1996,4540,5,1,19,-51900,0.1111111111111111,0.2222222222222222,0.6666666666666666,47.60072309427073,7,0,0,0,0,0,0,0,0,0,0,0,0,0,0,1,0,0,0,0,0,0,0,0,0,0,0,0,0,1,0,0,0,0,0,0,0,0,1,0,0,0,0,0,0,0,0,1,0,1,0,0,1,0,0,0,0,0,0,0,0,0,1,0,0,0,0,0,0,0,0,0,0,0,0,0,0,0,0,0,0,0,0,1,0,0,1
460,57,2000,1567.37,0,3,62500,0,10,1,2,3,5830,11660,40810,2014,6309,6,1,1,62500,0.1,0.2,0.7,37.19606729744732,6,0,1,0,0,0,0,1,0,0,0,0,0,0,0,0,0,0,0,0,0,0,0,0,0,0,0,0,0,0,0,0,0,0,1,0,0,0,0,0,0,0,0,0,1,0,0,0,0,0,0,0,0,1,0,1,0,0,0,0,0,0,0,0,0,1,0,1,0,0,0,0,0,0,0,0,0,0,0,1,0,0,0,0,0,1,0
195,38,2000,1294.93,6000000,5,38000,-50300,12,3,1,2,7180,0,57440,2003,7942,5,1,12,-12300,0.1111111111111111,0.0,0.8888888888888888,49.90231132184751,6,0,0,0,1,1,0,0,0,0,0,0,0,0,0,0,0,1,0,0,0,0,0,0,0,0,0,0,0,0,0,0,0,0,0,0,1,0,0,0,0,1,0,0,0,0,0,0,0,1,0,0,0,0,0,0,0,0,0,0,1,0,0,0,0,0,1,0,1,0,0,0,0,0,1,0,0,0,0,0,0,0,0,0,0,0,0
360,51,1000,1152.12,0,6,0,-62400,15,3,2,0,15080,15080,60320,2000,6783,3,0,15,-62400,0.16666666666666666,0.16666666666666666,0.6666666666666666,78.53348609519843,5,0,0,1,0,1,1,0,0,0,0,0,0,0,0,0,0,0,0,0,0,0,0,0,0,0,0,0,1,0,0,0,0,0,0,0,0,0,1,0,0,0,0,0,0,0,0,1,0,0,1,0,0,0,0,0,0,0,0,0,1,0,0,0,0,1,0,0,0,0,1,0,1,0,0,0,0,0,0,0,0,0,0,0,0,0,0
300,49,1000,1441.21,0,6,0,0,3,1,1,0,1180,1180,4720,2001,6958,6,1,14,0,0.16666666666666666,0.16666666666666666,0.6666666666666666,4.912538769506178,2,0,0,0,0,0,0,0,0,1,0,0,0,0,0,0,0,0,0,0,0,0,0,0,0,0,0,0,0,1,0,0,0,0,0,0,0,0,0,0,0,0,1,0,0,1,0,0,1,0,0,1,0,0,0,0,0,0,1,0,0,1,0,0,0,0,0,0,0,0,0,0,0,0,0,0,0,0,0,1,0,0,0,0,0,0,1
245,42,1000,1575.74,7000000,3,0,-68900,19,1,2,2,590,1180,4720,2011,4602,4,0,4,-68900,0.09090909090909091,0.18181818181818182,0.7272727272727273,4.118699785497608,5,0,0,0,1,1,0,0,1,0,0,0,0,0,0,0,0,0,0,0,0,0,0,1,0,0,0,0,0,0,0,0,0,0,0,0,0,0,0,1,0,0,0,1,0,0,0,0,1,1,0,0,0,0,1,0,0,1,0,0,0,0,0,0,0,0,1,1,0,1,0,0,0,0,0,0,0,0,0,0,0,0,1,0,1,0,0
146,36,2000,1233.96,0,4,34500,-60600,16,3,1,1,5590,5590,44720,2015,664,3,0,0,-26100,0.1,0.1,0.8,45.30130636325327,5,0,1,0,1,0,0,0,0,0,0,0,1,0,0,0,0,0,0,0,0,0,0,0,0,0,0,1,0,0,0,0,0,0,0,0,0,0,0,1,0,0,0,0,0,0,0,1,0,0,1,0,0,0,1,0,0,0,0,0,0,0,1,0,0,0,0,0,0,0,0,0,0,0,0,0,0,0,0,1,0,0,0,0,0,0,0
67,29,1000,1861.43,0,0,60400,-67800,16,1,0,3,6380,6380,51040,1998,7003,3,0,17,-7400,0.1,0.1,0.8,34.27472427112489,4,0,0,1,0,1,0,0,0,0,0,0,0,0,0,0,0,0,0,0,0,0,0,0,0,0,0,0,0,0,0,0,1,0,0,0,0,0,0,0,0,0,0,0,1,0,1,0,0,0,0,0,0,1,0,0,0,0,1,0,0,1,0,0,0,0,0,0,0,0,1,0,0,0,0,0,0,0,0,0,1,0,0,0,0,0,0
380,56,1000,1570.86,0,5,66000,0,10,1,0,1,7270,7270,43620,1996,3714,0,0,19,66000,0.125,0.125,0.75,37.02430515768433,2,0,1,0,0,1,0,0,0,1,0,0,0,0,0,0,0,0,0,0,0,0,0,0,1,0,0,0,0,0,0,0,0,0,0,0,0,0,0,1,0,0,0,0,1,0,0,1,0,0,1,0,0,0,1,0,0,0,0,1,0,0,0,1,0,0,0,1,0,0,1,0,0,0,0,0,0,0,0,0,1,0,0,0,0,1,0
389,53,2000,791.47,0,4,0,0,6,1,1,2,630,1260,4410,2001,6130,3,0,14,0,0.1,0.2,0.7,7.959872136657106,4,0,0,0,1,1,1,0,0,0,0,0,0,0,0,0,0,0,0,0,0,0,0,1,0,0,0,0,0,0,0,0,0,0,0,0,0,0,0,0,0,1,0,0,0,1,0,0,1,1,0,0,0,0,1,0,0,0,0,0,0,0,0,0,0,1,0,0,0,0,0,0,0,0,0,0,0,0,1,0,0,0,0,0,0,1,0
317,46,1000,1012.78,0,5,43700,0,18,1,2,1,19020,19020,66570,1999,5667,0,0,16,43700,0.18181818181818182,0.18181818181818182,0.6363636363636364,103.28995438298544,4,1,0,1,0,1,0,0,0,0,0,0,0,0,0,0,1,0,0,0,0,0,0,0,0,0,0,0,0,0,0,0,0,0,0,0,0,1,0,1,0,0,0,0,1,0,0,0,0,0,0,0,1,0,0,0,0,0,0,0,1,0,0,0,0,0,0,0,0,0,0,0,0,0,0,0,0,0,1,0,0,0,0,0,1,0,0
264,44,500,1047.06,6000000,1,0,0,20,3,0,2,12700,6350,50800,1999,1811,4,0,16,0,0.18181818181818182,0.09090909090909091,0.7272727272727273,66.71059920157393,5,0,0,0,0,1,0,0,1,0,0,0,0,0,0,0,0,0,0,0,0,0,0,0,0,0,0,0,0,0,0,0,0,0,0,1,0,0,0,0,0,0,1,0,0,0,1,0,0,0,0,0,1,0,0,0,0,0,1,0,0,0,0,0,0,0,1,0,0,0,0,0,0,0,0,1,0,0,0,0,0,0,0,0,1,0,0
20,21,1000,1390.29,0,4,0,-41200,14,1,0,0,12580,6290,44030,2006,3636,2,0,9,-41200,0.2,0.1,0.7,45.24235950772861,1,0,1,1,0,0,0,0,0,0,0,0,0,1,0,0,0,0,0,0,0,0,0,0,0,0,0,0,0,0,0,0,1,0,0,0,0,0,0,1,0,0,0,0,1,0,1,0,0,1,0,0,1,0,0,0,0,1,0,0,0,0,0,0,1,0,0,0,0,1,0,0,0,0,0,0,0,0,0,0,0,0,0,0,0,0,0
116,30,500,951.46,0,3,0,-35500,8,3,0,3,6630,6630,46410,2004,4811,5,1,11,-35500,0.1111111111111111,0.1111111111111111,0.7777777777777778,62.714144577806735,6,1,0,0,1,1,0,0,0,0,1,0,0,0,0,0,0,0,0,0,0,0,0,0,0,0,0,1,0,0,0,0,0,0,0,0,0,0,1,0,0,0,0,0,0,0,0,0,0,0,0,0,0,1,0,0,0,0,0,0,1,0,0,0,0,1,0,0,0,1,0,0,0,0,0,0,0,0,0,0,0,0,0,1,0,1,0
222,40,1000,1226.78,0,3,49600,-49200,17,2,2,0,16300,8150,57050,2013,759,3,0,2,400,0.2,0.1,0.7,66.43407946004989,4,0,0,0,0,1,1,0,0,0,0,0,0,0,0,0,0,0,0,0,0,0,1,0,0,0,0,0,0,0,0,0,0,0,0,0,0,0,0,0,0,1,0,0,0,0,1,0,0,1,0,0,0,1,0,1,0,0,0,0,0,0,0,0,0,0,1,0,1,1,0,0,1,0,0,0,0,0,0,0,0,0,0,0,1,0,0
439,56,500,1280.9,0,0,48900,-40900,9,1,2,0,15000,5000,30000,2009,6473,4,0,6,8000,0.3,0.1,0.6,39.035053478023265,3,0,1,0,0,1,1,0,0,0,0,0,0,0,0,0,0,0,0,0,0,0,0,0,0,0,0,0,0,0,0,0,0,0,0,0,1,0,0,0,1,0,0,0,1,0,1,0,0,1,0,0,0,0,0,0,0,0,0,0,0,0,0,0,0,0,1,0,0,1,0,0,0,0,0,0,0,1,0,0,0,0,0,0,0,1,0
66,28,2000,1472.77,0,2,0,-31700,0,1,2,1,8780,8780,30730,1995,7692,1,0,20,-31700,0.18181818181818182,0.18181818181818182,0.6363636363636364,32.788554899950434,4,1,0,0,0,1,0,0,0,0,0,0,0,0,0,0,0,0,0,0,0,0,0,0,0,0,1,0,0,0,0,0,0,0,0,0,0,0,0,0,0,0,0,0,1,0,0,0,0,0,1,0,0,1,0,1,0,0,0,0,0,0,0,0,0,0,1,1,0,1,0,0,0,0,0,0,0,0,0,1,0,0,0,0,0,0,1
128,29,1000,1878.44,0,0,0,-76000,2,1,0,0,5370,5370,48330,2003,1569,4,0,12,-76000,0.09090909090909091,0.09090909090909091,0.8181818181818182,31.44630650965695,1,0,1,0,1,1,0,0,0,0,0,0,1,0,0,0,0,0,0,0,0,0,0,0,0,0,0,1,0,0,0,0,0,0,0,0,0,0,0,0,0,0,0,0,1,0,1,0,0,0,1,0,1,0,0,0,0,0,0,1,0,0,0,0,0,1,0,0,0,1,0,0,0,1,0,0,0,0,0,0,0,0,0,0,0,0,1
69,24,500,1418.5,0,0,0,0,23,3,0,0,12660,6330,44310,2012,8265,2,0,3,0,0.2,0.1,0.7,44.62460345435319,3,1,0,0,1,0,1,0,0,0,0,0,0,0,0,0,0,0,0,0,0,0,0,0,0,0,0,0,0,0,0,0,0,0,0,0,0,1,0,1,0,0,0,0,0,0,1,0,0,1,0,0,0,0,1,1,0,0,0,0,0,0,0,0,0,0,1,1,0,0,0,0,0,0,1,0,0,0,0,0,0,0,0,0,0,0,1
294,46,500,1532.8,0,1,0,0,8,1,0,3,11960,11960,41860,2013,1727,0,0,2,0,0.18181818181818182,0.18181818181818182,0.6363636363636364,42.91492693110647,4,0,0,0,0,1,0,0,0,0,0,0,0,0,1,0,0,0,0,0,0,0,0,0,0,0,1,0,0,0,0,0,0,0,0,0,0,0,0,0,1,0,0,0,1,0,0,1,0,0,1,0,0,1,0,0,0,0,1,0,0,0,0,1,0,0,0,0,0,0,1,0,0,0,0,0,0,0,1,0,0,0,0,0,0,1,0
19,29,500,1304.35,0,3,0,0,6,3,0,2,11600,11600,52200,2005,4502,6,1,10,0,0.15384615384615385,0.15384615384615385,0.6923076923076923,57.8065703223828,5,0,1,1,0,1,0,0,0,0,0,0,0,0,0,0,0,0,1,0,0,0,0,0,1,0,0,0,0,0,0,0,0,0,0,0,0,0,1,0,0,0,0,0,0,0,0,0,0,0,1,0,0,0,0,1,0,0,0,0,0,1,0,0,0,0,0,0,0,1,0,0,0,0,1,0,0,0,0,0,0,0,0,0,0,1,0
191,33,2000,1551.61,0,0,45000,-30400,3,1,1,1,250,250,1750,2005,2553,5,1,10,14600,0.1111111111111111,0.1111111111111111,0.7777777777777778,1.4501066634012414,3,0,1,0,1,1,1,0,0,0,0,0,0,0,0,0,0,0,0,0,0,0,0,0,0,0,0,0,0,0,1,0,0,0,0,0,0,0,0,0,0,1,0,0,0,1,0,0,1,1,0,0,0,0,0,0,0,0,0,0,1,0,0,0,0,0,0,0,1,0,0,0,0,0,0,0,0,0,0,0,0,0,1,0,0,0,1
4,39,1000,1326.98,6000000,0,64200,0,14,3,1,3,4510,9020,40590,2007,6704,1,0,8,64200,0.08333333333333333,0.16666666666666666,0.75,40.784337367556404,7,0,0,0,0,0,0,0,0,0,0,1,0,0,0,0,0,0,0,0,0,0,0,0,0,0,0,0,0,0,0,0,0,1,0,0,0,0,0,0,0,1,0,0,0,0,0,0,0,1,0,0,0,0,0,0,0,0,0,1,0,0,0,1,0,0,0,0,1,1,0,0,0,0,0,0,0,1,0,0,0,0,0,0,0,0,0
298,49,500,862.92,0,5,0,-71700,16,3,0,2,11580,11580,46320,2007,6151,5,1,8,-71700,0.16666666666666666,0.16666666666666666,0.6666666666666666,80.51731330830205,5,0,1,1,0,1,0,0,0,0,0,1,0,0,0,0,0,0,0,0,0,0,1,0,0,0,0,0,0,0,0,0,0,0,0,0,0,0,0,0,0,0,1,0,0,0,0,1,0,0,0,0,0,1,0,1,0,0,0,0,0,0,0,0,1,0,0,0,0,0,0,0,0,0,0,0,0,0,0,0,1,0,0,0,0,0,0
231,43,2000,1331.69,0,4,0,0,12,1,1,2,10300,10300,46350,2015,1763,2,0,0,0,0.15384615384615385,0.15384615384615385,0.6923076923076923,50.27446327598765,4,1,0,0,0,0,0,0,0,0,0,0,0,0,0,0,0,0,0,0,0,0,0,0,0,0,0,0,0,0,0,0,0,1,0,0,0,0,1,0,0,0,0,0,1,0,1,0,0,1,0,0,0,0,1,1,0,0,0,0,0,0,0,1,0,0,0,1,0,0,0,0,0,1,0,0,0,0,0,0,0,0,0,0,0,0,0
338,47,2000,1486.04,0,2,0,-56200,1,3,2,3,12820,6410,44870,2014,2546,2,0,1,-56200,0.2,0.1,0.7,43.1347742994805,8,0,1,1,0,0,1,0,0,0,0,0,0,0,0,0,0,0,0,0,1,0,0,0,0,0,0,0,0,0,0,0,0,0,0,0,0,0,0,0,1,0,0,0,0,0,1,0,0,0,0,0,0,1,0,0,1,0,0,0,0,0,0,0,1,0,0,0,0,1,0,0,0,0,1,0,0,0,0,0,0,0,0,0,0,0,1
261,46,1000,870.55,0,6,0,-49400,19,1,0,3,13380,13380,53520,2013,5252,1,0,2,-49400,0.16666666666666666,0.16666666666666666,0.6666666666666666,92.21756360921258,4,1,0,0,0,1,0,0,0,0,0,0,0,0,1,0,0,0,0,0,0,0,1,0,0,0,0,0,0,0,0,0,0,0,0,0,0,0,0,0,0,1,0,0,1,0,1,0,0,1,0,0,0,1,0,0,0,0,1,0,0,0,0,0,0,0,1,1,0,1,0,0,0,1,0,0,0,0,0,0,0,0,0,0,1,0,0
321,44,2000,1344.56,6000000,2,0,-39100,7,1,1,2,520,0,4160,1999,2486,3,0,16,-39100,0.1111111111111111,0.0,0.8888888888888888,3.4806925685726187,4,0,0,0,1,1,0,0,0,0,0,1,0,0,0,0,0,0,0,0,0,0,0,0,0,0,0,0,1,0,0,0,0,0,0,0,0,0,0,0,0,0,0,0,0,1,0,0,1,0,0,1,0,0,1,1,0,0,0,0,0,0,0,1,0,0,0,1,0,0,0,0,0,0,0,0,0,0,0,0,0,0,0,0,0,1,0
0,32,1000,1377.04,0,1,61400,-41100,6,4,1,1,6620,6620,26480,2002,1429,5,1,13,20300,0.16666666666666666,0.16666666666666666,0.6666666666666666,28.844478010805787,6,0,1,0,1,1,0,0,0,0,0,0,0,0,0,0,0,1,0,0,0,0,0,0,0,0,0,0,0,0,0,0,0,0,0,0,0,0,0,0,0,0,1,0,0,0,1,0,0,1,0,0,0,0,0,1,0,0,0,0,0,0,0,0,0,0,1,1,0,0,0,0,0,0,0,0,0,0,0,0,0,0,0,0,0,1,0
405,58,500,1237.88,0,5,0,-46900,11,1,0,0,5780,5780,52020,1997,994,1,0,18,-46900,0.09090909090909091,0.09090909090909091,0.8181818181818182,51.36200601027563,1,0,0,1,0,1,0,0,1,0,0,0,0,0,0,0,0,0,0,0,0,0,0,0,0,0,1,0,0,0,0,0,0,0,0,0,0,0,1,0,0,0,0,0,1,0,0,0,0,0,0,0,0,0,1,1,0,0,0,0,0,0,0,0,0,0,0,1,0,1,0,0,0,0,0,0,0,0,1,0,0,0,0,0,0,1,0
304,49,1000,1525.86,0,6,0,0,2,1,1,1,13340,6670,53360,2013,4866,2,0,2,0,0.18181818181818182,0.09090909090909091,0.7272727272727273,48.084358984441565,3,1,0,0,0,0,0,1,0,0,0,0,0,0,0,0,0,0,0,0,0,0,1,0,0,0,0,0,0,0,0,0,0,0,0,0,0,0,0,0,1,0,0,0,1,0,0,1,0,1,0,0,0,1,0,0,0,0,0,0,0,0,0,1,0,0,0,0,1,0,1,0,0,0,0,0,0,0,0,0,1,0,0,0,0,0,1
1,29,500,854.58,0,3,52200,0,15,1,2,3,7890,23670,55230,2003,3144,3,0,12,52200,0.09090909090909091,0.2727272727272727,0.6363636363636364,101.55866039457979,6,0,1,0,1,0,0,1,0,0,0,0,0,0,0,0,0,0,0,0,0,0,0,0,0,0,0,0,0,0,0,1,0,0,0,0,0,0,0,1,0,0,0,0,1,0,0,1,0,1,0,0,0,0,1,0,0,0,1,0,0,0,0,0,1,0,0,1,0,0,1,0,0,0,0,0,1,0,0,0,0,0,0,0,0,0,0
26,39,1000,770.76,0,4,0,-53700,0,1,0,2,9960,4980,34860,2015,8420,2,0,0,-53700,0.2,0.1,0.7,64.6115522341585,3,1,0,1,0,1,0,0,0,0,0,0,0,0,0,0,0,1,0,0,0,0,0,0,0,0,0,0,0,0,0,0,0,0,0,1,0,0,0,0,0,0,0,0,1,0,0,1,0,0,0,0,0,0,1,0,0,0,0,0,1,1,0,0,0,0,0,0,0,1,0,0,0,0,0,0,0,0,1,0,0,0,0,0,0,0,1
202,38,2000,1132.74,0,2,0,-37500,12,1,1,1,7040,14080,56320,2005,2202,2,0,10,-37500,0.09090909090909091,0.18181818181818182,0.7272727272727273,68.36520295919628,3,0,0,0,0,0,1,0,0,0,0,0,0,0,0,0,0,0,0,0,0,0,0,0,0,0,1,0,0,0,0,0,0,0,0,0,0,0,0,0,0,0,0,0,1,0,0,1,0,0,0,0,0,1,0,0,0,0,0,0,1,0,1,0,0,0,0,0,1,0,0,0,0,0,0,0,0,0,0,1,0,0,0,0,0,0,0
289,48,500,1173.37,8000000,6,0,-42700,1,1,1,0,8580,0,34320,1999,7073,4,0,16,-42700,0.2,0.0,0.8,36.561357457579454,2,0,0,0,1,0,0,0,0,0,1,0,0,0,0,0,0,0,0,0,1,0,0,0,0,0,0,0,0,0,0,0,0,0,0,0,0,0,0,0,1,0,0,0,1,0,0,0,0,0,1,0,0,1,0,0,0,0,1,0,0,0,0,0,0,0,1,1,0,1,0,0,0,0,0,0,0,0,0,0,0,0,0,0,0,0,1
61,26,2000,1188.28,6000000,3,0,-53800,16,2,1,0,11960,5980,35880,2015,1294,5,1,0,-53800,0.2222222222222222,0.1111111111111111,0.6666666666666666,45.29235533712593,3,0,1,0,0,0,0,0,0,1,0,0,0,0,0,0,0,0,0,0,0,0,0,0,0,0,0,0,0,0,0,0,0,0,1,0,0,0,0,0,0,0,1,0,0,0,1,0,0,0,0,0,1,0,0,0,0,0,0,1,0,0,1,0,0,0,0,0,1,0,0,0,0,0,0,1,0,0,0,0,0,0,0,0,0,0,0
334,46,1000,876.88,6000000,5,0,0,2,1,2,1,12740,6370,38220,1998,728,5,1,17,0,0.2222222222222222,0.1111111111111111,0.6666666666666666,65.37952741538182,4,0,0,0,0,1,0,0,0,0,0,0,0,0,0,0,1,0,0,0,0,0,0,0,0,0,0,0,0,0,0,0,0,1,0,0,0,0,0,1,0,0,0,0,1,0,1,0,0,1,0,0,0,0,1,0,0,0,0,0,1,0,1,0,0,0,0,0,0,0,0,0,0,0,0,0,0,1,0,0,0,0,0,0,0,0,1
12,24,1000,1143.95,0,6,51400,0,13,3,2,1,5930,5930,41510,2011,7383,2,0,4,51400,0.1111111111111111,0.1111111111111111,0.7777777777777778,46.65413698151143,6,0,0,0,1,0,0,0,0,0,0,0,0,0,0,0,0,1,0,0,0,0,0,0,0,0,0,0,0,0,0,1,0,0,0,0,0,0,0,1,0,0,0,0,0,0,1,0,0,1,0,0,0,0,1,1,0,0,0,0,0,0,0,0,0,1,0,0,0,1,0,0,0,0,0,0,0,0,0,1,0,0,0,0,0,0,0
86,29,2000,1409.06,0,0,74200,-68100,0,1,2,2,9680,14520,38720,2005,153,4,0,10,6100,0.15384615384615385,0.23076923076923078,0.6153846153846154,44.653882730330864,5,0,0,0,0,1,0,0,0,0,0,0,0,0,1,0,0,0,0,0,0,0,0,0,0,0,0,0,0,0,0,0,0,0,0,0,0,1,0,0,0,0,0,0,1,0,0,0,0,1,0,0,0,0,1,1,0,0,0,0,0,0,0,0,1,0,0,0,0,0,1,0,0,0,0,0,0,0,0,0,0,0,0,0,0,0,1
83,24,1000,1070.63,0,0,0,0,0,3,0,1,6160,12320,43120,2003,3337,4,0,12,0,0.1,0.2,0.7,57.53621699373266,4,1,0,0,1,0,0,0,0,0,0,1,0,0,0,0,0,0,0,0,1,0,0,0,0,0,0,0,0,0,0,0,0,0,0,0,0,0,0,0,0,1,0,0,0,0,0,0,0,0,1,0,1,0,0,1,0,0,0,0,0,0,0,0,0,0,0,1,0,0,0,0,0,0,0,0,1,0,0,0,0,0,0,0,0,0,1
126,30,2000,916.13,0,1,55300,-58400,16,3,2,0,6180,12360,55620,2002,5963,2,0,13,-3100,0.08333333333333333,0.16666666666666666,0.75,80.94921026491873,5,0,0,0,1,1,0,0,0,0,0,0,0,0,0,0,1,0,0,0,0,0,0,0,0,0,0,1,0,0,0,0,0,0,0,0,0,0,0,0,0,1,0,0,0,0,1,0,0,0,1,0,0,0,1,1,0,0,0,0,0,0,0,1,0,0,0,0,1,0,0,0,0,0,0,0,0,0,1,0,0,0,0,0,0,0,0
209,38,500,1191.5,0,0,38600,-52900,8,1,2,0,8900,8900,62300,2015,1829,5,1,0,-14300,0.1111111111111111,0.1111111111111111,0.7777777777777778,67.22618548048678,3,0,1,1,0,1,0,0,0,0,0,0,0,1,0,0,0,0,0,0,0,0,0,0,0,0,0,0,0,0,0,0,0,1,0,0,0,0,0,0,0,0,0,0,1,0,1,0,0,0,1,0,0,0,1,0,0,0,0,0,1,0,0,0,0,0,0,0,0,1,0,1,0,0,0,0,0,0,0,0,0,0,0,0,0,1,0
283,48,1000,1474.66,0,3,0,-46200,9,1,2,3,820,820,4920,2003,4427,1,0,12,-46200,0.125,0.125,0.75,4.4484830401584095,6,0,1,0,1,0,0,0,0,0,0,0,0,0,0,0,1,0,0,0,0,0,0,0,0,0,0,0,0,0,0,1,0,0,0,0,0,0,0,0,0,0,0,1,0,0,0,0,1,0,0,1,0,0,1,1,0,0,0,0,0,0,1,0,0,0,0,1,0,0,0,0,0,0,0,0,0,0,0,0,0,0,0,1,0,1,0
194,34,1000,1193.45,0,3,0,0,11,1,2,1,11760,5880,41160,1997,3897,5,1,18,0,0.2,0.1,0.7,49.2689262222967,4,0,0,1,0,1,0,0,0,0,0,0,1,0,0,0,0,0,0,0,0,0,0,0,0,0,0,0,1,0,0,0,0,0,0,0,0,0,1,0,0,0,0,0,1,0,1,0,0,0,1,0,0,0,0,0,0,0,0,0,1,0,0,1,0,0,0,1,0,0,1,0,0,0,0,0,0,0,0,1,0,0,0,0,0,1,0
184,38,1000,1437.53,0,1,0,0,6,3,0,2,11940,5970,35820,2013,7448,0,0,2,0,0.2222222222222222,0.1111111111111111,0.6666666666666666,37.376611270721305,5,0,0,1,0,0,0,0,0,0,0,0,0,0,0,0,0,0,1,0,0,0,0,1,0,0,0,0,0,0,0,0,0,0,0,0,0,0,1,0,0,0,0,0,0,0,0,1,0,1,0,0,0,0,0,0,0,1,0,0,0,0,0,0,1,0,0,1,0,0,0,0,0,0,1,0,0,0,0,0,0,0,0,0,0,1,0
479,60,2000,1304.83,0,1,0,0,18,1,0,0,5050,10100,45450,2001,6395,4,0,14,0,0.08333333333333333,0.16666666666666666,0.75,46.442831633239585,1,0,0,0,0,0,0,0,0,0,0,0,1,0,0,0,0,0,0,0,0,0,0,0,1,0,0,0,0,0,0,0,0,0,0,0,0,0,0,0,0,0,0,0,1,0,1,0,0,0,1,0,0,0,0,1,0,0,0,0,0,0,0,0,0,0,0,0,0,0,0,0,0,0,0,0,1,0,0,0,0,0,0,0,1,0,0
284,48,1000,1168.8,0,3,0,-42400,11,1,0,3,6500,3250,26000,2001,8765,5,1,14,-42400,0.18181818181818182,0.09090909090909091,0.7272727272727273,30.586926762491444,4,0,1,1,0,0,0,0,0,0,0,0,0,0,0,0,0,1,0,0,0,0,0,0,0,0,0,0,0,0,1,0,0,0,0,0,0,0,0,1,0,0,0,0,1,0,0,1,0,0,1,0,0,1,0,1,0,0,0,0,0,0,0,0,1,0,0,1,0,0,1,0,0,0,0,0,0,0,1,0,0,0,0,0,0,1,0
65,27,1000,1164.97,0,1,43000,-42500,17,1,1,2,3570,7140,32130,2004,4858,5,1,11,500,0.08333333333333333,0.16666666666666666,0.75,36.773479145385714,4,1,0,0,0,0,0,0,0,0,0,0,0,0,0,0,0,0,0,0,0,0,0,0,0,0,1,0,0,0,0,0,0,0,0,0,0,0,0,0,0,0,1,0,1,0,0,0,0,0,1,0,0,0,0,0,0,0,0,0,1,0,0,0,0,0,0,1,0,0,1,0,0,1,0,0,0,0,0,0,0,0,0,0,1,0,0
222,39,1000,1232.72,0,0,87800,-51200,21,3,1,0,14660,14660,58640,1999,1126,0,0,16,36600,0.16666666666666666,0.16666666666666666,0.6666666666666666,71.35440327081575,4,0,0,1,0,1,1,0,0,0,0,0,0,0,0,0,0,0,0,0,0,0,0,0,0,0,0,0,1,0,0,0,0,0,0,0,0,0,0,0,1,0,0,0,0,0,0,0,0,0,0,0,1,0,0,0,0,0,1,0,0,0,0,0,0,0,1,1,0,0,0,0,0,0,0,0,0,1,0,0,0,0,0,0,0,0,1
196,41,2000,1800.76,0,3,0,-78600,0,3,1,0,4780,4780,38240,2009,4941,2,0,6,-78600,0.1,0.1,0.8,26.544347941980053,4,0,0,1,0,1,0,0,0,0,0,0,0,0,0,1,0,0,0,0,0,0,1,0,0,0,0,0,0,0,0,0,0,0,0,0,0,0,0,1,0,0,0,0,0,0,1,0,0,1,0,0,0,0,0,0,0,0,1,0,0,0,1,0,0,0,0,0,0,0,0,0,0,0,0,0,0,1,0,0,0,0,0,0,0,0,1
253,43,500,1187.01,7000000,2,46300,-33000,9,1,0,1,640,640,2560,2014,8580,0,0,1,13300,0.16666666666666666,0.16666666666666666,0.6666666666666666,3.235019081557864,2,0,0,0,1,0,0,0,0,0,0,0,0,0,0,0,0,1,0,0,0,0,0,0,0,0,1,0,0,0,0,0,0,0,0,0,0,0,0,0,0,1,0,0,0,1,0,0,1,0,0,1,0,0,1,1,0,0,0,0,0,0,0,0,1,0,0,0,0,1,0,0,0,1,0,0,0,0,0,0,0,0,0,0,0,1,0
280,43,1000,1559.34,0,3,0,-51600,1,1,0,2,14000,7000,56000,2004,938,1,0,11,-51600,0.18181818181818182,0.09090909090909091,0.7272727272727273,49.37986584067619,3,1,0,0,0,1,0,0,0,0,0,0,0,0,0,0,0,0,1,0,0,0,0,0,0,0,0,0,1,0,0,0,0,0,0,0,0,0,0,0,1,0,0,0,1,0,0,0,0,0,1,0,1,0,0,1,0,0,0,0,0,0,0,0,0,1,0,0,0,1,0,0,0,0,0,0,0,0,0,0,0,0,0,0,0,0,1
5,26,2000,1137.02,0,6,31500,0,22,1,1,3,16020,16020,56070,2003,182,6,1,12,31500,0.18181818181818182,0.18181818181818182,0.6363636363636364,77.49204059735096,5,0,0,1,0,0,0,0,0,1,0,0,0,0,0,0,0,0,0,0,0,0,0,0,0,0,0,0,0,0,0,0,0,0,1,0,0,0,1,0,0,0,0,0,1,0,1,0,0,0,1,0,0,0,0,0,0,0,0,0,1,0,0,0,0,0,1,0,1,1,0,1,0,0,0,0,0,0,0,0,0,0,0,0,0,0,1
220,42,1000,1281.72,0,1,33500,-49500,20,4,0,2,4340,4340,39060,2005,7494,4,0,10,-16000,0.09090909090909091,0.09090909090909091,0.8181818181818182,37.24682457947134,6,1,0,0,0,1,0,0,0,1,0,0,0,0,0,0,0,0,0,0,0,0,0,0,0,0,0,0,1,0,0,0,0,0,0,0,0,0,0,1,0,0,0,0,0,0,1,0,0,1,0,0,1,0,0,0,0,0,1,0,0,0,0,1,0,0,0,0,0,0,1,0,0,0,0,0,1,0,0,0,0,0,0,0,1,0,0
85,30,1000,796.35,0,5,72400,-77000,9,3,2,1,5360,10720,42880,2004,4821,4,0,11,-4600,0.09090909090909091,0.18181818181818182,0.7272727272727273,74.03779745086959,6,0,1,0,0,0,0,1,0,0,0,0,0,0,0,0,0,0,0,0,0,0,0,0,0,0,0,0,0,0,0,0,0,0,0,0,1,0,0,0,1,0,0,0,0,0,1,0,0,0,1,0,1,0,0,0,0,0,1,0,0,0,0,1,0,0,0,0,1,0,1,0,0,0,0,1,0,0,0,0,0,0,0,0,0,1,0
266,46,500,1270.02,0,2,0,-45800,5,1,1,2,480,240,1440,2004,9066,3,0,11,-45800,0.2222222222222222,0.1111111111111111,0.6666666666666666,1.7007606179430246,4,0,1,1,0,0,0,0,0,0,0,0,0,0,0,0,0,1,0,0,0,0,0,0,0,0,0,0,0,0,0,0,0,0,1,0,0,0,0,0,1,0,0,1,0,0,0,0,1,1,0,0,0,0,1,0,0,0,0,0,0,0,0,0,1,0,0,0,0,1,0,0,0,0,0,0,0,0,0,0,0,0,1,0,0,1,0
41,26,1000,1383.13,0,3,46700,0,12,1,1,1,530,1060,5300,1997,3259,5,1,18,46700,0.07692307692307693,0.15384615384615385,0.7692307692307693,4.981455105449235,3,0,0,0,0,0,0,0,0,0,0,0,0,0,1,0,0,0,0,0,0,0,0,0,0,0,1,0,0,0,0,0,0,0,0,0,0,0,0,0,1,0,0,0,0,1,0,0,1,0,0,1,0,0,1,0,0,0,1,0,0,0,0,0,0,1,0,0,1,1,0,0,0,0,0,0,0,1,0,0,0,0,0,0,0,0,0
316,45,2000,1290.74,5000000,0,58300,0,6,3,2,0,7170,14340,57360,2013,416,3,0,2,58300,0.09090909090909091,0.18181818181818182,0.7272727272727273,61.1044826998466,5,0,0,0,0,0,0,0,0,0,0,0,0,0,1,0,0,0,0,0,0,0,0,0,0,0,0,0,0,1,0,0,0,0,0,0,0,0,0,0,0,0,0,0,0,0,0,1,0,0,0,0,0,0,0,0,0,0,0,1,0,0,0,0,0,0,1,0,0,0,1,0,0,0,0,0,0,0,0,0,0,1,0,0,0,1,0
285,47,1000,1216.68,0,4,55100,0,8,1,1,1,300,300,2100,2013,8499,1,0,2,55100,0.1111111111111111,0.1111111111111111,0.7777777777777778,2.219153762698491,3,1,0,0,0,0,0,0,0,0,0,0,0,0,0,0,1,0,0,1,0,0,0,0,0,0,0,0,0,0,0,0,0,0,0,0,0,0,0,1,0,0,0,0,0,1,0,0,1,0,0,1,0,0,1,0,0,0,1,0,0,1,0,0,0,0,0,0,0,0,0,0,0,0,0,1,0,0,0,0,0,0,0,0,0,1,0
379,54,500,1251.16,0,2,41400,0,14,1,0,1,6330,6330,63300,2010,4798,6,1,5,41400,0.08333333333333333,0.08333333333333333,0.8333333333333334,60.71165957990984,2,0,0,0,0,0,0,0,0,0,0,1,0,0,0,0,0,0,0,0,0,0,0,0,0,0,0,0,0,1,0,0,0,0,0,0,0,0,1,0,0,0,0,0,1,0,0,0,0,0,1,0,0,0,0,0,0,0,0,0,1,0,0,0,0,1,0,1,0,0,0,0,0,0,0,0,0,1,0,0,0,0,0,0,0,0,0
15,34,2000,1586.41,0,0,33500,-58900,10,1,1,3,6870,13740,54960,2010,3575,1,0,5,-25400,0.09090909090909091,0.18181818181818182,0.7272727272727273,47.635857060911114,5,1,0,1,0,0,0,0,0,0,0,0,0,0,0,0,1,0,0,0,0,0,0,0,0,0,0,0,0,0,0,0,0,0,0,0,1,0,0,1,0,0,0,0,1,0,0,0,0,0,0,0,0,0,1,0,0,0,0,0,1,0,0,0,1,0,0,0,1,1,0,0,1,0,0,0,0,0,0,0,0,0,0,0,0,1,0
354,48,2000,1526.11,5000000,4,0,0,12,1,2,3,15040,15040,60160,1995,4288,5,1,20,0,0.16666666666666666,0.16666666666666666,0.6666666666666666,59.130731074431075,6,0,0,0,1,0,0,0,0,0,0,0,0,0,0,0,1,0,0,0,0,0,0,0,0,0,1,0,0,0,0,0,0,0,0,0,0,0,0,0,0,1,0,0,1,0,0,0,0,1,0,0,0,0,1,0,0,0,1,0,0,1,0,0,0,0,0,1,0,0,1,0,0,1,0,0,0,0,0,0,0,0,0,0,0,0,0
342,53,1000,1028.44,0,1,0,0,12,1,0,0,14720,7360,58880,2000,3360,0,0,15,0,0.18181818181818182,0.09090909090909091,0.7272727272727273,78.72116992726848,1,1,0,0,0,0,0,0,0,0,0,0,0,0,1,0,0,0,0,0,0,0,0,0,0,1,0,0,0,0,0,0,0,0,0,0,0,0,1,0,0,0,0,0,1,0,0,0,0,0,0,0,0,0,0,0,0,0,1,0,0,0,0,0,0,0,1,1,0,0,0,0,0,0,0,0,0,0,0,0,0,0,0,0,0,0,0
169,38,1000,1555.94,0,6,23300,0,12,3,1,3,6590,13180,59310,2012,3670,6,1,3,23300,0.08333333333333333,0.16666666666666666,0.75,50.82458192475288,7,0,0,0,0,1,0,1,0,0,0,0,0,0,0,0,0,0,0,0,0,0,0,0,0,0,0,0,0,0,0,0,0,0,1,0,0,0,0,0,1,0,0,0,0,0,0,0,0,0,1,0,0,1,0,0,0,0,0,1,0,0,0,0,0,1,0,0,0,0,1,0,0,0,0,0,0,0,1,0,0,0,0,0,0,0,0
339,49,2000,1570.77,0,3,98800,-65300,13,1,0,3,1240,620,4960,2009,7643,6,1,6,33500,0.18181818181818182,0.09090909090909091,0.7272727272727273,4.341819617130452,4,1,0,0,1,1,0,0,0,0,0,0,0,0,0,0,0,0,0,0,0,0,0,0,0,0,0,0,0,0,0,1,0,0,0,0,0,0,1,0,0,0,0,0,0,1,0,0,1,1,0,0,0,0,0,0,0,0,1,0,0,1,0,0,0,0,0,0,0,0,0,0,0,0,0,0,0,0,1,0,0,0,0,0,0,0,0
259,42,2000,1170.53,0,6,65000,-49200,17,3,1,2,5690,11380,45520,2006,6929,0,0,9,15800,0.09090909090909091,0.18181818181818182,0.7272727272727273,53.471504361272245,6,0,1,0,0,0,1,0,0,0,0,0,0,0,0,0,0,0,0,0,0,0,0,0,0,0,0,0,0,0,0,0,0,0,0,1,0,0,0,0,0,0,1,0,0,0,1,0,0,0,1,0,1,0,0,0,0,0,0,0,1,0,0,1,0,0,0,0,0,0,1,0,0,0,0,0,0,0,0,1,0,0,0,0,1,0,0
65,23,1000,1099.95,0,1,0,-71900,14,1,1,0,6550,6550,39300,2005,5513,3,0,10,-71900,0.125,0.125,0.75,47.63852902404655,2,0,1,1,0,0,0,0,0,0,0,0,0,0,0,0,1,0,0,0,0,0,0,0,0,1,0,0,0,0,0,0,0,0,0,0,0,0,0,0,0,0,1,0,1,0,0,1,0,0,0,0,0,1,0,1,0,0,0,0,0,0,0,0,0,0,0,0,0,0,1,0,0,0,0,0,0,0,0,0,0,0,0,0,0,0,0
254,46,2000,1472.43,0,5,0,-90600,3,3,1,3,5780,11560,46240,2004,3831,5,1,11,-90600,0.09090909090909091,0.18181818181818182,0.7272727272727273,43.18032096602215,7,0,0,1,0,1,0,0,0,0,0,0,0,0,0,0,0,1,0,1,0,0,0,0,0,0,0,0,0,0,0,0,0,0,0,0,0,0,0,0,0,0,0,0,0,0,0,0,0,0,0,0,0,0,0,0,0,0,0,0,1,0,0,0,0,0,0,1,0,0,1,0,0,0,0,0,0,0,0,0,0,0,0,1,0,0,1
440,55,500,1275.62,0,2,0,-56200,18,3,2,1,6140,6140,49120,1995,807,4,0,20,-56200,0.1,0.1,0.8,48.133456672049675,6,0,0,1,0,0,0,0,0,0,0,0,0,1,0,0,0,0,0,0,0,0,0,0,0,0,0,0,0,0,0,0,0,1,0,0,0,0,0,1,0,0,0,0,0,0,0,1,0,1,0,0,0,0,1,1,0,0,0,0,0,0,0,0,0,1,0,0,1,0,0,0,0,0,0,0,0,0,0,1,0,0,0,0,1,0,0
478,63,1000,1292.3,0,0,47600,0,5,1,1,3,940,470,3290,2007,2063,5,1,8,47600,0.2,0.1,0.7,3.636926410276252,5,0,0,1,0,1,0,0,0,0,0,0,0,0,0,0,0,0,0,0,0,0,0,0,0,0,0,0,0,0,0,1,0,0,0,0,0,0,0,0,1,0,0,1,0,0,0,0,1,1,0,0,0,0,0,0,0,0,0,1,0,0,0,1,0,0,0,0,1,0,0,0,0,0,1,0,0,0,0,0,0,0,0,0,0,1,0
230,44,2000,1009.37,0,1,45400,-39400,19,1,0,2,13480,13480,47180,2015,5349,1,0,0,6000,0.18181818181818182,0.18181818181818182,0.6363636363636364,73.45175703656736,3,1,0,1,0,0,0,0,0,0,0,0,0,0,1,0,0,0,0,0,0,0,0,0,0,0,0,0,1,0,0,0,0,0,0,0,0,0,0,1,0,0,0,0,1,0,0,0,0,0,1,0,1,0,0,0,0,0,1,0,0,0,0,0,0,1,0,0,0,0,1,0,1,0,0,0,0,0,0,0,0,0,0,0,1,0,0
138,30,500,1093.07,4000000,6,27700,-72400,0,1,2,2,6930,13860,62370,2011,4745,1,0,4,-44700,0.08333333333333333,0.16666666666666666,0.75,76.07929958740063,5,0,1,0,1,0,0,0,0,0,0,0,1,0,0,0,0,0,0,0,0,0,0,0,0,0,0,0,0,0,0,0,0,1,0,0,0,0,0,0,0,0,1,0,1,0,0,0,0,0,0,0,0,1,0,0,0,0,0,1,0,0,1,0,0,0,0,1,0,0,0,0,0,0,0,0,0,0,0,0,0,0,0,1,0,0,1
239,41,1000,1325.44,7000000,3,51400,-6300,22,1,0,2,1660,830,8300,2013,464,2,0,2,45100,0.15384615384615385,0.07692307692307693,0.7692307692307693,8.140692901979719,3,0,1,1,0,0,0,0,0,1,0,0,0,0,0,0,0,0,0,0,0,0,0,0,0,0,0,0,0,0,0,1,0,0,0,0,0,0,0,1,0,0,0,1,0,0,0,0,1,0,0,1,0,0,1,0,0,0,0,0,0,0,0,0,0,0,0,1,0,0,1,0,0,0,0,0,0,0,1,0,0,0,0,0,0,0,1
93,31,2000,1017.18,0,5,0,0,21,3,1,3,8740,8740,30590,2014,2591,1,0,1,0,0.18181818181818182,0.18181818181818182,0.6363636363636364,47.2581057433296,7,0,0,0,0,0,0,0,0,0,0,0,0,0,1,0,0,0,0,0,0,0,0,0,0,0,0,0,0,0,0,1,0,0,0,0,0,0,0,0,0,0,0,0,0,0,1,0,0,0,0,0,0,0,1,0,0,0,0,0,0,0,0,0,0,0,0,0,1,0,0,0,0,0,0,0,0,0,0,0,1,0,0,0,0,0,1
37,25,1000,1221.17,0,4,49300,0,4,3,0,0,5670,11340,34020,1996,4344,5,1,19,49300,0.1111111111111111,0.2222222222222222,0.6666666666666666,41.78779367328054,3,0,1,0,0,0,0,0,0,0,0,0,0,0,0,1,0,0,0,0,0,0,0,0,0,0,0,1,0,0,0,0,0,0,0,0,0,0,1,0,0,0,0,0,0,0,1,0,0,1,0,0,0,0,0,0,0,0,1,0,0,0,0,0,1,0,0,0,1,0,1,0,0,0,0,0,0,0,0,0,0,1,0,0,0,0,1
254,40,500,1927.87,0,5,0,0,10,1,0,1,0,5410,37870,1996,7533,2,0,19,0,0.0,0.125,0.875,22.44964650106076,2,1,0,0,0,1,0,0,0,0,0,0,0,0,1,0,0,0,0,0,0,0,0,0,0,0,0,0,0,0,0,0,0,0,0,0,0,1,0,0,0,0,0,0,1,0,0,0,0,1,0,0,1,0,0,0,0,0,0,1,0,0,0,0,0,0,0,0,1,1,0,0,0,0,0,0,1,0,0,0,0,0,0,0,0,1,0
131,29,1000,978.27,0,2,65700,0,5,1,1,3,15280,7640,53480,2003,579,1,0,12,65700,0.2,0.1,0.7,78.0970488719883,5,1,0,1,0,0,0,0,0,0,0,0,0,0,0,0,1,0,0,0,0,0,0,0,0,0,0,0,0,0,0,1,0,0,0,0,0,0,0,0,1,0,0,0,1,0,0,0,0,0,0,0,1,0,0,0,0,0,1,0,0,0,1,0,0,0,0,1,0,0,0,0,0,0,0,0,0,0,0,0,0,1,0,0,0,1,0
230,43,2000,1221.14,0,5,48100,0,13,1,0,2,13720,13720,48020,2002,4574,2,0,13,48100,0.18181818181818182,0.18181818181818182,0.6363636363636364,61.794716412532544,3,1,0,0,0,1,0,0,0,0,0,0,0,0,1,0,0,0,0,0,1,0,0,0,0,0,0,0,0,0,0,0,0,0,0,0,0,0,0,0,0,0,1,0,1,0,0,1,0,0,1,0,0,0,0,0,0,0,0,1,0,0,1,0,0,0,0,1,0,1,0,1,0,0,0,0,0,0,0,0,0,0,0,0,0,0,0
313,50,2000,1255.62,0,5,0,0,18,3,2,1,13800,6900,48300,1995,3869,0,0,20,0,0.2,0.1,0.7,54.952931619439006,6,0,1,0,0,1,1,0,0,0,0,0,0,0,0,0,0,0,0,0,0,0,0,0,0,0,0,0,0,0,0,0,1,0,0,0,0,0,0,0,0,1,0,0,0,0,0,1,0,0,0,0,0,1,0,0,1,0,0,0,0,0,0,0,1,0,0,0,1,0,1,0,0,0,0,1,0,0,0,0,0,0,0,0,1,0,0
210,38,500,999.52,0,3,0,0,6,1,1,2,1440,720,6480,2008,5869,1,0,7,0,0.16666666666666666,0.08333333333333333,0.75,8.644149191611973,4,1,0,1,0,1,0,0,0,0,0,0,0,0,0,0,0,1,0,0,0,0,0,0,0,0,0,1,0,0,0,0,0,0,0,0,0,0,0,1,0,0,0,0,0,1,0,0,1,1,0,0,0,0,1,0,0,0,0,1,0,0,0,0,0,0,1,1,0,0,0,0,0,0,0,0,0,0,0,0,0,0,0,0,0,1,0
101,29,500,1380.89,0,6,30000,-53000,0,3,2,1,12220,12220,42770,1996,181,5,1,19,-23000,0.18181818181818182,0.18181818181818182,0.6363636363636364,48.671508954370005,6,0,1,1,0,1,1,0,0,0,0,0,0,0,0,0,0,0,0,0,0,0,0,0,0,1,0,0,0,0,0,0,0,0,0,0,0,0,0,0,1,0,0,0,0,0,1,0,0,1,0,0,0,0,0,0,0,0,1,0,0,0,0,0,0,0,0,1,0,1,0,0,1,0,0,0,0,0,0,0,0,0,0,0,0,0,1
153,37,500,1010.77,0,0,52300,-55600,5,3,0,3,4250,4250,34000,1999,3354,4,0,16,-3300,0.1,0.1,0.8,42.04715217111707,6,1,0,0,1,1,0,0,0,0,0,0,0,0,0,0,0,0,1,1,0,0,0,0,0,0,0,0,0,0,0,0,0,0,0,0,0,0,0,0,0,1,0,0,0,0,0,1,0,0,1,0,0,0,0,0,0,0,0,0,0,0,0,0,0,0,0,1,0,0,0,0,0,0,0,0,0,0,0,0,0,0,0,1,0,1,0
337,53,500,1205.86,0,2,0,-34600,8,1,0,1,14400,7200,64800,2001,5386,6,1,14,-34600,0.16666666666666666,0.08333333333333333,0.75,71.65010863616008,2,0,1,0,0,1,1,0,0,0,0,0,0,0,0,0,0,0,0,1,0,0,0,0,0,0,0,0,0,0,0,0,0,0,0,0,0,0,0,0,0,0,1,0,1,0,1,0,0,1,0,0,1,0,0,0,0,0,1,0,0,0,0,0,0,0,0,0,1,0,0,0,0,0,0,0,0,0,0,0,0,0,0,0,0,1,0
360,51,1000,1526.61,0,4,0,-32900,5,1,2,2,840,840,2940,2009,4813,4,0,6,-32900,0.18181818181818182,0.18181818181818182,0.6363636363636364,3.0263132037652056,5,0,0,0,1,1,0,0,0,0,1,0,0,0,0,0,0,0,0,0,0,0,0,1,0,0,0,0,0,0,0,0,0,0,0,0,0,0,1,0,0,0,0,0,0,1,0,0,1,1,0,0,0,0,1,0,0,0,1,0,0,0,1,0,0,0,0,0,1,1,0,0,0,0,1,0,0,0,0,0,0,0,0,0,0,1,0
428,53,1000,1496.44,0,0,0,0,9,1,2,2,630,1260,5040,2013,286,0,0,2,0,0.09090909090909091,0.18181818181818182,0.7272727272727273,4.630990885033813,5,0,0,0,0,0,0,0,0,0,0,0,0,0,0,0,0,1,0,0,0,0,1,0,0,0,0,0,0,0,0,0,0,0,0,0,0,0,0,0,0,1,0,1,0,0,0,0,1,0,0,1,0,0,1,0,0,0,0,0,0,0,0,0,0,0,1,0,1,0,0,0,0,0,0,0,1,0,0,0,0,0,0,0,0,1,0
204,40,500,1256.2,0,3,0,0,10,3,1,2,8340,8340,25020,2013,8746,2,0,2,0,0.2,0.2,0.6,33.19535105874861,6,0,0,0,0,0,0,0,0,0,0,0,0,0,0,0,1,0,0,0,0,0,0,0,0,0,0,0,1,0,0,0,0,0,0,0,0,0,1,0,0,0,0,0,0,0,0,1,0,1,0,0,0,1,0,0,0,0,1,0,0,0,0,1,0,0,0,0,1,0,1,0,0,0,0,0,0,0,0,0,1,0,0,0,0,1,0
364,51,500,1268.35,0,4,0,0,16,1,2,1,14060,14060,49210,2014,8292,5,1,1,0,0.18181818181818182,0.18181818181818182,0.6363636363636364,60.96897544053298,4,0,0,0,0,1,0,0,0,0,0,0,0,0,0,0,0,0,1,0,1,0,0,0,0,0,0,0,0,0,0,0,0,0,0,0,0,0,0,0,0,0,1,0,1,0,1,0,0,0,0,0,0,1,0,1,0,0,0,0,0,0,0,0,1,0,0,0,1,0,0,0,0,0,0,0,0,0,0,0,0,0,0,1,0,0,0
185,35,2000,1421.59,0,1,0,0,8,1,2,3,900,450,3600,2011,5446,5,1,4,0,0.18181818181818182,0.09090909090909091,0.7272727272727273,3.482016615198475,6,1,0,0,1,1,0,0,0,0,0,0,1,0,0,0,0,0,0,0,0,0,0,0,0,0,0,0,0,0,0,0,0,0,0,1,0,0,0,0,1,0,0,0,0,1,0,0,1,0,0,1,0,0,1,0,0,0,0,0,1,0,0,0,0,0,0,1,0,0,1,0,0,0,0,1,0,0,0,0,0,0,0,0,0,1,0
63,26,500,1500.04,6000000,6,0,-36500,5,1,0,2,860,860,3440,2004,7064,4,0,11,-36500,0.16666666666666666,0.16666666666666666,0.6666666666666666,3.4399082691128235,3,0,0,0,1,1,0,1,0,0,0,0,0,0,0,0,0,0,0,0,0,0,0,0,0,0,0,0,0,0,0,0,1,0,0,0,0,0,0,0,1,0,0,0,0,1,0,0,1,1,0,0,0,0,1,0,0,0,0,0,0,0,0,0,1,0,0,0,0,0,1,0,0,0,0,0,0,0,0,0,0,0,0,0,0,1,0
210,35,500,1433.24,0,1,0,-19500,11,3,2,1,2730,2730,19110,2006,303,6,1,9,-19500,0.1111111111111111,0.1111111111111111,0.7777777777777778,17.142976751974548,6,0,0,0,0,0,0,0,1,0,0,0,0,0,0,0,0,0,0,0,0,0,0,0,0,0,0,0,0,0,0,0,0,0,0,0,0,1,1,0,0,0,0,0,0,0,0,1,0,0,1,0,1,0,0,0,0,0,0,0,1,0,0,0,0,1,0,0,0,1,0,0,0,0,0,0,0,0,0,0,1,0,0,0,0,1,0
194,38,2000,1231.25,0,6,46500,0,15,3,1,0,4880,9760,39040,2011,1443,3,0,4,46500,0.09090909090909091,0.18181818181818182,0.7272727272727273,43.59796954314721,4,1,0,0,0,0,0,1,0,0,0,0,0,0,0,0,0,0,0,0,0,0,0,0,0,0,0,0,0,0,1,0,0,0,0,0,0,0,1,0,0,0,0,0,0,0,1,0,0,1,0,0,0,0,0,0,0,0,0,0,1,0,0,0,0,0,0,1,0,1,0,0,0,0,0,0,0,0,0,0,0,0,1,0,0,0,0
294,49,500,1135.43,0,4,22700,0,23,3,1,1,3900,3900,35100,2010,6949,2,0,5,22700,0.09090909090909091,0.09090909090909091,0.8181818181818182,37.78304254775723,5,1,0,0,1,1,0,0,0,1,0,0,0,0,0,0,0,0,0,0,0,1,0,0,0,0,0,0,0,0,0,0,0,0,0,0,0,0,0,0,1,0,0,0,0,0,0,1,0,0,1,0,0,0,1,0,0,0,0,0,1,1,0,0,0,0,0,0,1,0,1,0,0,1,0,0,0,0,0,0,0,0,0,0,0,0,1
272,41,2000,945.73,5000000,5,38600,-42800,23,1,0,0,16820,8410,58870,2009,8703,2,0,6,-4200,0.2,0.1,0.7,88.92601482452709,1,0,1,1,0,1,0,0,0,0,0,0,0,0,0,1,0,0,0,0,0,0,0,1,0,0,0,0,0,0,0,0,0,0,0,0,0,0,0,0,0,0,1,0,1,0,0,0,0,1,0,0,1,0,0,1,0,0,0,0,0,0,0,0,0,0,0,0,0,0,0,0,0,0,0,1,0,0,0,0,0,0,0,0,0,0,1
27,27,2000,1118.76,0,1,0,-55800,23,1,1,3,6840,6840,47880,2008,4625,3,0,7,-55800,0.1111111111111111,0.1111111111111111,0.7777777777777778,55.02520647860131,5,1,0,0,0,0,0,0,0,0,0,0,0,0,0,0,0,0,0,0,0,0,0,0,0,1,0,0,0,0,0,0,0,0,0,0,0,0,0,0,1,0,0,0,1,0,0,0,0,0,1,0,1,0,0,1,0,0,0,0,0,0,0,0,1,0,0,1,0,1,0,0,0,0,0,1,0,0,0,0,0,0,0,0,0,0,1
251,39,2000,1231.98,0,2,0,-31700,10,1,0,0,5530,5530,33180,1997,5753,3,0,18,-31700,0.125,0.125,0.75,35.909673858341854,1,1,0,0,1,0,0,0,0,0,0,0,1,0,0,0,0,0,0,0,0,0,0,0,0,0,0,0,1,0,0,0,0,0,0,0,0,0,1,0,0,0,0,0,1,0,1,0,0,1,0,0,0,0,1,1,0,0,0,0,0,0,1,0,0,0,0,0,1,1,0,0,0,0,1,0,0,0,0,0,0,0,0,0,0,1,0
180,33,2000,1005.47,0,3,58100,-49000,12,4,2,3,11540,5770,40390,2002,2128,6,1,13,9100,0.2,0.1,0.7,57.386098043700954,9,1,0,0,1,0,0,0,0,0,0,0,0,0,0,1,0,0,0,0,0,0,0,0,0,0,0,0,1,0,0,0,0,0,0,0,0,0,0,0,1,0,0,0,0,0,1,0,0,1,0,0,0,0,0,0,0,0,0,1,0,1,0,0,0,0,0,1,0,0,1,0,0,0,0,0,0,1,0,0,0,0,0,0,0,0,0
392,50,2000,1108.97,0,6,68400,-66800,4,1,2,2,16620,16620,74790,2002,8546,2,0,13,1600,0.15384615384615385,0.15384615384615385,0.6923076923076923,97.41471816189798,5,0,1,0,0,0,0,0,1,0,0,0,0,0,0,0,0,0,0,0,0,0,0,0,0,0,1,0,0,0,0,0,0,0,0,0,0,0,1,0,0,0,0,0,1,0,0,1,0,1,0,0,0,1,0,0,0,0,0,0,1,0,0,0,0,0,1,0,0,0,1,0,0,0,0,0,0,0,0,0,1,0,0,0,0,0,1
143,30,500,1392.39,5000000,0,0,-65700,16,1,2,0,10860,5430,38010,2010,8446,0,0,5,-65700,0.2,0.1,0.7,38.99769461142352,3,1,0,0,0,0,0,0,1,0,0,0,0,0,0,0,0,0,0,0,0,0,0,0,0,1,0,0,0,0,0,0,0,0,0,0,0,0,0,0,0,1,0,0,1,0,1,0,0,1,0,0,1,0,0,0,0,0,1,0,0,0,0,0,0,1,0,0,0,0,1,0,0,0,0,0,0,0,0,0,0,0,1,0,0,0,0
371,54,2000,1317.97,0,0,34700,-81000,18,3,1,2,5380,5380,21520,2010,996,6,1,5,-46300,0.16666666666666666,0.16666666666666666,0.6666666666666666,24.49221150709045,6,1,0,0,0,1,0,1,0,0,0,0,0,0,0,0,0,0,0,0,0,0,0,0,0,0,0,0,0,0,1,0,0,0,0,0,0,0,0,0,0,0,1,0,0,0,0,0,0,0,0,0,0,0,0,0,0,0,1,0,0,1,0,0,0,0,0,1,0,1,0,0,0,0,0,1,0,0,0,0,0,0,0,0,1,0,0
292,42,1000,1588.22,0,3,0,-53800,15,3,1,1,16920,8460,59220,2007,2874,3,0,8,-53800,0.2,0.1,0.7,53.26717960987772,5,1,0,1,0,1,0,0,0,0,0,1,0,0,0,0,0,0,0,0,0,0,1,0,0,0,0,0,0,0,0,0,0,0,0,0,0,0,0,1,0,0,0,0,0,0,1,0,0,0,1,0,0,1,0,0,0,0,0,0,1,0,0,0,0,1,0,0,1,0,0,0,0,1,0,0,0,0,0,0,0,0,0,0,0,0,0
165,35,500,900.02,6000000,1,0,-49900,8,1,1,3,6970,6970,55760,2008,785,1,0,7,-49900,0.1,0.1,0.8,77.44272349503345,5,0,0,1,0,1,0,1,0,0,0,0,0,0,0,0,0,0,0,0,0,0,1,0,0,0,0,0,0,0,0,0,0,0,0,0,0,0,0,0,1,0,0,0,1,0,0,0,0,0,1,0,0,1,0,0,0,0,1,0,0,0,0,0,0,0,1,0,0,0,1,0,1,0,0,0,0,0,0,0,0,0,0,0,0,1,0
158,33,1000,1744.64,3000000,3,0,0,4,3,0,1,3640,7280,25480,1998,413,5,1,17,0,0.1,0.2,0.7,20.863903154805573,4,0,1,0,0,1,0,0,0,0,0,0,0,0,1,0,0,0,0,0,0,0,0,0,0,0,0,0,0,0,1,0,0,0,0,0,0,0,0,0,0,1,0,0,0,0,1,0,0,0,1,0,0,0,0,0,0,0,0,0,1,0,0,0,0,0,1,0,0,0,0,0,0,0,0,0,0,0,0,0,0,0,0,1,0,0,1
241,39,1000,1260.56,0,3,0,-54900,20,3,0,2,4690,4690,28140,2010,3587,6,1,5,-54900,0.125,0.125,0.75,29.76454908929365,5,0,1,1,0,0,0,0,0,0,0,0,0,0,0,0,0,0,0,0,0,0,0,0,0,0,0,0,0,0,0,1,0,0,0,0,0,0,0,0,1,0,0,0,0,0,0,1,0,1,0,0,0,0,1,0,0,0,1,0,0,0,0,0,1,0,0,0,0,0,1,0,0,0,0,0,0,1,0,0,0,0,0,0,1,0,0
103,33,2000,1021.14,0,4,69500,-47700,1,3,2,3,14380,14380,50330,2014,7429,0,0,1,21800,0.18181818181818182,0.18181818181818182,0.6363636363636364,77.45265095873239,8,0,1,0,1,0,0,0,0,0,0,0,1,0,0,0,0,0,0,0,0,0,0,0,0,0,0,0,0,0,0,1,0,0,0,0,0,0,0,0,0,0,1,0,0,0,0,1,0,0,0,0,0,0,0,1,0,0,0,0,0,0,0,1,0,0,0,0,0,1,0,0,0,0,1,0,0,0,0,0,0,0,0,0,0,0,1
402,54,2000,1285.09,0,3,48000,-79600,19,1,0,2,7530,15060,45180,2013,4214,5,1,2,-31600,0.1111111111111111,0.2222222222222222,0.6666666666666666,52.735606066501184,3,0,1,1,0,1,0,0,0,1,0,0,0,0,0,0,0,0,0,0,1,0,0,0,0,0,0,0,0,0,0,0,0,0,0,0,0,0,1,0,0,0,0,0,1,0,1,0,0,0,0,0,0,1,0,1,0,0,0,0,0,0,0,0,0,0,1,0,0,0,1,0,0,0,0,0,0,0,1,0,0,0,0,0,1,0,0
102,32,500,1537.07,3000000,3,0,0,11,1,1,0,9480,4740,33180,2004,155,2,0,11,0,0.2,0.1,0.7,30.83789287410463,2,0,1,0,0,1,0,0,0,0,0,0,0,0,0,0,0,1,0,0,0,0,0,1,0,0,0,0,0,0,0,0,0,0,0,0,0,0,0,0,0,0,1,0,1,0,0,1,0,0,1,0,0,1,0,0,1,0,0,0,0,0,0,1,0,0,0,0,0,0,0,0,0,1,0,0,0,0,0,0,0,0,0,0,0,1,0
182,40,1000,1022.42,0,6,50000,-56900,13,1,0,2,7110,14220,49770,2008,1163,1,0,7,-6900,0.1,0.2,0.7,69.54089317501614,3,1,0,0,0,1,0,0,0,0,0,0,1,0,0,0,0,0,0,0,0,0,0,0,0,0,0,0,0,0,0,0,0,0,1,0,0,0,0,0,0,0,0,0,1,0,0,0,0,0,1,0,0,1,0,0,0,0,1,0,0,0,0,1,0,0,0,0,1,1,0,1,0,0,0,0,0,0,0,0,0,0,0,0,0,0,0
282,46,2000,1558.86,0,5,51100,-75100,2,1,2,2,13880,6940,48580,2012,8585,1,0,3,-24000,0.2,0.1,0.7,44.51971312369296,5,0,1,0,0,1,0,0,0,0,0,0,1,0,0,0,0,0,0,0,0,0,0,0,0,1,0,0,0,0,0,0,0,0,0,0,0,0,0,0,0,0,1,0,1,0,0,0,0,1,0,0,0,0,1,1,0,0,0,0,0,0,0,0,0,0,1,1,0,0,0,0,1,0,0,0,0,0,0,0,0,0,0,0,0,0,1
222,39,500,1757.87,0,0,71400,0,9,3,2,1,5000,10000,40000,1996,3975,5,1,19,71400,0.09090909090909091,0.18181818181818182,0.7272727272727273,31.287865428046445,6,0,1,0,1,1,0,0,0,0,0,0,0,0,0,0,0,0,1,0,1,0,0,0,0,0,0,0,0,0,0,0,0,0,0,0,0,0,1,0,0,0,0,0,0,0,1,0,0,0,0,0,0,1,0,0,0,0,1,0,0,0,0,0,1,0,0,0,1,1,0,0,0,0,0,0,0,0,0,0,1,0,0,0,0,1,0
415,52,1000,973.5,0,6,50400,0,15,2,1,3,7860,7860,35370,2003,-20,0,0,12,50400,0.15384615384615385,0.15384615384615385,0.6923076923076923,52.48073959938367,6,1,0,1,0,1,0,0,0,0,0,1,0,0,0,0,0,0,0,0,0,0,0,0,0,0,0,0,0,0,0,0,1,0,0,0,0,0,1,0,0,0,0,0,0,0,1,0,0,0,1,0,0,0,1,0,0,0,0,0,1,0,0,0,0,0,0,0,1,0,1,0,0,0,0,0,0,0,0,0,0,0,1,0,0,0,0
51,34,500,1430.8,0,6,0,0,23,1,2,3,6420,19260,38520,2007,414,3,0,8,0,0.1,0.3,0.6,44.870002795638804,6,0,1,0,1,1,0,0,0,0,0,1,0,0,0,0,0,0,0,0,0,0,1,0,0,0,0,0,0,0,0,0,0,0,0,0,0,0,0,0,0,1,0,0,1,0,0,1,0,0,0,0,1,0,0,1,0,0,0,0,0,0,0,0,0,0,1,1,0,0,0,0,0,0,0,0,1,0,0,0,0,0,0,0,0,0,1
255,45,500,1192.27,0,0,0,-40200,16,1,2,0,12240,12240,42840,2006,8849,6,1,9,-40200,0.18181818181818182,0.18181818181818182,0.6363636363636364,56.46372046600183,3,0,0,0,1,1,0,0,0,0,0,0,0,0,0,0,1,0,0,0,0,0,0,0,0,0,0,0,0,0,0,0,0,0,0,0,0,0,0,0,1,0,0,0,1,0,0,0,0,0,1,0,0,1,0,0,0,0,0,0,0,0,0,0,0,1,0,0,0,0,1,0,0,0,0,1,0,0,0,0,0,0,0,0,0,0,0
143,31,500,1163.83,0,2,37700,0,21,4,2,0,6920,13840,55360,1999,231,5,1,16,37700,0.09090909090909091,0.18181818181818182,0.7272727272727273,65.40474124227765,6,0,0,1,0,1,0,0,0,0,0,0,0,0,0,1,0,0,0,0,0,0,0,0,0,0,0,0,0,0,1,0,0,0,0,0,0,0,0,0,0,0,0,0,0,0,0,1,0,0,0,0,0,1,0,0,0,0,0,0,0,0,0,0,0,0,0,0,1,1,0,1,0,0,0,0,0,0,0,0,0,0,0,0,0,0,1
130,28,1000,1003.15,0,3,0,-38500,21,2,2,1,13080,13080,58860,2010,8460,4,0,5,-38500,0.15384615384615385,0.15384615384615385,0.6923076923076923,84.75302796191995,5,0,1,0,1,0,0,0,0,1,0,0,0,0,0,0,0,0,0,0,0,0,0,0,0,0,0,0,0,0,1,0,0,0,0,0,0,0,0,1,0,0,0,0,0,0,0,0,0,1,0,0,0,0,0,0,0,0,1,0,0,0,1,0,0,0,0,0,1,0,0,0,0,0,0,1,0,0,0,0,0,0,0,0,0,0,1
242,41,2000,1153.54,6000000,4,0,-57000,3,3,0,1,12380,12380,43330,2009,8899,3,0,6,-57000,0.18181818181818182,0.18181818181818182,0.6363636363636364,59.02699516271651,4,0,1,1,0,1,0,0,0,0,0,0,0,0,0,1,0,0,0,0,0,0,0,0,0,0,0,0,0,0,0,0,1,0,0,0,0,0,0,0,0,1,0,0,0,0,1,0,0,1,0,0,1,0,0,1,0,0,0,0,0,0,0,0,1,0,0,0,0,1,0,0,0,0,0,0,0,0,0,0,0,0,1,0,0,0,1
96,27,1000,1631.1,0,0,0,0,4,1,1,2,670,670,4690,2007,2166,4,0,8,0,0.1111111111111111,0.1111111111111111,0.7777777777777778,3.696891668199375,4,0,0,0,0,0,0,0,0,0,0,0,0,1,0,0,0,0,0,0,0,0,0,0,0,0,1,0,0,0,0,0,0,0,0,0,0,0,0,0,0,0,1,1,0,0,0,0,1,0,0,1,0,0,1,0,0,0,0,0,1,0,0,0,0,0,0,1,0,0,0,0,0,0,0,0,0,0,0,1,0,0,0,0,0,0,1
180,35,1000,1252.48,0,5,0,-55800,17,1,1,3,1020,510,3570,2000,3495,1,0,15,-55800,0.2,0.1,0.7,4.071921308124681,5,0,0,0,1,1,0,0,0,0,0,1,0,0,0,0,0,0,0,0,0,0,0,0,0,0,0,0,0,0,0,0,0,0,0,0,0,1,0,0,0,0,1,0,0,1,0,0,1,1,0,0,0,0,0,0,1,0,0,0,0,0,0,0,0,0,1,1,0,0,0,0,0,1,0,0,0,0,0,0,0,0,0,0,1,0,0
150,30,1000,1677.26,0,1,40100,0,7,1,1,3,510,510,3570,2013,7609,5,1,2,40100,0.1111111111111111,0.1111111111111111,0.7777777777777778,2.7366061314286396,5,1,0,0,0,1,0,0,0,0,0,0,0,0,0,0,1,0,0,0,0,0,0,0,0,0,0,0,0,0,0,0,0,0,0,0,0,1,0,0,1,0,0,0,0,1,0,0,1,0,0,1,0,0,1,0,0,0,0,0,1,0,0,0,0,0,1,0,1,0,1,0,0,0,0,0,0,0,0,0,0,0,0,1,0,1,0
463,59,1000,979.73,0,3,51700,0,14,2,1,2,7240,14480,50680,1999,7498,3,0,16,51700,0.1,0.2,0.7,73.89791064885223,5,0,0,1,0,0,0,0,1,0,0,0,0,0,0,0,0,0,0,0,0,0,0,0,0,0,0,0,0,0,0,0,0,0,0,0,0,1,1,0,0,0,0,0,0,0,0,0,0,0,0,0,0,1,0,0,0,0,1,0,0,1,0,0,0,0,0,1,0,0,0,0,0,1,0,0,0,0,0,0,0,0,0,0,0,0,0
472,64,500,989.24,0,4,0,0,13,1,2,3,14180,7090,49630,2002,910,5,1,13,0,0.2,0.1,0.7,71.67118191743157,6,1,0,1,0,1,0,0,0,0,0,0,1,0,0,0,0,0,0,0,0,0,0,0,0,0,0,0,0,0,0,0,0,0,1,0,0,0,1,0,0,0,0,0,1,0,0,0,0,0,0,0,1,0,0,1,0,0,0,0,0,0,0,0,1,0,0,0,0,0,0,0,0,0,0,0,0,0,1,0,0,0,0,0,0,0,0
75,25,1000,1389.86,0,2,0,0,23,2,2,3,6510,6510,52080,2011,1143,6,1,4,0,0.1,0.1,0.8,46.83924999640252,7,0,0,0,1,0,0,0,0,0,0,0,0,1,0,0,0,0,0,0,0,0,0,0,0,0,0,0,1,0,0,0,0,0,0,0,0,0,0,0,0,0,0,0,0,0,0,1,0,0,1,0,0,1,0,0,0,0,0,0,1,0,0,0,0,0,1,1,0,0,1,0,0,0,0,0,0,0,0,0,1,0,0,0,0,0,1
193,40,500,1233.85,0,1,0,0,23,3,2,1,0,14280,49980,1999,3655,5,1,16,0,0.0,0.2222222222222222,0.7777777777777778,52.08088503464765,6,0,1,0,0,0,0,0,0,0,1,0,0,0,0,0,0,0,0,0,0,0,0,1,0,0,0,0,0,0,0,0,0,0,0,0,0,0,0,0,0,0,0,0,0,0,0,1,0,0,1,0,0,0,0,0,0,1,0,0,0,0,1,0,0,0,0,1,0,0,1,0,0,0,0,1,0,0,0,0,0,0,0,0,0,0,1
43,43,500,1320.39,0,2,0,0,16,1,2,1,7270,21810,50890,1996,6282,0,0,19,0,0.09090909090909091,0.2727272727272727,0.6363636363636364,60.5654389990836,4,0,0,0,1,0,1,0,0,0,0,0,0,0,0,0,0,0,0,0,0,0,0,0,0,0,0,0,0,0,0,0,0,0,0,0,0,1,1,0,0,0,0,0,1,0,1,0,0,0,0,0,0,0,0,0,0,0,0,0,1,0,0,0,0,0,0,1,0,1,0,0,0,0,0,0,1,0,0,0,0,0,0,0,0,0,0
253,41,1000,1435.09,0,1,36600,0,17,1,2,0,6290,6290,44030,1995,3918,6,1,20,36600,0.1111111111111111,0.1111111111111111,0.7777777777777778,39.44700332383335,3,1,0,0,0,0,0,0,0,0,0,1,0,0,0,0,0,0,0,0,0,1,0,0,0,0,0,0,0,0,0,0,0,0,0,0,0,0,1,0,0,0,0,0,1,0,1,0,0,0,1,0,0,0,1,0,0,0,1,0,0,0,0,0,1,0,0,0,0,1,0,0,0,1,0,0,0,0,0,0,0,0,0,0,1,0,0
152,30,500,1448.54,0,3,58600,0,9,1,1,1,7690,7690,69210,2000,1912,2,0,15,58600,0.09090909090909091,0.09090909090909091,0.8181818181818182,58.39673050105624,3,1,0,0,1,0,0,1,0,0,0,0,0,0,0,0,0,0,0,0,0,0,0,0,0,0,0,0,0,0,0,0,1,0,0,0,0,0,0,0,0,0,1,0,1,0,0,1,0,0,0,0,1,0,0,0,0,0,0,1,0,0,0,0,1,0,0,0,1,1,0,0,0,0,0,0,0,0,0,0,0,0,1,0,0,1,0
160,38,500,1733.56,0,0,0,-43800,13,3,2,1,7420,14840,44520,1996,1938,4,0,19,-43800,0.1111111111111111,0.2222222222222222,0.6666666666666666,38.52188559957544,6,0,1,1,0,1,0,0,0,0,0,0,0,0,0,0,1,0,0,0,0,0,0,0,0,0,0,0,0,0,0,0,0,0,0,1,0,0,0,0,0,0,1,0,0,0,0,1,0,0,0,0,1,0,0,0,0,0,1,0,0,0,1,0,0,0,0,0,0,0,1,0,0,0,0,0,0,0,1,0,0,0,0,0,0,0,0
56,36,500,1533.07,0,3,0,-28800,13,1,1,2,0,6500,52000,2001,1899,1,0,14,-28800,0.0,0.1111111111111111,0.8888888888888888,38.158727259681555,4,1,0,0,0,1,0,0,0,1,0,0,0,0,0,0,0,0,0,0,0,0,0,0,0,0,1,0,0,0,0,0,0,0,0,0,0,0,0,0,1,0,0,0,1,0,1,0,0,0,0,0,0,0,1,0,0,0,0,0,0,0,0,0,0,0,1,0,1,0,1,0,0,0,0,1,0,0,0,0,0,0,0,0,0,0,0
286,41,500,1106.77,0,1,45500,-62500,3,1,2,0,500,500,4000,2003,4915,3,0,12,-17000,0.1,0.1,0.8,4.517650460348582,3,0,0,0,0,0,0,0,0,0,0,0,0,0,1,0,0,0,0,0,0,0,0,0,0,0,0,1,0,0,0,0,0,0,0,0,0,0,0,1,0,0,0,1,0,0,0,0,1,0,0,1,0,0,1,0,0,0,0,0,1,1,0,0,0,0,0,1,0,0,0,0,0,0,1,0,0,0,0,0,0,0,0,0,0,0,1
3,29,500,995.7,5000000,3,0,0,3,1,2,1,500,1000,3500,2008,8102,0,0,7,0,0.1,0.2,0.7,5.021592849251783,4,0,0,0,0,0,0,0,0,0,0,0,0,1,0,0,0,0,0,0,0,0,0,1,0,0,0,0,0,0,0,0,0,0,0,0,0,0,0,0,0,1,0,1,0,0,0,0,1,0,0,1,0,0,1,0,0,1,0,0,0,0,0,0,0,0,1,1,0,1,0,0,0,0,0,0,0,0,1,0,0,0,0,0,0,0,1
286,41,1000,1298.85,6000000,0,71300,-70300,16,3,1,3,6050,12100,36300,2007,5872,6,1,8,1000,0.1111111111111111,0.2222222222222222,0.6666666666666666,41.92169996535397,7,0,0,1,0,0,0,0,0,0,0,0,0,0,0,0,1,0,0,0,0,0,1,0,0,0,0,0,0,0,0,0,0,0,0,0,0,0,0,1,0,0,0,0,0,0,0,0,0,0,0,0,0,0,0,1,0,0,0,0,0,1,0,0,0,0,0,1,0,0,1,0,0,0,0,0,0,0,0,0,1,0,0,0,0,0,0
239,38,1000,1276.73,5000000,4,0,0,12,3,1,3,6880,6880,48160,2003,8944,3,0,12,0,0.1111111111111111,0.1111111111111111,0.7777777777777778,48.49889953239918,7,0,1,1,0,0,0,0,0,0,1,0,0,0,0,0,0,0,0,0,0,1,0,0,0,0,0,0,0,0,0,0,0,0,0,0,0,0,0,1,0,0,0,0,0,0,0,0,0,0,0,0,0,0,1,0,0,0,0,0,1,0,0,0,1,0,0,0,0,1,0,0,0,0,0,0,0,0,0,0,1,0,0,0,0,0,0
64,29,2000,1202.28,0,0,0,-61400,4,1,1,2,4370,4370,34960,2007,1178,0,0,8,-61400,0.1,0.1,0.8,36.34760621485844,4,0,1,1,0,1,0,0,1,0,0,0,0,0,0,0,0,0,0,0,0,0,0,0,1,0,0,0,0,0,0,0,0,0,0,0,0,0,0,1,0,0,0,0,1,0,0,1,0,1,0,0,0,0,0,0,0,0,0,1,0,0,1,0,0,0,0,1,0,0,0,0,0,0,0,0,0,0,0,1,0,0,0,0,0,0,1
98,31,500,671.92,0,4,0,-26400,3,1,2,0,7120,7120,49840,1997,9123,5,1,18,-26400,0.1111111111111111,0.1111111111111111,0.7777777777777778,95.36849624955353,3,1,0,0,0,1,0,0,0,0,0,1,0,0,0,0,0,0,0,0,0,1,0,0,0,0,0,0,0,0,0,0,0,0,0,0,0,0,0,0,0,0,1,0,1,0,0,0,0,1,0,0,0,1,0,0,0,0,0,0,0,0,0,0,0,1,0,1,0,1,0,0,0,0,0,1,0,0,0,0,0,0,0,0,0,0,1
16,35,1000,1358.03,0,3,59300,-31400,0,1,2,1,10000,10000,35000,2008,8848,1,0,7,27900,0.18181818181818182,0.18181818181818182,0.6363636363636364,40.49984168243706,4,0,0,1,0,1,0,0,0,0,0,0,0,0,0,0,1,0,0,0,0,0,0,1,0,0,0,0,0,0,0,0,0,0,0,0,0,0,0,0,1,0,0,0,1,0,1,0,0,0,1,0,0,1,0,0,0,0,1,0,0,0,1,0,0,0,0,0,0,1,0,0,0,0,0,0,0,0,0,0,0,0,0,1,0,0,1
70,27,1000,1008.79,4000000,4,46000,0,19,1,2,3,0,550,3850,2000,3833,1,0,15,46000,0.0,0.125,0.875,4.361660999811655,6,1,0,1,0,0,0,0,0,0,0,0,0,0,0,0,0,0,0,0,0,0,0,0,0,0,0,0,0,0,0,0,0,0,0,0,1,0,0,0,1,0,0,0,0,1,0,0,1,0,0,1,0,0,1,0,0,0,0,0,1,1,0,0,0,0,0,0,0,1,0,0,0,0,0,0,0,0,0,0,0,0,1,0,1,0,0
75,27,1000,1141.1,0,3,0,0,15,2,0,1,5970,11940,53730,2008,7750,5,1,7,0,0.08333333333333333,0.16666666666666666,0.75,62.78152659714311,3,0,1,0,0,1,1,0,0,0,0,0,0,0,0,0,0,0,0,0,0,0,0,0,0,0,0,0,0,0,1,0,0,0,0,0,0,0,0,1,0,0,0,0,0,0,0,1,0,1,0,0,0,0,1,0,0,0,1,0,0,0,1,0,0,0,0,1,0,0,1,0,0,0,0,0,0,0,0,0,0,0,1,0,0,0,0
246,44,1000,1397.0,0,0,0,0,6,1,1,0,6860,6860,48020,1997,7241,5,1,18,0,0.1111111111111111,0.1111111111111111,0.7777777777777778,44.194702934860416,2,0,1,0,0,1,0,0,0,0,0,1,0,0,0,0,0,0,0,0,0,0,0,0,0,0,0,0,0,0,0,0,0,1,0,0,0,0,1,0,0,0,0,0,1,0,1,0,0,1,0,0,0,1,0,1,0,0,0,0,0,0,0,0,0,0,0,0,0,0,0,0,0,0,0,0,0,0,0,0,0,0,0,0,0,1,0
110,27,1000,1664.66,0,2,0,-66200,3,1,0,3,5750,5750,46000,2010,2012,3,0,5,-66200,0.1,0.1,0.8,34.541588072038735,4,0,1,0,1,0,0,0,0,0,0,0,0,1,0,0,0,0,0,0,0,0,0,0,0,0,0,1,0,0,0,0,0,0,0,0,0,0,0,0,1,0,0,0,1,0,0,1,0,0,1,0,0,0,0,0,0,0,1,0,0,0,0,0,0,0,1,1,0,1,0,1,0,0,0,0,0,0,0,0,0,0,0,0,0,0,1
236,39,1000,1151.39,4000000,4,0,-63900,17,1,0,0,870,1740,6090,2003,6633,3,0,12,-63900,0.1,0.2,0.7,7.556084384960786,1,1,0,1,0,0,0,0,1,0,0,0,0,0,0,0,0,0,0,0,0,0,0,0,0,0,0,0,0,0,0,0,0,1,0,0,0,0,0,0,0,0,1,1,0,0,0,0,1,1,0,0,0,0,1,1,0,0,0,0,0,0,0,0,0,0,1,0,1,1,0,0,0,0,0,0,0,0,0,0,0,0,0,0,1,0,0
267,46,2000,1546.01,0,5,0,0,4,4,2,1,15420,7710,53970,1996,3802,1,0,19,0,0.2,0.1,0.7,49.87031131752059,7,0,1,0,0,0,0,0,0,0,0,0,0,0,0,0,0,0,0,0,0,0,0,0,0,0,0,0,0,0,0,0,1,0,0,0,0,0,0,0,0,0,1,0,0,0,0,0,0,0,1,0,0,0,1,0,0,0,0,1,0,0,0,0,0,1,0,0,0,1,0,0,0,0,0,0,0,0,0,0,0,0,0,1,0,0,1
463,57,500,1063.67,0,4,0,0,14,1,2,0,6600,6600,46200,1995,8599,1,0,20,0,0.1111111111111111,0.1111111111111111,0.7777777777777778,55.84438782705162,3,0,0,1,0,1,0,0,0,0,0,0,0,1,0,0,0,0,0,0,0,0,0,0,0,1,0,0,0,0,0,0,0,0,0,0,0,0,0,0,0,0,1,0,1,0,0,0,0,1,0,0,0,0,1,1,0,0,0,0,0,0,0,0,0,0,1,0,0,0,1,0,0,0,1,0,0,0,0,0,0,0,0,0,0,0,0
303,46,1000,709.14,0,4,0,0,3,3,1,0,9980,4990,39920,2006,3681,3,0,9,0,0.18181818181818182,0.09090909090909091,0.7272727272727273,77.40361564712187,4,1,0,0,0,1,0,0,0,0,0,1,0,0,0,0,0,0,0,0,0,0,0,0,0,0,0,0,0,1,0,0,0,0,0,0,0,0,0,0,0,0,0,0,0,0,1,0,0,1,0,0,1,0,0,1,0,0,0,0,0,0,0,0,1,0,0,0,0,0,0,0,0,0,0,0,0,0,0,0,0,0,1,0,0,0,1
137,30,500,1039.55,0,5,55600,-59700,4,3,2,1,6730,13460,53840,2005,1158,0,0,10,-4100,0.09090909090909091,0.18181818181818182,0.7272727272727273,71.21350584387476,6,0,0,1,0,1,0,0,1,0,0,0,0,0,0,0,0,0,0,0,0,0,0,0,0,0,0,0,0,1,0,0,0,0,0,0,0,0,0,0,0,1,0,0,0,0,0,0,0,1,0,0,0,1,0,0,0,0,0,0,1,1,0,0,0,0,0,1,0,1,0,0,0,1,0,0,0,0,0,0,0,0,0,0,0,0,1
56,42,500,1339.39,0,2,0,0,13,1,1,2,11180,11180,39130,1998,6807,2,0,17,0,0.18181818181818182,0.18181818181818182,0.6363636363636364,45.90895855576046,4,0,0,1,0,0,0,0,0,0,0,0,0,0,0,0,0,0,0,0,0,0,0,1,0,0,0,0,0,0,0,0,0,0,0,0,0,0,1,0,0,0,0,0,1,0,1,0,0,0,1,0,0,1,0,1,0,0,0,0,0,1,0,0,0,0,0,1,0,0,1,0,1,0,0,0,0,0,0,0,0,0,0,0,0,0,0
75,27,1000,1202.75,0,0,57900,-90100,23,3,0,2,6630,13260,59670,2003,8204,2,0,12,-32200,0.08333333333333333,0.16666666666666666,0.75,66.14840989399293,5,1,0,1,0,1,0,0,0,0,1,0,0,0,0,0,0,0,0,0,1,0,0,0,0,0,0,0,0,0,0,0,0,0,0,0,0,0,1,0,0,0,0,0,0,0,0,0,0,1,0,0,0,0,1,0,0,0,1,0,0,0,0,0,1,0,0,0,0,0,1,0,0,0,0,0,0,0,0,0,0,0,0,1,0,0,1
131,33,2000,1081.17,0,5,0,-65200,3,1,0,1,490,490,3920,2010,8877,2,0,5,-65200,0.1,0.1,0.8,4.532127232535124,2,0,0,0,0,1,0,0,0,0,0,0,0,0,0,0,1,0,0,0,0,0,0,0,0,0,0,0,0,0,0,0,0,0,0,0,0,1,0,0,0,0,1,1,0,0,0,0,1,1,0,0,0,0,1,1,0,0,0,0,0,0,0,1,0,0,0,1,0,0,0,0,0,0,0,0,0,0,0,0,0,0,1,0,0,0,1
153,34,500,991.39,0,0,45600,-61400,0,3,1,0,14140,14140,49490,2000,7670,4,0,15,-15800,0.18181818181818182,0.18181818181818182,0.6363636363636364,78.44541502335106,4,0,0,1,0,1,0,0,0,0,0,0,0,0,0,0,0,1,0,0,0,0,0,0,0,0,0,0,0,0,0,1,0,0,0,0,0,0,0,1,0,0,0,0,0,0,0,1,0,0,1,0,0,1,0,0,0,0,0,0,1,0,0,0,0,0,1,1,0,0,0,0,0,0,0,0,0,0,0,1,0,0,0,0,0,0,1
255,43,500,984.02,0,3,75800,0,14,2,2,2,7470,14940,52290,2007,2837,1,0,8,75800,0.1,0.2,0.7,75.91309119733339,6,1,0,0,1,0,0,0,0,0,0,0,0,0,0,0,0,0,1,0,1,0,0,0,0,0,0,0,0,0,0,0,0,0,0,0,0,0,0,0,0,1,0,0,0,0,0,1,0,0,0,0,1,0,0,0,0,0,1,0,0,1,0,0,0,0,0,1,0,1,0,0,0,0,0,0,0,0,0,1,0,0,0,0,0,0,0
103,26,500,1354.83,0,5,66300,0,14,2,2,2,4060,4060,32480,2010,272,6,1,5,66300,0.1,0.1,0.8,29.96685931076224,6,0,0,0,0,1,0,0,0,0,0,0,0,0,0,0,0,1,0,0,0,0,0,0,0,0,0,0,0,0,0,0,0,0,0,1,0,0,0,0,0,0,0,0,0,0,0,0,0,1,0,0,0,0,1,1,0,0,0,0,0,0,0,0,0,0,0,0,0,1,0,0,0,0,0,0,0,0,0,0,0,0,0,1,0,0,0
97,28,1000,830.31,0,3,0,-32600,22,1,1,0,10060,10060,25150,2006,1797,1,0,9,-32600,0.2222222222222222,0.2222222222222222,0.5555555555555556,54.52180510893522,2,0,1,0,0,1,0,0,0,1,0,0,0,0,0,0,0,0,0,0,0,0,0,0,0,0,0,0,0,0,0,0,0,0,0,0,1,0,0,0,0,0,0,0,1,0,1,0,0,0,1,0,0,0,0,0,0,0,1,0,0,0,0,0,0,0,1,1,0,1,0,0,0,0,0,0,0,1,0,0,0,0,0,0,0,0,1
214,36,2000,987.42,7000000,2,0,0,17,3,0,3,4280,8560,34240,2006,5354,5,1,9,0,0.09090909090909091,0.18181818181818182,0.7272727272727273,47.679812035405405,6,0,0,0,0,0,0,0,0,0,0,1,0,0,0,0,0,0,0,0,0,0,0,0,0,0,0,0,0,1,0,0,0,0,0,0,0,0,0,0,1,0,0,0,0,0,0,0,0,1,0,0,0,0,0,1,0,0,0,0,0,0,0,0,0,0,1,0,0,1,0,0,0,0,0,0,0,0,0,0,1,0,0,0,1,0,0
438,57,500,1119.29,0,5,0,0,14,1,0,0,4070,4070,32560,2000,8503,3,0,15,0,0.1,0.1,0.8,36.36233683853157,1,0,1,0,1,0,0,0,0,0,0,1,0,0,0,0,0,0,0,0,0,0,0,1,0,0,0,0,0,0,0,0,0,0,0,0,0,0,0,0,0,0,0,0,1,0,0,1,0,1,0,0,0,0,1,0,0,0,1,0,0,0,1,0,0,0,0,1,0,0,0,0,0,0,0,0,0,0,0,0,0,0,0,1,0,0,0
87,27,500,1048.39,0,4,0,0,2,1,2,1,6300,3150,25200,1996,4059,4,0,19,0,0.18181818181818182,0.09090909090909091,0.7272727272727273,33.05067770581558,4,0,1,0,0,0,0,0,0,0,0,0,0,0,0,0,0,0,1,0,0,0,0,0,0,0,0,0,0,0,0,0,1,0,0,0,0,0,0,0,1,0,0,0,1,0,0,1,0,1,0,0,0,0,1,1,0,0,0,0,0,0,0,0,0,1,0,1,0,0,1,0,0,0,0,1,0,0,0,0,0,0,0,0,0,0,1
27,28,1000,1074.47,0,5,0,0,4,1,2,0,400,400,2400,2012,8240,4,0,3,0,0.125,0.125,0.75,2.9782125140767075,3,0,1,0,1,1,0,0,0,0,0,0,0,0,0,1,0,0,0,0,0,0,1,0,0,0,0,0,0,0,0,0,0,0,0,0,0,0,0,0,0,0,1,1,0,0,0,0,1,0,0,1,0,0,1,0,0,0,0,0,1,0,0,0,0,1,0,1,0,1,0,0,0,0,0,0,0,1,0,0,0,0,0,0,0,0,1
206,42,1000,1230.76,0,0,0,-74200,2,1,1,1,7180,14360,57440,1997,7755,5,1,18,-74200,0.09090909090909091,0.18181818181818182,0.7272727272727273,64.17173128798466,3,0,0,0,1,1,0,0,0,0,0,1,0,0,0,0,0,0,0,0,0,0,0,0,0,0,0,0,0,0,0,0,0,0,0,0,0,1,0,0,0,1,0,0,1,0,1,0,0,0,0,0,1,0,0,0,0,0,0,1,0,0,1,0,0,0,0,1,0,0,0,0,0,0,0,0,0,0,0,0,1,0,0,0,0,0,1
127,31,500,1255.02,0,2,58200,0,10,1,1,0,560,1120,4480,1996,4571,1,0,19,58200,0.09090909090909091,0.18181818181818182,0.7272727272727273,4.908288314130452,2,0,1,0,1,1,0,0,0,0,0,0,0,0,0,0,1,0,0,0,0,0,0,0,0,0,0,0,0,0,0,0,0,1,0,0,0,0,1,0,0,0,0,1,0,0,0,0,1,1,0,0,0,0,0,0,0,0,1,0,0,0,0,0,0,1,0,0,1,0,0,0,0,0,0,0,0,0,0,1,0,0,0,0,0,1,0
422,60,1000,1555.52,0,5,43600,-67800,11,1,1,1,15500,7750,62000,1999,1553,5,1,16,-24200,0.18181818181818182,0.09090909090909091,0.7272727272727273,54.80482411026538,3,1,0,0,0,0,0,0,0,0,0,1,0,0,0,0,0,0,0,0,0,0,0,0,0,0,0,0,1,0,0,0,0,0,0,0,0,0,0,0,1,0,0,0,1,0,0,0,0,0,0,0,0,0,0,0,0,0,0,0,0,0,0,0,1,0,0,0,1,0,0,0,0,0,0,0,0,0,1,0,0,0,0,0,0,1,0
303,50,2000,836.11,5000000,4,0,0,1,4,1,2,12140,6070,54630,2010,6532,1,0,5,0,0.16666666666666666,0.08333333333333333,0.75,87.11772374448338,7,0,0,0,0,1,0,0,0,0,0,0,0,0,0,0,1,0,0,0,0,0,1,0,0,0,0,0,0,0,0,0,0,0,0,0,0,0,1,0,0,0,0,0,0,0,0,1,0,0,0,0,1,0,0,0,0,0,1,0,0,0,0,0,0,0,1,0,1,0,0,0,0,0,1,0,0,0,0,0,0,0,0,0,0,0,1
228,40,500,1450.98,0,2,43700,0,20,1,0,2,1100,1100,3850,2010,6532,6,1,5,43700,0.18181818181818182,0.18181818181818182,0.6363636363636364,4.169595721512357,3,1,0,0,0,1,0,0,1,0,0,0,0,0,0,0,0,0,0,0,0,0,0,0,0,0,0,0,0,0,0,0,0,0,0,0,0,0,0,0,0,0,0,1,0,0,0,0,1,0,0,1,0,0,1,0,0,0,0,0,1,0,0,1,0,0,0,1,0,0,0,0,0,0,0,0,0,0,0,0,0,0,1,0,1,0,0
239,39,2000,625.08,0,3,44200,-37000,10,1,2,3,15980,7990,63920,2014,8904,5,1,1,7200,0.18181818181818182,0.09090909090909091,0.7272727272727273,140.60600243168872,6,1,0,1,0,0,0,0,0,0,0,0,0,0,0,1,0,0,0,0,0,0,0,0,0,0,0,0,1,0,0,0,0,0,0,0,0,0,0,0,0,0,1,0,1,0,0,0,0,0,0,0,1,0,0,0,0,0,1,0,0,0,0,0,0,1,0,0,0,0,1,0,1,0,0,0,0,0,0,0,0,0,0,0,0,1,0
330,47,2000,1133.27,0,0,0,-56400,20,2,0,2,11000,5500,44000,1999,277,6,1,16,-56400,0.18181818181818182,0.09090909090909091,0.7272727272727273,53.385336239378084,4,0,0,0,0,0,0,1,0,0,0,0,0,0,0,0,0,0,0,0,0,0,0,1,0,0,0,0,0,0,0,0,0,0,0,0,0,0,0,0,0,0,1,0,0,0,0,1,0,0,1,0,0,1,0,1,0,0,0,0,0,0,0,0,1,0,0,1,0,0,1,0,0,0,0,1,0,0,0,0,0,0,0,0,1,0,0
128,35,500,1366.6,0,5,0,0,10,3,2,1,16040,16040,56140,2008,3815,3,0,7,0,0.18181818181818182,0.18181818181818182,0.6363636363636364,64.55436850578077,6,1,0,0,1,0,0,0,0,0,0,1,0,0,0,0,0,0,0,0,0,0,0,0,0,0,0,0,0,1,0,0,0,0,0,0,0,0,0,1,0,0,0,0,0,0,0,0,0,1,0,0,1,0,0,1,0,0,0,0,0,1,0,0,0,0,0,1,0,0,0,0,0,1,0,0,0,0,0,0,0,0,0,0,0,1,0
147,37,1000,1439.9,6000000,2,0,-48400,2,2,1,2,9760,4880,39040,2004,2006,3,0,11,-48400,0.18181818181818182,0.09090909090909091,0.7272727272727273,37.280366692131395,5,0,1,0,1,0,0,0,0,0,0,0,0,0,1,0,0,0,0,0,0,0,0,0,0,0,0,0,0,0,0,0,0,0,0,0,1,0,0,0,0,0,0,0,0,0,1,0,0,0,1,0,0,1,0,0,0,0,1,0,0,0,0,0,0,0,1,0,0,0,0,0,0,0,0,0,0,0,0,0,0,0,0,0,0,0,1
287,45,1000,1230.69,0,4,0,-54600,19,1,0,2,5380,5380,43040,2006,2746,5,1,9,-54600,0.1,0.1,0.8,43.71531417334991,3,0,1,0,1,1,0,0,0,0,0,0,0,0,0,0,0,0,1,0,0,0,0,0,0,0,0,1,0,0,0,0,0,0,0,0,0,0,1,0,0,0,0,0,1,0,0,0,0,1,0,0,1,0,0,0,0,0,0,1,0,0,0,0,0,0,1,0,0,0,0,0,0,0,0,0,0,0,0,0,0,0,0,0,1,0,0
142,29,2000,1307.68,0,5,0,-48500,10,1,1,2,4530,9060,40770,1995,1831,3,0,20,-48500,0.08333333333333333,0.16666666666666666,0.75,41.56980300991068,4,0,1,0,0,0,0,1,0,0,0,0,0,0,0,0,0,0,0,0,0,0,0,0,0,1,0,0,0,0,0,0,0,0,0,0,0,0,0,0,0,0,0,0,1,0,1,0,0,0,0,0,0,0,1,1,0,0,0,0,0,1,0,0,0,0,0,0,1,0,0,0,0,0,0,0,0,0,1,0,0,0,0,0,0,1,0
162,35,2000,1124.69,0,4,0,0,14,1,0,3,9880,4940,39520,2001,5394,4,0,14,0,0.18181818181818182,0.09090909090909091,0.7272727272727273,48.31553583654162,4,0,0,0,1,0,0,0,0,0,1,0,0,0,0,0,0,0,0,0,0,1,0,0,0,0,0,0,0,0,0,0,0,0,0,0,0,0,0,0,0,0,0,0,1,0,0,1,0,0,0,0,0,0,1,0,0,0,0,0,1,0,0,0,0,0,0,0,1,0,1,0,0,0,0,0,0,0,0,0,0,0,1,0,0,0,0
140,35,1000,1520.78,0,0,0,-42900,5,1,0,2,520,260,2080,1997,2497,2,0,18,-42900,0.18181818181818182,0.09090909090909091,0.7272727272727273,1.880613895500993,3,0,1,0,0,0,0,1,0,0,0,0,0,0,0,0,0,0,0,0,0,0,0,1,0,0,0,0,0,0,0,0,0,0,0,0,0,0,0,0,0,0,1,1,0,0,0,0,1,0,0,1,0,0,0,0,0,0,1,0,0,1,0,0,0,0,0,1,0,0,1,0,0,1,0,0,0,0,0,0,0,0,0,0,0,1,0
106,28,2000,1609.11,0,0,0,0,8,1,2,1,0,1220,4270,1999,9022,6,1,16,0,0.0,0.2222222222222222,0.7777777777777778,3.4118239275127245,4,0,1,0,0,1,0,1,0,0,0,0,0,0,0,0,0,0,0,0,0,0,0,0,0,0,0,0,0,0,0,0,1,0,0,0,0,0,0,0,1,0,0,0,0,1,0,0,1,1,0,0,0,0,1,0,0,0,0,0,1,0,1,0,0,0,0,0,1,0,1,0,0,0,0,0,0,0,0,0,1,0,0,0,0,1,0
292,45,1000,1358.91,0,4,0,0,4,1,0,2,670,1340,5360,1997,8739,4,0,18,0,0.09090909090909091,0.18181818181818182,0.7272727272727273,5.423464394257162,3,0,0,0,1,1,0,1,0,0,0,0,0,0,0,0,0,0,0,0,0,0,0,0,0,1,0,0,0,0,0,0,0,0,0,0,0,0,0,0,0,1,0,0,0,1,0,0,1,0,0,1,0,0,1,0,0,0,0,0,1,0,0,1,0,0,0,0,0,1,0,0,0,0,0,0,0,0,0,0,0,1,0,0,0,0,1
34,34,500,1295.87,0,6,0,0,4,3,1,0,5080,5080,40640,1997,8335,1,0,18,0,0.1,0.1,0.8,39.201463109725516,4,0,1,0,1,0,0,0,0,0,0,0,0,1,0,0,0,0,0,0,0,0,0,1,0,0,0,0,0,0,0,0,0,0,0,0,0,0,0,0,0,0,0,0,0,0,0,1,0,0,0,0,0,0,0,0,0,0,0,0,0,1,0,0,0,0,0,1,0,0,0,1,0,0,0,0,0,0,0,0,0,0,0,0,0,0,1
290,48,500,1161.03,5000000,2,45300,0,20,2,1,1,5190,5190,31140,2014,660,4,0,1,45300,0.125,0.125,0.75,35.76134983592155,4,0,0,1,0,1,0,0,0,0,0,0,0,0,0,0,0,0,0,0,0,0,0,0,0,0,0,0,0,0,0,0,0,0,0,0,1,0,1,0,0,0,0,0,0,0,0,1,0,1,0,0,1,0,0,0,0,0,0,1,0,0,0,0,1,0,0,1,0,1,0,0,0,0,0,0,0,0,0,1,0,0,0,0,1,0,0
182,38,2000,1441.06,0,4,53800,-78300,18,1,2,3,8150,16300,65200,2005,2099,3,0,10,-24500,0.09090909090909091,0.18181818181818182,0.7272727272727273,62.21115012560199,6,0,1,0,1,0,1,0,0,0,0,0,0,0,0,0,0,0,0,0,0,0,0,0,0,0,0,0,0,0,1,0,0,0,0,0,0,0,0,0,0,0,0,0,1,0,0,1,0,0,1,0,0,0,1,1,0,0,0,0,0,0,0,0,0,1,0,1,0,0,1,0,0,0,1,0,0,0,0,0,0,0,0,0,1,0,0
362,55,1000,1097.99,0,3,44400,-71500,0,3,0,3,0,0,39690,1998,2269,1,0,17,-27100,0.0,0.0,1.0,36.147870199182144,6,0,1,0,0,0,0,0,0,0,0,0,1,0,0,0,0,0,0,0,0,0,0,0,0,0,0,0,0,0,0,0,0,0,0,0,0,0,0,0,0,1,0,0,0,0,1,0,0,0,1,0,0,0,1,1,0,0,0,0,0,0,1,0,0,0,0,0,0,0,0,0,0,0,0,0,0,0,0,0,0,1,0,0,0,0,1
143,32,1000,1464.42,0,0,79900,0,1,1,2,0,5660,5660,50940,1995,5307,3,0,20,79900,0.09090909090909091,0.09090909090909091,0.8181818181818182,42.51512544215457,3,0,0,0,1,0,0,0,1,0,0,0,0,0,0,0,0,0,0,0,0,0,0,0,0,0,0,1,0,0,0,0,0,0,0,0,0,0,0,0,0,0,0,0,1,0,1,0,0,0,0,0,0,0,0,0,0,0,1,0,0,0,0,0,0,0,1,1,0,0,0,0,0,0,0,0,0,0,0,0,1,0,0,0,0,0,1
183,38,500,1543.68,0,4,20200,0,17,1,0,1,9440,4720,37760,2001,227,5,1,14,20200,0.18181818181818182,0.09090909090909091,0.7272727272727273,33.63391376451078,2,0,0,1,0,0,0,0,0,0,0,0,0,0,1,0,0,0,0,0,0,0,0,0,0,0,0,0,0,0,0,1,0,0,0,0,0,0,1,0,0,0,0,0,1,0,0,1,0,0,0,0,0,0,1,0,0,0,0,0,0,0,1,0,0,0,0,0,0,0,1,1,0,0,0,0,0,0,0,0,0,0,0,0,1,0,0
254,40,500,1390.89,5000000,1,0,-74400,23,1,2,2,9720,4860,38880,2009,7251,5,1,6,-74400,0.18181818181818182,0.09090909090909091,0.7272727272727273,38.43582166814054,5,0,0,1,0,1,1,0,0,0,0,0,0,0,0,0,0,0,0,0,0,1,0,0,0,0,0,0,0,0,0,0,0,0,0,0,0,0,0,0,0,0,1,0,1,0,0,0,0,1,0,0,0,1,0,1,0,0,0,0,0,0,0,0,0,1,0,1,0,1,0,0,0,0,0,0,0,0,0,0,0,0,0,1,0,0,1
249,43,2000,1148.58,0,5,0,-71200,4,3,2,1,5710,5710,45680,2014,8919,0,0,1,-71200,0.1,0.1,0.8,49.71355935154713,6,0,1,0,0,0,0,0,0,0,0,0,0,0,0,0,0,0,0,0,0,0,0,0,0,0,0,1,0,0,0,0,0,0,0,0,0,0,1,0,0,0,0,0,0,0,1,0,0,0,1,0,1,0,0,0,0,0,1,0,0,0,0,0,0,0,0,0,1,0,1,0,0,0,0,0,1,0,0,0,0,0,0,0,0,0,1
169,36,500,1616.26,0,0,50700,-57600,0,3,2,3,14080,7040,56320,2004,5904,0,0,11,-6900,0.18181818181818182,0.09090909090909091,0.7272727272727273,47.913083291054654,8,1,0,1,0,1,0,0,1,0,0,0,0,0,0,0,0,0,0,0,0,0,0,0,0,0,0,0,0,0,0,0,0,0,0,0,0,1,0,0,0,1,0,0,0,0,0,0,0,0,1,0,0,0,0,1,0,0,0,0,0,0,0,0,0,0,1,0,0,1,0,0,0,0,1,0,0,0,0,0,0,0,0,0,0,0,1
235,40,500,1398.94,0,1,0,0,11,1,1,2,6830,13660,47810,2003,7047,5,1,12,0,0.1,0.2,0.7,48.822680029164935,4,0,0,0,1,1,0,1,0,0,0,0,0,0,0,0,0,0,0,0,0,1,0,0,0,0,0,0,0,0,0,0,0,0,0,0,0,0,0,0,0,0,0,0,1,0,0,1,0,1,0,0,0,0,0,1,0,0,0,0,0,0,0,0,0,1,0,0,0,0,0,0,0,0,0,0,0,0,0,0,0,1,0,0,0,1,0
112,32,1000,1238.92,0,2,57800,-53700,4,1,0,2,460,920,3680,2012,5531,2,0,3,4100,0.09090909090909091,0.18181818181818182,0.7272727272727273,4.0842023698059595,3,0,1,0,1,1,0,0,0,0,0,0,1,0,0,0,0,0,0,0,0,0,0,0,0,0,0,0,0,0,0,0,0,0,0,0,0,0,0,1,0,0,0,1,0,0,0,0,1,0,0,1,0,0,0,1,0,0,0,0,0,0,0,0,0,0,0,1,0,1,0,0,0,0,0,0,1,0,0,0,0,0,0,0,0,0,1
16,32,1000,968.46,0,5,50800,-66200,0,3,0,2,6600,13200,39600,1995,4566,1,0,20,-15400,0.1111111111111111,0.2222222222222222,0.6666666666666666,61.33448980856205,5,0,0,0,0,1,0,0,0,0,0,0,0,0,0,0,0,1,0,0,0,0,0,1,0,0,0,0,0,0,0,0,0,0,0,0,0,0,1,0,0,0,0,0,0,0,0,1,0,0,1,0,0,0,0,0,0,0,0,0,1,1,0,0,0,0,0,1,0,1,0,0,0,0,1,0,0,0,0,0,0,0,0,0,0,0,1
128,31,500,1045.12,0,0,0,-28300,2,3,0,2,0,15540,54390,2013,7839,0,0,2,-28300,0.0,0.2222222222222222,0.7777777777777778,66.91097672994489,5,0,0,0,0,0,0,0,0,0,0,0,0,0,0,0,0,0,1,0,0,0,0,0,1,0,0,0,0,0,0,0,0,0,0,0,0,0,0,1,0,0,0,0,0,0,0,1,0,0,0,0,0,0,0,1,0,0,0,0,0,0,0,0,0,0,1,0,0,1,0,0,0,0,0,1,0,0,0,0,0,0,0,0,0,0,1
103,27,1000,1537.33,0,1,0,-74800,11,3,1,1,7770,15540,54390,2008,2623,4,0,7,-74800,0.1,0.2,0.7,50.54217376880696,5,1,0,0,0,0,0,0,0,0,1,0,0,0,0,0,0,0,0,0,1,0,0,0,0,0,0,0,0,0,0,0,0,0,0,0,0,0,0,0,0,0,0,0,0,0,0,0,0,1,0,0,0,0,1,1,0,0,0,0,0,0,0,0,0,0,1,0,1,0,0,0,0,0,0,0,0,1,0,0,0,0,0,0,0,1,0
356,54,500,912.3,0,1,58500,-44000,23,3,2,1,12500,12500,43750,2007,2526,5,1,8,14500,0.18181818181818182,0.18181818181818182,0.6363636363636364,75.35898279074866,6,0,1,0,1,1,0,0,0,0,0,0,0,0,1,0,0,0,0,0,0,0,0,0,0,0,0,0,0,0,0,0,0,0,0,0,0,1,0,0,0,0,1,0,0,0,0,0,0,0,0,0,0,1,0,0,0,0,1,0,0,0,0,1,0,0,0,0,0,1,0,1,0,0,0,0,0,0,0,0,0,0,0,0,0,0,1
109,29,2000,1007.28,6000000,0,0,0,17,3,1,3,16560,16560,57960,1995,3065,5,1,20,0,0.18181818181818182,0.18181818181818182,0.6363636363636364,90.42172980700501,7,0,1,0,0,0,0,0,0,0,0,0,0,0,0,0,0,0,0,0,0,0,0,0,0,0,0,0,0,0,1,0,0,0,0,0,0,0,0,0,0,0,0,0,0,0,0,1,0,1,0,0,0,0,1,1,0,0,0,0,0,0,0,0,0,1,0,0,0,0,1,0,0,0,0,0,0,1,0,0,0,0,0,0,1,0,0
2,20,1000,1189.98,4000000,0,0,-54700,22,1,1,3,4030,8060,36270,2000,4347,6,1,15,-54700,0.08333333333333333,0.16666666666666666,0.75,40.63933847627691,5,1,0,0,1,0,0,1,0,0,0,0,0,0,0,0,0,0,0,0,0,0,0,0,0,0,0,1,0,0,0,0,0,0,0,0,0,0,0,1,0,0,0,0,1,0,0,1,0,1,0,0,0,1,0,0,0,0,0,0,1,1,0,0,0,0,0,0,0,0,1,1,0,0,0,0,0,0,0,0,0,0,0,0,0,0,1
198,34,1000,1576.41,0,2,0,-55100,18,1,1,1,9500,9500,76000,2001,4290,2,0,14,-55100,0.1,0.1,0.8,60.263510127441464,3,0,1,1,0,1,0,0,0,0,1,0,0,0,0,0,0,0,0,0,0,0,0,0,0,0,0,0,0,1,0,0,0,0,0,0,0,0,0,1,0,0,0,0,1,0,0,1,0,0,0,0,0,1,0,0,0,0,0,0,1,0,1,0,0,0,0,0,1,0,1,0,0,0,0,1,0,0,0,0,0,0,0,0,1,0,0
107,32,500,1172.82,4000000,2,82100,0,8,1,1,3,780,390,2730,2010,4677,1,0,5,82100,0.2,0.1,0.7,3.325318463191283,5,0,1,0,0,1,0,0,0,0,0,1,0,0,0,0,0,0,0,0,0,0,0,0,0,0,0,0,0,0,0,0,0,0,0,0,0,1,0,1,0,0,0,0,0,1,0,0,1,0,0,1,0,0,1,0,0,0,1,0,0,0,0,0,0,0,0,1,0,0,0,0,0,0,0,1,0,0,0,0,0,0,0,0,0,1,0
252,39,500,1312.22,9000000,0,0,-33300,15,3,0,3,11880,5940,41580,2010,4011,5,1,5,-33300,0.2,0.1,0.7,45.266799774428065,6,0,0,0,1,1,0,0,0,0,0,0,0,0,0,0,0,0,1,0,0,0,0,0,1,0,0,0,0,0,0,0,0,0,0,0,0,0,0,1,0,0,0,0,0,0,0,0,0,1,0,0,0,1,0,0,0,0,0,0,0,0,0,0,0,1,0,1,0,0,0,0,0,0,0,0,0,1,0,0,0,0,0,0,0,0,0
303,43,1000,671.01,7000000,2,42900,-61500,20,1,2,0,6690,6690,46830,2013,5838,3,0,2,-18600,0.1111111111111111,0.1111111111111111,0.7777777777777778,89.73040640228909,3,0,1,0,1,0,0,0,0,0,0,1,0,0,0,0,0,0,0,0,0,0,1,0,0,0,0,0,0,0,0,0,0,0,0,0,0,0,0,1,0,0,0,0,1,0,1,0,0,1,0,0,1,0,0,0,0,0,0,0,0,0,0,0,0,0,1,1,0,1,0,0,0,0,0,0,0,0,0,1,0,0,0,0,1,0,0
101,32,500,895.14,0,3,52600,-30400,4,1,0,3,8720,4360,30520,2010,4735,5,1,5,22200,0.2,0.1,0.7,48.70746475411668,4,0,0,1,0,1,0,0,0,0,0,0,0,0,0,0,1,0,0,0,0,0,0,0,0,0,0,0,0,0,0,0,0,0,0,0,1,0,0,1,0,0,0,0,1,0,0,0,0,1,0,0,0,0,0,0,0,0,1,0,0,1,0,0,0,0,0,1,0,0,1,0,0,0,0,0,0,0,0,0,0,1,0,0,0,0,1
446,57,2000,1373.21,0,1,42700,-64900,10,3,0,0,6280,12560,43960,2012,8102,5,1,3,-22200,0.1,0.2,0.7,45.73226236336758,3,1,0,0,0,1,0,0,0,0,0,0,0,0,0,0,0,0,0,0,0,0,0,0,0,0,0,0,0,0,0,0,0,0,0,1,0,0,0,0,0,1,0,0,0,0,0,0,0,0,1,0,0,0,1,0,0,0,1,0,0,0,0,0,1,0,0,0,0,0,0,0,0,0,0,0,0,1,0,0,0,0,0,0,0,1,0
330,48,1000,1625.65,0,1,0,0,10,1,1,3,11900,5950,41650,2006,6091,3,0,9,0,0.2,0.1,0.7,36.60074431765755,5,0,1,1,0,1,0,0,0,1,0,0,0,0,0,0,0,0,0,0,0,0,0,0,0,0,0,0,0,0,0,0,0,0,1,0,0,0,0,0,0,0,0,0,1,0,0,1,0,0,0,0,0,0,0,0,0,0,0,1,0,0,0,0,0,0,1,0,1,1,0,0,0,0,1,0,0,0,0,0,0,0,0,0,0,1,0
211,37,2000,1295.63,4000000,6,42200,-33800,22,3,1,0,5940,5940,41580,2009,1485,4,0,6,8400,0.1111111111111111,0.1111111111111111,0.7777777777777778,41.26177998348294,4,0,1,1,0,0,1,0,0,0,0,0,0,0,0,0,0,0,0,0,0,0,0,0,0,0,0,0,0,0,0,0,0,0,1,0,0,0,1,0,0,0,0,0,0,0,0,0,0,0,1,0,0,0,1,0,0,0,0,0,1,0,0,1,0,0,0,0,1,1,0,0,0,0,0,0,1,0,0,0,0,0,0,0,0,0,1
172,33,1000,1459.96,6000000,0,41300,-42000,15,3,0,1,7580,7580,26530,1999,1048,2,0,16,-700,0.18181818181818182,0.18181818181818182,0.6363636363636364,28.55557686511959,4,0,0,0,0,0,0,0,0,0,0,0,0,0,0,0,0,0,0,0,0,0,0,0,0,0,0,0,0,0,0,0,0,1,0,0,0,0,0,0,0,0,1,0,0,0,0,1,0,0,1,0,0,0,0,1,0,0,0,0,0,0,0,1,0,0,0,0,0,0,0,0,0,0,0,0,0,0,0,0,1,0,0,0,0,0,0
316,46,500,1219.94,7000000,4,0,-51000,13,1,0,1,6310,12620,44170,2000,1343,4,0,15,-51000,0.1,0.2,0.7,51.72385527157073,2,0,1,0,0,0,0,0,0,0,0,0,0,0,1,0,0,0,0,0,0,0,0,0,0,0,0,0,0,0,0,1,0,0,0,0,0,0,0,0,0,0,1,0,1,0,0,1,0,1,0,0,0,0,0,1,0,0,0,0,0,0,0,0,0,0,0,1,0,0,1,0,0,0,0,0,0,0,0,0,0,0,0,0,0,0,0
435,60,500,1064.49,5000000,2,73500,-43300,23,1,2,1,5240,10480,47160,2007,3006,4,0,8,30200,0.08333333333333333,0.16666666666666666,0.75,59.070540822365636,4,0,1,0,1,1,0,0,0,0,0,0,0,1,0,0,0,0,0,0,0,0,0,1,0,0,0,0,0,0,0,0,0,0,0,0,0,0,0,1,0,0,0,0,1,0,0,0,0,0,1,0,0,0,0,0,0,0,0,0,1,0,0,0,0,0,0,0,0,1,0,0,0,0,0,0,0,0,1,0,0,0,0,0,0,0,1
344,51,1000,959.83,0,4,0,-38700,18,3,2,2,17400,11600,46400,2006,2411,0,0,9,-38700,0.23076923076923078,0.15384615384615385,0.6153846153846154,78.55557755019117,7,0,0,0,0,0,0,0,0,0,0,0,0,0,0,0,1,0,0,0,0,0,0,0,0,0,0,0,0,0,0,1,0,0,0,0,0,0,1,0,0,0,0,0,0,0,0,1,0,0,0,0,1,0,0,1,0,0,0,0,0,0,0,1,0,0,0,1,0,0,1,0,1,0,0,0,0,0,0,0,0,0,0,0,1,0,0
204,40,2000,1767.02,0,3,0,-49300,7,1,1,1,4200,8400,33600,1997,7851,4,0,18,-49300,0.09090909090909091,0.18181818181818182,0.7272727272727273,26.14571425337574,3,0,1,1,0,1,0,0,0,0,0,1,0,0,0,0,0,0,0,0,0,0,0,0,0,0,0,0,1,0,0,0,0,0,0,0,0,0,0,0,0,0,0,0,1,0,1,0,0,0,1,0,0,0,0,0,0,0,1,0,0,0,0,0,0,0,0,0,1,0,0,1,0,0,0,0,0,0,0,0,0,0,0,0,0,1,0
278,47,500,1285.01,0,4,0,-39800,21,1,2,2,5850,5850,46800,2010,2478,0,0,5,-39800,0.1,0.1,0.8,45.52493754912413,5,1,0,0,1,1,0,0,0,0,0,1,0,0,0,0,0,0,0,0,0,0,0,0,0,0,0,0,0,0,0,0,0,0,0,1,0,0,1,0,0,0,0,0,1,0,1,0,0,0,0,0,0,0,0,0,0,0,0,1,0,0,1,0,0,0,0,0,0,0,1,0,0,0,0,0,0,0,0,0,0,0,1,0,0,0,1
434,57,2000,1422.95,0,3,0,0,15,3,1,3,11040,11040,44160,2003,5321,5,1,12,0,0.16666666666666666,0.16666666666666666,0.6666666666666666,46.55117888892793,7,0,1,0,1,1,0,0,0,0,0,0,0,0,0,0,0,0,1,0,0,1,0,0,0,0,0,0,0,0,0,0,0,0,0,0,0,0,0,0,0,0,0,0,0,0,1,0,0,0,0,0,0,1,0,0,0,0,1,0,0,1,0,0,0,0,0,0,0,0,0,0,0,0,0,0,0,0,0,1,0,0,0,0,0,0,0
209,36,2000,1223.39,0,5,0,0,17,3,1,3,8180,8180,49080,2014,1827,0,0,1,0,0.125,0.125,0.75,53.49071023958018,7,1,0,0,0,0,0,1,0,0,0,0,0,0,0,0,0,0,0,0,0,0,1,0,0,0,0,0,0,0,0,0,0,0,0,0,0,0,0,0,0,0,1,0,0,0,1,0,0,0,1,0,0,0,0,0,0,1,0,0,0,0,1,0,0,0,0,1,0,1,0,0,0,0,0,0,0,1,0,0,0,0,0,0,1,0,0
250,43,2000,1539.06,0,4,37800,0,2,1,0,3,10700,10700,42800,2002,9064,1,0,13,37800,0.16666666666666666,0.16666666666666666,0.6666666666666666,41.713773342169894,4,0,0,0,1,1,0,0,0,0,0,0,0,0,0,0,1,0,0,0,0,0,0,0,0,0,1,0,0,0,0,0,0,0,0,0,0,0,0,1,0,0,0,0,1,0,0,0,0,1,0,0,1,0,0,0,0,0,1,0,0,0,1,0,0,0,0,0,0,1,0,0,0,0,0,1,0,0,0,0,0,0,0,0,0,0,1
61,25,2000,988.06,0,4,0,0,1,3,1,0,4040,4040,24240,2000,6216,3,0,15,0,0.125,0.125,0.75,32.71056413578123,4,1,0,0,0,0,0,0,0,0,0,0,1,0,0,0,0,0,0,0,0,0,0,0,0,1,0,0,0,0,0,0,0,0,0,0,0,0,1,0,0,0,0,0,0,0,1,0,0,1,0,0,0,0,0,0,0,0,0,0,1,0,0,1,0,0,0,0,1,0,0,0,0,0,1,0,0,0,0,0,0,0,0,0,0,0,1
80,28,1000,1740.57,0,1,0,-18600,3,1,0,1,3720,3720,26040,2011,46,1,0,4,-18600,0.1111111111111111,0.1111111111111111,0.7777777777777778,19.235078164049707,2,0,0,0,1,0,0,0,0,1,0,0,0,0,0,0,0,0,0,0,0,0,0,0,0,0,0,1,0,0,0,0,0,0,0,0,0,0,0,0,0,0,1,0,1,0,1,0,0,0,0,0,0,0,1,0,0,0,1,0,0,0,0,1,0,0,0,1,0,1,0,0,0,0,1,0,0,0,0,0,0,0,0,0,0,0,1
25,38,1000,1540.91,7000000,1,40900,0,0,1,1,1,480,960,2880,1995,7019,1,0,20,40900,0.1111111111111111,0.2222222222222222,0.6666666666666666,2.80353816900403,3,0,1,1,0,1,0,0,0,0,0,0,0,0,0,0,0,0,0,0,0,0,0,0,0,0,0,0,0,0,0,0,1,0,0,0,0,0,0,0,0,0,1,0,0,1,0,0,1,0,0,1,0,0,0,0,0,0,0,1,0,0,0,1,0,0,0,0,0,0,1,0,0,0,0,0,0,0,0,0,0,0,1,0,0,0,1
4,29,500,1381.88,5000000,0,0,-77800,4,1,0,2,840,420,2940,2008,4653,5,1,7,-77800,0.2,0.1,0.7,3.0393377138391173,3,0,0,1,0,1,0,0,0,0,0,0,0,0,0,0,0,1,0,0,0,0,0,0,0,0,1,0,0,0,0,0,0,0,0,0,0,0,0,1,0,0,0,0,0,1,0,0,1,0,0,1,0,0,1,0,0,0,1,0,0,0,1,0,0,0,0,0,0,1,0,0,0,0,0,0,0,1,0,0,0,0,0,0,0,0,1
32,29,500,1446.98,0,5,0,-45700,11,3,2,0,10540,5270,42160,2006,4569,2,0,9,-45700,0.18181818181818182,0.09090909090909091,0.7272727272727273,40.06275138564458,5,0,1,0,0,1,0,0,0,0,0,0,0,0,0,0,0,0,0,0,0,0,0,0,0,0,0,0,0,0,0,0,0,0,0,1,0,0,0,0,1,0,0,0,0,0,0,0,0,1,0,0,0,0,0,1,0,0,0,0,0,0,0,0,0,0,0,0,1,0,0,0,0,0,0,0,0,0,0,0,1,0,0,0,0,1,0
125,31,500,1220.86,0,3,55400,-40400,4,1,1,2,0,960,3360,2003,783,5,1,12,15000,0.0,0.2222222222222222,0.7777777777777778,3.538489261668005,4,1,0,0,1,1,0,0,0,0,0,0,1,0,0,0,0,0,0,0,0,0,0,0,0,0,0,0,0,0,0,1,0,0,0,0,0,0,0,0,0,0,0,1,0,0,0,0,1,0,0,1,0,0,0,1,0,0,0,0,0,0,0,0,0,0,0,0,1,1,0,0,0,0,0,0,0,0,0,0,1,0,0,0,0,0,1
276,45,500,948.1,0,0,44500,-61400,11,3,0,2,13860,6930,48510,2010,5403,1,0,5,-16900,0.2,0.1,0.7,73.09355553211687,5,0,0,0,1,0,0,0,0,0,0,1,0,0,0,0,0,0,0,0,0,0,0,0,0,0,0,0,0,0,0,0,0,1,0,0,0,0,0,0,0,0,1,0,0,0,0,0,0,1,0,0,1,0,0,0,0,0,1,0,0,1,0,0,0,0,0,1,0,1,0,0,0,0,0,1,0,0,0,0,0,0,0,0,0,1,0
148,30,500,1471.24,0,4,57500,-93600,4,3,2,2,4060,4060,24360,1997,4660,3,0,18,-36100,0.125,0.125,0.75,22.076615643946603,7,0,1,0,0,0,0,0,0,1,0,0,0,0,0,0,0,0,0,0,0,0,1,0,0,0,0,0,0,0,0,0,0,0,0,0,0,0,0,0,1,0,0,0,0,0,0,1,0,1,0,0,0,0,1,0,0,0,0,0,0,0,0,0,0,1,0,0,0,0,0,0,0,0,1,0,0,0,0,0,0,0,0,0,0,0,1
222,38,2000,1157.97,0,5,0,-64500,20,1,2,2,6720,6720,47040,2001,2441,6,1,14,-64500,0.1111111111111111,0.1111111111111111,0.7777777777777778,52.22933236612347,5,1,0,0,0,1,0,0,0,0,0,1,0,0,0,0,0,0,0,0,0,0,0,0,0,0,0,0,1,0,0,0,0,0,0,0,0,0,1,0,0,0,0,0,1,0,0,0,0,0,1,0,0,0,1,1,0,0,0,0,0,0,1,0,0,0,0,1,0,0,1,0,0,0,0,0,0,0,0,0,0,0,0,0,1,0,0
32,38,2000,566.11,5000000,2,0,0,22,1,0,0,440,440,1760,2015,7594,2,0,0,0,0.16666666666666666,0.16666666666666666,0.6666666666666666,4.6634046386744625,1,0,0,1,0,1,1,0,0,0,0,0,0,0,0,0,0,0,0,0,0,0,0,0,0,0,0,0,0,0,0,0,1,0,0,0,0,0,0,0,0,1,0,1,0,0,0,0,1,0,0,1,0,0,1,0,0,0,0,0,0,0,0,0,0,0,1,0,1,0,0,0,0,0,0,0,1,0,0,0,0,0,0,0,0,0,1
78,27,500,1060.88,0,3,0,-66500,4,1,0,3,550,1100,4400,2009,8375,1,0,6,-66500,0.09090909090909091,0.18181818181818182,0.7272727272727273,5.702812759218761,4,0,1,0,1,1,0,0,0,0,0,0,1,0,0,0,0,0,0,0,0,0,0,0,0,0,0,0,0,0,0,0,0,0,1,0,0,0,0,1,0,0,0,1,0,0,0,0,1,0,0,1,0,0,1,0,0,0,1,0,0,0,0,1,0,0,0,0,0,0,0,0,0,0,0,0,0,0,0,0,0,0,0,1,0,0,1
238,43,1000,1524.45,4000000,0,0,-44800,21,4,0,0,4270,4270,34160,1995,6855,0,0,20,-44800,0.1,0.1,0.8,28.010102004001443,4,0,1,1,0,1,0,0,0,0,1,0,0,0,0,0,0,0,0,0,0,0,0,1,0,0,0,0,0,0,0,0,0,0,0,0,0,0,0,0,0,0,1,0,0,0,1,0,0,0,1,0,0,0,0,0,0,0,0,0,0,0,1,0,0,0,0,0,0,0,0,0,0,0,0,0,0,0,0,0,1,0,0,0,0,0,1
313,47,1000,1556.17,0,1,63900,-53300,20,1,1,3,3660,7320,29280,1996,675,5,1,19,10600,0.09090909090909091,0.18181818181818182,0.7272727272727273,25.87120944369831,5,1,0,1,0,1,0,0,0,0,0,0,0,0,1,0,0,0,0,0,0,0,0,0,0,0,0,0,0,0,0,0,0,1,0,0,0,0,0,0,0,0,1,0,1,0,0,0,0,0,0,0,0,0,0,0,0,0,1,0,0,0,1,0,0,0,0,0,1,0,0,0,0,0,0,0,0,0,0,0,0,0,0,0,1,0,0
334,50,500,1216.24,0,4,26700,-47200,7,1,2,0,5000,10000,35000,2008,1889,2,0,7,-20500,0.1,0.2,0.7,41.11030717621522,3,0,1,0,1,1,0,0,0,0,0,0,0,1,0,0,0,0,0,0,0,0,0,0,0,0,0,0,0,0,0,0,1,0,0,0,0,0,0,0,0,0,1,0,1,0,1,0,0,0,0,0,1,0,0,1,0,0,0,0,0,1,0,0,0,0,0,0,0,1,0,0,0,1,0,0,0,0,0,0,0,0,0,0,0,1,0
190,35,500,1484.72,5000000,0,0,0,4,1,0,1,640,320,2880,1998,2280,0,0,17,0,0.16666666666666666,0.08333333333333333,0.75,2.586346247103831,2,1,0,1,0,0,0,0,0,0,0,0,0,0,0,0,0,1,0,0,0,0,0,0,0,0,0,1,0,0,0,0,0,0,0,0,0,0,0,0,0,0,0,1,0,0,0,0,1,0,0,1,0,0,0,1,0,0,0,0,0,0,0,0,0,1,0,0,0,0,0,0,0,0,0,0,0,0,0,0,1,0,0,0,0,0,1
194,41,500,1203.81,0,3,52500,-51300,17,3,0,2,13700,20550,61650,1999,8026,4,0,16,1200,0.14285714285714285,0.21428571428571427,0.6428571428571429,79.66373431023169,5,0,0,1,0,1,0,0,0,0,0,0,0,0,0,0,0,0,1,0,0,0,0,0,0,0,0,0,0,0,0,0,0,0,0,0,1,0,1,0,0,0,0,0,0,0,1,0,0,1,0,0,0,0,1,0,0,0,0,0,1,0,0,0,0,0,1,1,0,1,0,0,0,0,0,0,0,0,0,0,1,0,0,0,1,0,0
290,47,1000,1393.34,0,0,0,-61400,20,3,1,3,6240,12480,37440,2002,2369,3,0,13,-61400,0.1111111111111111,0.2222222222222222,0.6666666666666666,40.306027243888785,7,1,0,1,0,1,0,0,1,0,0,0,0,0,0,0,0,0,0,0,0,1,0,0,0,0,0,0,0,0,0,0,0,0,0,0,0,0,0,1,0,0,0,0,0,0,0,1,0,1,0,0,0,0,0,0,0,0,0,0,1,0,0,1,0,0,0,0,1,0,1,1,0,0,0,0,0,0,0,0,0,0,0,0,1,0,0
26,42,1000,1484.48,0,6,50700,-36300,10,1,2,3,5730,11460,45840,1996,1627,1,0,19,14400,0.09090909090909091,0.18181818181818182,0.7272727272727273,42.45931235179996,6,0,1,0,0,1,1,0,0,0,0,0,0,0,0,0,0,0,0,0,0,0,0,0,0,0,0,0,0,0,0,0,0,0,0,1,0,0,1,0,0,0,0,0,1,0,0,1,0,0,0,0,0,0,1,0,0,0,1,0,0,0,0,0,0,1,0,0,0,1,0,0,0,0,0,0,0,0,0,0,1,0,0,0,0,1,0
254,41,500,1581.27,5000000,6,42200,-48000,8,1,2,2,5770,11540,46160,1999,6956,2,0,16,-5800,0.09090909090909091,0.18181818181818182,0.7272727272727273,40.1386227525976,5,0,0,1,0,0,0,0,0,0,1,0,0,0,0,0,0,0,0,0,0,0,0,0,0,0,0,0,0,0,0,0,0,0,1,0,0,0,0,0,1,0,0,0,1,0,0,0,0,1,0,0,0,0,1,1,0,0,0,0,0,0,0,0,0,1,0,0,1,0,0,0,1,0,0,0,0,0,0,0,0,0,0,0,0,1,0
199,38,1000,1281.25,0,0,0,-53100,6,1,0,2,8080,4040,32320,2007,8532,2,0,8,-53100,0.18181818181818182,0.09090909090909091,0.7272727272727273,34.68487804878049,3,0,0,1,0,0,0,0,0,0,0,0,0,0,0,0,0,1,0,0,0,0,0,0,0,0,0,0,0,0,1,0,0,0,0,0,0,0,0,1,0,0,0,0,1,0,0,0,0,0,0,0,0,0,1,0,0,0,0,0,1,1,0,0,0,0,0,1,0,0,0,0,1,0,0,0,0,0,0,0,0,0,0,0,0,1,0
137,35,500,1667.83,0,3,48500,-67400,4,1,1,1,1200,1200,4200,2005,1791,2,0,10,-18900,0.18181818181818182,0.18181818181818182,0.6363636363636364,3.9572378479821086,3,1,0,1,0,1,0,0,0,0,0,0,0,0,1,0,0,0,0,0,0,0,0,0,0,0,0,0,0,0,0,1,0,0,0,0,0,0,0,0,0,0,0,1,0,0,0,0,1,1,0,0,0,0,1,0,0,0,0,0,1,0,0,0,1,0,0,0,1,0,0,0,0,0,0,0,0,1,0,0,0,0,0,0,0,0,1
134,36,1000,1497.41,0,6,14100,-44500,17,3,2,0,9650,9650,57900,1996,8960,6,1,19,-30400,0.125,0.125,0.75,51.555686151421455,5,0,1,1,0,1,0,0,0,0,0,1,0,0,0,0,0,0,0,0,0,0,0,0,0,0,0,0,0,1,0,0,0,0,0,0,0,0,0,0,0,0,0,0,0,0,0,1,0,1,0,0,0,0,0,0,0,0,0,0,1,0,0,0,1,0,0,0,0,0,1,0,0,0,0,1,0,0,0,0,0,0,0,0,1,0,0
73,30,500,803.36,0,0,0,0,15,3,0,0,0,11400,45600,2013,2117,2,0,2,0,0.0,0.2,0.8,70.95200159330811,3,0,1,0,0,0,0,0,0,0,0,0,0,0,0,1,0,0,0,0,0,0,0,0,0,0,0,0,0,0,0,0,0,1,0,0,0,0,0,0,0,0,0,0,0,0,1,0,0,0,1,0,0,1,0,0,0,0,0,0,1,0,0,0,0,0,1,1,0,0,1,1,0,0,0,0,0,0,0,0,0,0,0,0,0,0,0
289,45,2000,1221.41,0,4,46700,-72500,9,1,2,1,300,300,2100,2006,5601,4,0,9,-25800,0.1111111111111111,0.1111111111111111,0.7777777777777778,2.2105599266421594,4,0,1,1,0,0,0,0,0,1,0,0,0,0,0,0,0,0,0,0,0,0,0,0,0,0,0,0,0,0,1,0,0,0,0,0,0,0,0,0,0,0,1,0,0,1,0,0,1,0,0,1,0,0,1,0,0,0,0,0,1,0,0,0,0,1,0,0,0,0,0,0,0,0,0,0,1,0,0,0,0,0,0,0,0,1,0
176,36,500,1865.83,5000000,1,32800,-50600,17,1,2,1,4300,8600,34400,2006,7258,2,0,9,-17800,0.09090909090909091,0.18181818181818182,0.7272727272727273,25.350648236977648,4,0,1,1,0,1,0,0,0,0,0,0,0,0,0,0,0,0,1,0,0,0,0,0,0,0,0,0,0,1,0,0,0,0,0,0,0,0,0,0,0,1,0,0,1,0,1,0,0,0,1,0,0,0,1,0,0,0,0,0,1,0,1,0,0,0,0,1,0,0,1,0,0,0,0,0,0,0,0,0,0,0,0,1,1,0,0
145,37,2000,1434.27,0,2,0,-35900,13,1,2,3,5010,10020,40080,2002,8422,6,1,13,-35900,0.09090909090909091,0.18181818181818182,0.7272727272727273,38.42372775000523,6,0,1,1,0,0,0,0,0,0,0,0,0,0,0,0,0,1,0,0,0,0,0,0,0,0,0,0,0,0,0,0,0,0,0,1,0,0,0,0,0,1,0,0,1,0,1,0,0,0,0,0,0,1,0,0,0,0,0,1,0,0,0,0,0,0,0,1,0,1,0,0,0,0,0,0,0,0,0,1,0,0,0,0,0,0,0
164,31,500,1114.68,0,2,44500,-55900,5,1,1,0,480,480,3360,2002,1456,0,0,13,-11400,0.1111111111111111,0.1111111111111111,0.7777777777777778,3.8755517278501452,2,1,0,0,1,0,0,0,0,0,0,0,1,0,0,0,0,0,0,0,0,0,0,0,0,0,0,0,0,0,0,0,0,1,0,0,0,0,0,0,0,0,0,0,0,1,0,0,1,0,0,1,0,0,1,0,0,0,1,0,0,0,0,0,0,0,1,0,1,0,0,0,0,0,0,0,0,0,1,0,0,0,0,0,0,1,0
186,38,2000,1218.56,0,4,39300,-60300,23,3,2,2,11460,5730,51570,1998,3236,6,1,17,-21000,0.16666666666666666,0.08333333333333333,0.75,56.42725840336135,7,0,1,1,0,0,0,0,0,0,0,0,0,0,0,0,0,0,1,0,0,0,0,0,0,0,0,0,0,0,0,0,0,0,0,0,1,0,0,0,0,0,0,0,0,0,0,0,0,0,1,0,0,0,1,0,0,0,0,1,0,0,0,0,0,0,0,0,1,1,0,0,0,0,0,0,0,0,0,0,1,0,0,0,0,0,1
85,31,2000,1234.69,9000000,5,0,0,1,2,2,1,14880,7440,52080,2003,3985,4,0,12,0,0.2,0.1,0.7,60.25804047979655,5,0,0,1,0,0,0,0,0,0,0,0,0,0,0,0,0,1,0,0,0,0,0,0,0,0,0,0,0,0,0,1,0,0,0,0,0,0,0,0,0,0,0,0,0,0,0,0,0,0,0,0,0,1,0,0,0,0,0,0,1,0,0,0,0,0,0,0,0,1,0,0,1,0,0,0,0,0,0,0,0,0,0,0,0,0,1
162,33,500,964.92,0,2,45700,0,17,4,2,1,3530,3530,28240,1996,8801,0,0,19,45700,0.1,0.1,0.8,36.58334369688679,7,0,1,1,0,0,0,0,1,0,0,0,0,0,0,0,0,0,0,0,0,0,0,0,0,0,0,0,0,0,0,0,0,0,0,0,0,0,0,1,0,0,0,0,0,0,1,0,0,0,0,0,1,0,0,1,0,0,0,0,0,0,1,0,0,0,0,0,0,0,0,0,0,0,0,0,0,0,1,0,0,0,0,0,1,0,0
396,57,500,1351.72,0,0,0,-49400,3,1,1,3,480,480,1680,2000,6687,3,0,15,-49400,0.18181818181818182,0.18181818181818182,0.6363636363636364,1.9530672032669487,5,0,0,0,1,1,0,0,0,0,0,0,0,0,0,0,0,1,0,0,0,0,1,0,0,0,0,0,0,0,0,0,0,0,0,0,0,0,0,0,0,0,1,1,0,0,0,0,1,1,0,0,0,0,0,1,0,0,0,0,0,0,0,0,0,0,1,0,1,1,0,0,0,0,0,0,0,0,0,0,0,0,0,1,0,0,1
270,41,1000,817.28,0,0,62200,0,17,3,1,1,4630,9260,46300,2014,7501,5,1,1,62200,0.07692307692307693,0.15384615384615385,0.7692307692307693,73.64673061863743,5,0,0,1,0,1,0,0,0,0,0,0,0,0,0,0,1,0,0,0,0,0,0,0,1,0,0,0,0,0,0,0,0,0,0,0,0,0,0,0,0,1,0,0,0,0,1,0,0,0,1,0,0,0,0,0,0,0,1,0,0,1,0,0,0,0,0,1,0,0,0,0,0,0,0,0,0,0,1,0,0,0,0,0,1,0,0
168,39,1000,1389.59,0,4,0,-42600,23,3,1,3,3780,7560,30240,2015,7561,1,0,0,-42600,0.09090909090909091,0.18181818181818182,0.7272727272727273,29.922495124461175,7,0,0,0,1,0,0,0,0,0,0,1,0,0,0,0,0,0,0,0,0,0,0,0,0,0,1,0,0,0,0,0,0,0,0,0,0,0,0,0,1,0,0,0,0,0,1,0,0,0,0,0,1,0,0,1,0,0,0,0,0,0,0,1,0,0,0,0,1,0,0,0,0,1,0,0,0,0,0,0,0,0,0,0,0,0,1
274,45,1000,1353.53,0,3,54700,-47900,13,1,0,0,11700,0,46800,1995,4250,2,0,20,6800,0.2,0.0,0.8,43.22032019977392,1,1,0,1,0,0,0,0,0,0,0,0,0,0,0,0,0,1,0,0,0,0,0,0,1,0,0,0,0,0,0,0,0,0,0,0,0,0,0,0,0,1,0,0,1,0,0,1,0,1,0,0,0,0,0,1,0,0,0,0,0,1,0,0,0,0,0,0,1,0,0,0,0,0,0,0,0,0,0,0,0,0,0,0,0,0,0
263,43,1000,1294.04,0,4,0,0,17,1,2,3,13220,6610,59490,1997,6760,3,0,18,0,0.16666666666666666,0.08333333333333333,0.75,61.2964050570307,6,1,0,0,1,0,0,0,0,0,1,0,0,0,0,0,0,0,0,0,0,0,0,0,0,0,0,0,0,0,1,0,0,0,0,0,0,0,1,0,0,0,0,0,1,0,1,0,0,1,0,0,1,0,0,0,0,0,1,0,0,0,0,0,0,1,0,0,1,0,1,0,0,0,0,0,0,0,0,1,0,0,0,0,1,0,0
152,33,1000,840.81,0,0,0,0,2,1,0,2,7510,7510,67590,2002,3569,5,1,13,0,0.09090909090909091,0.09090909090909091,0.8181818181818182,98.25049654499828,3,0,1,0,0,0,0,0,0,1,0,0,0,0,0,0,0,0,0,0,0,0,0,1,0,0,0,0,0,0,0,0,0,0,0,0,0,0,0,0,0,0,0,0,1,0,1,0,0,1,0,0,0,0,0,1,0,0,0,0,0,0,0,0,0,0,0,0,1,1,0,0,0,0,0,1,0,0,0,0,0,0,0,0,0,0,1
46,41,2000,998.19,0,5,43700,-66300,23,3,1,3,13100,19650,45850,2004,1543,4,0,11,-22600,0.16666666666666666,0.25,0.5833333333333334,78.74252396838277,7,0,1,0,0,0,0,0,0,0,0,0,0,1,0,0,0,0,0,0,0,0,0,0,0,0,0,0,0,0,0,0,0,0,0,0,1,0,0,0,0,0,0,0,0,0,1,0,0,0,1,0,0,0,0,0,0,0,1,0,0,0,1,0,0,0,0,0,0,1,0,0,0,0,1,0,0,0,0,0,0,0,0,0,0,0,1
276,46,2000,1090.32,0,1,0,-70400,17,1,1,2,5710,5710,39970,2007,890,0,0,8,-70400,0.1111111111111111,0.1111111111111111,0.7777777777777778,47.13295179396874,4,0,1,0,0,1,0,0,0,0,1,0,0,0,0,0,0,0,0,0,0,0,0,1,0,0,0,0,0,0,0,0,0,0,0,0,0,0,0,0,0,0,0,0,1,0,0,0,0,1,0,0,0,0,0,0,0,0,1,0,0,1,0,0,0,0,0,0,0,1,0,0,0,0,0,0,0,0,0,0,0,0,0,1,1,0,0
234,44,500,1780.67,0,2,0,0,3,1,1,0,7020,7020,56160,2012,4641,3,0,3,0,0.1,0.1,0.8,39.423363116130446,2,1,0,0,1,1,0,0,0,0,0,0,1,0,0,0,0,0,0,0,0,0,0,0,0,0,1,0,0,0,0,0,0,0,0,0,0,0,0,1,0,0,0,0,1,0,0,1,0,0,0,0,0,0,0,0,0,0,0,0,0,0,0,0,0,0,1,0,0,0,0,0,0,0,0,1,0,0,0,0,0,0,0,0,0,0,1
64,30,2000,1681.01,0,3,0,-51100,16,1,2,1,490,1470,2940,2015,8542,5,1,0,-51100,0.1,0.3,0.6,2.914914247981868,4,0,0,1,0,1,0,0,0,0,0,0,0,0,0,1,0,0,0,0,0,0,0,0,0,0,0,0,0,0,0,0,0,0,0,0,0,0,0,0,1,0,0,1,0,0,0,0,1,1,0,0,0,0,0,0,0,0,1,0,0,0,0,0,0,1,0,0,0,0,0,0,0,0,0,0,0,1,0,0,0,0,0,0,0,0,0
456,62,1000,1395.77,0,5,82600,-49500,13,3,1,3,5540,11080,49860,2012,2054,5,1,3,33100,0.08333333333333333,0.16666666666666666,0.75,47.629623791885486,7,0,1,1,0,0,0,0,0,0,0,0,0,0,0,1,0,0,0,0,0,0,0,1,0,0,0,0,0,0,0,0,0,0,0,0,0,0,0,0,1,0,0,0,0,0,0,1,0,0,0,0,0,1,0,0,0,1,0,0,0,0,1,0,0,0,0,1,0,0,0,0,0,0,0,0,0,0,0,0,1,0,0,0,0,0,0
58,23,2000,1471.44,5000000,0,57500,0,8,1,2,1,4580,9160,36640,2007,8271,1,0,8,57500,0.09090909090909091,0.18181818181818182,0.7272727272727273,34.238569020823135,4,0,1,0,1,1,0,0,0,0,0,0,0,0,0,0,0,0,1,0,0,0,0,0,0,0,0,0,0,0,0,0,0,1,0,0,0,0,0,0,1,0,0,0,1,0,1,0,0,0,0,0,1,0,0,0,0,0,0,0,0,0,0,0,0,1,0,0,0,0,0,0,0,1,0,0,0,0,0,0,0,0,0,0,0,1,0
475,61,500,1265.72,0,4,0,-59500,23,1,0,2,9900,9900,44550,1998,3842,2,0,17,-59500,0.15384615384615385,0.15384615384615385,0.6923076923076923,50.84062825901463,3,0,0,0,1,0,0,0,0,0,1,0,0,0,0,0,0,0,0,0,0,0,0,0,0,0,0,0,0,0,0,1,0,0,0,0,0,0,0,0,0,0,1,0,1,0,0,0,0,0,0,0,1,0,0,0,0,0,1,0,0,1,0,0,0,0,0,0,1,1,0,0,0,0,0,0,0,0,1,0,0,0,0,0,0,0,1
96,29,1000,1274.7,5000000,1,47500,-58700,15,3,2,3,5540,11080,38780,2004,2940,6,1,11,-11200,0.1,0.2,0.7,43.4612065584059,8,1,0,1,0,1,0,0,0,0,0,0,0,0,1,0,0,0,0,0,0,0,0,0,0,0,0,0,1,0,0,0,0,0,0,0,0,0,0,1,0,0,0,0,0,0,1,0,0,0,0,0,0,0,0,0,0,0,0,0,0,0,0,0,0,0,1,0,1,0,1,0,0,1,0,0,0,0,0,0,0,0,0,0,0,0,0
99,28,500,1330.39,0,5,0,0,3,1,2,2,4990,9980,34930,1998,2739,3,0,17,0,0.1,0.2,0.7,37.50779846511173,5,0,1,0,0,1,0,0,0,0,0,0,0,0,1,0,0,0,0,1,0,0,0,0,0,0,0,0,0,0,0,0,0,0,0,0,0,0,0,0,0,0,1,0,1,0,0,0,0,0,1,0,0,1,0,1,0,0,0,0,0,1,0,0,0,0,0,0,0,0,1,0,0,0,1,0,0,0,0,0,0,0,0,0,0,0,1
38,28,500,1122.95,4000000,4,78000,0,4,3,0,3,12480,12480,49920,2000,7495,0,0,15,78000,0.16666666666666666,0.16666666666666666,0.6666666666666666,66.68150852664856,6,0,1,0,1,1,0,0,0,0,0,0,0,1,0,0,0,0,0,0,0,0,0,0,0,0,0,1,0,0,0,0,0,0,0,0,0,0,0,1,0,0,0,0,0,0,0,1,0,1,0,0,0,0,0,0,0,0,0,0,1,0,0,0,1,0,0,0,0,0,1,0,0,0,0,0,0,0,0,0,0,0,0,0,0,0,1
259,44,2000,1655.79,0,4,0,0,8,1,0,0,16280,16280,73260,2002,6854,3,0,13,0,0.15384615384615385,0.15384615384615385,0.6923076923076923,63.90907059470102,1,0,1,1,0,0,0,0,1,0,0,0,0,0,0,0,0,0,0,0,0,0,0,0,0,0,1,0,0,0,0,0,0,0,0,0,0,0,0,0,0,0,0,0,1,0,0,0,0,1,0,0,0,1,0,1,0,0,0,0,0,0,0,1,0,0,0,0,1,0,1,1,0,0,0,0,0,0,0,0,0,0,0,0,0,1,0
241,43,1000,935.77,0,2,0,-36000,21,1,1,0,1300,650,5200,2003,8106,4,0,12,-36000,0.18181818181818182,0.09090909090909091,0.7272727272727273,7.6407664276478195,2,1,0,1,0,1,0,0,0,0,0,0,0,0,1,0,0,0,0,0,0,0,0,0,0,0,0,1,0,0,0,0,0,0,0,0,0,0,0,0,1,0,0,0,0,1,0,0,1,0,0,1,0,0,1,0,0,1,0,0,0,0,0,1,0,0,0,0,0,0,1,0,0,0,0,0,0,0,0,0,0,0,0,1,0,0,1
437,58,2000,1192.04,0,2,66100,-31400,23,1,0,0,11160,11160,33480,2004,1632,0,0,11,34700,0.2,0.2,0.6,46.810509714439114,1,1,0,0,1,1,0,1,0,0,0,0,0,0,0,0,0,0,0,0,0,0,0,0,0,1,0,0,0,0,0,0,0,0,0,0,0,0,0,0,1,0,0,0,1,0,0,0,0,0,1,0,0,0,0,0,0,0,1,0,0,0,0,0,1,0,0,0,1,0,0,0,0,0,1,0,0,0,0,0,0,0,0,0,0,0,1
130,34,500,990.11,0,4,0,-41200,8,1,1,3,1060,1060,3710,2015,2119,5,1,0,-41200,0.18181818181818182,0.18181818181818182,0.6363636363636364,5.888234640595489,5,0,1,0,0,1,0,0,0,0,0,0,0,0,0,0,1,0,0,0,0,0,0,0,0,0,0,0,0,1,0,0,0,0,0,0,0,0,0,1,0,0,0,1,0,0,0,0,1,0,0,1,0,0,0,1,0,0,0,0,0,0,0,0,0,1,0,1,0,0,1,0,0,0,1,0,0,0,0,0,0,0,0,0,0,1,0
269,41,2000,1422.21,0,2,0,-46400,21,1,2,1,17180,17180,51540,2005,6745,4,0,10,-46400,0.2,0.2,0.6,60.398956553532884,4,0,1,0,0,0,0,0,0,0,1,0,0,0,0,0,0,0,0,0,0,0,0,0,0,0,0,0,0,0,0,0,1,0,0,0,0,0,0,0,0,1,0,0,1,0,0,1,0,0,0,0,0,0,0,0,0,0,0,0,1,0,0,0,0,1,0,0,1,0,0,0,0,0,0,0,0,0,0,0,0,1,0,0,0,0,1
103,29,500,914.85,0,2,72100,0,5,1,2,3,790,1580,4740,2005,7478,3,0,10,72100,0.1111111111111111,0.2222222222222222,0.6666666666666666,7.771765863256271,6,0,1,0,1,1,0,0,0,0,0,0,0,0,1,0,0,0,0,0,0,0,0,0,0,0,0,0,0,0,0,0,0,0,0,0,0,0,0,1,0,0,0,1,0,0,0,0,1,1,0,0,0,0,1,0,1,0,0,0,0,1,0,0,0,0,0,0,0,0,0,0,0,0,0,0,0,0,0,0,0,0,0,0,0,1,0
284,43,500,1123.84,0,6,48200,0,12,3,0,0,6720,3360,26880,2007,8419,4,0,8,48200,0.18181818181818182,0.09090909090909091,0.7272727272727273,32.8872437357631,3,0,0,1,0,1,0,0,0,0,0,0,0,0,1,0,0,0,0,0,0,0,0,0,0,0,0,0,0,1,0,0,0,0,0,0,0,0,0,1,0,0,0,0,0,0,0,1,0,0,1,0,1,0,0,0,0,0,0,0,1,1,0,0,0,0,0,0,0,0,1,0,0,1,0,0,0,0,0,0,0,0,0,0,0,0,0
189,39,2000,838.02,0,1,0,0,7,3,2,0,6440,6440,51520,1997,6364,4,0,18,0,0.1,0.1,0.8,76.84780792821174,5,0,1,1,0,0,0,0,0,0,0,0,0,0,0,0,0,1,0,0,0,0,0,0,0,0,0,0,0,0,1,0,0,0,0,0,0,0,0,0,1,0,0,0,0,0,1,0,0,1,0,0,0,0,1,0,0,0,0,1,0,0,0,0,1,0,0,1,0,0,1,0,0,0,1,0,0,0,0,0,0,0,0,0,0,1,0
267,43,500,1300.68,0,6,49000,0,0,1,1,3,480,0,1440,2011,4734,1,0,4,49000,0.25,0.0,0.75,1.4761509364332501,5,0,1,1,0,1,0,0,0,0,0,0,0,0,0,0,0,0,0,0,0,0,0,0,0,0,0,0,0,0,0,0,0,0,0,1,0,0,0,0,0,1,0,1,0,0,0,0,1,1,0,0,0,0,0,0,0,0,0,0,0,0,0,1,0,0,0,0,0,0,1,0,0,1,0,0,0,0,0,0,0,0,0,0,0,0,1
39,22,500,1173.21,0,3,0,0,14,1,0,1,15660,7830,62640,2009,8052,5,1,6,0,0.18181818181818182,0.09090909090909091,0.7272727272727273,73.41396680901117,2,1,0,0,1,1,0,0,0,1,0,0,0,0,0,0,0,0,0,0,0,0,0,0,0,0,0,0,0,0,0,0,1,0,0,0,0,0,1,0,0,0,0,0,1,0,1,0,0,0,0,0,0,0,1,0,0,0,1,0,0,0,0,1,0,0,0,0,1,0,1,0,0,0,0,0,0,0,0,0,0,1,0,0,0,0,0
140,32,1000,985.97,5000000,1,0,0,13,1,2,3,14940,7470,59760,1995,6675,6,1,20,0,0.18181818181818182,0.09090909090909091,0.7272727272727273,83.33924967291094,6,0,0,1,0,0,0,0,0,0,0,0,0,0,0,1,0,0,0,0,0,0,0,0,1,0,0,0,0,0,0,0,0,0,0,0,0,0,0,1,0,0,0,0,1,0,0,1,0,0,0,0,1,0,0,0,0,0,0,1,0,0,0,0,1,0,0,1,0,1,0,0,0,1,0,0,0,0,0,0,0,0,0,0,0,0,0
243,41,1000,1129.23,0,1,17300,-60400,1,1,1,0,10060,5030,35210,1999,6517,0,0,16,-43100,0.2,0.1,0.7,44.54362707331544,2,1,0,0,0,0,0,0,0,1,0,0,0,0,0,0,0,0,0,0,0,0,1,0,0,0,0,0,0,0,0,0,0,0,0,0,0,0,0,0,1,0,0,0,1,0,0,0,0,0,0,0,1,0,0,0,0,0,0,0,1,0,1,0,0,0,0,1,0,0,1,0,0,0,0,0,0,0,0,0,0,1,0,0,0,0,1
116,31,500,1194.83,0,5,28600,0,23,1,0,0,4420,8840,30940,1997,2263,1,0,18,28600,0.1,0.2,0.7,36.99271026003699,1,1,0,1,0,0,0,0,0,0,0,0,0,0,1,0,0,0,0,0,0,0,1,0,0,0,0,0,0,0,0,0,0,0,0,0,0,0,0,0,0,0,0,0,1,0,0,1,0,0,0,0,0,0,1,0,0,0,1,0,0,0,0,0,0,1,0,0,0,0,0,0,0,0,0,0,0,0,0,0,0,1,0,0,0,0,1
219,43,1000,1114.29,0,0,51300,0,1,1,2,2,6060,6060,54540,2006,4585,3,0,9,51300,0.09090909090909091,0.09090909090909091,0.8181818181818182,59.82284683520448,5,1,0,0,0,0,0,0,0,0,0,0,0,0,0,0,0,0,1,0,0,0,0,0,0,0,0,0,0,0,0,0,1,0,0,0,0,0,0,1,0,0,0,0,1,0,0,1,0,0,0,0,0,0,0,0,0,0,0,1,0,0,0,0,1,0,0,1,0,0,1,0,0,0,0,0,0,0,0,0,0,0,1,0,0,0,1
96,26,2000,1509.04,0,2,10000,0,9,1,2,3,7120,14240,56960,2007,3412,0,0,8,10000,0.09090909090909091,0.18181818181818182,0.7272727272727273,51.9005460425171,6,0,1,1,0,0,0,0,0,0,0,0,0,0,1,0,0,0,0,0,0,1,0,0,0,0,0,0,0,0,0,0,0,0,0,0,0,0,0,0,0,0,0,0,1,0,0,0,0,0,1,0,0,0,0,0,0,0,1,0,0,0,0,0,0,1,0,0,1,0,0,0,0,0,0,0,0,0,0,0,1,0,0,0,0,1,0
149,34,500,664.86,0,6,0,-60000,3,1,0,1,16160,16160,72720,1999,3447,2,0,16,-60000,0.15384615384615385,0.15384615384615385,0.6923076923076923,157.98814788075686,2,1,0,1,0,0,0,1,0,0,0,0,0,0,0,0,0,0,0,0,0,0,0,0,0,0,0,0,0,0,0,0,0,0,1,0,0,0,0,0,0,0,1,0,1,0,1,0,0,0,1,0,1,0,0,0,0,0,0,0,1,1,0,0,0,0,0,1,0,0,0,0,0,0,1,0,0,0,0,0,0,0,0,0,0,0,1
246,43,1000,1267.4,6000000,3,0,0,0,1,2,1,5070,5070,40560,2006,754,0,0,9,0,0.1,0.1,0.8,40.00315606753984,4,1,0,1,0,1,0,0,0,0,0,0,0,0,0,0,0,0,0,1,0,0,0,0,0,0,0,0,0,0,0,0,0,0,0,0,0,0,0,0,0,0,0,0,1,0,0,1,0,1,0,0,1,0,0,1,0,0,0,0,0,0,1,0,0,0,0,0,0,1,0,0,0,0,0,0,0,0,0,0,0,0,0,0,0,0,1
293,45,1000,1119.23,0,5,51500,0,13,3,1,1,11380,5690,34140,2015,8331,2,0,0,51500,0.2222222222222222,0.1111111111111111,0.6666666666666666,45.75467062176675,5,0,0,0,0,0,0,0,1,0,0,0,0,0,0,0,0,0,0,0,0,0,0,0,0,0,1,0,0,0,0,0,0,0,0,0,0,0,0,0,0,1,0,0,0,0,0,0,0,0,1,0,1,0,0,0,0,0,0,0,1,0,0,1,0,0,0,0,0,0,0,0,0,0,0,0,0,1,0,0,0,0,0,0,0,0,0
339,48,500,1698.51,0,3,0,0,18,3,2,1,8640,8640,34560,2001,3410,1,0,14,0,0.16666666666666666,0.16666666666666666,0.6666666666666666,30.5208682904428,6,0,1,0,0,1,0,0,0,0,0,0,1,0,0,0,0,0,0,0,0,0,0,0,0,1,0,0,0,0,0,0,0,0,0,0,0,0,0,0,0,1,0,0,0,0,1,0,0,0,1,0,1,0,0,0,0,0,1,0,0,0,1,0,0,0,0,0,0,1,0,0,0,0,0,0,0,0,0,0,0,0,0,1,1,0,0
160,33,1000,1422.78,0,0,61600,0,17,3,2,3,5280,5280,42240,2006,2172,1,0,9,61600,0.1,0.1,0.8,37.11044574705858,8,0,0,0,1,0,0,0,1,0,0,0,0,0,0,0,0,0,0,0,0,0,0,0,0,0,1,0,0,0,0,0,0,0,0,0,0,0,0,0,0,0,0,0,0,0,0,0,0,0,1,0,0,0,0,0,0,0,0,0,0,0,0,0,0,1,0,1,0,0,1,0,0,0,0,0,0,0,0,1,0,0,0,0,1,0,0
224,42,500,1212.75,0,1,0,-51400,11,1,0,0,9200,13800,32200,1998,3614,1,0,17,-51400,0.16666666666666666,0.25,0.5833333333333334,45.51638837353123,1,0,1,0,1,0,0,0,0,0,0,0,0,0,1,0,0,0,0,0,0,0,0,0,0,0,0,0,0,1,0,0,0,0,0,0,0,0,0,0,1,0,0,0,1,0,0,0,0,1,0,0,1,0,0,0,0,0,0,0,1,0,0,0,0,0,1,1,0,0,1,0,0,0,0,0,1,0,0,0,0,0,0,0,0,1,0
194,34,1000,1423.34,0,2,55300,-37900,0,1,0,3,1400,1400,6300,2003,7554,2,0,12,17400,0.15384615384615385,0.15384615384615385,0.6923076923076923,6.393412677223995,4,1,0,0,0,1,0,0,0,0,0,0,0,0,0,0,1,0,0,0,0,0,1,0,0,0,0,0,0,0,0,0,0,0,0,0,0,0,1,0,0,0,0,0,0,1,0,0,1,1,0,0,0,0,0,0,0,0,0,0,1,0,0,0,0,1,0,0,1,0,0,0,0,1,0,0,0,0,0,0,0,0,0,0,0,0,1
385,51,1000,976.37,0,5,0,-61000,14,3,1,3,13520,6760,47320,2007,8979,2,0,8,-61000,0.2,0.1,0.7,69.23604780974425,7,1,0,1,0,0,0,1,0,0,0,0,0,0,0,0,0,0,0,0,0,0,0,0,0,0,0,0,0,0,0,0,0,1,0,0,0,0,0,0,0,0,0,0,0,0,1,0,0,1,0,0,0,1,0,0,0,0,0,0,1,0,0,0,0,1,0,1,0,1,0,0,0,0,0,0,0,0,0,0,0,1,0,0,0,0,0
100,33,500,1124.59,6000000,1,67300,0,4,1,1,2,6800,6800,27200,2004,3602,3,0,11,67300,0.16666666666666666,0.16666666666666666,0.6666666666666666,36.27988867053771,4,0,1,1,0,1,0,0,0,0,0,0,0,0,0,0,0,0,0,0,0,0,0,0,0,0,0,1,0,0,0,0,0,0,0,0,0,0,1,0,0,0,0,0,1,0,1,0,0,1,0,0,0,1,0,0,0,0,0,0,0,1,0,0,0,0,0,0,0,0,0,0,1,0,0,0,0,0,0,0,0,0,0,0,0,0,1
371,50,1000,1569.33,0,6,79600,0,2,3,2,1,13000,13000,58500,2011,7658,3,0,4,79600,0.15384615384615385,0.15384615384615385,0.6923076923076923,53.84463433439748,6,1,0,1,0,1,0,0,0,0,0,1,0,0,0,0,0,0,0,0,1,0,0,0,0,0,0,0,0,0,0,0,0,0,0,0,0,0,1,0,0,0,0,0,0,0,0,1,0,0,0,0,0,1,0,0,0,0,0,0,1,0,0,0,0,0,1,0,0,0,1,0,0,0,0,0,0,0,0,0,0,0,0,1,0,0,1
175,39,500,1359.36,5000000,6,0,-43600,9,3,2,2,13020,6510,52080,2012,7256,6,1,3,-43600,0.18181818181818182,0.09090909090909091,0.7272727272727273,52.679201977401135,7,1,0,0,1,1,0,0,1,0,0,0,0,0,0,0,0,0,0,0,0,0,0,0,0,0,0,0,1,0,0,0,0,0,0,0,0,0,0,0,0,0,0,0,0,0,0,0,0,0,0,0,0,1,0,0,0,0,1,0,0,0,0,0,0,0,0,0,1,0,1,0,0,0,0,0,0,0,0,0,0,0,1,0,0,1,0
373,55,500,1607.36,0,5,0,0,21,4,0,2,6060,12120,42420,2007,2821,0,0,8,0,0.1,0.2,0.7,37.701572765279714,6,1,0,1,0,1,0,0,0,0,0,0,0,0,0,0,1,0,0,0,0,0,0,0,0,0,0,0,0,0,0,0,0,0,0,0,0,1,0,0,1,0,0,0,0,0,1,0,0,0,0,0,0,1,0,0,0,0,1,0,0,0,0,0,0,0,0,1,0,0,0,0,0,0,1,0,0,0,0,0,0,0,0,0,0,0,1
258,41,500,1042.25,0,4,0,-44400,0,3,2,3,6770,20310,54160,2008,5106,6,1,7,-44400,0.08333333333333333,0.25,0.6666666666666666,77.94674982010075,8,0,0,0,0,1,0,0,1,0,0,0,0,0,0,0,0,0,0,0,0,0,0,0,0,0,0,0,0,0,0,0,0,1,0,0,0,0,0,0,0,1,0,0,0,0,1,0,0,0,0,0,1,0,0,0,0,0,0,0,0,0,0,0,0,1,0,0,0,0,0,0,0,0,0,0,0,0,1,0,0,0,0,0,0,0,1
255,39,500,1453.95,0,6,38200,0,17,3,0,3,2930,5860,20510,2010,4930,2,0,5,38200,0.1,0.2,0.7,20.151999724887375,6,0,1,1,0,0,1,0,0,0,0,0,0,0,0,0,0,0,0,0,0,1,0,0,0,0,0,0,0,0,0,0,0,0,0,0,0,0,1,0,0,0,0,0,0,0,0,1,0,0,1,0,1,0,0,0,0,0,0,0,1,0,0,0,0,0,1,0,1,0,0,1,0,0,0,0,0,0,0,0,0,0,0,0,1,0,0
37,31,500,1969.63,0,5,0,0,21,3,1,1,6950,13900,55600,1995,2351,4,0,20,0,0.09090909090909091,0.18181818181818182,0.7272727272727273,38.81439661256175,5,0,0,0,1,0,0,0,0,0,0,0,0,0,0,0,1,0,0,0,0,0,0,0,0,0,0,0,0,0,0,0,0,0,1,0,0,0,0,0,1,0,0,0,0,0,0,1,0,0,1,0,1,0,0,0,0,0,0,0,1,0,0,1,0,0,0,0,0,0,1,0,0,0,1,0,0,0,0,0,0,0,0,0,0,0,1
322,44,1000,1156.19,0,1,49900,-62700,20,3,0,3,9880,4940,34580,2010,3710,6,1,5,-12800,0.2,0.1,0.7,42.726541485396,6,0,0,0,0,0,0,0,0,0,0,1,0,0,0,0,0,0,0,0,0,0,0,0,1,0,0,0,0,0,0,0,0,0,0,0,0,0,0,0,0,0,0,0,0,0,0,1,0,0,0,0,1,0,0,1,0,0,0,0,0,0,0,0,1,0,0,0,1,1,0,0,0,0,0,0,0,1,0,0,0,0,0,0,1,0,0
204,38,2000,1124.47,0,5,0,-45100,5,1,0,1,16460,16460,57610,2003,5204,5,1,12,-45100,0.18181818181818182,0.18181818181818182,0.6363636363636364,80.50903981431252,2,0,0,0,0,0,0,0,0,0,0,0,0,0,0,0,0,1,0,0,0,0,0,0,0,0,0,0,0,1,0,0,0,0,0,0,0,0,0,0,0,0,1,0,1,0,0,1,0,0,1,0,0,0,0,0,0,0,1,0,0,0,0,0,1,0,0,0,0,1,0,0,0,0,0,1,0,0,0,0,0,0,0,0,0,1,0
76,31,500,1493.5,5000000,2,39900,-44000,7,1,2,1,1460,730,5840,1995,2880,5,1,20,-4100,0.18181818181818182,0.09090909090909091,0.7272727272727273,5.376632072313358,4,0,1,0,1,0,0,0,0,0,0,0,0,1,0,0,0,0,0,0,0,0,0,0,0,0,0,0,0,0,1,0,0,0,0,0,0,0,1,0,0,0,0,0,0,1,0,0,1,1,0,0,0,0,1,0,0,0,0,0,1,0,0,0,1,0,0,0,0,0,0,0,0,0,0,0,0,0,1,0,0,0,0,0,0,1,0
193,40,500,1155.38,0,6,34200,-32300,6,1,0,0,6390,6390,51120,2001,3683,2,0,14,1900,0.1,0.1,0.8,55.30647925357891,1,0,0,0,0,0,0,0,0,0,1,0,0,0,0,0,0,0,0,0,0,0,0,0,0,0,0,0,0,0,1,0,0,0,0,0,0,0,1,0,0,0,0,0,1,0,0,1,0,1,0,0,1,0,0,1,0,0,0,0,0,1,0,0,0,0,0,0,0,0,1,0,0,0,0,0,0,0,0,0,0,0,0,0,0,1,0
405,55,500,878.19,0,6,57100,0,2,4,0,2,4830,4830,28980,1997,5718,6,1,18,57100,0.125,0.125,0.75,43.99959006593106,6,0,0,1,0,1,0,0,0,0,0,1,0,0,0,0,0,0,0,0,0,0,0,0,0,0,0,1,0,0,0,0,0,0,0,0,0,0,0,0,0,1,0,0,0,0,1,0,0,1,0,0,1,0,0,0,0,0,0,0,0,0,0,1,0,0,0,0,1,0,0,0,0,1,0,0,0,0,0,0,0,0,0,0,0,0,1
435,58,2000,1145.85,0,3,0,-40000,19,3,1,1,9220,4610,27660,2004,6265,5,1,11,-40000,0.2222222222222222,0.1111111111111111,0.6666666666666666,36.20892787014007,5,1,0,0,0,1,0,0,0,0,0,0,0,0,0,0,1,0,0,0,0,0,0,0,0,0,0,0,0,0,1,0,0,0,0,0,0,0,1,0,0,0,0,0,0,0,1,0,0,0,1,0,0,1,0,1,0,0,0,0,0,1,0,0,0,0,0,1,0,0,1,0,0,0,0,0,0,0,1,0,0,0,0,0,1,0,0
54,35,500,1261.28,0,5,68500,-42100,21,3,2,0,14380,7190,57520,2012,1612,2,0,3,26400,0.18181818181818182,0.09090909090909091,0.7272727272727273,62.70613979449448,5,1,0,0,0,0,0,0,0,0,0,0,0,0,0,1,0,0,0,0,0,0,0,0,0,0,0,0,1,0,0,0,0,0,0,0,0,0,0,0,0,1,0,0,0,0,0,1,0,1,0,0,1,0,0,0,0,0,0,1,0,0,0,0,0,0,1,0,1,1,0,0,0,0,0,0,0,0,0,1,0,0,0,0,0,0,1
144,35,500,1427.46,0,0,0,0,3,3,0,0,17580,8790,61530,1995,7823,4,0,20,0,0.2,0.1,0.7,61.57790761212223,3,0,0,0,0,1,0,0,0,0,0,1,0,0,0,0,0,0,0,0,0,0,0,0,1,0,0,0,0,0,0,0,0,0,0,0,0,0,0,0,0,0,1,0,0,0,0,1,0,0,0,0,0,0,1,0,0,0,0,0,1,0,0,0,0,0,1,1,0,1,0,0,0,0,1,0,0,0,0,0,0,0,0,0,0,0,1
92,32,500,1592.41,0,4,58900,-29100,22,1,2,3,5340,5340,42720,1996,6217,4,0,19,29800,0.1,0.1,0.8,33.53407727909269,6,0,0,0,1,1,0,0,0,0,0,0,0,0,1,0,0,0,0,0,0,0,0,0,0,0,0,0,0,0,0,0,0,0,0,0,0,1,0,0,0,0,0,0,1,0,1,0,0,0,1,0,0,0,0,0,0,0,0,0,1,1,0,0,0,0,0,1,0,0,1,0,0,0,0,0,0,1,0,0,0,0,0,0,0,0,1
173,36,1000,1274.63,0,1,51000,0,22,1,2,3,9460,9460,33110,1995,2731,6,1,20,51000,0.18181818181818182,0.18181818181818182,0.6363636363636364,40.819688850882216,6,0,1,1,0,1,0,0,0,0,0,1,0,0,0,0,0,0,0,1,0,0,0,0,0,0,0,0,0,0,0,0,0,0,0,0,0,0,0,0,0,1,0,0,1,0,1,0,0,0,1,0,1,0,0,0,0,0,1,0,0,0,0,0,0,0,1,0,1,0,0,0,0,0,0,0,0,0,0,0,0,0,0,0,0,0,1
436,60,500,1362.31,0,0,67600,-65300,16,1,0,2,14920,7460,59680,2005,8309,1,0,10,2300,0.18181818181818182,0.09090909090909091,0.7272727272727273,60.23592280758418,3,1,0,1,0,1,0,0,0,0,0,0,0,0,1,0,0,0,0,0,0,1,0,0,0,0,0,0,0,0,0,0,0,0,0,0,0,0,0,0,0,0,1,0,1,0,0,0,0,1,0,0,0,0,0,0,0,0,0,1,0,0,0,0,0,0,0,0,0,0,0,0,0,0,0,0,0,0,0,0,1,0,0,0,0,0,0
155,35,1000,919.37,0,2,83600,0,0,1,0,3,8060,8060,32240,1997,7832,6,1,18,83600,0.16666666666666666,0.16666666666666666,0.6666666666666666,52.60123780414849,4,0,1,1,0,0,0,0,0,0,0,0,0,0,0,1,0,0,0,0,0,0,0,0,0,0,0,0,1,0,0,0,0,0,0,0,0,0,1,0,0,0,0,0,1,0,0,0,0,1,0,0,0,0,0,1,0,0,0,0,0,0,0,0,1,0,0,1,0,1,0,0,0,0,0,0,0,0,0,1,0,0,0,0,0,0,1
78,31,1000,1377.23,0,4,72600,0,1,3,2,1,5810,11620,34860,1997,8734,6,1,18,72600,0.1111111111111111,0.2222222222222222,0.6666666666666666,37.96751450375028,6,0,1,1,0,0,1,0,0,0,0,0,0,0,0,0,0,0,0,0,0,0,0,0,0,0,0,0,0,1,0,0,0,0,0,0,0,0,0,0,0,1,0,0,0,0,0,1,0,1,0,0,0,1,0,1,0,0,0,0,0,0,1,0,0,0,0,1,0,1,0,0,0,0,0,0,0,0,0,1,0,0,0,0,0,0,1
440,57,1000,995.55,5000000,1,51500,-52100,19,3,0,3,12400,12400,43400,2007,2881,0,0,8,-600,0.18181818181818182,0.18181818181818182,0.6363636363636364,68.50484656722415,6,0,0,0,0,1,0,0,0,0,0,0,0,0,0,1,0,0,0,0,0,0,0,0,0,0,0,0,0,0,0,1,0,0,0,0,0,0,0,0,0,0,1,0,0,0,1,0,0,0,0,0,0,0,1,0,0,0,1,0,0,0,0,0,0,0,0,0,1,1,0,0,0,0,0,0,0,1,0,0,0,0,0,0,1,0,0
264,43,500,1508.12,6000000,6,0,0,0,3,2,1,13500,6750,40500,2015,1725,1,0,0,0,0.2222222222222222,0.1111111111111111,0.6666666666666666,40.281940429143575,6,0,0,0,0,1,0,1,0,0,0,0,0,0,0,0,0,0,0,1,0,0,0,0,0,0,0,0,0,0,0,0,0,0,0,0,0,0,0,0,0,0,1,0,0,0,1,0,0,0,0,0,0,1,0,1,0,0,0,0,0,1,0,0,0,0,0,1,0,0,0,0,0,0,0,0,0,1,0,0,0,0,0,0,0,0,1
66,30,500,484.67,0,1,21100,-60800,2,3,0,2,11920,11920,41720,2015,4232,5,1,0,-39700,0.18181818181818182,0.18181818181818182,0.6363636363636364,135.2672952730724,5,1,0,0,1,0,0,0,0,0,0,0,0,0,0,0,0,0,0,0,0,0,0,0,0,0,0,0,0,0,0,1,0,0,0,0,0,0,0,0,0,0,1,0,0,0,0,0,0,0,0,0,1,0,0,0,0,0,1,0,0,0,0,0,0,0,0,1,0,0,1,0,0,0,0,0,0,0,0,0,0,0,0,1,0,0,1
366,50,1000,1561.41,0,0,21200,0,5,3,1,3,12780,12780,44730,2012,8946,6,1,3,21200,0.18181818181818182,0.18181818181818182,0.6363636363636364,45.017003861894054,7,1,0,0,1,0,0,0,0,0,1,0,0,0,0,0,0,0,0,1,0,0,0,0,0,0,0,0,0,0,0,0,0,0,0,0,0,0,0,0,0,0,0,0,0,0,1,0,0,1,0,0,0,0,1,1,0,0,0,0,0,0,0,0,0,0,0,0,1,0,0,0,0,0,0,0,0,0,1,0,0,0,0,0,0,1,0
188,37,500,1457.21,0,3,46300,0,6,1,2,0,5000,5000,35000,2003,7420,5,1,12,46300,0.1111111111111111,0.1111111111111111,0.7777777777777778,30.880929996362912,3,0,1,0,0,0,0,0,0,0,0,0,0,0,0,0,0,0,0,0,0,0,0,0,0,0,0,0,1,0,0,0,0,0,0,0,0,0,0,0,1,0,0,0,1,0,1,0,0,0,1,0,0,0,0,0,0,0,1,0,0,1,0,0,0,0,0,1,0,0,1,0,0,0,0,0,0,0,0,0,0,1,0,0,0,1,0
224,39,1000,1128.71,0,3,0,-47100,21,3,2,1,12360,6180,43260,2007,959,2,0,8,-47100,0.2,0.1,0.7,54.75277086231184,6,0,0,0,1,0,0,0,0,0,0,0,0,0,1,0,0,0,0,0,0,0,0,0,0,0,0,0,0,0,0,0,0,0,0,1,0,0,0,1,0,0,0,0,0,0,1,0,0,0,1,0,1,0,0,0,0,0,0,1,0,0,0,0,0,1,0,0,1,1,0,0,0,0,0,0,0,0,0,0,0,1,0,0,0,0,1
253,46,500,1358.2,0,5,52900,0,11,3,0,0,5870,11740,46960,2001,3223,5,1,14,52900,0.09090909090909091,0.18181818181818182,0.7272727272727273,47.5408629067884,3,0,0,0,0,0,0,0,0,0,0,0,0,0,0,0,0,0,1,0,0,0,0,0,0,0,0,0,0,0,1,0,0,0,0,0,0,0,0,0,0,0,0,0,0,0,0,0,0,0,0,0,0,0,0,1,0,0,0,0,0,1,0,0,0,0,0,0,1,0,0,0,0,0,0,0,0,1,0,0,0,0,0,0,0,1,0
446,61,1000,1232.79,0,0,49900,-62100,3,1,2,0,7050,14100,49350,2007,5754,2,0,8,-12200,0.1,0.2,0.7,57.18735551067092,3,0,0,0,0,0,0,0,0,0,0,0,0,0,0,0,0,0,0,0,0,0,0,0,0,0,0,0,0,0,0,0,0,1,0,0,0,0,0,0,0,1,0,0,1,0,1,0,0,1,0,0,0,1,0,0,0,0,0,1,0,0,0,0,0,0,1,0,1,0,1,0,0,0,0,0,0,0,0,0,0,1,0,0,0,0,1
169,37,1000,936.19,0,3,70600,-48500,4,3,2,1,17370,5790,34740,2005,4805,0,0,10,22100,0.3,0.1,0.6,61.84642006430318,6,0,0,0,0,1,1,0,0,0,0,0,0,0,0,0,0,0,0,0,0,0,0,0,0,0,0,0,0,0,1,0,0,0,0,0,0,0,0,1,0,0,0,0,0,0,0,1,0,0,1,0,0,0,1,0,0,0,1,0,0,0,0,0,1,0,0,1,0,0,1,1,0,0,0,0,0,0,0,0,0,0,0,0,0,0,1
255,46,500,1302.34,0,3,0,-52600,2,3,1,0,5260,10520,42080,2011,2970,0,0,4,-52600,0.09090909090909091,0.18181818181818182,0.7272727272727273,44.42772240735906,4,0,0,1,0,0,0,0,0,0,0,0,0,0,1,0,0,0,0,0,0,0,0,0,0,0,0,0,0,0,0,0,0,0,0,0,1,0,0,0,1,0,0,0,0,0,0,0,0,1,0,0,1,0,0,0,0,0,0,0,1,0,0,0,1,0,0,0,0,0,0,0,0,0,0,0,0,0,0,0,0,0,0,1,0,0,1
209,39,500,1264.99,0,6,67800,0,22,1,1,1,8400,4200,25200,1995,6600,3,0,20,67800,0.2222222222222222,0.1111111111111111,0.6666666666666666,29.881659143550543,3,1,0,0,0,1,0,0,0,0,0,0,0,0,0,0,0,0,1,0,0,0,0,0,0,0,0,0,0,0,0,0,1,0,0,0,0,0,0,0,0,0,0,0,1,0,0,1,0,1,0,0,1,0,0,0,0,0,0,1,0,0,0,0,1,0,0,1,0,0,0,0,0,1,0,0,0,0,0,0,0,0,0,0,0,0,1
210,37,500,1467.76,0,5,38700,-33100,8,1,1,3,6330,6330,50640,2000,957,6,1,15,5600,0.1,0.1,0.8,43.12694173434349,5,0,1,0,1,0,0,0,0,0,0,0,0,0,0,0,0,1,0,0,0,0,0,0,0,0,0,0,1,0,0,0,0,0,0,0,0,0,0,0,1,0,0,0,1,0,0,0,0,0,1,0,0,0,0,1,0,0,0,0,0,0,0,1,0,0,0,1,0,0,1,0,0,0,0,0,0,0,0,0,0,0,1,0,0,1,0
174,33,2000,1124.43,0,1,0,0,14,3,0,1,8840,4420,30940,1995,284,4,0,20,0,0.2,0.1,0.7,39.308805350266354,4,1,0,1,0,0,0,0,0,1,0,0,0,0,0,0,0,0,0,0,0,0,0,0,0,0,0,0,0,0,0,1,0,0,0,0,0,0,0,0,1,0,0,0,0,0,1,0,0,0,1,0,0,0,0,0,0,0,0,0,1,0,0,0,1,0,0,0,1,0,1,0,0,0,0,0,0,0,0,0,1,0,0,0,0,0,0
70,28,1000,1319.81,0,0,67200,-59400,14,4,1,0,3520,3520,24640,2006,4127,2,0,9,7800,0.1111111111111111,0.1111111111111111,0.7777777777777778,24.00345504277131,5,0,0,1,0,1,0,0,0,0,0,1,0,0,0,0,0,0,0,0,0,0,0,0,0,0,0,0,0,0,0,0,0,0,0,0,0,1,0,0,0,0,0,0,0,0,0,1,0,1,0,0,0,0,1,0,0,0,0,0,1,0,0,0,0,0,0,0,0,0,1,0,0,0,0,0,0,0,0,0,0,0,1,0,0,0,0
89,32,2000,1482.53,0,5,49100,-45100,5,1,1,2,10,20,70,2002,6,4,0,13,4000,0.1,0.2,0.7,0.06745226066251611,4,1,0,0,0,0,0,0,0,0,0,0,0,0,0,0,0,1,0,0,0,0,0,0,0,0,0,0,0,1,0,0,0,0,0,0,0,0,1,0,0,0,0,1,0,0,0,0,1,0,0,1,0,0,1,0,0,0,0,0,1,0,0,0,1,0,0,0,1,1,0,1,0,0,0,0,0,0,0,0,0,0,0,0,0,1,0
458,61,1000,1328.18,0,0,53000,0,18,1,2,1,6260,6260,43820,2003,8115,2,0,12,53000,0.1111111111111111,0.1111111111111111,0.7777777777777778,42.41894923880799,4,1,0,0,0,0,0,0,0,0,0,0,0,0,0,1,0,0,0,0,0,1,0,0,0,0,0,0,0,0,0,0,0,0,0,0,0,0,0,1,0,0,0,0,1,0,0,0,0,1,0,0,1,0,0,0,0,0,0,0,1,1,0,0,0,0,0,0,0,0,0,0,0,0,0,0,0,0,0,0,0,0,0,1,1,0,0
239,40,500,1463.95,0,3,0,0,20,3,0,0,6340,6340,57060,2003,3726,2,0,12,0,0.09090909090909091,0.09090909090909091,0.8181818181818182,47.63823901089518,3,1,0,0,0,0,0,0,0,0,0,0,0,0,0,0,1,0,0,0,0,0,0,0,0,0,0,0,0,0,0,0,0,0,1,0,0,0,0,0,1,0,0,0,0,0,1,0,0,0,1,0,0,0,1,0,0,0,0,0,0,0,0,0,0,0,1,1,0,0,1,0,0,0,1,0,0,0,0,0,0,0,0,0,1,0,0
161,38,2000,1133.85,0,6,60200,0,0,3,2,2,5040,15120,40320,2003,4019,5,1,12,60200,0.08333333333333333,0.25,0.6666666666666666,53.34038894033603,7,0,0,0,0,1,0,0,0,0,0,0,0,1,0,0,0,0,0,0,0,0,0,0,0,0,1,0,0,0,0,0,0,0,0,0,0,0,1,0,0,0,0,0,0,0,0,0,0,0,1,0,0,0,1,0,0,0,0,0,1,0,0,0,0,0,1,0,1,0,1,0,0,0,0,0,0,0,0,0,0,0,0,1,0,0,1
446,61,1000,1037.32,0,0,0,-15700,1,3,2,1,6740,13480,60660,2005,3292,4,0,10,-15700,0.08333333333333333,0.16666666666666666,0.75,77.97015385801875,6,1,0,0,1,0,0,0,0,0,0,0,0,0,0,0,0,1,0,0,0,0,0,0,0,0,0,0,0,0,0,0,0,0,1,0,0,0,0,0,0,0,1,0,0,0,1,0,0,1,0,0,0,0,1,0,0,0,0,0,0,0,1,0,0,0,0,1,0,0,0,0,0,0,0,0,0,0,0,1,0,0,0,0,0,0,1
476,61,1000,1562.8,0,4,42800,-68200,10,1,1,2,8980,4490,35920,2009,7945,6,1,6,-25400,0.18181818181818182,0.09090909090909091,0.7272727272727273,31.603532121832608,4,1,0,1,0,0,0,0,0,0,1,0,0,0,0,0,0,0,0,0,0,0,0,0,0,1,0,0,0,0,0,0,0,0,0,0,0,0,1,0,0,0,0,0,1,0,0,0,0,0,1,0,1,0,0,0,0,0,0,0,1,0,1,0,0,0,0,1,0,0,1,0,0,0,0,0,0,0,0,0,0,1,0,0,0,1,0
70,29,1000,1425.79,0,5,62400,-52300,12,1,0,3,11560,11560,46240,2009,2948,6,1,6,10100,0.16666666666666666,0.16666666666666666,0.6666666666666666,48.646715154405626,4,1,0,0,0,0,1,0,0,0,0,0,0,0,0,0,0,0,0,0,0,0,0,0,0,0,0,0,0,0,0,0,0,0,0,0,1,0,0,1,0,0,0,0,1,0,0,0,0,1,0,0,0,0,0,0,0,0,0,0,0,0,0,0,0,1,0,0,0,1,0,0,0,0,1,0,0,0,0,0,0,0,0,0,0,0,0
233,41,2000,1615.14,0,2,67100,0,6,1,0,1,680,680,2380,2011,6352,1,0,4,67100,0.18181818181818182,0.18181818181818182,0.6363636363636364,2.3155887415332415,2,0,1,0,1,0,0,0,0,0,0,0,0,0,0,0,0,1,0,0,1,0,0,0,0,0,0,0,0,0,0,0,0,0,0,0,0,0,0,1,0,0,0,0,0,1,0,0,1,1,0,0,0,0,0,1,0,0,0,0,0,0,0,0,0,0,1,0,0,1,0,0,0,1,0,0,0,0,0,0,0,0,0,0,0,1,0
122,33,500,1236.5,0,6,0,-48700,1,1,0,1,460,920,3680,2003,8655,3,0,12,-48700,0.09090909090909091,0.18181818181818182,0.7272727272727273,4.092195713708047,2,0,0,1,0,1,0,0,0,0,0,0,1,0,0,0,0,0,0,0,0,1,0,0,0,0,0,0,0,0,0,0,0,0,0,0,0,0,0,0,0,0,0,1,0,0,0,0,1,0,0,1,0,0,0,1,0,0,0,0,0,0,1,0,0,0,0,0,0,0,0,0,0,0,0,0,0,0,0,1,0,0,0,0,0,0,1
335,48,2000,1017.97,0,5,59900,-34800,21,3,0,0,3260,6520,26080,2005,7106,3,0,10,25100,0.09090909090909091,0.18181818181818182,0.7272727272727273,35.22697132528464,3,0,0,0,1,0,0,0,0,0,0,1,0,0,0,0,0,0,0,0,0,0,0,1,0,0,0,0,0,0,0,0,0,0,0,0,0,0,0,0,0,0,1,0,0,0,0,0,0,0,1,0,0,0,1,0,0,0,0,0,1,1,0,0,0,0,0,0,0,0,1,0,1,0,0,0,0,0,0,0,0,0,0,0,0,0,1
257,40,2000,1306.0,0,2,46100,-46900,3,3,2,1,7700,3850,38500,2008,5491,5,1,7,-800,0.15384615384615385,0.07692307692307693,0.7692307692307693,38.32312404287902,6,1,0,0,0,1,0,0,0,0,0,1,0,0,0,0,0,0,0,0,0,0,0,0,1,0,0,0,0,0,0,0,0,0,0,0,0,0,0,0,0,0,0,0,0,0,0,0,0,0,0,0,0,0,0,1,0,0,0,0,0,1,0,0,0,0,0,0,1,1,0,0,0,0,0,1,0,0,0,0,0,0,0,0,0,0,1
85,27,2000,1174.14,0,1,50400,-61500,14,4,0,0,10740,5370,42960,2012,6768,0,0,3,-11100,0.18181818181818182,0.09090909090909091,0.7272727272727273,50.30916245081506,4,0,0,0,1,1,0,0,0,0,0,0,0,1,0,0,0,0,0,0,0,0,0,0,0,1,0,0,0,0,0,0,0,0,0,0,0,0,0,0,0,1,0,0,0,0,1,0,0,1,0,0,1,0,0,1,0,0,0,0,0,0,0,1,0,0,0,0,1,0,0,0,0,0,0,0,0,0,0,0,0,0,1,0,0,0,0
133,30,1000,1231.01,0,1,0,-31700,19,3,1,2,3160,3160,22120,2007,3420,6,1,8,-31700,0.1111111111111111,0.1111111111111111,0.7777777777777778,23.10298047944371,6,1,0,0,1,1,0,0,0,0,0,0,0,0,0,0,0,0,0,0,1,0,0,0,0,0,0,0,0,0,0,0,0,0,0,0,0,0,0,0,0,0,0,0,0,0,0,0,0,1,0,0,1,0,0,0,0,0,1,0,0,0,0,0,0,1,0,0,0,1,0,0,0,0,1,0,0,0,0,0,0,0,0,0,1,0,0
119,34,500,1299.18,0,1,57100,0,7,1,2,1,8280,8280,28980,1998,1105,3,0,17,57100,0.18181818181818182,0.18181818181818182,0.6363636363636364,35.052879508613124,4,0,0,1,0,0,0,0,0,0,0,0,0,0,0,0,0,1,0,0,0,0,0,0,0,0,0,0,1,0,0,0,0,0,0,0,0,0,0,0,0,0,1,0,1,0,0,0,0,0,0,0,1,0,0,0,1,0,0,0,0,0,0,0,0,0,1,0,1,0,1,0,0,0,0,0,1,0,0,0,0,0,0,0,0,1,0
169,34,500,1469.75,0,3,0,-57600,0,1,0,0,7740,3870,27090,2012,6753,4,0,3,-57600,0.2,0.1,0.7,26.33100867494472,1,1,0,0,0,0,0,0,0,0,0,0,0,0,0,0,1,0,0,0,0,0,0,0,0,0,0,0,0,0,0,0,0,1,0,0,0,0,1,0,0,0,0,0,1,0,1,0,0,1,0,0,1,0,0,0,0,0,0,1,0,0,0,0,0,0,0,1,0,0,1,0,0,0,0,0,0,0,0,0,0,0,0,1,0,0,1
225,39,500,1390.72,0,4,83900,-52100,6,1,2,1,1060,530,4240,2011,6892,4,0,4,31800,0.18181818181818182,0.09090909090909091,0.7272727272727273,4.192073170731708,4,0,1,1,0,1,0,0,0,0,0,0,0,0,0,0,0,1,0,0,0,0,0,0,0,0,0,0,0,0,0,1,0,0,0,0,0,0,0,1,0,0,0,1,0,0,0,0,1,0,0,1,0,0,0,0,0,0,1,0,0,0,0,0,1,0,0,0,1,0,1,0,0,0,0,0,0,0,0,1,0,0,0,0,0,1,0
84,32,500,1694.09,7000000,2,0,0,0,1,0,2,4770,9540,42930,1995,5080,4,0,20,0,0.08333333333333333,0.16666666666666666,0.75,33.788051402227744,3,0,0,0,1,0,0,0,0,0,0,0,0,0,1,0,0,0,0,0,0,0,0,0,1,0,0,0,0,0,0,0,0,0,0,0,0,0,0,0,0,0,0,0,1,0,1,0,0,0,1,0,0,1,0,1,0,0,0,0,0,0,0,1,0,0,0,0,1,1,0,0,1,0,0,0,0,0,0,0,0,0,0,0,0,0,1
169,39,2000,1140.15,0,0,0,-36800,9,3,0,3,4200,8400,33600,2015,4840,0,0,0,-36800,0.09090909090909091,0.18181818181818182,0.7272727272727273,40.520984081041966,6,0,1,0,0,1,1,0,0,0,0,0,0,0,0,0,0,0,0,0,0,0,0,0,0,0,1,0,0,0,0,0,0,0,0,0,0,0,0,0,0,0,0,0,0,0,1,0,0,0,1,0,0,0,1,0,0,0,0,1,0,0,0,0,0,1,0,0,1,0,0,0,0,0,0,0,0,0,0,0,0,1,0,0,0,1,0
124,32,1000,1310.71,0,4,29300,0,23,1,0,1,5770,5770,46160,2003,3113,2,0,12,29300,0.1,0.1,0.8,44.02194230607839,2,1,0,0,0,0,0,0,0,1,0,0,0,0,0,0,0,0,0,0,0,0,0,0,0,0,0,0,0,1,0,0,0,0,0,0,0,0,0,0,0,0,1,0,1,0,0,1,0,0,1,0,0,0,0,1,0,0,0,0,0,1,0,0,0,0,0,0,1,0,0,0,0,0,0,0,0,0,0,0,0,0,1,0,0,0,1
320,48,2000,1730.49,7000000,1,46300,-41700,13,3,2,0,4680,9360,42120,1995,636,5,1,20,4600,0.08333333333333333,0.16666666666666666,0.75,32.45323578870725,5,0,0,1,0,1,0,0,0,0,0,0,0,0,0,0,0,0,1,0,0,0,0,0,0,0,0,0,1,0,0,0,0,0,0,0,0,0,1,0,0,0,0,0,0,0,0,0,0,1,0,0,1,0,0,0,0,0,0,0,1,0,0,0,1,0,0,0,0,0,0,0,0,0,0,0,0,0,0,0,1,0,0,0,0,0,0
297,47,500,1616.65,7000000,5,0,-59500,0,3,0,3,5550,5550,33300,1999,1874,4,0,16,-59500,0.125,0.125,0.75,27.464200661862492,6,1,0,1,0,1,0,0,0,0,0,0,0,0,0,0,0,0,0,0,0,0,0,0,0,0,0,0,0,0,1,0,0,0,0,0,0,0,0,0,0,1,0,0,0,0,0,1,0,0,1,0,1,0,0,0,0,0,0,0,1,1,0,0,0,0,0,1,0,0,1,0,0,0,0,0,0,1,0,0,0,0,0,0,0,0,1
421,56,500,1935.85,4000000,4,49500,-81100,7,1,2,3,16860,8430,67440,2004,9097,0,0,11,-31600,0.18181818181818182,0.09090909090909091,0.7272727272727273,47.90143864452308,6,1,0,0,0,1,0,0,0,0,0,1,0,0,0,0,0,0,0,0,0,0,0,0,0,0,0,0,0,0,0,0,0,1,0,0,0,0,0,0,1,0,0,0,1,0,1,0,0,0,0,0,0,0,0,1,0,0,0,0,0,0,1,0,0,0,0,1,0,1,0,0,0,0,0,0,0,0,1,0,0,0,0,0,0,1,0
136,33,1000,855.14,0,6,37900,0,23,1,0,1,3070,6140,21490,2015,4650,6,1,0,37900,0.1,0.2,0.7,35.90055429520312,2,0,1,1,0,0,0,1,0,0,0,0,0,0,0,0,0,0,0,0,0,0,0,0,0,0,0,0,0,0,0,1,0,0,0,0,0,0,1,0,0,0,0,0,1,0,0,1,0,1,0,0,1,0,0,0,0,0,0,0,0,0,0,0,1,0,0,0,1,0,1,0,0,0,0,0,0,0,0,0,0,0,1,0,0,0,1
46,24,2000,1568.47,4000000,0,46800,0,7,1,2,0,11320,5660,39620,1999,5825,0,0,16,46800,0.2,0.1,0.7,36.086122144510256,3,0,1,1,0,0,1,0,0,0,0,0,0,0,0,0,0,0,0,0,0,0,0,0,0,0,0,0,0,0,0,0,0,0,0,0,0,1,0,0,0,1,0,0,1,0,0,1,0,0,0,0,1,0,0,1,0,0,0,0,0,0,0,0,1,0,0,0,0,1,0,0,0,0,0,0,0,0,0,0,0,0,1,0,0,1,0
34,24,2000,1550.53,0,5,0,-27700,20,1,0,1,660,660,2640,1998,1324,6,1,17,-27700,0.16666666666666666,0.16666666666666666,0.6666666666666666,2.553965418276331,2,1,0,0,1,0,1,0,0,0,0,0,0,0,0,0,0,0,0,0,0,0,0,0,0,1,0,0,0,0,0,0,0,0,0,0,0,0,0,0,1,0,0,1,0,0,0,0,1,0,0,1,0,0,0,0,0,0,0,1,0,0,1,0,0,0,0,0,1,1,0,1,0,0,0,0,0,0,0,0,0,0,0,0,1,0,0
95,30,2000,1370.92,0,1,48900,0,22,1,0,3,3480,6960,24360,1999,7265,5,1,16,48900,0.1,0.2,0.7,25.384413386630875,4,0,0,1,0,1,0,0,0,0,0,0,0,0,0,0,0,0,1,0,0,0,0,0,0,0,0,0,0,0,0,0,0,0,0,0,1,0,0,0,0,1,0,0,1,0,1,0,0,1,0,0,0,0,1,0,0,0,1,0,0,0,0,0,0,0,0,0,1,1,0,0,0,0,0,0,0,0,0,0,0,0,0,0,0,0,1
140,36,500,1363.59,0,3,43200,0,10,3,2,0,7950,7950,63600,2000,8682,6,1,15,43200,0.1,0.1,0.8,58.30198226739709,5,1,0,1,0,0,1,0,0,0,0,0,0,0,0,0,0,0,0,0,0,0,0,0,0,0,0,0,0,1,0,0,0,0,0,0,0,0,1,0,0,0,0,0,0,0,1,0,0,1,0,0,0,1,0,1,0,0,0,0,0,0,0,0,0,1,0,1,0,0,1,0,0,1,0,0,0,0,0,0,0,0,0,0,0,1,0
200,34,1000,828.42,3000000,1,0,0,10,1,2,2,5600,5600,44800,2009,4782,3,0,6,0,0.1,0.1,0.8,67.59856111634195,5,1,0,1,0,0,0,0,0,0,0,0,0,0,1,0,0,0,0,1,0,0,0,0,0,0,0,0,0,0,0,0,0,0,0,0,0,0,0,1,0,0,0,0,1,0,0,0,0,0,1,0,0,0,1,1,0,0,0,0,0,0,0,0,0,0,0,1,0,0,0,0,0,1,0,0,0,0,0,0,0,0,0,0,0,1,0
123,29,500,1209.63,0,4,64800,-44200,17,1,1,0,16280,0,56980,2014,892,2,0,1,20600,0.2222222222222222,0.0,0.7777777777777778,60.56397410778502,2,1,0,1,0,0,0,0,0,0,0,1,0,0,0,0,0,0,0,0,0,0,0,1,0,0,0,0,0,0,0,0,0,0,0,0,0,0,1,0,0,0,0,0,1,0,1,0,0,1,0,0,0,0,0,0,0,0,0,0,0,0,0,0,0,0,0,0,1,0,1,0,0,0,0,0,0,0,0,0,0,0,0,1,1,0,0
267,46,2000,1111.17,0,5,35000,0,3,1,2,3,900,450,3600,1995,3830,1,0,20,35000,0.18181818181818182,0.09090909090909091,0.7272727272727273,4.454763897513431,6,0,1,1,0,1,0,1,0,0,0,0,0,0,0,0,0,0,0,0,0,0,0,0,0,0,0,0,0,0,0,0,0,0,0,0,0,0,0,0,0,1,0,1,0,0,0,0,1,0,0,1,0,0,0,0,0,0,0,0,1,0,0,0,0,0,0,0,1,0,1,0,0,0,0,0,0,0,0,0,0,0,1,0,0,0,1
290,42,500,989.97,0,4,32500,0,10,1,0,1,4800,9600,33600,2013,365,1,0,2,32500,0.1,0.2,0.7,48.486317767205065,2,1,0,0,1,1,0,0,0,0,0,1,0,0,0,0,0,0,0,0,0,0,0,0,0,0,0,0,0,1,0,0,0,0,0,0,0,0,0,0,1,0,0,0,1,0,1,0,0,1,0,0,0,0,0,0,0,0,0,0,1,0,1,0,0,0,0,0,0,0,0,0,0,0,0,0,0,0,0,0,1,0,0,0,0,1,0
45,37,1000,1114.23,0,1,0,0,1,1,0,1,10440,5220,36540,2005,1109,3,0,10,0,0.2,0.1,0.7,46.848496270967395,2,1,0,1,0,1,0,0,0,0,0,0,0,0,1,0,0,0,0,0,0,0,0,0,0,1,0,0,0,0,0,0,0,0,0,0,0,0,0,0,0,0,1,0,1,0,0,1,0,0,0,0,1,0,0,0,0,0,1,0,0,0,0,0,0,0,0,0,1,0,1,0,0,0,0,0,0,0,0,1,0,0,0,0,0,0,1
186,38,2000,1347.31,0,3,80900,-111100,1,3,2,3,12300,12300,49200,1995,2380,0,0,20,-30200,0.16666666666666666,0.16666666666666666,0.6666666666666666,54.77581254499707,8,1,0,1,0,0,0,0,0,0,0,0,0,0,0,1,0,0,0,0,0,0,0,0,0,1,0,0,0,0,0,0,0,0,0,0,0,0,0,0,0,1,0,0,0,0,1,0,0,1,0,0,0,0,0,1,0,0,0,0,0,0,0,0,0,0,1,0,0,1,0,1,0,0,0,0,0,0,0,0,0,0,0,0,0,0,1
135,34,2000,1687.53,0,3,0,-69600,7,1,1,2,15640,7820,54740,2009,6107,4,0,6,-69600,0.2,0.1,0.7,46.339916919995495,4,0,0,1,0,0,0,0,0,0,0,0,0,0,0,1,0,0,0,0,0,0,0,0,0,0,0,0,0,0,0,0,0,0,0,0,0,0,0,1,0,0,0,0,1,0,0,1,0,0,1,0,1,0,0,0,0,0,0,0,0,0,0,1,0,0,0,1,0,0,0,1,0,0,0,0,0,0,0,0,0,0,0,0,0,1,0
110,33,1000,1183.48,0,2,0,0,19,1,2,3,13800,9200,32200,2015,7225,0,0,0,0,0.25,0.16666666666666666,0.5833333333333334,46.64210633048298,6,1,0,1,0,1,0,0,0,0,0,0,1,0,0,0,0,0,0,0,0,1,0,0,0,0,0,0,0,0,0,0,0,0,0,0,0,0,0,0,0,0,0,0,1,0,1,0,0,0,0,0,0,0,0,0,0,0,0,1,0,0,0,1,0,0,0,1,0,0,0,0,0,0,0,0,0,0,0,0,1,0,0,0,1,0,0
259,43,2000,1537.13,0,6,0,-58300,3,3,0,2,6340,6340,44380,2012,8358,4,0,3,-58300,0.1111111111111111,0.1111111111111111,0.7777777777777778,37.1211283365753,5,0,0,0,1,0,0,0,0,0,1,0,0,0,0,0,0,0,0,0,0,0,0,0,0,0,0,0,0,1,0,0,0,0,0,0,0,0,0,0,1,0,0,0,0,0,0,1,0,0,1,0,0,1,0,1,0,0,0,0,0,0,0,1,0,0,0,0,0,0,1,0,0,0,0,1,0,0,0,0,0,0,0,0,0,0,1
114,30,1000,1173.25,0,4,0,-34700,3,1,0,3,520,520,3640,2013,2786,2,0,2,-34700,0.1111111111111111,0.1111111111111111,0.7777777777777778,3.988919667590028,4,0,1,1,0,0,0,0,0,0,0,0,0,0,0,1,0,0,0,0,0,0,0,0,0,1,0,0,0,0,0,0,0,0,0,0,0,0,0,0,0,0,0,0,0,1,0,0,1,1,0,0,0,0,0,0,0,0,0,0,1,0,0,0,0,0,0,0,0,0,1,0,0,1,0,0,0,0,0,0,0,0,0,0,0,0,1
404,56,1000,1361.16,4000000,4,0,-63700,23,1,2,0,5310,5310,42480,2005,1744,3,0,10,-63700,0.1,0.1,0.8,39.01084369214493,3,1,0,1,0,0,0,0,0,0,0,0,0,0,0,0,0,0,1,0,0,0,0,0,1,0,0,0,0,0,0,0,0,0,0,0,0,0,1,0,0,0,0,0,1,0,0,0,0,1,0,0,0,0,0,0,0,0,0,1,0,0,1,0,0,0,0,0,0,0,1,0,0,0,0,0,0,0,0,0,0,0,0,0,0,0,1
282,48,2000,1422.56,7000000,5,26900,-55300,7,1,1,2,640,320,2560,2013,8737,0,0,2,-28400,0.18181818181818182,0.09090909090909091,0.7272727272727273,2.4744123270723204,4,0,1,0,1,0,0,0,0,0,0,0,0,0,1,0,0,0,0,0,0,0,0,0,0,0,0,0,0,0,0,0,0,0,0,0,1,0,0,0,0,0,0,0,0,1,0,0,1,1,0,0,0,0,0,0,0,0,0,0,1,0,0,0,0,0,1,1,0,0,0,0,0,0,0,0,0,0,0,0,0,0,0,0,0,1,0
57,25,2000,1143.06,0,4,63100,-54100,0,3,0,1,14580,14580,43740,2010,6936,4,0,5,9000,0.2,0.2,0.6,63.77617972809826,4,0,0,0,1,0,0,0,0,0,0,0,0,0,0,0,0,1,0,0,0,0,0,0,0,1,0,0,0,0,0,0,0,0,0,0,0,0,0,0,1,0,0,0,0,0,0,0,0,0,1,0,0,0,0,0,0,0,0,1,0,0,0,0,0,1,0,0,0,0,1,0,0,0,0,0,0,0,0,1,0,0,0,0,0,0,1
215,38,500,1405.71,0,6,0,0,10,1,0,1,7070,14140,49490,2008,1798,6,1,7,0,0.1,0.2,0.7,50.29486878516906,2,1,0,1,0,0,0,1,0,0,0,0,0,0,0,0,0,0,0,0,0,0,1,0,0,0,0,0,0,0,0,0,0,0,0,0,0,0,0,0,0,1,0,0,1,0,1,0,0,0,1,0,0,0,1,0,0,0,1,0,0,0,0,0,0,0,0,1,0,0,0,0,0,0,0,0,0,0,0,0,0,0,0,1,0,1,0
140,30,500,1354.2,0,1,100500,0,4,4,0,0,5470,10940,43760,2006,240,1,0,9,100500,0.09090909090909091,0.18181818181818182,0.7272727272727273,44.43213705508787,4,0,0,0,0,0,0,0,0,0,0,0,0,0,0,0,0,0,0,0,0,1,0,0,0,0,0,0,0,0,0,0,0,0,0,0,0,0,0,0,0,0,1,0,0,0,0,1,0,1,0,0,0,1,0,0,0,0,1,0,0,1,0,0,0,0,0,1,0,1,0,0,0,0,0,0,0,0,0,1,0,0,0,0,0,0,1
250,42,500,1055.6,0,0,69500,-40700,16,1,1,1,13600,6800,54400,2009,3691,5,1,6,28800,0.18181818181818182,0.09090909090909091,0.7272727272727273,70.86017430845018,3,1,0,0,0,1,0,0,1,0,0,0,0,0,0,0,0,0,0,0,0,0,0,0,0,0,0,0,0,0,0,1,0,0,0,0,0,0,0,0,0,0,0,0,1,0,1,0,0,0,0,0,0,1,0,0,0,0,1,0,0,1,0,0,0,0,0,1,0,1,0,0,0,0,0,1,0,0,0,0,0,0,0,0,0,0,0
286,41,1000,999.43,0,1,25800,0,3,1,2,0,820,410,2870,2009,5241,3,0,6,25800,0.2,0.1,0.7,4.102338332849724,3,0,0,1,0,1,0,0,0,0,0,0,0,0,1,0,0,0,0,0,0,0,0,0,0,0,0,0,0,0,0,1,0,0,0,0,0,0,0,0,0,0,1,0,0,1,0,0,1,0,0,1,0,0,1,0,0,0,0,0,1,0,0,1,0,0,0,0,1,1,0,0,0,1,0,0,0,0,0,0,0,0,0,0,0,0,1
356,47,2000,1155.97,0,0,0,0,5,1,0,3,5590,11180,44720,2009,3471,0,0,6,0,0.09090909090909091,0.18181818181818182,0.7272727272727273,53.193421974618715,4,1,0,1,0,1,0,0,0,0,0,0,0,0,1,0,0,0,0,0,0,0,1,0,0,0,0,0,0,0,0,0,0,0,0,0,0,0,0,0,0,0,0,0,1,0,0,1,0,1,0,0,0,1,0,0,0,0,1,0,0,1,0,0,0,0,0,0,1,1,0,0,0,0,1,0,0,0,0,0,0,0,0,0,0,1,0
65,29,1000,1726.91,0,0,0,0,14,1,0,0,720,1440,5040,1999,8938,2,0,16,0,0.1,0.2,0.7,4.169296604918611,1,0,0,1,0,1,0,0,0,0,0,0,1,0,0,0,0,0,0,1,0,0,0,0,0,0,0,0,0,0,0,0,0,0,0,0,0,0,0,0,1,0,0,0,0,1,0,0,1,0,0,1,0,0,0,0,0,0,0,1,0,0,1,0,0,0,0,1,0,1,0,1,0,0,0,0,0,0,0,0,0,0,0,0,0,0,0
187,34,500,1232.57,0,6,59500,0,7,3,0,0,8200,4100,32800,2011,4349,6,1,4,59500,0.18181818181818182,0.09090909090909091,0.7272727272727273,36.59021394322432,3,1,0,0,1,0,0,0,0,0,0,1,0,0,0,0,0,0,0,0,0,0,0,0,0,0,0,0,0,0,0,0,1,0,0,0,0,0,1,0,0,0,0,0,0,0,0,1,0,1,0,0,1,0,0,1,0,0,0,0,0,0,0,0,0,0,0,1,0,1,0,0,0,0,0,0,0,0,0,1,0,0,0,0,0,1,0
386,53,500,1078.65,0,3,36800,0,16,1,2,3,12120,6060,48480,2006,2629,5,1,9,36800,0.18181818181818182,0.09090909090909091,0.7272727272727273,61.79947156167431,6,0,1,1,0,1,0,1,0,0,0,0,0,0,0,0,0,0,0,0,0,0,1,0,0,0,0,0,0,0,0,0,0,0,0,0,0,0,1,0,0,0,0,0,1,0,0,0,0,1,0,0,0,0,1,0,0,0,0,0,1,0,0,1,0,0,0,1,0,0,1,0,0,0,0,0,1,0,0,0,0,0,0,0,0,0,0
197,41,1000,1324.78,0,6,0,-64500,6,1,2,2,15280,7640,53480,1997,6771,5,1,18,-64500,0.2,0.1,0.7,57.66995274687118,5,0,1,0,1,0,0,0,0,0,0,0,0,0,1,0,0,0,0,1,0,0,0,0,0,0,0,0,0,0,0,0,0,0,0,0,0,0,1,0,0,0,0,0,1,0,0,0,0,0,0,0,0,0,1,0,0,0,0,0,0,0,0,0,1,0,0,0,0,0,1,0,0,0,0,0,0,0,0,0,0,0,0,1,0,1,0
166,37,500,1518.54,0,5,0,0,10,1,1,1,10600,10600,37100,2001,7350,6,1,14,0,0.18181818181818182,0.18181818181818182,0.6363636363636364,38.39213981850988,3,1,0,1,0,0,0,1,0,0,0,0,0,0,0,0,0,0,0,0,0,0,0,0,0,0,0,0,0,1,0,0,0,0,0,0,0,0,1,0,0,0,0,0,1,0,1,0,0,0,1,0,0,0,0,0,0,1,0,0,0,0,0,0,0,1,0,0,1,0,0,0,0,0,0,1,0,0,0,0,0,0,0,0,0,1,0
293,49,2000,1239.06,0,3,34900,0,19,1,1,1,5210,10420,41680,2002,6976,5,1,13,34900,0.09090909090909091,0.18181818181818182,0.7272727272727273,46.25280454538118,3,0,0,0,0,0,0,0,0,0,0,0,0,0,0,0,0,0,1,0,0,0,0,0,0,0,0,0,0,0,0,0,0,0,1,0,0,0,0,0,0,0,0,0,1,0,0,0,0,0,1,0,0,0,1,0,0,0,1,0,0,0,0,0,0,1,0,1,0,1,0,0,0,0,0,0,0,0,0,0,0,0,0,1,1,0,0
179,32,2000,1246.68,0,6,0,0,10,1,0,1,5900,5900,41300,2006,6618,2,0,9,0,0.1111111111111111,0.1111111111111111,0.7777777777777778,42.59312734623159,2,0,1,0,1,0,0,0,0,0,0,0,0,1,0,0,0,0,0,0,0,0,0,0,0,0,0,0,0,0,1,0,0,0,0,0,0,0,0,0,1,0,0,0,1,0,0,0,0,1,0,0,1,0,0,1,0,0,0,0,0,0,0,0,0,0,0,1,0,1,0,0,0,0,0,0,0,0,0,0,0,1,0,0,0,1,0
76,24,1000,1622.67,0,5,0,0,6,3,1,1,14940,7470,52290,1997,1353,2,0,18,0,0.2,0.1,0.7,46.03523821849174,5,0,1,1,0,0,0,0,0,0,0,0,0,1,0,0,0,0,0,0,0,0,0,0,0,0,0,0,0,0,0,1,0,0,0,0,0,0,0,0,0,0,0,0,0,0,0,1,0,0,1,0,0,0,0,0,0,0,0,0,1,0,0,0,0,1,0,0,0,1,0,0,0,0,0,0,0,0,0,0,0,1,0,0,0,1,0
105,28,500,1082.36,0,2,0,0,12,3,2,2,12100,6050,42350,1995,6982,5,1,20,0,0.2,0.1,0.7,55.896374588861384,7,0,1,1,0,0,0,0,0,0,0,0,0,0,1,0,0,0,0,0,0,0,0,0,0,0,0,1,0,0,0,0,0,0,0,0,0,0,0,0,1,0,0,0,0,0,1,0,0,0,0,0,1,0,0,0,0,0,1,0,0,0,0,0,0,1,0,0,0,0,0,1,0,0,0,0,0,0,0,0,0,0,0,0,0,0,0
97,26,1000,1270.55,0,4,0,-72100,10,3,2,3,7720,15440,61760,2006,6293,1,0,9,-72100,0.09090909090909091,0.18181818181818182,0.7272727272727273,66.83719648970919,8,0,1,1,0,1,0,0,0,0,0,0,0,0,0,1,0,0,0,0,0,0,0,1,0,0,0,0,0,0,0,0,0,0,0,0,0,0,0,0,0,1,0,0,0,0,0,1,0,0,1,0,0,1,0,0,0,0,0,0,0,0,0,0,0,1,0,0,1,0,0,0,0,0,0,0,0,1,0,0,0,0,0,0,0,1,0
148,36,1000,1236.32,5000000,5,55100,0,0,1,2,0,5550,11100,44400,2009,6946,5,1,6,55100,0.09090909090909091,0.18181818181818182,0.7272727272727273,49.380419308916785,3,0,0,0,1,0,0,0,0,0,0,0,0,0,0,0,0,0,0,0,0,0,0,0,0,0,0,0,1,0,0,0,0,0,0,0,0,0,0,0,1,0,0,0,1,0,0,1,0,0,1,0,0,0,1,0,0,1,0,0,0,0,0,0,1,0,0,0,0,0,0,0,0,0,1,0,0,0,0,0,0,0,0,0,0,0,1
77,26,2000,785.82,0,3,49700,0,12,3,2,0,12560,6280,50240,2009,2434,2,0,6,49700,0.18181818181818182,0.09090909090909091,0.7272727272727273,87.90817235499223,5,0,0,1,0,1,0,0,1,0,0,0,0,0,0,0,0,0,0,0,0,0,0,0,0,0,0,0,0,0,1,0,0,0,0,0,0,0,0,1,0,0,0,0,0,0,1,0,0,0,0,0,0,0,1,1,0,0,0,0,0,0,1,0,0,0,0,0,1,1,0,1,0,0,0,0,0,0,0,0,0,0,0,0,0,0,0
295,46,500,1265.84,0,3,52200,-44500,10,1,1,3,760,380,3420,2007,1868,4,0,8,7700,0.16666666666666666,0.08333333333333333,0.75,3.6023510080262913,5,1,0,1,0,0,0,0,0,0,0,0,0,0,1,0,0,0,0,0,0,0,0,0,0,0,0,0,0,0,0,1,0,0,0,0,0,0,0,0,1,0,0,0,0,1,0,0,1,1,0,0,0,0,0,0,0,0,0,1,0,0,0,0,0,0,0,0,1,0,1,0,0,0,0,0,0,0,0,1,0,0,0,0,0,1,0
126,28,500,1508.9,0,3,0,0,3,4,0,1,11300,11300,45200,2011,8397,3,0,4,0,0.16666666666666666,0.16666666666666666,0.6666666666666666,44.93339518854795,5,1,0,1,0,0,0,0,0,0,0,1,0,0,0,0,0,0,0,0,0,0,0,0,0,0,0,0,0,0,0,0,0,0,1,0,0,0,0,1,0,0,0,0,0,0,1,0,0,0,1,0,0,0,1,0,0,0,0,0,1,0,0,1,0,0,0,0,0,1,0,0,0,0,0,1,0,0,0,0,0,0,0,0,0,0,1
132,32,2000,1106.84,0,6,43100,-31900,21,1,1,1,1120,560,3920,2005,6262,2,0,10,11200,0.2,0.1,0.7,5.059448520111308,3,0,1,1,0,1,0,0,0,0,0,0,1,0,0,0,0,0,0,0,0,0,0,0,0,0,0,0,0,0,0,0,0,1,0,0,0,0,0,0,0,0,1,0,0,1,0,0,1,1,0,0,0,0,1,0,0,0,1,0,0,0,0,0,0,1,0,0,1,0,1,0,0,0,0,0,0,0,0,0,0,1,0,0,0,0,1
370,55,2000,1389.13,7000000,3,0,-53200,6,1,0,2,900,1800,6300,2015,787,1,0,0,-53200,0.1,0.2,0.7,6.4788752672536045,3,1,0,0,1,1,0,0,0,0,0,0,1,0,0,0,0,0,0,1,0,0,0,0,0,0,0,0,0,0,0,0,0,0,0,0,0,0,0,0,0,0,1,0,0,1,0,0,1,1,0,0,0,0,0,0,0,0,0,0,0,0,0,0,1,0,0,1,0,1,0,0,0,0,0,0,0,0,1,0,0,0,0,0,0,1,0
257,43,1000,974.84,0,3,52100,0,0,1,0,1,21330,7110,56880,2006,8318,3,0,9,52100,0.25,0.08333333333333333,0.6666666666666666,87.52205490131713,2,1,0,0,0,0,0,0,0,0,0,0,0,0,0,0,0,0,1,0,0,0,0,0,0,0,0,0,0,1,0,0,0,0,0,0,0,0,0,1,0,0,0,0,1,0,1,0,0,0,1,0,0,0,1,0,0,0,0,1,0,0,0,1,0,0,0,0,0,0,1,0,0,0,0,0,0,0,0,1,0,0,0,0,0,0,1
9,24,2000,1304.46,0,6,51700,-33300,6,1,0,3,540,1080,4320,2001,4634,5,1,14,18400,0.09090909090909091,0.18181818181818182,0.7272727272727273,4.553608389678487,4,0,0,0,0,0,0,0,0,0,0,1,0,0,0,0,0,0,0,0,0,0,0,0,0,0,0,1,0,0,0,0,0,0,0,0,0,0,0,1,0,0,0,0,0,1,0,0,1,0,0,1,0,0,0,0,0,0,0,0,0,0,0,0,0,0,0,0,0,0,1,1,0,0,0,0,0,0,0,0,0,0,0,0,0,1,0
185,34,500,1257.36,0,6,0,0,20,3,1,1,9340,4670,37360,2000,1773,4,0,15,0,0.18181818181818182,0.09090909090909091,0.7272727272727273,40.85544315072851,5,0,1,1,0,0,1,0,0,0,0,0,0,0,0,0,0,0,0,0,0,0,0,0,0,0,0,0,0,0,1,0,0,0,0,0,0,0,0,0,0,0,0,0,0,0,0,1,0,0,0,0,1,0,0,0,0,0,1,0,0,0,0,0,0,0,0,0,1,1,0,0,1,0,0,0,0,0,0,0,0,0,0,0,1,0,0
234,43,500,1257.04,0,2,0,-48800,4,1,2,2,10320,5160,36120,2011,9106,6,1,4,-48800,0.2,0.1,0.7,41.04881308470693,5,0,1,1,0,1,0,0,0,0,0,0,0,0,0,1,0,0,0,0,0,0,0,0,0,0,0,0,0,0,0,0,0,1,0,0,0,0,0,0,1,0,0,0,1,0,1,0,0,0,0,0,0,0,1,0,0,0,1,0,0,0,0,0,1,0,0,0,0,0,1,0,0,0,1,0,0,0,0,0,0,0,0,0,0,0,1
253,44,2000,719.52,0,0,45800,0,9,1,0,3,600,600,4200,1998,2834,4,0,17,45800,0.1111111111111111,0.1111111111111111,0.7777777777777778,7.5050033355570385,4,0,1,0,0,0,0,0,0,1,0,0,0,0,0,0,0,0,0,0,0,0,0,0,0,0,0,1,0,0,0,0,0,0,0,0,0,0,0,0,1,0,0,1,0,0,0,0,1,0,0,1,0,0,0,0,0,0,1,0,0,0,0,0,0,0,0,0,0,1,0,0,0,1,0,0,0,0,0,0,0,0,0,0,0,1,0
233,39,2000,1524.18,0,3,0,0,20,3,1,0,5430,5430,38010,1999,5119,3,0,16,0,0.1111111111111111,0.1111111111111111,0.7777777777777778,32.06314214856513,4,0,1,0,1,1,0,1,0,0,0,0,0,0,0,0,0,0,0,0,0,0,0,0,0,0,0,0,0,0,0,0,0,1,0,0,0,0,0,0,0,1,0,0,0,0,1,0,0,1,0,0,1,0,0,0,0,0,1,0,0,0,0,0,1,0,0,1,0,0,1,0,0,0,0,0,0,0,0,0,1,0,0,0,1,0,0
274,44,500,1395.58,0,3,0,0,7,1,2,1,860,860,3870,2000,3101,3,0,15,0,0.15384615384615385,0.15384615384615385,0.6923076923076923,4.005503088321702,4,1,0,0,1,0,0,0,0,0,0,0,0,0,0,0,0,1,0,0,0,0,0,0,0,0,0,0,0,0,0,0,0,1,0,0,0,0,0,0,0,0,0,0,0,1,0,0,1,1,0,0,0,0,1,0,0,0,0,0,1,0,0,0,0,0,1,0,0,1,0,0,1,0,0,0,0,0,0,0,0,0,0,0,0,1,0
297,48,1000,1243.68,0,4,0,-71400,18,3,0,2,6870,0,48090,2002,207,4,0,13,-71400,0.125,0.0,0.875,44.19143187958317,5,0,0,0,1,1,0,0,0,0,0,0,0,0,0,1,0,0,0,0,0,0,1,0,0,0,0,0,0,0,0,0,0,0,0,0,0,0,0,0,0,0,1,0,0,0,0,0,0,0,0,0,0,1,0,1,0,0,0,0,0,0,0,0,0,0,1,1,0,1,0,0,0,0,0,0,0,0,0,0,0,0,1,0,1,0,0
273,47,1000,1189.04,0,2,59600,0,0,3,1,3,7960,3980,27860,2014,1215,5,1,1,59600,0.2,0.1,0.7,33.47238108053556,7,0,1,0,1,0,0,0,0,0,0,0,0,0,1,0,0,0,0,0,0,0,0,0,0,0,0,0,0,0,0,0,0,0,0,0,1,0,0,0,1,0,0,0,0,0,0,1,0,1,0,0,0,0,1,0,0,0,0,1,0,0,0,0,1,0,0,0,0,1,0,0,0,0,0,0,0,1,0,0,0,0,0,0,0,0,1
147,37,2000,1375.29,0,4,0,0,11,3,0,1,6240,6240,43680,2015,651,5,1,0,0,0.1111111111111111,0.1111111111111111,0.7777777777777778,40.835023885871344,4,1,0,0,1,0,1,0,0,0,0,0,0,0,0,0,0,0,0,0,0,0,0,1,0,0,0,0,0,0,0,0,0,0,0,0,0,0,0,0,1,0,0,0,0,0,0,1,0,0,0,0,0,0,0,0,0,0,1,0,0,1,0,0,0,0,0,1,0,1,0,0,0,0,0,1,0,0,0,0,0,0,0,0,0,1,0
285,42,500,1389.13,0,2,63100,-79400,13,1,0,3,5270,10540,36890,2005,8710,4,0,10,-16300,0.1,0.2,0.7,37.93741406491833,4,1,0,0,0,1,0,0,0,0,0,0,0,1,0,0,0,0,0,0,0,0,0,0,0,0,0,1,0,0,0,0,0,0,0,0,0,0,1,0,0,0,0,0,1,0,0,1,0,0,1,0,1,0,0,0,0,0,0,1,0,0,1,0,0,0,0,0,0,1,0,0,0,0,0,0,0,0,0,0,0,0,1,0,0,0,0
289,43,1000,1387.51,0,2,0,0,19,3,1,3,7620,7620,53340,2010,4404,6,1,5,0,0.1111111111111111,0.1111111111111111,0.7777777777777778,49.42667079876902,7,0,1,0,1,0,0,0,0,0,0,0,0,0,0,0,1,0,0,0,0,0,0,0,0,0,0,0,0,0,0,0,0,0,0,0,0,0,1,0,0,0,0,0,0,0,0,1,0,1,0,0,1,0,0,1,0,0,0,0,0,0,0,0,0,1,0,0,1,1,0,0,0,0,0,0,0,1,0,0,0,0,0,0,1,0,0
427,60,1000,1178.61,7000000,5,0,-54400,23,1,1,2,12980,19470,58410,2004,3366,4,0,11,-54400,0.14285714285714285,0.21428571428571427,0.6428571428571429,77.09081036135788,4,1,0,0,0,1,0,1,0,0,0,0,0,0,0,0,0,0,0,0,1,0,0,0,0,0,0,0,0,0,0,0,0,0,0,0,0,0,0,0,1,0,0,0,1,0,0,1,0,0,0,0,0,0,0,1,0,0,0,0,0,0,0,0,0,0,1,0,1,0,1,0,0,0,0,0,0,0,0,0,0,0,0,1,0,0,1
380,53,2000,1166.62,6000000,2,0,0,23,1,0,3,570,570,4560,2001,1371,1,0,14,0,0.1,0.1,0.8,4.88590972210317,4,0,0,1,0,1,0,0,0,0,0,0,0,1,0,0,0,0,0,0,0,1,0,0,0,0,0,0,0,0,0,0,0,0,0,0,0,0,0,0,0,0,1,1,0,0,0,0,1,0,0,1,0,0,1,0,0,0,0,0,0,0,0,1,0,0,0,0,0,0,0,0,0,0,0,0,0,0,0,0,1,0,0,0,0,0,1
13,21,1000,1556.31,0,2,0,-75000,19,3,2,0,8630,8630,77670,2014,3015,0,0,1,-75000,0.09090909090909091,0.09090909090909091,0.8181818181818182,60.99684510155432,5,1,0,0,0,1,0,0,0,0,0,0,0,0,1,0,0,0,0,0,0,0,0,0,0,0,0,1,0,0,0,0,0,0,0,0,0,0,1,0,0,0,0,0,0,0,0,1,0,0,1,0,0,0,1,1,0,0,0,0,0,0,1,0,0,0,0,0,1,0,1,0,0,0,0,0,0,0,0,0,0,0,0,0,1,0,0
282,43,500,1452.27,0,5,75800,0,19,1,1,2,4680,9360,32760,2007,3095,3,0,8,75800,0.1,0.2,0.7,32.225412629882875,4,0,1,1,0,1,0,0,0,1,0,0,0,0,0,0,0,0,0,0,0,0,0,0,0,0,0,0,0,0,0,0,0,0,0,0,1,0,1,0,0,0,0,0,1,0,0,1,0,0,0,0,0,0,0,0,0,0,1,0,0,0,0,1,0,0,0,0,0,0,0,1,0,0,0,0,0,0,0,0,0,0,0,0,1,0,0
312,47,1000,1212.07,0,5,66900,-51800,17,3,2,3,7040,7040,42240,2000,4649,6,1,15,15100,0.125,0.125,0.75,46.46596318694465,8,0,1,0,1,0,0,0,1,0,0,0,0,0,0,0,0,0,0,0,0,0,0,0,0,0,0,0,0,0,0,0,1,0,0,0,0,0,0,0,0,0,1,0,0,0,0,1,0,0,1,0,1,0,0,1,0,0,0,0,0,0,0,1,0,0,0,0,0,0,0,0,0,0,0,0,0,0,1,0,0,0,0,0,1,0,0
266,46,2000,1578.54,0,2,0,-41400,18,1,1,3,7590,15180,60720,1996,2169,2,0,19,-41400,0.09090909090909091,0.18181818181818182,0.7272727272727273,52.89064578661295,5,0,1,0,0,1,0,0,0,0,1,0,0,0,0,0,0,0,0,0,0,0,0,1,0,0,0,0,0,0,0,0,0,0,0,0,0,0,0,0,0,0,0,0,1,0,0,0,0,1,0,0,1,0,0,0,0,0,0,0,1,0,1,0,0,0,0,0,0,0,1,0,0,0,0,0,0,0,0,1,0,0,0,0,1,0,0
30,36,500,1488.26,0,1,0,-63500,17,3,2,2,5790,5790,46320,2008,5038,5,1,7,-63500,0.1,0.1,0.8,38.904492494591,7,1,0,0,1,0,0,0,0,0,0,1,0,0,0,0,0,0,0,0,0,0,0,0,0,0,0,1,0,0,0,0,0,0,0,0,0,0,0,0,0,0,1,0,0,0,0,1,0,0,1,0,0,0,1,0,0,0,0,0,1,0,0,0,1,0,0,0,0,1,0,0,0,0,0,0,0,0,0,0,1,0,0,0,1,0,0
198,36,1000,1096.39,0,0,0,0,11,3,1,3,5490,5490,38430,2015,5092,0,0,0,0,0.1111111111111111,0.1111111111111111,0.7777777777777778,45.066080500551806,7,1,0,1,0,1,1,0,0,0,0,0,0,0,0,0,0,0,0,0,0,0,0,0,0,0,0,0,0,1,0,0,0,0,0,0,0,0,0,0,1,0,0,0,0,0,1,0,0,0,1,0,1,0,0,0,0,0,1,0,0,0,0,0,0,0,1,1,0,0,1,1,0,0,0,0,0,0,0,0,0,0,0,0,0,1,0
290,45,2000,1215.36,0,2,54400,0,22,3,0,1,6620,6620,52960,2012,7744,5,1,3,54400,0.1,0.1,0.8,54.46945760926804,4,0,1,0,1,1,0,0,0,0,0,0,0,0,0,0,0,1,0,0,0,0,0,0,0,0,0,0,0,0,0,0,0,1,0,0,0,0,0,0,1,0,0,0,0,0,0,1,0,1,0,0,1,0,0,0,0,0,0,0,1,0,0,1,0,0,0,1,0,0,0,0,0,0,0,0,0,0,0,0,0,1,0,0,0,0,1
260,46,2000,1482.57,0,5,35000,0,7,1,0,1,10680,10680,42720,2005,9133,4,0,10,35000,0.16666666666666666,0.16666666666666666,0.6666666666666666,43.22224245735446,2,0,1,0,0,1,0,0,0,0,0,0,0,1,0,0,0,0,0,0,0,0,0,0,0,0,0,0,0,0,0,0,0,1,0,0,0,0,0,0,0,0,0,0,1,0,0,0,0,1,0,0,1,0,0,1,0,0,0,0,0,1,0,0,0,0,0,0,0,0,0,0,0,0,0,0,0,0,0,0,0,0,1,0,0,1,0
233,43,1000,954.18,0,1,0,0,17,3,2,3,8500,4250,29750,2000,5385,1,0,15,0,0.2,0.1,0.7,44.540862311094344,8,0,1,1,0,0,0,0,0,0,0,0,0,0,0,0,0,1,0,0,0,0,0,0,0,1,0,0,0,0,0,0,0,0,0,0,0,0,0,1,0,0,0,0,0,0,0,1,0,1,0,0,0,1,0,0,0,0,1,0,0,0,0,0,1,0,0,1,0,0,1,0,0,0,0,0,0,0,0,1,0,0,0,0,1,0,0
130,30,2000,1193.4,0,6,0,-40800,16,3,2,3,8900,4450,35600,2005,890,0,0,10,-40800,0.18181818181818182,0.09090909090909091,0.7272727272727273,41.0172616054969,8,0,0,0,1,1,0,0,1,0,0,0,0,0,0,0,0,0,0,0,0,1,0,0,0,0,0,0,0,0,0,0,0,0,0,0,0,0,0,0,1,0,0,0,0,0,0,1,0,0,1,0,0,1,0,0,0,0,1,0,0,1,0,0,0,0,0,0,0,1,0,0,0,0,0,0,0,0,0,0,0,1,0,0,0,0,0
230,42,1000,1023.11,0,5,0,-45300,13,3,1,2,10700,10700,37450,1999,3734,4,0,16,-45300,0.18181818181818182,0.18181818181818182,0.6363636363636364,57.52069669927965,6,1,0,0,0,0,0,0,0,0,0,0,0,0,0,0,0,0,0,0,0,0,0,0,0,0,0,1,0,0,0,0,0,0,0,0,0,0,0,0,1,0,0,0,0,0,1,0,0,1,0,0,0,1,0,1,0,0,0,0,0,0,0,1,0,0,0,0,0,0,1,0,0,0,0,0,0,0,0,0,0,0,0,0,0,0,0
212,40,1000,1524.45,0,4,73200,0,17,3,0,2,8240,8240,65920,2006,4402,2,0,9,73200,0.1,0.1,0.8,54.05228115057889,5,0,0,0,1,0,0,0,0,0,0,0,1,0,0,0,0,0,0,0,0,0,0,0,0,0,0,1,0,0,0,0,0,0,0,0,0,0,0,0,0,0,0,0,0,0,0,1,0,1,0,0,0,1,0,1,0,0,0,0,0,0,0,0,1,0,0,0,1,0,1,0,0,0,0,0,0,0,0,1,0,0,0,0,1,0,0
299,44,1000,1653.32,0,1,0,-48800,3,1,2,0,6780,6780,40680,2009,2270,6,1,6,-48800,0.125,0.125,0.75,32.80671618319503,3,0,1,0,1,0,0,0,0,0,0,0,1,0,0,0,0,0,0,0,0,1,0,0,0,0,0,0,0,0,0,0,0,0,0,0,0,0,0,1,0,0,0,0,1,0,1,0,0,1,0,0,0,0,0,0,0,0,0,0,1,0,0,0,0,0,1,0,1,1,0,0,0,0,0,0,0,0,0,0,0,1,0,0,0,0,1
91,26,1000,1022.46,0,2,52700,0,15,3,0,2,7420,7420,59360,1996,5606,0,0,19,52700,0.1,0.1,0.8,72.57007609099622,5,0,0,1,0,0,1,0,0,0,0,0,0,0,0,0,0,0,0,0,0,0,0,0,0,0,0,0,0,0,0,0,0,0,0,0,1,0,0,1,0,0,0,0,0,0,0,0,0,1,0,0,0,1,0,0,0,0,1,0,0,0,0,0,0,0,0,1,0,1,0,0,0,0,0,0,0,1,0,0,0,0,0,0,0,0,0
398,53,2000,1396.43,0,2,21500,0,16,1,2,1,5270,5270,36890,2000,8806,3,0,15,21500,0.1111111111111111,0.1111111111111111,0.7777777777777778,33.96518264431443,4,0,0,0,0,0,0,0,0,0,0,0,0,1,0,0,0,0,0,0,0,0,0,0,0,0,0,0,0,0,0,0,0,0,0,0,0,0,0,0,0,1,0,0,1,0,0,0,0,0,1,0,1,0,0,0,0,0,0,0,1,0,1,0,0,0,0,0,1,1,0,0,0,0,0,0,0,0,0,0,0,0,1,0,0,0,0
218,43,500,1521.55,0,2,61100,-64500,18,1,1,3,13640,6820,47740,2003,6897,4,0,12,-3400,0.2,0.1,0.7,44.822713680128814,5,0,0,1,0,0,0,0,0,0,0,0,0,1,0,0,0,0,0,0,0,0,0,0,0,0,0,0,0,0,0,0,1,0,0,0,0,0,0,1,0,0,0,0,1,0,1,0,0,0,0,0,1,0,0,0,0,0,1,0,0,0,1,0,0,0,0,1,0,0,1,0,0,0,1,0,0,0,0,0,0,0,0,0,1,0,0
152,33,1000,1034.27,0,3,0,0,18,1,1,0,7100,7100,49700,2014,4989,4,0,1,0,0.1111111111111111,0.1111111111111111,0.7777777777777778,61.78270664333298,2,1,0,0,0,0,1,0,0,0,0,0,0,0,0,0,0,0,0,0,0,0,0,0,0,0,1,0,0,0,0,0,0,0,0,0,0,0,0,0,0,0,0,0,1,0,0,0,0,1,0,0,1,0,0,1,0,0,0,0,0,0,1,0,0,0,0,0,0,0,0,0,0,0,0,0,0,0,0,0,0,0,0,0,1,0,0
212,39,1000,1255.35,0,3,60300,-58900,22,2,0,3,11860,5930,41510,2008,1795,5,1,7,1400,0.2,0.1,0.7,47.237822121320754,5,0,1,0,0,0,0,0,0,0,0,0,0,0,0,1,0,0,0,0,0,0,0,0,0,0,0,0,0,0,0,0,0,0,1,0,0,0,1,0,0,0,0,0,0,0,1,0,0,0,1,0,0,0,0,1,0,0,0,0,0,0,0,0,0,1,0,0,0,0,1,0,0,0,1,0,0,0,0,0,0,0,0,0,0,0,1
242,44,2000,1396.89,6000000,1,0,-61600,15,3,1,2,6690,13380,46830,1999,4207,2,0,16,-61600,0.1,0.2,0.7,47.89210317204647,6,0,0,0,1,0,0,0,0,0,0,0,0,1,0,0,0,0,0,0,0,0,0,1,0,0,0,0,0,0,0,0,0,0,0,0,0,0,0,1,0,0,0,0,0,0,0,0,0,1,0,0,0,1,0,0,0,0,1,0,0,0,0,0,0,0,1,0,0,0,1,0,0,0,0,0,0,0,0,0,0,1,0,0,0,0,0
80,27,500,795.31,0,3,0,-51000,16,3,1,3,3710,7420,29680,2000,148,3,0,15,-51000,0.09090909090909091,0.18181818181818182,0.7272727272727273,51.31332436408445,7,0,1,0,1,1,0,0,0,1,0,0,0,0,0,0,0,0,0,0,0,0,0,0,0,0,0,0,0,0,0,0,0,0,1,0,0,0,0,0,0,0,0,0,0,0,1,0,0,0,0,0,0,0,1,0,1,0,0,0,0,0,0,0,0,0,0,0,1,1,0,0,0,0,0,1,0,0,0,0,0,0,0,0,0,0,0
260,43,500,982.22,0,3,54500,-72100,18,1,1,0,15080,7540,52780,2011,2080,3,0,4,-17600,0.2,0.1,0.7,76.76487955855103,2,1,0,0,0,0,0,0,1,0,0,0,0,0,0,0,0,0,0,0,0,0,0,0,0,0,0,0,0,0,0,0,0,0,1,0,0,0,1,0,0,0,0,0,1,0,0,0,0,0,1,0,1,0,0,1,0,0,0,0,0,0,0,0,0,1,0,1,0,1,0,0,0,0,0,0,1,0,0,0,0,0,0,0,1,0,0
133,34,500,1074.07,0,3,70900,-61100,8,1,2,0,420,840,2940,2013,7414,2,0,2,9800,0.1,0.2,0.7,3.9103596599849175,3,1,0,0,1,0,0,0,0,0,0,0,0,0,1,0,0,0,0,0,0,1,0,0,0,0,0,0,0,0,0,0,0,0,0,0,0,0,0,0,0,0,0,1,0,0,0,0,1,1,0,0,0,0,0,0,0,0,0,0,1,0,0,1,0,0,0,0,0,0,1,0,0,0,0,0,0,1,0,0,0,0,0,0,0,1,0
290,45,1000,1311.3,0,2,38500,0,23,3,0,0,5850,5850,40950,2001,8577,5,1,14,38500,0.1111111111111111,0.1111111111111111,0.7777777777777778,40.150995195607415,3,0,1,0,0,0,0,0,0,0,0,1,0,0,0,0,0,0,0,0,0,0,0,1,0,0,0,0,0,0,0,0,0,0,0,0,0,0,0,0,0,0,1,0,0,0,0,1,0,0,0,0,0,0,0,1,0,0,0,0,0,0,1,0,0,0,0,0,1,0,1,0,0,0,0,1,0,0,0,0,0,0,0,0,0,0,1
322,49,2000,1277.12,0,6,0,-46000,18,1,0,2,7680,7680,26880,2007,4865,0,0,8,-46000,0.18181818181818182,0.18181818181818182,0.6363636363636364,33.07441743923829,3,0,0,1,0,0,1,0,0,0,0,0,0,0,0,0,0,0,0,0,0,0,0,0,0,0,0,0,0,1,0,0,0,0,0,0,0,0,0,0,1,0,0,0,1,0,1,0,0,0,0,0,0,0,0,0,0,0,0,0,1,0,1,0,0,0,0,1,0,0,1,0,0,1,0,0,0,0,0,0,0,0,0,0,1,0,0
228,39,500,1388.62,0,3,35200,0,10,1,1,0,6610,6610,46270,1995,852,0,0,20,35200,0.1111111111111111,0.1111111111111111,0.7777777777777778,42.841094035805334,2,1,0,0,1,0,0,0,0,0,0,0,0,0,0,0,1,0,0,0,0,0,0,0,0,0,0,0,0,0,0,0,0,1,0,0,0,0,0,0,0,0,0,0,1,0,0,1,0,1,0,0,0,1,0,0,0,0,0,0,0,0,0,0,0,1,0,0,1,0,1,0,0,0,0,0,0,0,1,0,0,0,0,0,0,1,0
195,37,1000,1406.52,8000000,5,0,0,12,1,0,2,4420,4420,35360,2002,8602,2,0,13,0,0.1,0.1,0.8,31.425077496231836,3,0,0,0,0,1,0,0,0,0,0,0,0,0,0,0,0,1,0,0,0,0,0,0,0,0,0,0,0,0,0,0,0,0,0,0,0,0,0,0,0,1,0,0,1,0,0,1,0,0,0,0,0,0,0,0,0,0,1,0,0,0,0,0,0,0,0,0,0,0,0,0,0,0,0,0,0,1,0,0,0,0,0,0,0,0,0
247,39,500,1558.29,0,4,0,-49300,5,1,1,2,770,1540,5390,2000,8511,0,0,15,-49300,0.1,0.2,0.7,4.941313876107785,4,1,0,0,0,0,0,0,0,0,0,0,0,0,0,1,0,0,0,0,0,0,0,0,0,0,0,0,0,0,0,0,0,1,0,0,0,0,0,0,0,1,0,0,0,1,0,0,1,0,0,1,0,0,1,0,0,0,0,0,1,0,0,0,0,0,1,0,1,1,0,0,0,0,0,0,0,0,0,0,1,0,0,0,0,1,0
405,57,1000,1132.47,4000000,5,46300,0,21,3,2,3,10240,10240,40960,2008,5490,3,0,7,46300,0.16666666666666666,0.16666666666666666,0.6666666666666666,54.253092797160186,8,1,0,0,1,1,0,0,0,0,0,0,0,1,0,0,0,0,0,0,0,0,0,0,0,0,1,0,0,0,0,0,0,0,0,0,0,0,0,1,0,0,0,0,0,0,0,0,0,0,1,0,0,1,0,1,0,0,0,0,0,0,0,1,0,0,0,1,0,1,0,0,0,0,0,0,0,0,0,0,1,0,0,0,0,0,1
144,37,2000,1896.91,0,6,73700,0,17,3,1,3,5440,10880,38080,2015,835,5,1,0,73700,0.1,0.2,0.7,28.678218787396343,7,0,1,1,0,0,0,0,0,0,1,0,0,0,0,0,0,0,0,0,0,0,0,0,0,0,0,0,0,0,0,0,0,0,0,1,0,0,1,0,0,0,0,0,0,0,1,0,0,0,0,0,1,0,0,0,0,0,1,0,0,1,0,0,0,0,0,0,1,0,0,0,0,1,0,0,0,0,0,0,0,0,0,0,1,0,0
338,47,500,1143.46,4000000,5,0,0,4,1,2,1,9760,9760,39040,2002,7123,2,0,13,0,0.16666666666666666,0.16666666666666666,0.6666666666666666,51.212985150333196,4,0,0,0,1,1,0,0,0,0,0,0,0,1,0,0,0,0,0,0,0,0,0,0,0,0,0,0,0,0,0,0,1,0,0,0,0,0,0,1,0,0,0,0,1,0,0,0,0,0,1,0,0,1,0,0,0,0,0,0,0,0,0,0,0,0,0,0,1,1,0,0,0,0,0,0,0,0,1,0,0,0,0,0,0,0,1
121,34,500,1285.42,0,5,0,0,11,1,1,1,6730,6730,53840,2000,8745,2,0,15,0,0.1,0.1,0.8,52.35642824913258,3,1,0,0,1,1,0,0,0,0,0,0,0,1,0,0,0,0,0,0,0,0,0,0,0,0,0,0,0,0,0,0,0,0,0,0,1,0,0,0,0,0,1,0,1,0,0,0,0,0,0,0,1,0,0,0,0,0,0,1,0,0,0,0,1,0,0,0,0,0,0,0,0,0,1,0,0,0,0,0,0,0,0,0,0,1,0
398,55,2000,1305.26,0,5,66200,-49700,18,1,1,3,3340,6680,26720,1998,8591,3,0,17,16500,0.09090909090909091,0.18181818181818182,0.7272727272727273,28.14764874431148,5,0,1,1,0,1,0,0,0,1,0,0,0,0,0,0,0,0,0,0,0,0,0,0,0,0,0,0,0,0,0,0,0,0,1,0,0,0,0,0,0,0,1,0,1,0,1,0,0,0,0,0,1,0,0,0,0,0,0,1,0,0,1,0,0,0,0,1,0,0,1,0,1,0,0,0,0,0,0,0,0,0,0,0,1,0,0
9,30,1000,1073.83,0,0,0,0,12,1,0,0,15580,15580,54530,2011,7603,0,0,4,0,0.18181818181818182,0.18181818181818182,0.6363636363636364,79.79847834387193,1,0,0,0,0,0,0,0,0,0,0,1,0,0,0,0,0,0,0,0,0,0,0,0,0,1,0,0,0,0,0,0,0,0,0,0,0,0,1,0,0,0,0,0,1,0,1,0,0,0,1,0,0,0,1,1,0,0,0,0,0,0,0,0,1,0,0,1,0,0,0,0,1,0,0,0,0,0,0,0,0,0,0,0,0,0,0
115,31,1000,1051.67,0,2,0,0,18,3,0,3,0,4270,29890,2005,3374,6,1,10,0,0.0,0.125,0.875,32.48167200737874,6,0,1,0,1,0,0,0,1,0,0,0,0,0,0,0,0,0,0,0,0,1,0,0,0,0,0,0,0,0,0,0,0,0,0,0,0,0,1,0,0,0,0,0,0,0,0,1,0,0,0,0,0,0,0,0,0,0,0,0,1,0,0,0,0,1,0,0,1,0,0,1,0,0,0,0,0,0,0,0,0,0,0,0,1,0,0
280,48,1000,1387.35,0,3,0,-72000,16,1,2,2,10220,10220,40880,1998,203,2,0,17,-72000,0.16666666666666666,0.16666666666666666,0.6666666666666666,44.19937290517894,5,0,0,1,0,1,0,0,0,0,0,0,0,0,0,0,0,0,1,0,0,0,0,0,0,0,0,0,0,0,0,1,0,0,0,0,0,0,1,0,0,0,0,0,1,0,0,0,0,1,0,0,1,0,0,0,0,0,0,0,1,0,1,0,0,0,0,0,0,1,0,0,1,0,0,0,0,0,0,0,0,0,0,0,0,0,0
254,45,500,1083.64,0,3,59800,0,19,3,0,0,13280,13280,53120,2004,4181,4,0,11,59800,0.16666666666666666,0.16666666666666666,0.6666666666666666,73.52995459746779,3,0,0,1,0,1,0,0,0,0,0,0,1,0,0,0,0,0,0,0,0,0,0,0,0,0,0,0,0,0,0,1,0,0,0,0,0,0,0,0,0,0,0,0,0,0,1,0,0,0,1,0,0,0,1,0,0,0,0,0,0,1,0,0,0,0,0,0,1,1,0,0,1,0,0,0,0,0,0,0,0,0,0,0,1,0,0
141,30,1000,1851.78,0,0,78800,0,13,1,1,0,6860,6860,48020,2002,5322,0,0,13,78800,0.1111111111111111,0.1111111111111111,0.7777777777777778,33.34089362667272,2,0,0,1,0,0,0,1,0,0,0,0,0,0,0,0,0,0,0,0,0,0,0,0,0,0,1,0,0,0,0,0,0,0,0,0,0,0,0,1,0,0,0,0,1,0,0,0,0,0,1,0,1,0,0,0,0,0,1,0,0,0,0,0,0,1,0,0,0,0,1,1,0,0,0,0,0,0,0,0,0,0,0,0,0,0,0
441,55,500,1270.29,4000000,1,24000,-50500,4,1,0,0,640,640,5120,2002,2031,3,0,13,-26500,0.1,0.1,0.8,5.038219619142086,1,1,0,1,0,1,1,0,0,0,0,0,0,0,0,0,0,0,0,0,0,0,0,0,0,0,1,0,0,0,0,0,0,0,0,0,0,0,0,0,0,0,0,1,0,0,0,0,1,1,0,0,0,0,0,0,0,0,0,1,0,0,0,0,0,0,0,0,0,0,0,0,0,0,0,0,1,0,0,0,0,0,0,0,0,0,1
381,55,500,1459.99,0,5,35900,0,8,1,1,2,12120,6060,42420,2011,8675,0,0,4,35900,0.2,0.1,0.7,41.507133610504184,4,0,1,0,1,0,0,0,0,0,0,0,1,0,0,0,0,0,0,0,0,0,0,1,0,0,0,0,0,0,0,0,0,0,0,0,0,0,0,0,0,0,1,0,1,0,1,0,0,0,0,0,1,0,0,0,0,0,1,0,0,0,0,0,1,0,0,0,1,0,1,0,0,0,0,0,0,0,0,0,0,0,0,0,0,1,0
191,38,2000,1253.44,0,4,0,0,19,3,2,0,10240,5120,40960,2007,3366,5,1,8,0,0.18181818181818182,0.09090909090909091,0.7272727272727273,44.932346183303544,5,0,0,0,0,0,0,1,0,0,0,0,0,0,0,0,0,0,0,0,0,0,0,0,0,0,0,0,0,0,0,0,0,0,0,1,0,0,1,0,0,0,0,0,0,0,0,1,0,0,0,0,0,0,0,0,0,0,0,1,0,0,1,0,0,0,0,0,0,0,0,0,0,0,0,0,0,0,0,0,0,0,0,1,1,0,0
145,34,1000,1142.48,0,3,0,0,18,1,2,0,9500,4750,38000,2012,9004,1,0,3,0,0.18181818181818182,0.09090909090909091,0.7272727272727273,45.73384216791541,3,1,0,0,0,0,0,0,0,0,0,0,0,1,0,0,0,0,0,0,0,0,0,0,0,0,0,0,0,0,0,0,0,0,0,1,0,0,0,1,0,0,0,0,1,0,0,1,0,0,1,0,0,0,0,0,0,0,0,0,0,0,0,1,0,0,0,0,1,0,0,0,0,0,0,0,0,0,0,0,0,1,0,0,1,0,0
479,60,1000,1188.45,0,5,0,-44800,9,2,0,3,5390,10780,37730,2006,4434,6,1,9,-44800,0.1,0.2,0.7,45.35319113130548,5,0,0,0,1,0,0,0,1,0,0,0,0,0,0,0,0,0,0,0,0,0,1,0,0,0,0,0,0,0,0,0,0,0,0,0,0,0,0,1,0,0,0,0,0,0,1,0,0,0,1,0,0,1,0,0,0,0,1,0,0,0,0,0,0,0,0,1,0,1,0,0,0,0,0,0,0,0,0,0,1,0,0,0,0,1,0
215,35,1000,1125.4,0,4,40000,-43400,6,1,2,1,220,440,1980,2001,3866,3,0,14,-3400,0.08333333333333333,0.16666666666666666,0.75,2.3458325928558734,4,0,0,0,1,1,0,0,0,0,0,0,0,0,0,0,0,0,0,0,0,0,0,0,0,0,0,0,0,0,0,0,0,0,0,0,0,1,0,0,0,0,0,0,0,1,0,0,1,0,0,1,0,0,0,0,0,0,0,0,1,1,0,0,0,0,0,1,0,0,0,0,0,0,0,0,0,1,0,0,0,0,0,0,0,1,0
41,33,500,1294.41,0,0,0,0,8,1,0,0,1380,1380,6210,2011,1611,0,0,4,0,0.15384615384615385,0.15384615384615385,0.6923076923076923,6.92979813196746,1,0,1,1,0,1,0,0,0,0,0,0,0,0,0,0,0,0,1,0,0,0,0,0,0,0,0,0,0,0,0,0,0,0,0,1,0,0,0,0,0,0,0,0,0,1,0,0,1,1,0,0,0,0,0,0,0,0,0,0,0,0,0,0,0,0,0,0,1,1,0,0,0,0,1,0,0,0,0,0,0,0,0,0,0,1,0
45,31,500,1459.5,0,5,0,0,6,1,1,3,1000,1000,4000,2000,8921,1,0,15,0,0.16666666666666666,0.16666666666666666,0.6666666666666666,4.110996916752312,5,1,0,0,0,1,0,0,0,0,0,0,0,1,0,0,0,0,0,0,0,0,0,0,0,0,0,0,0,0,1,0,0,0,0,0,0,0,1,0,0,0,0,1,0,0,0,0,1,1,0,0,0,0,0,1,0,0,0,0,0,0,0,0,0,0,1,1,0,1,0,0,0,0,0,0,0,0,0,0,0,1,0,0,0,1,0
156,38,500,1367.99,0,0,26500,0,23,3,0,3,11040,5520,38640,1998,1980,1,0,17,26500,0.2,0.1,0.7,40.35117215769121,6,0,0,0,0,1,1,0,0,0,0,0,0,0,0,0,0,0,0,0,1,0,0,0,0,0,0,0,0,0,0,0,0,0,0,0,0,0,0,0,1,0,0,0,0,0,0,0,0,0,0,0,1,0,0,0,0,0,0,0,1,0,0,1,0,0,0,1,0,1,0,0,0,0,0,0,0,0,0,0,1,0,0,0,0,0,1
246,45,500,1594.37,0,2,0,0,13,1,0,3,660,1320,5280,2008,5638,6,1,7,0,0.09090909090909091,0.18181818181818182,0.7272727272727273,4.5535227080288765,4,1,0,1,0,1,0,0,1,0,0,0,0,0,0,0,0,0,0,0,1,0,0,0,0,0,0,0,0,0,0,0,0,0,0,0,0,0,0,0,1,0,0,1,0,0,0,0,1,0,0,1,0,0,0,0,0,0,1,0,0,0,0,0,0,1,0,0,0,0,1,0,0,0,0,0,0,0,0,0,1,0,0,0,0,0,0
178,39,500,1035.99,0,3,0,0,3,3,2,0,11760,11760,41160,2010,2141,5,1,5,0,0.18181818181818182,0.18181818181818182,0.6363636363636364,62.43303506790606,5,0,0,0,0,0,0,0,1,0,0,0,0,0,0,0,0,0,0,0,0,0,0,0,0,0,0,0,0,0,0,0,0,0,0,1,0,0,0,0,1,0,0,0,0,0,0,0,0,1,0,0,0,0,1,1,0,0,0,0,0,0,0,0,0,0,1,0,0,1,0,0,0,0,0,0,0,1,0,0,0,0,0,0,0,0,1
237,43,500,911.53,0,6,53200,0,23,1,0,1,0,11840,47360,1998,2130,2,0,17,53200,0.0,0.2,0.8,64.94575055127095,2,0,1,1,0,0,0,0,0,0,0,0,0,0,0,0,1,0,0,1,0,0,0,0,0,0,0,0,0,0,0,0,0,0,0,0,0,0,0,0,0,0,0,0,1,0,1,0,0,0,0,0,0,0,1,0,0,0,0,0,1,0,0,0,1,0,0,0,0,0,0,0,0,1,0,0,0,0,0,0,0,0,0,0,0,0,1
127,34,500,1319.97,0,2,73700,0,8,1,1,3,470,940,3290,1998,3079,1,0,17,73700,0.1,0.2,0.7,3.560686985310272,5,0,1,0,1,0,0,1,0,0,0,0,0,0,0,0,0,0,0,0,0,0,0,0,0,0,0,0,0,0,0,1,0,0,0,0,0,0,0,0,1,0,0,0,0,1,0,0,1,1,0,0,0,0,0,0,0,0,0,0,0,0,0,0,0,0,0,0,1,1,0,0,0,0,0,0,0,0,0,0,1,0,0,0,0,1,0
1,33,2000,1391.63,0,2,61200,0,23,1,0,3,6940,6940,55520,2000,7022,3,0,15,61200,0.1,0.1,0.8,49.86957740203933,4,0,1,1,0,1,0,0,0,0,0,0,0,0,0,0,1,0,0,0,0,0,0,0,0,0,0,0,0,0,0,0,0,0,0,0,1,0,0,0,0,0,0,0,1,0,0,1,0,0,1,0,0,1,0,1,0,0,0,0,0,1,0,0,0,0,0,0,1,0,0,0,0,0,0,0,0,0,1,0,0,0,0,0,0,0,1
5,21,500,915.41,5000000,0,0,0,23,1,0,0,4050,4050,32400,1998,4473,2,0,17,0,0.1,0.1,0.8,44.24247058695011,1,1,0,1,0,0,0,0,1,0,0,0,0,0,0,0,0,0,0,0,0,0,0,0,0,0,0,0,0,0,0,0,0,0,0,1,0,0,0,0,1,0,0,0,1,0,0,1,0,0,1,0,0,0,1,1,0,0,0,0,0,0,0,0,1,0,0,0,1,0,0,0,0,0,0,0,0,0,0,1,0,0,0,0,0,0,1
64,28,1000,1468.82,0,3,56800,-51800,9,3,2,1,5000,10000,45000,1997,8497,4,0,18,5000,0.08333333333333333,0.16666666666666666,0.75,40.849116978254656,6,0,0,0,1,1,0,0,0,0,1,0,0,0,0,0,0,0,0,0,0,0,0,0,0,0,0,0,0,0,0,0,0,0,1,0,0,0,0,1,0,0,0,0,0,0,0,1,0,1,0,0,1,0,0,0,0,0,1,0,0,0,0,0,0,1,0,0,0,0,0,0,0,0,0,0,1,0,0,0,0,0,0,0,0,1,0
142,30,500,1412.76,0,6,66400,-63700,22,1,2,3,11220,11220,44880,1996,6205,5,1,19,2700,0.16666666666666666,0.16666666666666666,0.6666666666666666,47.651405758939944,6,1,0,0,1,1,1,0,0,0,0,0,0,0,0,0,0,0,0,1,0,0,0,0,0,0,0,0,0,0,0,0,0,0,0,0,0,0,0,0,0,0,1,0,1,0,0,1,0,1,0,0,0,1,0,0,0,0,0,0,1,0,0,0,0,1,0,0,1,0,0,0,0,0,0,0,0,0,0,0,0,0,0,1,0,0,1
97,27,500,1588.26,0,0,56700,-49300,22,3,2,1,8410,8410,58870,2014,4657,5,1,1,7400,0.1111111111111111,0.1111111111111111,0.7777777777777778,47.6559253522723,6,0,1,0,1,0,0,0,0,0,0,0,0,0,0,0,0,1,0,0,0,0,0,0,0,0,0,0,0,0,1,0,0,0,0,0,0,0,0,0,0,0,0,0,0,0,0,1,0,0,1,0,0,1,0,0,0,0,0,1,0,0,0,0,0,1,0,0,1,0,1,0,0,0,0,0,0,0,0,0,1,0,0,0,0,0,1
121,31,1000,1140.91,0,2,51300,0,15,3,1,2,6430,6430,51440,2002,8611,6,1,13,51300,0.1,0.1,0.8,56.35852082986388,6,1,0,0,0,1,0,0,0,0,0,0,0,0,0,0,0,0,0,0,0,0,0,0,0,0,0,0,0,0,0,1,0,0,0,0,0,0,0,1,0,0,0,0,0,0,0,1,0,0,0,0,1,0,0,0,0,0,0,1,0,0,0,1,0,0,0,0,0,1,0,0,0,1,0,0,0,0,0,0,0,0,0,0,0,0,0
225,43,1000,1517.54,0,3,0,-20900,16,3,2,0,6440,6440,51520,2011,3801,4,0,4,-20900,0.1,0.1,0.8,42.43710215216733,5,0,1,0,0,1,0,0,0,0,0,0,0,1,0,0,0,0,0,0,0,0,1,0,0,0,0,0,0,0,0,0,0,0,0,0,0,0,0,0,1,0,0,0,0,0,1,0,0,0,0,0,0,0,1,0,0,0,1,0,0,1,0,0,0,0,0,0,0,0,1,0,1,0,0,0,0,0,0,0,0,0,0,0,0,0,0
425,53,2000,912.29,0,0,42900,-39100,17,3,1,2,16180,16180,64720,2005,8987,5,1,10,3800,0.16666666666666666,0.16666666666666666,0.6666666666666666,106.413530785167,6,0,1,1,0,0,0,0,0,0,0,0,0,1,0,0,0,0,0,0,0,0,0,0,0,0,0,0,0,0,0,1,0,0,0,0,0,0,0,0,0,0,0,0,0,0,0,0,0,1,0,0,1,0,0,0,0,0,0,0,1,0,0,1,0,0,0,1,0,1,0,0,0,0,0,0,0,0,0,0,1,0,0,0,1,0,0
285,44,2000,1144.3,0,5,52600,0,3,1,1,0,500,500,4500,2010,8568,2,0,5,52600,0.09090909090909091,0.09090909090909091,0.8181818181818182,4.8064318797518135,2,0,1,1,0,1,0,0,0,0,0,0,0,1,0,0,0,0,0,0,0,0,0,0,0,0,0,0,0,0,0,0,0,0,0,0,0,0,1,0,0,0,0,0,0,1,0,0,1,1,0,0,0,0,1,0,0,0,0,0,1,0,0,0,1,0,0,0,1,1,0,0,0,0,0,0,1,0,0,0,0,0,0,0,0,0,1
192,38,1000,1281.43,0,4,65100,-50300,10,3,0,2,3070,6140,21490,2010,1435,4,0,5,14800,0.1,0.2,0.7,23.957609857737058,5,1,0,0,1,0,0,0,0,0,0,0,0,0,0,0,0,0,1,0,0,0,0,0,0,0,0,0,0,0,0,0,0,0,1,0,0,0,1,0,0,0,0,0,0,0,1,0,0,0,1,0,0,1,0,0,0,0,1,0,0,0,0,1,0,0,0,1,0,0,0,0,0,0,0,0,0,1,0,0,0,0,0,0,0,1,0
285,48,2000,1101.85,0,1,46100,0,9,1,1,2,3720,3720,26040,2012,753,4,0,3,46100,0.1111111111111111,0.1111111111111111,0.7777777777777778,30.385261151699417,4,0,0,0,0,0,0,0,0,0,0,0,0,0,0,0,1,0,0,0,0,0,0,0,0,1,0,0,0,0,0,0,0,0,0,0,0,0,0,0,0,0,1,0,1,0,0,1,0,1,0,0,0,0,1,0,0,1,0,0,0,0,0,0,0,0,1,0,0,0,1,0,0,0,0,0,0,0,0,1,0,0,0,0,0,1,0
98,26,2000,1082.1,0,3,0,-30900,13,2,0,1,14540,7270,43620,2001,5098,3,0,14,-30900,0.2222222222222222,0.1111111111111111,0.6666666666666666,60.46576102023843,3,1,0,0,1,1,0,0,1,0,0,0,0,0,0,0,0,0,0,0,0,0,0,0,0,0,0,0,0,1,0,0,0,0,0,0,0,0,0,1,0,0,0,0,0,0,0,0,0,0,1,0,0,0,1,0,0,0,0,0,1,0,0,1,0,0,0,1,0,0,1,0,0,0,0,0,0,1,0,0,0,0,0,0,0,0,0
175,36,500,1185.44,0,4,44900,-52500,15,3,2,1,3880,7760,31040,2006,8368,4,0,9,-7600,0.09090909090909091,0.18181818181818182,0.7272727272727273,36.00350924551221,6,0,1,0,1,1,0,0,1,0,0,0,0,0,0,0,0,0,0,0,0,0,0,0,0,0,0,0,0,1,0,0,0,0,0,0,0,0,1,0,0,0,0,0,0,0,1,0,0,0,0,0,0,0,1,0,0,0,0,0,0,0,0,1,0,0,0,0,1,0,1,0,0,0,0,0,0,0,0,0,0,0,0,0,0,0,0
259,45,2000,1175.07,0,5,30100,0,23,1,1,1,7980,7980,71820,2011,2935,5,1,4,30100,0.09090909090909091,0.09090909090909091,0.8181818181818182,74.70193265082081,3,0,0,0,1,1,0,1,0,0,0,0,0,0,0,0,0,0,0,0,0,0,0,0,0,0,0,0,0,0,1,0,0,0,0,0,0,0,1,0,0,0,0,0,1,0,0,1,0,1,0,0,1,0,0,0,0,0,0,0,1,0,0,0,0,0,1,1,0,0,0,0,0,0,0,0,1,0,0,0,0,0,0,0,0,0,1
140,36,2000,979.26,0,3,0,-67000,2,4,0,2,14560,14560,43680,1998,5343,6,1,17,-67000,0.2,0.2,0.6,74.34184996834344,6,0,1,0,1,0,0,0,0,0,0,0,0,0,0,0,0,0,1,0,0,0,0,0,1,0,0,0,0,0,0,0,0,0,0,0,0,0,0,0,1,0,0,0,0,0,0,0,0,0,0,0,1,0,0,1,0,0,0,0,0,0,0,0,0,1,0,0,1,0,1,0,0,0,0,0,1,0,0,0,0,0,0,0,0,0,1
231,37,500,920.81,0,0,0,0,14,1,2,0,0,7910,63280,1997,8464,4,0,18,0,0.0,0.1111111111111111,0.8888888888888888,77.31236628620454,3,0,1,1,0,0,0,0,0,0,0,0,0,0,0,0,1,0,0,0,0,0,0,1,0,0,0,0,0,0,0,0,0,0,0,0,0,0,0,0,0,0,1,0,1,0,1,0,0,0,0,0,1,0,0,0,0,0,1,0,0,0,1,0,0,0,0,0,1,1,0,0,0,0,0,0,0,0,1,0,0,0,0,0,0,0,0
186,38,500,922.85,0,0,70300,-70900,7,1,1,1,400,400,2800,1999,604,2,0,16,-600,0.1111111111111111,0.1111111111111111,0.7777777777777778,3.9009589857506635,3,0,1,0,0,1,0,0,0,0,0,0,0,0,0,0,0,0,0,0,0,0,0,0,0,0,0,1,0,0,0,0,0,0,0,0,0,0,0,0,0,0,0,0,0,1,0,0,1,0,0,1,0,0,0,1,0,0,0,0,0,0,1,0,0,0,0,1,0,0,1,0,0,0,0,0,1,0,0,0,0,0,0,0,0,1,0
229,41,2000,1107.59,3000000,6,65400,0,23,1,1,3,10440,10440,41760,2009,5882,4,0,6,65400,0.16666666666666666,0.16666666666666666,0.6666666666666666,56.5552235032819,5,0,1,1,0,1,0,0,0,0,0,0,0,0,0,0,0,1,0,0,0,0,0,1,0,0,0,0,0,0,0,0,0,0,0,0,0,0,1,0,0,0,0,0,1,0,0,1,0,0,0,0,0,1,0,1,0,0,0,0,0,1,0,0,0,0,0,0,0,0,0,0,0,0,0,0,0,0,1,0,0,0,0,0,0,0,1
180,36,500,1272.46,0,1,0,0,7,3,2,1,12660,6330,50640,1998,47,3,0,17,0,0.18181818181818182,0.09090909090909091,0.7272727272727273,54.72077707747198,6,0,0,0,0,1,0,0,0,0,0,0,0,0,1,0,0,0,0,0,0,0,0,0,0,0,1,0,0,0,0,0,0,0,0,0,0,0,0,0,0,0,1,0,0,0,0,0,0,1,0,0,0,0,0,1,0,0,0,0,0,0,0,0,1,0,0,0,1,1,0,0,0,0,0,0,0,0,0,0,0,0,1,0,0,1,0
188,33,1000,1340.24,0,0,0,-68800,8,3,1,0,13820,6910,55280,1995,7618,6,1,20,-68800,0.18181818181818182,0.09090909090909091,0.7272727272727273,56.71372291529875,4,0,0,1,0,1,0,0,0,0,0,0,0,0,0,1,0,0,0,0,0,0,0,1,0,0,0,0,0,0,0,0,0,0,0,0,0,0,0,0,1,0,0,0,0,0,1,0,0,1,0,0,0,0,1,1,0,0,0,0,0,0,1,0,0,0,0,0,1,1,0,0,0,0,1,0,0,0,0,0,0,0,0,0,0,1,0
214,40,1000,1648.0,0,3,57700,-43500,17,1,1,0,8040,4020,32160,2000,5286,2,0,15,14200,0.18181818181818182,0.09090909090909091,0.7272727272727273,26.83252427184466,2,0,1,0,0,1,0,0,0,0,0,0,0,0,0,0,0,0,1,0,0,0,0,0,0,0,0,0,0,0,0,0,0,0,0,0,0,0,1,0,0,0,0,0,1,0,1,0,0,0,1,0,0,1,0,0,0,0,0,0,1,0,0,0,1,0,0,0,0,0,1,0,0,0,0,0,0,0,0,0,0,0,0,0,1,0,0
178,38,500,1381.14,0,1,0,0,10,3,0,3,5200,10400,41600,2011,101,6,1,4,0,0.09090909090909091,0.18181818181818182,0.7272727272727273,41.415062919037894,6,0,0,1,0,0,0,0,0,0,0,0,1,0,0,0,0,0,0,0,0,0,1,0,0,0,0,0,0,0,0,0,0,0,0,0,0,0,0,0,0,0,1,0,0,0,1,0,0,1,0,0,0,1,0,1,0,0,0,0,0,0,0,0,1,0,0,0,0,0,0,0,1,0,0,0,0,0,0,0,0,0,0,0,0,1,0
55,35,500,1198.44,8000000,5,0,0,9,1,0,3,560,560,1960,1998,1440,2,0,17,0,0.18181818181818182,0.18181818181818182,0.6363636363636364,2.570007676646307,4,0,0,0,1,1,0,0,0,0,0,0,0,1,0,0,0,0,0,0,0,0,0,0,0,0,0,0,0,0,0,0,1,0,0,0,0,0,0,0,0,0,1,0,0,1,0,0,1,1,0,0,0,0,1,0,0,0,0,0,1,1,0,0,0,0,0,0,0,0,0,0,0,0,0,0,0,0,0,1,0,0,0,0,0,1,0
90,31,2000,951.27,0,6,42100,0,2,1,1,0,13780,6890,55120,2007,8962,1,0,8,42100,0.18181818181818182,0.09090909090909091,0.7272727272727273,79.67243789880897,2,0,1,1,0,0,0,0,0,0,0,0,1,0,0,0,0,0,0,0,0,0,0,0,0,0,0,0,1,0,0,0,0,0,0,0,0,0,1,0,0,0,0,0,1,0,1,0,0,0,1,0,0,1,0,0,0,0,1,0,0,0,1,0,0,0,0,0,1,0,1,0,0,0,0,0,0,0,0,0,0,0,0,0,0,0,1
135,30,2000,1341.24,0,5,37100,-46500,18,3,0,1,5940,2970,23760,2003,2189,0,0,12,-9400,0.18181818181818182,0.09090909090909091,0.7272727272727273,24.35805672362888,4,1,0,0,1,0,0,0,0,1,0,0,0,0,0,0,0,0,0,0,0,0,0,0,0,0,0,0,0,0,0,0,0,0,1,0,0,0,0,0,0,0,1,0,0,0,1,0,0,1,0,0,0,0,0,0,0,0,0,0,1,0,0,0,0,1,0,0,0,0,0,0,0,0,0,0,1,0,0,0,0,0,0,0,1,0,0
277,46,2000,1177.57,0,2,0,-65500,4,1,2,3,430,860,2580,2010,8113,5,1,5,-65500,0.1111111111111111,0.2222222222222222,0.6666666666666666,3.2864288322562567,6,0,0,1,0,0,0,0,0,0,0,0,0,0,0,0,0,0,0,0,0,0,0,0,0,0,0,0,0,0,0,0,0,0,0,0,1,0,0,0,0,0,0,0,0,1,0,0,1,1,0,0,0,0,1,0,0,0,0,1,0,0,0,0,0,0,0,1,0,0,0,0,0,0,0,0,0,1,0,0,0,0,0,0,0,0,1
211,38,1000,1055.09,0,4,0,0,12,1,0,3,8320,16640,66560,2005,6466,1,0,10,0,0.09090909090909091,0.18181818181818182,0.7272727272727273,86.74141542427661,4,1,0,1,0,0,0,0,0,0,0,0,0,0,0,0,0,0,1,0,0,0,0,0,0,0,0,0,0,0,0,0,0,0,0,0,1,0,0,0,1,0,0,0,1,0,0,0,0,0,1,0,1,0,0,1,0,0,0,0,0,1,0,0,0,0,0,1,0,0,1,0,1,0,0,0,0,0,0,0,0,0,0,0,0,0,0
156,32,500,1479.48,0,4,0,0,15,1,1,3,6790,13580,54320,2008,8334,1,0,7,0,0.09090909090909091,0.18181818181818182,0.7272727272727273,50.483953821613,5,0,0,1,0,1,0,0,0,0,0,0,0,0,1,0,0,0,0,0,0,1,0,0,0,0,0,0,0,0,0,0,0,0,0,0,0,0,0,0,0,1,0,0,1,0,0,0,0,0,0,0,0,1,0,1,0,0,0,0,0,0,0,0,1,0,0,0,1,0,1,0,0,0,1,0,0,0,0,0,0,0,0,0,0,0,0
84,30,2000,1827.38,0,2,0,-15900,9,1,1,3,420,840,3360,1998,7122,3,0,17,-15900,0.09090909090909091,0.18181818181818182,0.7272727272727273,2.5282097866891395,5,1,0,0,1,1,0,0,0,0,0,0,0,1,0,0,0,0,0,0,0,0,0,0,0,0,0,0,0,0,0,0,1,0,0,0,0,0,0,1,0,0,0,0,0,1,0,0,1,0,0,1,0,0,1,0,0,0,0,1,0,0,0,0,0,0,1,0,1,1,0,1,0,0,0,0,0,0,0,0,0,0,0,0,0,1,0
136,32,500,1169.62,0,3,0,0,6,1,0,0,10000,10000,35000,2008,5152,2,0,7,0,0.18181818181818182,0.18181818181818182,0.6363636363636364,47.02381970212548,1,1,0,0,0,0,0,0,0,0,0,0,0,0,0,0,1,0,0,0,0,0,0,0,0,0,0,0,0,0,0,0,0,0,0,0,0,1,1,0,0,0,0,0,1,0,0,1,0,0,0,0,0,0,1,0,0,0,1,0,0,0,0,0,0,0,0,0,1,0,0,0,0,0,0,0,0,0,0,0,0,0,1,0,0,1,0
310,48,500,1516.34,0,3,11000,0,11,4,0,2,13200,6600,39600,1996,5630,6,1,19,11000,0.2222222222222222,0.1111111111111111,0.6666666666666666,39.17327248506272,6,1,0,0,0,0,0,0,0,0,0,0,0,0,0,0,0,0,0,0,0,0,0,0,0,0,0,0,0,0,0,0,0,0,0,1,0,0,0,0,0,1,0,0,0,0,1,0,0,0,0,0,0,0,1,0,0,0,1,0,0,0,0,0,0,0,1,0,1,0,0,0,0,0,0,0,0,0,0,0,1,0,0,0,0,1,0
123,34,2000,1270.21,0,1,16100,-61200,13,3,1,1,6140,0,49120,2000,2874,2,0,15,-45100,0.1111111111111111,0.0,0.8888888888888888,43.50461734673794,5,0,1,0,1,0,0,0,0,0,0,0,0,0,0,0,1,0,0,0,0,0,0,0,0,0,0,0,0,0,0,0,0,0,0,1,0,0,0,0,0,0,0,0,0,0,0,1,0,0,1,0,1,0,0,0,0,1,0,0,0,1,0,0,0,0,0,0,0,1,0,0,0,0,0,0,0,0,0,1,0,0,0,0,0,0,0
243,44,500,809.11,0,3,33200,0,4,3,2,1,5140,10280,35980,1996,6242,1,0,19,33200,0.1,0.2,0.7,63.5265909456069,6,0,0,1,0,1,0,1,0,0,0,0,0,0,0,0,0,0,0,0,0,0,0,0,0,0,0,0,0,0,0,0,1,0,0,0,0,0,0,1,0,0,0,0,0,0,0,1,0,1,0,0,0,1,0,0,0,0,0,0,0,0,0,0,0,0,1,1,0,0,1,0,0,0,0,0,1,0,0,0,0,0,0,0,0,0,1
36,37,1000,1115.81,0,4,0,-59800,20,3,1,3,5420,10840,32520,2008,463,3,0,7,-59800,0.1111111111111111,0.2222222222222222,0.6666666666666666,43.71712029825866,7,0,0,0,1,0,0,0,0,0,0,1,0,0,0,0,0,0,0,0,0,0,0,0,0,0,0,0,0,0,0,0,0,1,0,0,0,0,0,0,0,0,0,0,0,0,0,1,0,1,0,0,0,0,0,1,0,0,0,0,0,1,0,0,0,0,0,0,1,1,0,0,0,0,1,0,0,0,0,0,0,0,0,0,1,0,0
146,31,1000,1457.65,5000000,1,0,0,0,3,1,3,5820,5820,40740,2010,8901,1,0,5,0,0.1111111111111111,0.1111111111111111,0.7777777777777778,35.93455219016911,7,0,1,0,0,0,1,0,0,0,0,0,0,0,0,0,0,0,0,0,0,0,1,0,0,0,0,0,0,0,0,0,0,0,0,0,0,0,0,0,1,0,0,0,0,0,1,0,0,0,0,0,0,0,0,0,0,0,0,1,0,0,0,0,0,1,0,0,0,1,0,0,0,0,0,0,0,0,0,0,0,0,1,0,0,0,1
154,34,1000,1041.36,0,3,53100,-43900,18,4,2,3,13520,13520,47320,2005,5592,0,0,10,9200,0.18181818181818182,0.18181818181818182,0.6363636363636364,71.40662210954906,9,0,1,0,0,0,0,0,0,0,0,0,0,1,0,0,0,0,0,0,0,0,0,0,1,0,0,0,0,0,0,0,0,0,0,0,0,0,0,0,0,0,0,0,0,0,0,1,0,0,1,0,0,1,0,0,0,0,0,0,1,0,1,0,0,0,0,1,0,0,1,0,0,0,0,0,0,0,0,0,0,0,1,0,1,0,0
204,40,1000,1693.83,7000000,0,44000,-20800,6,1,1,0,5340,5340,42720,2003,8312,4,0,12,23200,0.1,0.1,0.8,31.52618621703477,2,0,1,1,0,1,0,0,0,0,0,0,0,0,0,1,0,0,0,0,0,0,0,0,0,0,0,0,0,0,0,0,1,0,0,0,0,0,0,1,0,0,0,0,1,0,0,0,0,1,0,0,0,0,1,1,0,0,0,0,0,0,0,0,1,0,0,1,0,1,0,0,0,0,0,0,1,0,0,0,0,0,0,0,0,1,0
458,59,1000,1685.69,0,0,31400,0,23,1,2,2,14360,14360,43080,1995,2175,1,0,20,31400,0.2,0.2,0.6,42.5938339789641,5,1,0,0,0,0,0,0,0,0,0,0,0,0,0,1,0,0,0,0,0,0,0,0,0,0,0,0,1,0,0,0,0,0,0,0,0,0,0,0,0,0,1,0,1,0,0,0,0,0,1,0,0,0,1,0,0,0,0,1,0,0,1,0,0,0,0,1,0,0,1,0,0,0,0,0,0,1,0,0,0,0,0,0,0,0,1
147,31,500,1054.92,6000000,6,51900,0,4,1,0,0,8530,0,59710,2013,6549,4,0,2,51900,0.125,0.0,0.875,64.68736965836271,1,1,0,1,0,0,0,0,0,0,0,0,0,0,1,0,0,0,0,0,0,0,0,0,0,0,1,0,0,0,0,0,0,0,0,0,0,0,0,0,1,0,0,0,1,0,0,0,0,0,0,0,0,1,0,1,0,0,0,0,0,0,0,0,1,0,0,1,0,1,0,0,0,0,0,0,0,0,0,0,0,0,1,0,0,0,1
279,45,2000,1333.97,6000000,5,61100,-30700,21,3,1,0,11100,11100,38850,2011,8385,0,0,4,30400,0.18181818181818182,0.18181818181818182,0.6363636363636364,45.76564690360353,4,1,0,1,0,0,0,0,0,0,0,0,1,0,0,0,0,0,0,0,0,1,0,0,0,0,0,0,0,0,0,0,0,0,0,0,0,0,0,0,0,1,0,0,0,0,1,0,0,0,0,0,0,1,0,0,0,0,1,0,0,0,0,0,0,0,0,1,0,1,0,0,0,0,1,0,0,0,0,0,0,0,0,0,0,0,1
308,47,1000,1013.61,6000000,2,45700,-41400,7,1,1,1,860,860,3870,2002,474,5,1,13,4300,0.15384615384615385,0.15384615384615385,0.6923076923076923,5.514941644222136,3,0,1,0,0,0,0,1,0,0,0,0,0,0,0,0,0,0,0,0,0,0,0,0,0,0,0,0,0,0,1,0,0,0,0,0,0,0,0,0,1,0,0,1,0,0,0,0,1,1,0,0,0,0,0,1,0,0,0,0,0,0,0,0,0,0,1,1,0,0,1,0,0,0,0,0,0,0,0,0,0,1,0,0,0,1,0
284,48,500,958.3,0,6,47900,0,19,3,0,0,8520,8520,29820,1998,2442,3,0,17,47900,0.18181818181818182,0.18181818181818182,0.6363636363636364,48.89909214233539,3,0,0,0,1,0,0,0,0,0,0,1,0,0,0,0,0,0,0,0,0,0,0,0,0,0,1,0,0,0,0,0,0,0,0,0,0,0,0,0,0,0,0,0,0,0,0,1,0,0,0,0,1,0,0,1,0,0,0,0,0,1,0,0,0,0,0,1,0,1,0,0,0,0,0,0,0,0,0,0,0,0,0,1,1,0,0
108,31,2000,1112.04,6000000,6,52800,-54300,5,1,1,3,780,780,2730,1998,4757,1,0,17,-1500,0.18181818181818182,0.18181818181818182,0.6363636363636364,3.857774900183447,5,1,0,1,0,0,0,0,0,0,0,0,1,0,0,0,0,0,0,0,0,0,0,0,0,0,0,0,0,0,0,0,0,0,0,0,0,0,0,0,1,0,0,1,0,0,0,0,1,1,0,0,0,0,0,0,0,0,1,0,0,0,0,0,0,0,0,0,0,0,0,0,0,0,0,0,0,0,0,0,0,0,0,1,0,1,0
421,57,2000,1206.26,0,2,69900,0,22,3,0,0,15700,7850,54950,2015,4687,5,1,0,69900,0.2,0.1,0.7,65.0771807073102,3,1,0,1,0,0,1,0,0,0,0,0,0,0,0,0,0,0,0,0,0,1,0,0,0,0,0,0,0,0,0,0,0,0,0,0,0,0,0,0,1,0,0,0,0,0,0,0,0,1,0,0,0,0,1,0,0,0,0,0,0,0,0,0,0,0,0,0,1,0,0,1,0,0,0,0,0,0,0,0,0,0,0,0,0,0,1
266,42,1000,763.67,0,2,12800,-49700,12,1,1,3,7870,7870,55090,2005,6047,2,0,10,-36900,0.1111111111111111,0.1111111111111111,0.7777777777777778,92.74948603454372,5,0,0,0,1,1,0,0,0,0,0,0,0,0,1,0,0,0,0,0,0,0,0,0,0,0,0,0,0,0,1,0,0,0,0,0,0,0,0,0,1,0,0,0,1,0,0,1,0,0,1,0,0,0,1,0,0,0,1,0,0,0,0,0,1,0,0,0,1,0,1,0,0,0,0,0,0,1,0,0,0,0,0,0,0,0,0
412,56,500,1042.56,0,0,0,-66100,19,3,0,2,15120,7560,45360,1997,4541,1,0,18,-66100,0.2222222222222222,0.1111111111111111,0.6666666666666666,65.26243093922652,5,0,0,1,0,1,0,0,0,0,1,0,0,0,0,0,0,0,0,0,0,0,0,0,0,0,0,0,0,0,0,0,0,0,0,0,0,1,0,0,1,0,0,0,0,0,0,0,0,0,1,0,0,0,1,0,0,0,1,0,0,0,0,0,0,0,1,0,0,0,0,0,0,0,0,0,0,0,0,0,0,1,0,0,1,0,0
31,32,2000,1263.48,4000000,3,46800,-87300,10,1,2,0,5300,10600,47700,1997,5632,5,1,18,-40500,0.08333333333333333,0.16666666666666666,0.75,50.33716402317409,3,0,0,0,0,0,0,0,0,0,0,0,1,0,0,0,0,0,0,0,0,0,0,0,0,0,0,0,1,0,0,0,0,0,0,0,0,0,0,0,0,0,1,0,1,0,0,1,0,0,0,0,1,0,0,0,0,0,0,0,1,0,1,0,0,0,0,1,0,1,0,1,0,0,0,0,0,0,0,0,0,0,0,0,0,1,0
465,63,500,1006.99,6000000,4,0,0,7,1,0,3,4840,4840,33880,2015,1120,3,0,0,0,0.1111111111111111,0.1111111111111111,0.7777777777777778,43.257629172087114,4,0,0,1,0,0,0,0,0,0,0,0,0,0,0,0,1,0,0,0,1,0,0,0,0,0,0,0,0,0,0,0,0,0,0,0,0,0,0,0,1,0,0,0,1,0,0,1,0,1,0,0,0,1,0,0,0,0,0,0,1,1,0,0,0,0,0,0,0,1,0,0,0,0,0,0,0,0,0,0,0,1,0,0,0,1,0
126,31,1000,1328.26,0,4,42300,-45800,17,1,1,1,13520,6760,40560,2011,6711,4,0,4,-3500,0.2222222222222222,0.1111111111111111,0.6666666666666666,45.80428530558776,3,0,1,1,0,1,0,0,0,0,0,0,0,0,0,0,1,0,0,0,0,0,0,0,0,0,1,0,0,0,0,0,0,0,0,0,0,0,1,0,0,0,0,0,1,0,0,0,0,0,1,0,0,0,1,0,0,0,0,0,1,0,1,0,0,0,0,0,0,0,0,0,0,0,0,0,0,0,0,0,0,1,0,0,1,0,0
407,55,1000,1250.08,5000000,6,0,-57700,0,3,2,3,11360,11360,45440,2010,6908,6,1,5,-57700,0.16666666666666666,0.16666666666666666,0.6666666666666666,54.524510431332395,8,0,1,0,0,0,0,0,0,0,0,0,0,0,0,0,0,1,0,0,0,1,0,0,0,0,0,0,0,0,0,0,0,0,0,0,0,0,0,0,0,0,1,0,0,0,0,1,0,0,1,0,0,0,1,0,0,0,0,0,1,0,0,0,0,0,0,1,0,0,1,0,0,0,0,1,0,0,0,0,0,0,0,0,0,0,1
101,27,500,982.7,6000000,1,30800,-43700,9,1,1,0,940,470,3760,2001,6260,1,0,14,-12900,0.18181818181818182,0.09090909090909091,0.7272727272727273,5.26101556934975,2,0,0,0,1,0,0,0,0,0,0,0,0,0,0,0,0,0,1,0,0,0,0,0,0,0,0,0,0,0,0,0,0,0,0,0,1,0,0,0,0,1,0,1,0,0,0,0,1,1,0,0,0,0,0,0,0,0,1,0,0,0,0,0,0,0,0,0,0,0,0,0,0,0,0,0,0,0,0,0,0,0,1,0,0,1,0
187,37,1000,1412.06,5000000,4,60100,0,21,1,0,3,5770,5770,46160,2000,526,4,0,15,60100,0.1,0.1,0.8,40.862286305114516,4,1,0,0,1,0,0,0,0,0,0,0,0,0,0,1,0,0,0,0,0,0,0,0,0,0,0,0,0,0,0,0,0,1,0,0,0,0,1,0,0,0,0,0,1,0,0,1,0,0,1,0,0,0,0,0,0,0,0,0,0,0,0,0,0,1,0,1,0,1,0,0,0,0,0,0,0,0,0,1,0,0,0,0,0,0,1
252,46,2000,1066.7,0,3,0,0,22,3,0,2,14920,14920,59680,2014,6635,4,0,1,0,0.16666666666666666,0.16666666666666666,0.6666666666666666,83.92237742570545,5,1,0,0,1,0,0,0,0,0,1,0,0,0,0,0,0,0,0,0,0,0,0,0,0,0,0,0,0,0,0,0,0,0,0,1,0,0,0,0,1,0,0,0,0,0,0,0,0,0,1,0,0,1,0,0,0,0,0,1,0,0,0,1,0,0,0,0,0,0,0,1,0,0,0,0,0,0,0,0,0,0,0,0,0,0,1
229,43,2000,1585.54,0,0,42600,-44400,3,1,1,0,420,840,3360,2012,6462,3,0,3,-1800,0.09090909090909091,0.18181818181818182,0.7272727272727273,2.9138337727209658,2,1,0,1,0,1,0,0,0,0,0,0,0,0,0,1,0,0,0,0,0,0,0,0,0,0,0,0,0,0,0,0,0,1,0,0,0,0,1,0,0,0,0,0,0,1,0,0,1,1,0,0,0,0,0,0,0,0,0,0,1,0,1,0,0,0,0,0,0,0,1,0,0,0,0,0,0,0,0,0,0,0,0,1,0,0,1
246,39,1000,1416.08,0,3,0,-36600,16,1,0,3,5020,5020,35140,2004,2840,1,0,11,-36600,0.1111111111111111,0.1111111111111111,0.7777777777777778,31.904977119936728,4,1,0,1,0,0,0,1,0,0,0,0,0,0,0,0,0,0,0,0,0,0,0,0,0,0,0,0,0,0,0,0,0,0,0,0,0,1,0,1,0,0,0,0,1,0,1,0,0,1,0,0,0,0,0,0,0,0,0,0,1,0,0,0,1,0,0,0,1,1,0,0,0,0,0,0,1,0,0,0,0,0,0,0,0,0,0
190,38,500,1246.03,0,3,61900,-50000,14,1,0,0,9020,4510,31570,2013,2688,2,0,2,11900,0.2,0.1,0.7,36.1949551776442,1,0,1,1,0,1,0,1,0,0,0,0,0,0,0,0,0,0,0,0,0,0,0,0,0,0,0,0,0,0,1,0,0,0,0,0,0,0,0,0,0,1,0,0,1,0,0,1,0,0,1,0,0,1,0,1,0,0,0,0,0,0,0,0,0,1,0,0,1,0,0,0,0,0,0,0,0,0,0,1,0,0,0,0,0,0,0
95,32,2000,1356.64,0,4,67800,-48600,21,3,0,3,15120,15120,52920,2003,6638,0,0,12,19200,0.18181818181818182,0.18181818181818182,0.6363636363636364,61.29850218186106,6,1,0,0,1,1,0,0,0,0,0,1,0,0,0,0,0,0,0,0,0,0,0,0,0,0,0,1,0,0,0,0,0,0,0,0,0,0,1,0,0,0,0,0,0,0,0,1,0,0,1,0,0,0,1,0,0,0,1,0,0,0,0,0,0,0,1,0,1,0,1,0,0,0,0,0,0,0,0,0,0,0,1,0,0,0,1
205,42,2000,1387.7,4000000,0,0,0,19,1,2,1,15660,15660,54810,1995,2541,6,1,20,0,0.18181818181818182,0.18181818181818182,0.6363636363636364,62.06672912012683,4,0,0,0,0,0,0,0,0,0,0,0,0,1,0,0,0,0,0,0,0,0,0,0,0,0,0,0,0,0,0,0,0,0,1,0,0,0,0,1,0,0,0,0,1,0,1,0,0,1,0,0,0,0,1,0,0,0,0,0,1,1,0,0,0,0,0,0,0,0,0,0,0,1,0,0,0,0,0,0,0,0,0,0,1,0,0
41,25,1000,1004.14,0,4,35400,0,13,3,1,3,9600,4800,33600,1995,4232,6,1,20,35400,0.2,0.1,0.7,47.802099308861315,7,0,1,0,0,1,0,0,0,0,0,0,0,1,0,0,0,0,0,0,0,0,0,0,0,0,0,0,0,0,0,0,0,0,0,1,0,0,0,0,0,0,1,0,0,0,0,0,0,0,0,0,1,0,0,0,0,0,0,0,0,0,1,0,0,0,0,0,0,0,0,0,0,0,1,0,0,0,0,0,0,0,0,0,0,0,0
137,35,500,1107.07,0,0,0,-45300,21,1,0,0,600,600,2100,2008,8676,2,0,7,-45300,0.18181818181818182,0.18181818181818182,0.6363636363636364,2.980841319880405,1,0,1,0,1,0,0,0,0,0,0,0,0,0,0,1,0,0,0,0,0,0,0,0,0,0,0,0,0,0,1,0,0,0,0,0,0,0,0,0,0,0,0,0,0,1,0,0,1,1,0,0,0,0,1,0,0,0,0,1,0,0,1,0,0,0,0,0,0,0,1,0,0,0,0,0,0,0,0,0,1,0,0,0,0,0,1
194,34,500,1429.96,0,3,67800,0,11,3,1,2,11440,5720,40040,2005,8611,0,0,10,67800,0.2,0.1,0.7,40.00111891241713,6,0,0,0,0,0,0,0,0,0,0,0,0,0,0,1,0,0,0,0,1,0,0,0,0,0,0,0,0,0,0,0,0,0,0,0,0,0,0,0,0,0,0,0,0,0,1,0,0,1,0,0,0,0,0,1,0,0,0,0,0,0,0,1,0,0,0,0,0,0,1,0,0,0,0,0,0,0,0,0,0,0,1,0,0,1,0
128,35,1000,1074.99,0,2,0,-48800,16,1,2,0,1380,690,5520,2012,5022,4,0,3,-48800,0.18181818181818182,0.09090909090909091,0.7272727272727273,7.060530795635308,3,1,0,1,0,0,0,0,0,0,0,0,0,0,0,0,0,0,0,0,0,1,0,0,0,0,0,0,0,0,0,0,0,0,0,0,0,0,0,0,0,0,0,0,0,1,0,0,1,0,0,1,0,0,1,0,0,0,0,1,0,1,0,0,0,0,0,1,0,1,0,0,0,0,0,0,0,0,0,0,0,0,0,0,0,0,0
150,37,1000,1007.0,0,6,30400,-89400,9,1,0,2,12320,12320,55440,2013,317,1,0,2,-59000,0.15384615384615385,0.15384615384615385,0.6923076923076923,79.52333664349553,3,0,1,0,1,0,0,0,0,0,0,0,0,0,0,0,0,0,1,0,1,0,0,0,0,0,0,0,0,0,0,0,0,0,0,0,0,0,0,0,0,1,0,0,1,0,1,0,0,0,1,0,0,0,1,0,0,0,0,1,0,0,0,0,0,0,0,0,0,1,0,0,0,1,0,0,0,0,0,0,0,0,0,0,0,1,0
104,30,500,1052.85,0,5,0,-70100,8,1,0,0,960,480,3360,2006,1651,0,0,9,-70100,0.2,0.1,0.7,4.559053996295769,1,0,1,0,0,0,0,0,0,0,0,0,0,0,0,1,0,0,0,0,0,0,0,0,0,0,0,0,0,0,0,0,0,0,1,0,0,0,0,1,0,0,0,0,0,1,0,0,1,1,0,0,0,0,1,0,0,0,0,0,1,0,0,0,0,1,0,0,0,0,1,0,1,0,0,0,0,0,0,0,0,0,0,0,0,1,0
163,37,1000,1200.33,4000000,0,0,-36400,7,1,2,1,390,780,2730,2008,1899,4,0,7,-36400,0.1,0.2,0.7,3.249106495713679,4,1,0,0,1,0,0,1,0,0,0,0,0,0,0,0,0,0,0,0,0,0,0,0,1,0,0,0,0,0,0,0,0,0,0,0,0,0,0,0,1,0,0,0,0,1,0,0,1,1,0,0,0,0,1,0,0,0,0,0,1,0,0,0,0,0,1,1,0,0,1,0,0,0,0,0,0,0,0,0,0,0,0,1,0,1,0
80,26,1000,1343.0,0,4,64600,0,12,1,0,0,9040,9040,72320,1995,4988,5,1,20,64600,0.1,0.1,0.8,67.31198808637379,1,0,0,0,0,1,0,0,0,0,1,0,0,0,0,0,0,0,0,0,0,0,1,0,0,0,0,0,0,0,0,0,0,0,0,0,0,0,0,1,0,0,0,0,1,0,0,0,0,1,0,0,0,1,0,0,0,0,1,0,0,0,0,0,0,0,0,1,0,0,0,0,1,0,0,0,0,0,0,0,0,0,0,0,0,0,0
65,29,2000,1441.6,5000000,5,0,0,21,3,0,0,6290,12580,44030,1998,3864,0,0,17,0,0.1,0.2,0.7,43.632075471698116,3,0,1,1,0,0,0,0,0,0,0,0,0,0,0,0,1,0,0,0,0,0,0,0,0,0,0,0,0,1,0,0,0,0,0,0,0,0,0,0,1,0,0,0,0,0,1,0,0,1,0,0,0,1,0,0,0,0,0,0,0,1,0,0,0,0,0,0,1,1,0,0,0,0,0,0,0,1,0,0,0,0,0,0,0,0,1
179,32,1000,1433.42,6000000,2,53800,0,4,1,1,2,5420,10840,37940,2014,7473,3,0,1,53800,0.1,0.2,0.7,37.81166720151805,4,0,1,0,0,0,0,0,0,0,0,0,0,0,0,1,0,0,0,0,0,0,0,0,0,0,0,0,0,0,0,0,0,0,0,0,0,0,0,0,1,0,0,0,1,0,1,0,0,0,0,0,0,0,1,0,0,0,0,0,0,0,0,0,0,0,0,0,1,0,0,0,0,0,0,0,0,0,0,1,0,0,0,0,0,0,1
372,50,2000,1368.57,0,5,0,0,18,3,2,2,5180,10360,36260,2003,3782,5,1,12,0,0.1,0.2,0.7,37.849726356708096,7,0,1,0,1,0,0,0,0,0,0,0,0,0,0,0,0,1,0,0,0,0,0,0,0,0,0,0,0,0,0,1,0,0,0,0,0,0,0,1,0,0,0,0,0,0,0,1,0,0,0,0,0,0,1,1,0,0,0,0,0,0,0,1,0,0,0,0,0,0,1,0,0,0,0,0,0,0,0,0,0,0,0,0,1,0,0
398,55,500,862.19,0,0,69400,0,7,1,2,3,600,1200,4800,2012,9040,0,0,3,69400,0.09090909090909091,0.18181818181818182,0.7272727272727273,7.654925248495111,6,0,1,1,0,1,0,0,0,0,0,0,0,0,0,0,0,0,0,0,0,0,0,0,0,0,0,0,0,0,1,0,0,0,0,0,0,0,0,0,0,1,0,0,0,1,0,0,1,0,0,1,0,0,1,0,0,0,1,0,0,0,0,1,0,0,0,1,0,1,0,0,0,0,0,0,0,0,0,0,0,0,0,0,0,1,0
213,35,500,871.46,0,5,58500,-77700,13,1,2,0,13480,6740,53920,2007,8890,3,0,8,-19200,0.18181818181818182,0.09090909090909091,0.7272727272727273,85.07562022353292,3,0,1,1,0,1,0,0,0,0,0,0,0,0,0,0,0,1,0,0,0,0,0,0,0,0,0,0,0,0,1,0,0,0,0,0,0,0,0,0,0,0,0,0,1,0,0,1,0,0,1,0,1,0,0,0,0,0,1,0,0,0,0,0,1,0,0,0,1,0,1,0,0,0,0,1,0,0,0,0,0,0,0,0,0,0,0
79,25,500,1863.04,0,2,53400,-35200,0,1,2,1,13560,6780,47460,1995,5213,4,0,20,18200,0.2,0.1,0.7,36.39213328753006,4,0,1,0,1,0,0,0,0,0,0,0,0,1,0,0,0,0,0,0,0,0,0,0,0,0,0,0,0,0,0,1,0,0,0,0,0,0,1,0,0,0,0,0,1,0,0,0,0,0,1,0,1,0,0,0,0,0,0,1,0,0,0,1,0,0,0,0,0,1,0,0,0,0,0,0,0,0,1,0,0,0,0,0,0,0,1
232,44,2000,1181.64,0,1,25800,0,22,1,1,1,5540,11080,38780,2002,7433,6,1,13,25800,0.1,0.2,0.7,46.88399174029315,3,0,1,1,0,1,0,0,0,0,0,0,1,0,0,0,0,0,0,0,0,0,0,0,0,0,1,0,0,0,0,0,0,0,0,0,0,0,0,0,0,0,1,0,1,0,1,0,0,0,0,0,1,0,0,1,0,0,0,0,0,0,0,1,0,0,0,1,0,0,1,0,0,0,0,0,0,1,0,0,0,0,0,0,0,0,1
230,37,1000,1060.74,0,6,0,-51500,15,1,2,3,9820,4910,34370,1996,3560,4,0,19,-51500,0.2,0.1,0.7,46.28844014555876,6,0,0,0,1,1,0,0,0,0,0,0,0,0,0,0,0,1,0,0,0,0,0,0,0,0,0,0,0,0,0,0,0,1,0,0,0,0,0,0,1,0,0,0,1,0,1,0,0,0,0,0,0,0,0,0,0,0,1,0,0,1,0,0,0,0,0,0,1,1,0,0,0,0,0,0,0,0,0,0,0,1,0,0,0,0,0
234,41,500,951.56,0,3,59400,-78600,3,3,2,1,15120,7560,75600,2007,9034,6,1,8,-19200,0.15384615384615385,0.07692307692307693,0.7692307692307693,103.28302997183573,6,1,0,0,0,0,0,0,0,0,0,0,0,0,0,0,0,0,1,0,0,0,0,0,0,0,0,0,0,0,0,0,0,0,0,0,1,0,0,0,0,0,1,0,0,0,0,1,0,0,0,0,0,0,1,0,0,0,1,0,0,0,0,0,0,1,0,0,0,1,0,0,0,1,0,0,0,0,0,0,0,0,0,0,0,0,1
240,40,500,1533.71,9000000,3,0,-70900,18,2,0,2,6050,12100,48400,2008,3773,5,1,7,-70900,0.09090909090909091,0.18181818181818182,0.7272727272727273,43.39151469312973,4,1,0,0,0,0,0,0,0,0,0,0,0,0,0,1,0,0,0,0,0,0,0,0,0,0,0,0,0,0,0,0,1,0,0,0,0,0,0,0,1,0,0,0,0,0,1,0,0,0,1,0,1,0,0,0,0,0,0,1,0,0,0,1,0,0,0,0,1,1,0,0,0,0,0,1,0,0,0,0,0,0,0,0,1,0,0
143,33,1000,1200.09,0,2,38400,-5700,17,3,2,2,14080,7040,49280,2002,7727,0,0,13,32700,0.2,0.1,0.7,58.662266996641925,7,0,1,0,1,0,0,1,0,0,0,0,0,0,0,0,0,0,0,0,1,0,0,0,0,0,0,0,0,0,0,0,0,0,0,0,0,0,0,0,0,1,0,0,0,0,0,1,0,0,0,0,1,0,0,0,0,0,0,0,1,0,0,0,0,0,0,1,0,1,0,0,0,0,0,0,0,0,0,0,0,0,0,0,1,0,0
266,42,500,1093.83,4000000,2,0,-49600,18,3,1,1,4440,8880,39960,2015,4370,5,1,0,-49600,0.08333333333333333,0.16666666666666666,0.75,48.70958009928417,5,1,0,0,0,1,0,0,0,0,0,0,0,0,0,0,0,0,0,0,1,0,0,0,0,0,0,0,0,0,0,0,0,0,0,0,0,0,0,1,0,0,0,0,0,0,0,1,0,0,0,0,0,0,0,0,0,0,0,0,1,0,0,0,0,0,1,1,0,0,0,0,0,0,0,0,0,0,0,0,0,1,0,0,1,0,0
89,32,1000,988.93,0,0,27600,0,11,1,2,3,15380,15380,53830,1999,6610,4,0,16,27600,0.18181818181818182,0.18181818181818182,0.6363636363636364,85.53689341004925,6,1,0,1,0,0,0,1,0,0,0,0,0,0,0,0,0,0,0,0,0,0,0,0,0,0,0,1,0,0,0,0,0,0,0,0,0,0,0,0,0,1,0,0,1,0,0,0,0,0,1,0,0,1,0,1,0,0,0,0,0,1,0,0,0,0,0,1,0,0,1,0,0,0,1,0,0,0,0,0,0,0,0,0,0,1,0
229,37,1000,1331.94,0,4,0,-55400,17,1,0,2,9920,9920,34720,2004,7289,3,0,11,-55400,0.18181818181818182,0.18181818181818182,0.6363636363636364,40.96280613240837,3,1,0,0,1,0,0,0,0,1,0,0,0,0,0,0,0,0,0,0,0,0,0,0,0,0,0,0,0,0,0,0,0,0,0,0,0,0,1,0,0,0,0,0,1,0,1,0,0,0,1,0,0,1,0,1,0,0,0,0,0,1,0,0,0,0,0,0,0,0,1,0,0,0,0,0,0,0,0,0,1,0,0,0,1,0,0
245,40,1000,1361.45,0,6,39300,0,12,1,0,2,7470,7470,67230,1999,1892,6,1,16,39300,0.09090909090909091,0.09090909090909091,0.8181818181818182,60.35476881266297,3,0,0,0,1,1,0,0,0,0,1,0,0,0,0,0,0,0,0,0,0,0,1,0,0,0,0,0,0,0,0,0,0,0,0,0,0,0,0,0,0,1,0,0,1,0,1,0,0,1,0,0,0,0,0,0,1,0,0,0,0,0,0,1,0,0,0,0,1,0,1,0,0,0,0,0,0,0,0,0,0,1,0,0,0,0,0
50,44,2000,1188.51,0,1,0,-65800,15,3,1,2,6110,12220,42770,2008,5195,3,0,7,-65800,0.1,0.2,0.7,51.40890695071981,6,0,1,1,0,1,0,0,0,0,1,0,0,0,0,0,0,0,0,0,0,1,0,0,0,0,0,0,0,0,0,0,0,0,0,0,0,0,0,0,0,1,0,0,0,0,0,0,0,0,1,0,0,0,1,1,0,0,0,0,0,0,0,1,0,0,0,1,0,0,0,0,0,0,1,0,0,0,0,0,0,0,0,0,0,0,0
230,43,2000,1101.83,0,0,28900,0,0,3,0,3,5190,10380,36330,2011,2883,3,0,4,28900,0.1,0.2,0.7,47.1034551609595,6,1,0,0,1,1,0,0,1,0,0,0,0,0,0,0,0,0,0,0,0,0,0,0,1,0,0,0,0,0,0,0,0,0,0,0,0,0,0,1,0,0,0,0,0,0,0,0,0,1,0,0,0,0,1,1,0,0,0,0,0,0,0,0,0,0,0,1,0,0,1,0,1,0,0,0,0,0,0,0,0,0,0,0,0,0,1
17,39,1000,840.95,0,3,32500,-80800,9,1,2,1,430,430,2580,2002,3043,3,0,13,-48300,0.125,0.125,0.75,4.090611808074201,4,0,0,1,0,0,0,0,0,0,0,0,0,0,0,0,0,0,0,0,0,0,0,0,0,0,0,0,1,0,0,0,0,0,0,0,0,0,0,0,0,1,0,1,0,0,0,0,1,0,0,1,0,0,1,0,0,0,1,0,0,0,0,0,0,0,0,1,0,1,0,0,0,0,0,0,0,0,0,0,0,1,0,0,0,1,0
163,36,1000,1503.21,0,5,55700,-49900,1,1,2,1,5710,11420,34260,2013,5511,5,1,2,5800,0.1111111111111111,0.2222222222222222,0.6666666666666666,34.18684016205321,4,1,0,1,0,1,0,0,0,0,0,0,1,0,0,0,0,0,0,0,0,0,0,0,1,0,0,0,0,0,0,0,0,0,0,0,0,0,0,0,0,0,0,0,1,0,0,1,0,0,1,0,0,0,0,0,0,0,0,0,1,0,0,0,0,0,1,0,1,0,0,0,0,0,0,0,0,0,0,0,0,0,1,0,0,0,1
29,32,1000,1722.5,0,0,0,-21500,22,1,0,2,7690,7690,61520,1995,4666,1,0,20,-21500,0.1,0.1,0.8,44.644412191582006,3,0,1,0,0,1,0,0,0,0,0,0,1,0,0,0,0,0,0,0,0,0,0,0,0,0,0,0,0,0,0,0,0,0,0,0,0,0,0,0,0,0,1,0,1,0,0,1,0,0,0,0,0,1,0,0,0,0,0,0,1,1,0,0,0,0,0,1,0,1,0,0,0,0,0,0,0,1,0,0,0,0,0,0,0,0,1
232,42,500,944.03,0,1,0,-58400,11,1,2,3,15400,7700,53900,2015,660,3,0,0,-58400,0.2,0.1,0.7,81.56520449561984,6,1,0,0,0,1,0,0,0,0,1,0,0,0,0,0,0,0,0,0,0,0,0,0,0,0,0,0,0,1,0,0,0,0,0,0,0,0,1,0,0,0,0,0,1,0,1,0,0,1,0,0,0,1,0,0,0,0,0,0,1,0,0,0,0,1,0,0,1,1,0,0,0,0,0,0,0,0,0,0,0,0,1,0,0,1,0
235,39,2000,1453.61,4000000,3,0,0,10,1,0,3,9280,9280,41760,2012,622,1,0,3,0,0.15384615384615385,0.15384615384615385,0.6923076923076923,41.49668755718522,4,0,0,0,1,1,0,1,0,0,0,0,0,0,0,0,0,0,0,0,0,0,0,0,0,0,0,0,0,0,0,0,0,0,0,0,0,1,0,1,0,0,0,0,1,0,0,1,0,0,0,0,0,1,0,0,0,0,0,0,0,0,1,0,0,0,0,1,0,1,0,0,0,1,0,0,0,0,0,0,0,0,0,0,0,1,0
295,46,500,1672.88,0,0,0,0,5,1,1,1,12140,6070,42490,1997,5883,1,0,18,0,0.2,0.1,0.7,36.28473052460427,3,1,0,0,0,0,1,0,0,0,0,0,0,0,0,0,0,0,0,0,0,0,0,0,0,1,0,0,0,0,0,0,0,0,0,0,0,0,0,0,0,0,1,0,1,0,1,0,0,1,0,0,1,0,0,1,0,0,0,0,0,1,0,0,0,0,0,0,1,0,0,0,0,0,0,0,1,0,0,0,0,0,0,0,0,1,0
22,21,1000,1248.05,0,0,37500,-54000,3,3,1,2,5920,0,47360,2015,2783,6,1,0,-16500,0.1111111111111111,0.0,0.8888888888888888,42.690597331837665,6,1,0,1,0,0,0,0,1,0,0,0,0,0,0,0,0,0,0,0,0,0,0,0,0,0,0,0,0,0,1,0,0,0,0,0,0,0,0,0,0,0,0,0,0,0,1,0,0,0,1,0,0,0,1,0,0,0,1,0,0,0,0,0,0,0,0,0,1,1,0,0,0,1,0,0,0,0,0,0,0,0,0,0,0,0,1
286,43,500,1564.43,3000000,5,77500,-32800,18,1,2,2,3810,3810,26670,2013,7665,5,1,2,44700,0.1111111111111111,0.1111111111111111,0.7777777777777778,21.918526236392808,5,0,0,0,0,0,0,0,0,0,0,0,0,0,1,0,0,0,0,0,0,0,0,0,0,0,0,0,0,0,1,0,0,0,0,0,0,0,0,0,0,1,0,0,1,0,1,0,0,1,0,0,1,0,0,1,0,0,0,0,0,0,0,0,1,0,0,1,0,0,1,0,0,0,0,0,0,1,0,0,0,0,0,0,1,0,0
257,44,1000,1280.88,0,5,59400,-32200,21,1,0,1,0,5220,41760,2002,3131,4,0,13,27200,0.0,0.1111111111111111,0.8888888888888888,36.677908937605395,2,0,1,0,0,1,0,0,0,0,0,0,1,0,0,0,0,0,0,1,0,0,0,0,0,0,0,0,0,0,0,0,0,0,0,0,0,0,0,1,0,0,0,0,1,0,1,0,0,0,1,0,0,1,0,0,0,0,0,0,1,0,0,0,0,1,0,0,0,0,0,0,0,0,0,0,0,0,0,0,0,0,0,0,0,0,1
94,26,500,722.66,0,5,50300,0,6,3,1,2,3670,7340,25690,2010,2648,4,0,5,50300,0.1,0.2,0.7,50.784601333960644,6,1,0,0,0,1,0,0,1,0,0,0,0,0,0,0,0,0,0,0,0,0,1,0,0,0,0,0,0,0,0,0,0,0,0,0,0,0,0,0,0,0,0,0,0,0,0,0,0,0,0,0,1,0,0,0,1,0,0,0,0,0,0,0,0,0,1,0,1,0,1,0,0,0,0,0,0,0,0,1,0,0,0,0,0,1,0
124,28,1000,1235.14,0,5,0,-32100,20,3,0,1,6020,6020,48160,2012,4819,1,0,3,-32100,0.1,0.1,0.8,48.73941415548035,4,0,1,1,0,1,0,0,1,0,0,0,0,0,0,0,0,0,0,0,0,0,1,0,0,0,0,0,0,0,0,0,0,0,0,0,0,0,0,0,0,0,0,0,0,0,0,1,0,0,1,0,0,1,0,0,1,0,0,0,0,0,1,0,0,0,0,1,0,1,0,0,0,0,0,0,0,0,0,0,0,0,0,1,1,0,0
141,30,1000,1347.04,0,0,0,-82100,6,1,1,2,540,1080,4860,1996,2861,3,0,19,-82100,0.08333333333333333,0.16666666666666666,0.75,4.810547570970424,4,1,0,0,1,1,0,0,0,0,0,0,0,0,0,0,1,0,0,0,0,1,0,0,0,0,0,0,0,0,0,0,0,0,0,0,0,0,0,0,1,0,0,1,0,0,0,0,1,1,0,0,0,0,0,0,0,0,1,0,0,0,0,1,0,0,0,1,0,0,1,0,0,0,0,0,1,0,0,0,0,0,0,0,0,1,0
3,38,1000,1310.8,0,4,0,0,20,1,0,1,17440,8720,61040,2006,8622,6,1,9,0,0.2,0.1,0.7,66.52425999389686,2,0,1,0,1,0,0,1,0,0,0,0,0,0,0,0,0,0,0,0,0,0,0,0,0,0,0,0,0,0,0,1,0,0,0,0,0,0,0,0,0,1,0,0,1,0,0,0,0,1,0,0,1,0,0,0,0,0,0,0,0,0,0,0,1,0,0,0,1,1,0,0,0,0,0,0,1,0,0,0,0,0,0,0,1,0,0
285,41,1000,1436.79,0,6,70900,0,23,1,2,3,18080,18080,72320,2015,384,5,1,0,70900,0.16666666666666666,0.16666666666666666,0.6666666666666666,75.50163907042783,6,0,0,0,0,0,0,0,0,0,0,0,0,0,1,0,0,0,0,0,0,0,0,0,0,0,0,0,0,0,0,0,0,0,0,1,0,0,0,0,0,0,1,0,1,0,1,0,0,0,0,0,1,0,0,0,0,0,1,0,0,0,0,1,0,0,0,0,1,1,0,0,0,0,0,0,0,0,0,0,0,0,0,1,0,0,1
130,34,500,1383.49,3000000,4,35100,0,4,3,2,3,7500,7500,52500,1996,4358,4,0,19,35100,0.1111111111111111,0.1111111111111111,0.7777777777777778,48.78965514748932,8,0,1,1,0,0,1,0,0,0,0,0,0,0,0,0,0,0,0,0,0,1,0,0,0,0,0,0,0,0,0,0,0,0,0,0,0,0,0,1,0,0,0,0,0,0,0,1,0,1,0,0,0,0,1,0,0,0,0,0,0,0,0,0,0,0,0,1,0,0,1,0,0,0,0,0,0,0,0,0,0,1,0,0,0,0,1
458,62,2000,1356.92,5000000,2,0,0,2,1,0,1,5220,5220,36540,1998,1196,3,0,17,0,0.1111111111111111,0.1111111111111111,0.7777777777777778,34.622527488724465,2,0,0,0,1,1,0,0,0,0,1,0,0,0,0,0,0,0,0,0,0,0,0,0,0,0,0,0,0,0,0,0,0,0,0,0,0,0,0,0,0,0,1,0,1,0,1,0,0,0,0,0,0,1,0,1,0,0,0,0,0,0,0,0,0,0,0,1,0,0,1,1,0,0,0,0,0,0,0,0,0,0,0,0,0,0,1
456,60,1000,766.19,0,2,0,0,6,1,0,3,460,920,3680,2007,6681,3,0,8,0,0.09090909090909091,0.18181818181818182,0.7272727272727273,6.6041060311411,4,0,1,1,0,0,0,0,0,0,0,0,0,0,0,0,1,0,0,0,0,0,0,0,0,0,0,0,0,1,0,0,0,0,0,0,0,0,0,0,0,0,0,1,0,0,0,0,1,1,0,0,0,0,1,0,0,0,0,0,1,1,0,0,0,0,0,1,0,1,0,0,0,0,0,0,0,0,1,0,0,0,0,0,0,1,0
