months_as_customer,age,policy_deductable,policy_annual_premium,umbrella_limit,capital-gains,capital-loss,incident_hour_of_the_day,number_of_vehicles_involved,bodily_injuries,witnesses,injury_claim,property_claim,vehicle_claim,auto_year,customer_tenure_days,incident_day_of_week,incident_is_weekend,vehicle_age_at_incident,net_capital,injury_claim_ratio,property_claim_ratio,vehicle_claim_ratio,claim_to_premium_ratio,incident_complexity,policy_state_IN,policy_state_OH,policy_csl_250/500,policy_csl_500/1000,insured_sex_MALE,insured_education_level_College,insured_education_level_High School,insured_education_level_JD,insured_education_level_MD,insured_education_level_Masters,insured_education_level_PhD,insured_occupation_armed-forces,insured_occupation_craft-repair,insured_occupation_exec-managerial,insured_occupation_farming-fishing,insured_occupation_handlers-cleaners,insured_occupation_machine-op-inspct,insured_occupation_other-service,insured_occupation_priv-house-serv,insured_occupation_prof-specialty,insured_occupation_protective-serv,insured_occupation_sales,insured_occupation_tech-support,insured_occupation_transport-moving,insured_hobbies_basketball,insured_hobbies_board-games,insured_hobbies_bungie-jumping,insured_hobbies_camping,insured_hobbies_chess,insured_hobbies_cross-fit,insured_hobbies_dancing,insured_hobbies_exercise,insured_hobbies_golf,insured_hobbies_hiking,insured_hobbies_kayaking,insured_hobbies_movies,insured_hobbies_paintball,insured_hobbies_polo,insured_hobbies_reading,insured_hobbies_skydiving,insured_hobbies_sleeping,insured_hobbies_video-games,insured_hobbies_yachting,insured_relationship_not-in-family,insured_relationship_other-relative,insured_relationship_own-child,insured_relationship_unmarried,insured_relationship_wife,incident_type_Parked Car,incident_type_Single Vehicle Collision,incident_type_Vehicle Theft,collision_type_Rear Collision,collision_type_Side Collision,collision_type_Unknown,incident_severity_Minor Damage,incident_severity_Total Loss,incident_severity_Trivial Damage,authorities_contacted_Fire,authorities_contacted_Other,authorities_contacted_Police,incident_state_NY,incident_state_OH,incident_state_PA,incident_state_SC,incident_state_VA,incident_state_WV,incident_city_Columbus,incident_city_Hillsdale,incident_city_Northbend,incident_city_Northbrook,incident_city_Riverwood,incident_city_Springfield,property_damage_Unknown,property_damage_YES,police_report_available_Unknown,police_report_available_YES,auto_make_Audi,auto_make_BMW,auto_make_Chevrolet,auto_make_Dodge,auto_make_Ford,auto_make_Honda,auto_make_Jeep,auto_make_Mercedes,auto_make_Nissan,auto_make_Saab,auto_make_Suburu,auto_make_Toyota,auto_make_Volkswagen,incident_time_bucket_Evening,incident_time_bucket_Morning,incident_time_bucket_Night
1.0781395802224778,0.9908364694613041,-0.22238259044849376,0.6167046113377183,-0.4794758203104481,1.011330643263252,0.9538505081700629,-0.9562606642355124,-0.8238649762007128,0.009759465477002306,0.461837853772224,-0.18928317351454105,1.1655049667775859,0.7496527191568344,-0.1834403993553725,-1.7277428032755597,1.4951580588242674,1.5348305111596448,0.18344039935536155,1.4231892209376031,-0.9544902923500049,0.8879220276755714,0.08427078959808616,0.289395849324913,-0.18600384606161657,0,1,1,0,1,0,0,0,1,0,0,0,1,0,0,0,0,0,0,0,0,0,0,0,0,0,0,0,0,0,0,0,0,0,0,0,0,0,0,0,1,0,0,0,0,0,0,0,0,1,0,0,1,0,0,0,0,0,0,1,0,0,0,1,0,0,1,0,0,0,0,0,0,1,0,1,0,0,0,0,0,0,0,0,0,1,0,0,0,0,1,0
0.20899460156739996,0.334073453910285,1.412783515790431,-0.2425211822310571,1.6979802210630675,-0.9019267788874382,0.9538505081700629,-0.524475295074384,-0.8238649762007128,-1.2101737191482849,-1.3386995878348875,-1.3638219361992567,-1.3726959881951921,-1.8233459324942756,0.3154908772231269,-0.5992878107715729,-0.5301153022651569,-0.6515377383555188,-0.3154908772231378,0.04317653208136333,0.28844393089235454,0.3126013846145672,-0.4866762733408288,-1.6052372399514743,-1.9407571107938504,1,0,1,0,1,0,0,0,1,0,0,0,0,0,0,0,1,0,0,0,0,0,0,0,0,0,0,0,0,0,0,0,0,0,0,0,0,0,1,0,0,0,0,0,1,0,0,0,0,0,1,0,0,1,1,0,0,0,0,1,0,0,0,0,1,0,0,0,0,0,1,0,1,0,1,0,0,0,0,0,0,0,0,1,0,0,0,0,0,0,1,0
-0.6080016783683733,-1.0889130797835898,1.412783515790431,0.6422326608104326,1.6979802210630675,0.35802323082155296,0.9538505081700629,-0.6684037514614268,1.1400563019893057,1.2296926501022896,1.3621065745757797,0.054643724844064816,-0.7360720558613336,-0.785564512155687,0.3154908772231269,0.20217593307944354,1.4951580588242674,1.5348305111596448,-0.3154908772231378,0.9519653759623017,1.6387922228099792,-0.5663607089508563,-0.9053707861626996,-0.7816310504596315,2.1536671735813617,0,1,0,0,0,0,0,0,0,0,1,0,0,0,0,0,0,0,0,0,0,1,0,0,0,1,0,0,0,0,0,0,0,0,0,0,0,0,0,0,0,0,0,0,0,1,0,0,0,0,0,1,0,0,1,0,0,0,0,1,1,0,0,0,0,0,1,0,0,0,0,0,0,0,0,0,0,0,0,1,0,0,0,0,0,0,0,0,0,0,1,0
0.45235519559082177,0.2246129513184485,1.412783515790431,0.6528864214250482,2.1334714293377703,0.8533881919037205,-1.2675773539696165,-0.9562606642355124,-0.8238649762007128,0.009759465477002306,0.461837853772224,-0.22412987328005615,-0.21972235178598903,0.6776066379082136,1.4796638559062922,1.5853712605249244,0.9888397185519114,1.5348305111596448,-1.4796638559063031,-0.3063576386420745,-0.7749553489927752,-0.7948908532778661,1.2718406805110285,0.04105419413715559,-0.18600384606161657,0,0,1,0,0,0,0,0,0,0,1,1,0,0,0,0,0,0,0,0,0,0,0,0,0,1,0,0,0,0,0,0,0,0,0,0,0,0,0,0,0,0,0,0,0,0,1,0,0,1,0,0,0,0,0,0,0,0,0,1,0,1,0,0,0,0,0,0,0,0,0,0,1,0,0,0,0,0,1,0,0,0,0,0,0,0,0,0,0,0,1,0
0.20899460156739996,0.5529944590939581,-0.22238259044849376,1.3419798531788798,2.1334714293377703,1.4672099915055368,-0.6837405440482903,1.2026661815701296,-0.8238649762007128,-1.2101737191482849,-0.4384308670313317,-1.2572320310341516,-1.3996540048738246,-1.7682518703629773,0.6481117282754599,-1.6696441303941663,-1.0364336425375131,-0.6515377383555188,-0.6481117282754707,0.561004933153123,1.1999290279367514,-0.7948908532778661,-0.3610679194942681,-1.610557763568464,-1.355839355883106,0,0,0,1,1,0,0,0,0,0,0,0,0,0,0,0,0,0,0,0,0,1,0,0,0,1,0,0,0,0,0,0,0,0,0,0,0,0,0,0,0,0,0,0,0,0,1,0,0,0,1,0,0,1,1,0,0,0,0,0,1,0,0,0,0,0,0,0,0,0,0,0,0,0,0,0,0,0,0,0,0,0,0,0,0,0,0,0,0,1,0,0
0.45235519559082177,0.005691946134775455,-0.22238259044849376,0.3880175421447501,-0.4794758203104481,-0.9019267788874382,0.9538505081700629,1.0587377251830867,1.1400563019893057,-1.2101737191482849,0.461837853772224,-0.20978123220013817,-0.20520649665134078,0.7072726713635281,-0.349750824881539,-0.646213661945006,0.48252137827955527,-0.6515377383555188,0.34975082488152803,0.04317653208136333,-0.7749553489927752,-0.7948908532778661,1.2718406805110285,0.1490784955589519,0.39891390884912803,0,1,1,0,0,0,0,0,0,0,1,0,0,0,0,0,0,0,0,0,0,0,1,0,0,0,1,0,0,0,0,0,0,0,0,0,0,0,0,0,0,0,0,0,0,0,1,0,0,0,0,1,0,0,0,0,0,1,0,0,0,0,0,1,0,0,0,0,0,0,0,0,0,0,0,0,0,0,0,0,0,0,0,0,0,1,0,0,0,1,0,0
-0.5819273290087209,-0.5416105668244071,-0.22238259044849376,0.3152851379488144,-0.4794758203104481,-0.9019267788874382,-1.7873345140215287,-1.6759029461707264,1.1400563019893057,-1.2101737191482849,-1.3386995878348875,2.8731267941136704,-0.05175317094220225,0.6421133478813196,1.1470430048539593,0.22228701215377203,-1.0364336425375131,-0.6515377383555188,-1.1470430048539701,-1.9504628120449117,2.6362085747945883,-0.9818700622726926,-1.4001915740430917,0.6177811936419904,-0.7709216009723612,1,0,1,0,1,0,0,0,0,0,1,0,0,0,0,0,0,0,0,1,0,0,0,0,0,1,0,0,0,0,0,0,0,0,0,0,0,0,0,0,0,0,0,0,0,0,0,0,0,0,0,0,0,0,1,0,0,0,0,1,1,0,0,0,0,0,0,0,0,0,0,1,1,0,1,0,0,0,0,0,0,0,0,0,1,0,0,0,0,0,0,1
-0.3385667349852991,-0.21322905904889758,-0.22238259044849376,-0.4891557404594162,-0.4794758203104481,-0.9019267788874382,0.9538505081700629,1.634451550731258,1.1400563019893057,1.2296926501022896,0.461837853772224,0.3990111107620966,0.4106804997758774,-0.2701171808695989,1.6459742814324587,1.6445872155771137,0.48252137827955527,-0.6515377383555188,-1.6459742814324694,0.04317653208136333,0.840859141222292,0.8879220276755714,-1.4001915740430917,0.06502375082842475,1.5687494186706172,0,0,0,0,1,0,0,0,0,0,0,0,0,0,0,0,0,0,0,0,0,0,1,0,0,0,0,0,0,0,0,0,0,0,0,0,0,0,0,0,0,0,0,0,0,0,1,0,0,0,0,0,0,0,0,1,0,0,0,1,0,0,0,0,1,0,1,0,0,0,0,0,1,0,0,1,1,0,0,0,0,0,0,0,0,0,0,0,0,0,0,1
-1.5379868055293064,-0.6510710694162436,-1.0399656435679563,0.764546027866696,-0.4794758203104481,-0.9019267788874382,0.9538505081700629,1.3465946379571725,-0.8238649762007128,0.009759465477002306,-0.4384308670313317,-0.9559105683558737,-0.9600309636530493,-0.835361068312822,1.1470430048539593,0.6811175569606736,0.48252137827955527,-0.6515377383555188,-1.1470430048539701,0.04317653208136333,-0.7749553489927752,-0.7948908532778661,1.2718406805110285,-0.9977783421128373,-0.7709216009723612,0,0,0,0,0,0,0,0,0,0,1,0,0,0,0,0,0,1,0,0,0,0,0,0,0,0,0,0,0,0,0,0,1,0,0,0,0,0,0,0,0,0,0,0,0,1,0,0,0,1,0,0,0,0,0,1,0,0,0,1,0,0,0,0,0,1,0,0,0,0,0,0,0,0,0,1,0,0,0,0,0,0,0,0,0,0,0,1,0,0,0,1
0.0699314049825875,0.334073453910285,-1.0399656435679563,0.24288054177179058,-0.4794758203104481,-0.9019267788874382,-0.44522184731213893,0.33909544324787283,-0.8238649762007128,1.2296926501022896,-0.4384308670313317,-0.5602980357238491,-0.5598081006548906,-0.2664089266876846,-1.5139238035647045,-1.2957270305677628,-1.542751982809869,-0.6515377383555188,1.5139238035646931,-0.9743562760246447,-0.5555237515561613,-0.5663607089508563,0.9089721027320734,-0.47180767955692976,-0.18600384606161657,0,0,0,0,1,0,0,0,0,0,1,0,0,0,0,0,0,0,1,0,0,0,0,0,0,0,0,1,0,0,0,0,0,0,0,0,0,0,0,0,0,0,0,0,0,0,0,1,0,1,0,1,0,0,0,1,0,0,1,0,0,0,0,0,0,0,0,1,0,0,0,0,0,0,1,0,0,0,0,0,0,0,0,0,0,1,0,0,0,0,0,0
0.2698347500732554,0.334073453910285,-1.0399656435679563,-0.013465329016815061,1.2624890127883643,0.47648006934120174,0.9538505081700629,1.4905230943442151,-0.8238649762007128,1.2296926501022896,0.461837853772224,0.09768964808381879,1.7461391721635156,1.3429733882631227,-0.5160612504077055,-0.048840127959397094,-1.0364336425375131,-0.6515377383555188,0.5160612504076945,1.037407062139142,-0.9544902923500049,0.8879220276755714,0.08427078959808616,1.0419841023653644,0.39891390884912803,0,1,0,0,0,0,0,0,0,1,0,0,0,1,0,0,0,0,0,0,0,0,0,0,0,0,0,0,0,0,1,0,0,0,0,0,0,0,0,0,0,0,0,0,1,0,0,0,0,1,0,0,0,0,0,1,0,0,0,1,1,0,0,0,0,0,0,0,1,0,0,0,0,1,1,0,0,0,0,0,1,0,0,0,0,0,0,0,0,0,0,1
2.1124221048220204,2.4138230031551786,1.412783515790431,-0.4886230524286849,-0.4794758203104481,-0.9019267788874382,-0.8617395714633288,1.3465946379571725,1.1400563019893057,0.009759465477002306,0.461837853772224,2.1003499816666586,2.131846180027026,2.2054073608569063,0.14918045169696045,0.3731201052112356,1.4951580588242674,1.5348305111596448,-0.14918045169697136,-1.2772858906516242,0.28844393089235454,0.3126013846145672,-0.4866762733408288,2.325973544668368,0.9838316637598726,0,1,0,0,0,0,1,0,0,0,0,0,0,1,0,0,0,0,0,0,0,0,0,0,0,0,0,0,0,0,0,0,0,0,0,0,0,0,0,1,0,0,0,0,1,0,0,0,0,0,0,0,0,0,0,0,0,1,0,0,0,0,0,1,0,0,0,0,0,0,0,1,0,1,0,1,1,0,0,0,0,0,0,0,0,0,0,0,0,0,0,1
-1.2511689625731308,-1.7456760953346089,-1.0399656435679563,-0.1681907139429295,0.8269978045136612,-0.9019267788874382,0.9538505081700629,-0.3805468386873412,-0.8238649762007128,0.009759465477002306,-1.3386995878348875,-0.5582482298552894,0.4189752741385335,0.2363243902604116,-0.8486821014600384,0.5708790494421323,-0.023796961992800816,-0.6515377383555188,0.8486821014600274,0.04317653208136333,-1.1041027451476964,0.5762900126841938,0.45538638050838015,0.1109907154083042,-1.355839355883106,0,1,0,1,1,0,0,0,1,0,0,0,0,0,0,0,0,0,0,0,1,0,0,0,0,0,0,0,0,0,0,0,0,0,0,0,0,0,1,0,0,0,0,0,0,0,0,1,0,1,0,1,0,0,0,1,0,0,0,0,0,0,0,1,0,0,0,0,1,0,0,0,0,1,0,0,0,0,0,0,0,0,0,0,0,1,0,0,0,0,1,0
-0.7209905255935334,-0.5416105668244071,-0.22238259044849376,-1.310396779836849,-0.4794758203104481,0.9933826374269418,-0.213823111672589,-0.9562606642355124,-0.8238649762007128,0.009759465477002306,-0.4384308670313317,-1.2941285366682265,-1.302190406112615,-1.7422940910895772,0.8144221538016264,-1.4655539205287589,-0.023796961992800816,-0.6515377383555188,-0.8144221538016372,0.561004933153123,0.28844393089235454,0.3126013846145672,-0.4866762733408288,-1.4615926730266133,-0.7709216009723612,0,1,0,0,0,0,0,0,1,0,0,1,0,0,0,0,0,0,0,0,0,0,0,0,0,0,1,0,0,0,0,0,0,0,0,0,0,0,0,0,0,0,0,0,0,0,0,1,1,0,0,0,0,1,1,0,0,0,0,0,0,0,0,1,0,0,0,0,0,0,0,1,0,0,0,0,0,0,0,0,0,0,0,0,0,0,0,1,0,0,1,0
-0.2081949881870374,-0.10376855645706107,1.412783515790431,0.18326045833230545,-0.4794758203104481,0.5805785031918022,-1.0219386961368633,0.051238530473787215,-0.8238649762007128,-1.2101737191482849,0.461837853772224,-0.6627883291518347,0.20745852789080205,-0.2293263848685416,-0.349750824881539,0.418183819433342,-0.023796961992800816,-0.6515377383555188,0.34975082488152803,-0.32448163267958613,-0.9544902923500049,0.8879220276755714,0.08427078959808616,-0.3355111660722258,-0.7709216009723612,0,1,1,0,0,1,0,0,0,0,0,0,0,0,0,0,1,0,0,0,0,0,0,0,0,1,0,0,0,0,0,0,0,0,0,0,0,0,0,0,0,0,0,1,0,0,0,0,0,1,0,1,0,0,0,1,0,0,0,1,0,0,0,1,0,0,0,0,0,0,0,1,0,0,0,1,0,0,0,1,0,0,0,0,0,0,0,0,0,0,0,0
2.3383997992723407,2.085441495379669,1.412783515790431,-0.5122252297902956,-0.4794758203104481,1.0974810712775422,0.9538505081700629,0.051238530473787215,2.1220169410843153,-1.2101737191482849,-1.3386995878348875,0.632688979777904,0.6470815691115773,0.21990212174050539,-1.014992526986205,1.2654561322869955,-0.023796961992800816,-0.6515377383555188,1.014992526986194,1.4853286290662142,0.5416342356269089,0.5762900126841938,-0.9053707861626996,0.4879584981809066,-0.18600384606161657,1,0,0,0,0,0,0,0,1,0,0,0,0,0,0,0,0,0,0,0,0,0,0,1,0,0,0,0,0,0,0,0,0,0,0,1,0,0,0,0,0,0,0,0,1,0,0,0,0,0,0,0,1,0,0,0,0,0,1,0,0,0,0,0,0,1,0,1,0,0,0,0,0,1,0,0,0,0,0,0,0,0,0,0,0,0,0,0,0,0,0,0
-1.164254464707623,-1.4172945875590992,-0.22238259044849376,-0.23342450970626952,1.6979802210630675,1.3810595634912468,0.9538505081700629,-1.6759029461707264,1.1400563019893057,0.009759465477002306,0.461837853772224,-0.33686919605084037,-0.33377549927251093,0.1377907791409744,1.1470430048539593,-0.4443580164211905,1.4951580588242674,1.5348305111596448,-1.1470430048539701,1.6898708474895594,-0.5555237515561613,-0.5663607089508563,0.9089721027320734,-0.013228541863922309,0.9838316637598726,0,1,0,1,1,1,0,0,0,0,0,0,0,0,0,0,1,0,0,0,0,0,0,0,0,0,0,0,0,0,0,0,0,1,0,0,0,0,0,0,0,0,0,0,0,1,0,0,0,0,0,1,0,0,0,0,0,0,1,0,1,0,0,0,0,0,0,0,0,0,1,0,1,0,0,1,0,0,0,0,0,0,0,0,1,0,0,0,0,0,0,1
-0.5558529796490685,-0.8699920745999167,-1.0399656435679563,-2.2445267057268468,2.1334714293377703,1.0185098455977764,0.9538505081700629,-0.3805468386873412,-0.8238649762007128,-1.2101737191482849,0.461837853772224,1.3788183159336393,-0.06626902607685048,0.9912189915786804,1.6459742814324587,-0.3855144887592664,-1.0364336425375131,-0.6515377383555188,-1.6459742814324694,1.4283675049483207,0.840859141222292,-0.9818700622726926,0.08427078959808616,2.684968143309754,-0.7709216009723612,1,0,0,1,1,0,1,0,0,0,0,0,0,0,0,0,1,0,0,0,0,0,0,0,0,0,0,0,0,0,0,0,0,0,0,0,0,0,1,0,0,0,0,0,0,0,1,0,0,1,0,0,1,0,0,1,0,0,0,1,0,0,0,0,0,1,0,0,1,0,0,0,0,0,0,1,0,0,0,0,0,0,0,0,0,0,1,0,0,0,1,0
-0.382023983918053,-0.21322905904889758,-1.0399656435679563,0.4827540596101046,-0.4794758203104481,0.7313417522168096,-0.3918221390876274,1.0587377251830867,-0.8238649762007128,0.009759465477002306,-1.3386995878348875,-0.16468550309182448,1.2152736129535227,0.8005087765088019,1.6459742814324587,-1.7567921397162565,-1.542751982809869,-0.6515377383555188,-1.6459742814324694,0.24254046649399086,-0.9544902923500049,0.8879220276755714,0.08427078959808616,0.37755526426988495,-1.355839355883106,0,1,0,1,0,0,0,0,1,0,0,0,1,0,0,0,0,0,0,0,0,0,0,0,0,0,0,0,0,0,0,0,0,0,0,0,0,0,0,0,0,0,1,0,1,0,0,0,0,1,0,0,1,0,0,1,0,0,1,0,1,0,0,0,0,0,0,0,0,1,0,0,0,1,0,0,0,0,0,0,0,0,0,0,0,0,0,0,0,1,0,0
-0.06913179160222496,0.005691946134775455,1.412783515790431,0.8987014596061289,-0.4794758203104481,1.1441458864519491,-0.01802418151604676,-0.524475295074384,1.1400563019893057,1.2296926501022896,-1.3386995878348875,-0.28562404933684754,-0.2819331595059101,0.5504664945282947,1.4796638559062922,1.3034437260940603,1.4951580588242674,1.5348305111596448,-1.4796638559063031,0.8121517076729265,-0.7749553489927752,-0.7948908532778661,1.2718406805110285,-0.11539759772999535,0.39891390884912803,1,0,0,1,0,0,1,0,0,0,0,0,0,0,0,1,0,0,0,0,0,0,0,0,0,0,0,1,0,0,0,0,0,0,0,0,0,0,0,0,0,0,0,0,0,1,0,0,0,0,0,0,1,0,0,0,0,0,0,1,0,0,0,0,1,0,1,0,0,0,0,0,1,0,0,0,0,0,0,0,0,0,0,0,1,0,0,0,0,0,1,0
2.2254109520471808,2.5232835057470155,-0.22238259044849376,-0.2804649604200353,1.2624890127883643,-0.9019267788874382,0.9538505081700629,1.2026661815701296,1.1400563019893057,0.009759465477002306,-1.3386995878348875,-1.5237067939469142,-0.4478286467590328,0.21142611218184412,0.9807325793277929,-0.06187508661868407,-0.023796961992800816,-0.6515377383555188,-0.9807325793278037,0.04317653208136333,-2.749839725922302,-0.5663607089508563,2.723314991626845,-0.16536155075105233,-0.18600384606161657,1,0,1,0,1,0,0,1,0,0,0,0,0,0,0,0,0,1,0,0,0,0,0,0,0,0,1,0,0,0,0,0,0,0,0,0,0,0,0,0,0,0,0,0,0,1,0,0,0,0,0,1,0,0,1,0,0,0,0,1,1,0,0,0,0,0,1,0,0,0,0,0,0,0,1,0,0,0,0,0,0,0,0,0,0,0,1,0,0,1,0,0
0.11338865391534139,0.2246129513184485,1.412783515790431,-1.5622352903654242,-0.4794758203104481,0.7744169662239546,0.9538505081700629,0.4830238996349156,1.1400563019893057,0.009759465477002306,0.461837853772224,-1.5237067939469142,-0.5535870198828986,-0.2552841641419417,-1.5139238035647045,-0.5128846562300134,-1.0364336425375131,-0.6515377383555188,1.5139238035646931,1.2523058485839225,-2.749839725922302,-0.28069802854209364,2.496522130514999,-0.021631960702010383,0.9838316637598726,0,0,0,1,0,0,0,0,0,0,0,0,0,0,0,0,1,0,0,0,0,0,0,0,0,0,0,0,0,0,0,0,0,0,0,0,0,0,0,1,0,0,0,0,0,1,0,0,0,0,0,0,1,0,0,1,0,0,0,1,0,0,0,1,0,0,0,0,0,0,0,0,1,0,1,0,0,0,0,0,0,0,0,0,0,0,0,0,0,0,0,0
1.4431804712576104,1.7570599876041597,1.412783515790431,-1.1646451394284305,-0.4794758203104481,1.7077132697120962,-1.474056225771061,1.2026661815701296,1.1400563019893057,-1.2101737191482849,-1.3386995878348875,2.1413460990378526,-0.29852270823122234,0.5165624562936496,-0.8486821014600384,1.040882415956994,1.4951580588242674,1.5348305111596448,0.8486821014600274,0.15968792232250928,2.1873712164015147,-1.1376860697683815,-0.9053707861626996,1.2097472901896855,-0.7709216009723612,0,0,0,0,1,0,1,0,0,0,0,0,0,0,0,0,0,0,0,1,0,0,0,0,0,0,0,0,0,0,0,0,0,0,0,0,1,0,0,0,0,0,0,0,1,0,0,0,0,0,0,1,0,0,0,0,0,0,0,0,0,0,0,1,0,0,0,1,0,0,0,0,0,0,0,1,0,0,0,0,0,0,0,0,0,0,1,0,0,1,0,0
1.816912812079294,1.7570599876041597,1.412783515790431,0.050744066687428195,-0.4794758203104481,-0.9019267788874382,-0.1497434618031752,0.4830238996349156,-0.8238649762007128,1.2296926501022896,0.461837853772224,0.15303440653493106,1.8581186260593734,1.8907355059916071,0.9807325793277929,1.492264412958589,-1.542751982809869,-0.6515377383555188,-0.9807325793278037,-0.7594574895798644,-1.1041027451476964,0.5762900126841938,0.45538638050838015,1.3639695372407086,0.39891390884912803,1,0,0,0,1,0,0,0,1,0,0,0,0,0,0,0,0,0,1,0,0,0,0,0,0,0,0,0,1,0,0,0,0,0,0,0,0,0,0,0,0,0,0,0,0,1,0,0,0,1,0,0,0,0,0,1,0,0,0,0,0,0,0,0,0,1,0,0,1,0,0,0,1,0,1,0,0,0,0,1,0,0,0,0,0,0,0,0,0,0,0,0
0.28721764964635693,0.11515244872661197,-0.22238259044849376,-1.5287988724364758,-0.4794758203104481,-0.9019267788874382,-0.9507390851708479,-0.8123322078484696,-0.8238649762007128,0.009759465477002306,1.3621065745757797,-0.07244423900663739,1.4019060361132858,0.9912189915786804,-0.017129973829206037,0.8278539487252184,-1.0364336425375131,-0.6515377383555188,0.017129973829195105,-1.342014440785594,-0.9544902923500049,0.8879220276755714,0.08427078959808616,1.8026018497469831,0.39891390884912803,1,0,0,0,1,1,0,0,0,0,0,0,1,0,0,0,0,0,0,0,0,0,0,0,0,0,0,0,0,0,0,0,0,0,1,0,0,0,0,0,0,0,0,0,0,0,0,0,0,1,0,1,0,0,1,0,0,0,1,0,0,0,0,0,1,0,0,0,0,0,1,0,0,0,0,0,0,0,0,0,1,0,0,0,0,0,0,0,0,0,1,0
-1.7031243514737713,-0.43215006423257063,1.412783515790431,0.04308155424537795,-0.4794758203104481,-0.9019267788874382,0.9538505081700629,0.6269523560219584,1.1400563019893057,0.009759465477002306,1.3621065745757797,1.8584728891766122,0.746618861463451,0.32161423644444054,0.14918045169696045,-1.616014586195957,0.48252137827955527,-0.6515377383555188,-0.14918045169697136,0.04317653208136333,1.8075857592996827,0.3126013846145672,-1.7427598118064396,0.5142193717163273,1.5687494186706172,0,1,0,0,1,0,0,0,0,1,0,0,0,0,0,0,0,0,0,0,0,1,0,0,0,0,0,0,0,0,0,0,0,0,0,0,0,1,0,0,0,0,0,0,0,1,0,0,0,0,0,1,0,0,0,0,0,0,1,0,0,1,0,0,0,0,0,0,0,0,0,0,0,0,0,1,0,0,0,0,1,0,0,0,0,0,0,0,0,0,0,0
0.46104664537737255,0.4435339565021215,1.412783515790431,0.2691871352894185,-0.4794758203104481,-0.9019267788874382,-0.08566381193376135,-1.1001891206225551,-0.8238649762007128,0.009759465477002306,1.3621065745757797,-1.1875386315031213,-1.3644012138325359,-1.661772000282295,-0.017129973829206037,1.5481285214983902,-0.5301153022651569,-0.6515377383555188,0.017129973829195105,-0.712852933483406,0.840859141222292,-0.9818700622726926,0.08427078959808616,-1.5001736740683052,0.39891390884912803,1,0,0,0,1,0,1,0,0,0,0,0,0,0,0,0,0,0,0,1,0,0,0,0,0,0,0,0,0,0,0,0,1,0,0,0,0,0,0,0,0,0,0,0,0,1,0,0,1,0,0,0,0,1,1,0,0,0,0,1,0,0,1,0,0,0,0,0,0,0,0,0,0,1,0,1,0,0,0,0,0,0,0,0,0,0,0,1,0,0,0,1
-0.016983092882920287,-0.5416105668244071,-1.0399656435679563,-1.6731983047668852,0.8269978045136612,0.21084958296380757,-0.12126361741676904,-0.9562606642355124,-0.8238649762007128,1.2296926501022896,-0.4384308670313317,-1.3105269836167042,-1.426612021552457,-1.7889121436622142,-0.349750824881539,-0.0682063522531949,-0.5301153022651569,-0.6515377383555188,0.34975082488152803,0.06388966812423372,0.840859141222292,-0.9818700622726926,0.08427078959808616,-1.503330577713542,-0.18600384606161657,1,0,0,0,1,0,0,1,0,0,0,0,0,1,0,0,0,0,0,0,0,0,0,0,0,0,0,0,1,0,0,0,0,0,0,0,0,0,0,0,0,0,0,1,0,0,0,0,0,0,1,0,0,1,1,0,0,0,0,0,0,0,0,0,1,0,0,0,0,1,0,0,0,1,1,0,0,0,0,0,0,0,0,0,0,0,1,0,0,0,1,0
0.17422880242119684,0.11515244872661197,1.412783515790431,0.14462008810314048,-0.4794758203104481,-0.9019267788874382,-1.0254986766851641,1.3465946379571725,-0.8238649762007128,0.009759465477002306,-1.3386995878348875,0.0669425600554231,1.6839283644435945,0.4572303893830208,0.6481117282754599,1.62410370911252,-0.023796961992800816,-0.6515377383555188,-0.6481117282754707,-1.3963864228981289,-0.5555237515561613,1.718940734319244,-0.9053707861626996,0.41808287168120334,-1.355839355883106,0,1,0,0,0,0,0,1,0,0,0,0,0,0,0,0,0,0,0,0,0,1,0,0,0,0,0,0,0,0,0,0,0,0,1,0,0,0,0,0,0,0,0,1,0,0,0,0,0,1,0,0,1,0,1,0,0,0,1,0,0,0,0,1,0,0,0,0,1,0,0,0,0,0,0,1,0,0,0,1,0,0,0,0,0,0,0,0,0,0,0,1
0.3219834487925601,0.6624549616857945,1.412783515790431,-0.622450676149207,-0.4794758203104481,-0.9019267788874382,0.9538505081700629,-0.9562606642355124,-0.8238649762007128,1.2296926501022896,0.461837853772224,1.3665194807222811,1.3894638745693015,1.3519791484192005,0.9807325793277929,-1.635380810489755,1.4951580588242674,1.5348305111596448,-0.9807325793278037,0.04317653208136333,0.28844393089235454,0.3126013846145672,-0.4866762733408288,1.591893878430103,0.39891390884912803,0,0,0,1,0,0,0,0,0,0,1,0,0,0,0,0,1,0,0,0,0,0,0,0,1,0,0,0,0,0,0,0,0,0,0,0,0,0,0,0,0,0,0,0,0,0,1,0,0,1,0,1,0,0,1,0,0,0,0,1,0,0,0,1,0,0,0,0,0,1,0,0,0,0,0,0,0,0,0,0,0,0,0,0,0,0,0,0,0,0,1,0
-1.2164031634269277,-1.5267550901509357,-0.22238259044849376,-1.2384838956881916,-0.4794758203104481,1.00774104209599,0.9538505081700629,1.4905230943442151,2.1220169410843153,-1.2101737191482849,-1.3386995878348875,1.0590486004383242,1.0784098359696965,0.6606546187908912,-0.017129973829206037,0.26399887986349035,1.4951580588242674,1.5348305111596448,0.017129973829195105,1.4206000789322444,0.5416342356269089,0.5762900126841938,-0.9053707861626996,1.43977058757949,-0.18600384606161657,0,0,1,0,1,0,0,0,0,1,0,0,0,0,0,0,0,0,0,1,0,0,0,0,0,0,0,0,0,0,0,0,0,0,0,0,0,0,0,0,0,1,0,0,0,0,0,0,0,0,0,0,1,0,0,0,0,0,0,0,0,0,0,1,0,0,1,0,0,0,0,0,0,0,1,0,0,0,0,0,0,0,0,0,0,0,0,1,0,0,0,1
-0.3298752851987483,-0.21322905904889758,1.412783515790431,0.3313887068778303,3.0044538458871766,0.08521354210963465,0.9538505081700629,-0.23661838230029839,1.1400563019893057,1.2296926501022896,0.461837853772224,0.005448383998631703,0.01253133036838282,0.757069227520663,0.14918045169696045,-0.8544005731033323,0.9888397185519114,1.5348305111596448,-0.14918045169697136,0.755190583555033,-0.5555237515561613,-0.5663607089508563,0.9089721027320734,0.26128372468482736,1.5687494186706172,0,0,0,0,1,0,0,1,0,0,0,0,1,0,0,0,0,0,0,0,0,0,0,0,0,0,0,0,0,0,0,0,0,0,0,0,0,0,1,0,0,0,0,0,0,0,0,0,0,0,0,0,1,0,0,0,0,0,0,1,0,0,0,0,0,1,0,0,0,0,1,0,0,0,1,0,0,0,0,0,1,0,0,0,0,0,0,0,0,0,1,0
-0.42548123285080686,-0.43215006423257063,-0.22238259044849376,-0.6886678959692817,-0.4794758203104481,2.009239767762111,0.9538505081700629,0.6269523560219584,1.1400563019893057,1.2296926501022896,1.3621065745757797,-0.8452210514536492,-0.8480515097571915,-0.7818562579737727,0.4818013027492934,-0.19147981843102316,-1.0364336425375131,-0.6515377383555188,-0.48180130274930427,2.1429706984273493,-0.5555237515561613,-0.5663607089508563,0.9089721027320734,-0.6658312503670447,2.1536671735813617,0,0,0,1,0,0,0,0,0,0,0,0,0,0,0,0,0,0,0,0,0,0,0,0,0,0,0,0,0,0,0,0,0,0,0,0,0,0,0,0,0,0,1,0,1,0,0,0,0,0,0,0,0,0,0,1,0,0,0,1,1,0,0,0,0,0,0,0,0,0,0,0,0,1,0,0,0,1,0,0,0,0,0,0,0,0,0,0,0,0,0,0
-0.7818306740993888,-0.9794525771917532,-0.22238259044849376,1.2369993351225486,-0.4794758203104481,0.9431282210852726,-1.3245370427424288,-1.5319744897836836,1.1400563019893057,0.009759465477002306,0.461837853772224,1.3501210337738034,1.3728743258439893,0.5901977893345194,1.6459742814324587,1.3317482077542264,0.48252137827955527,-0.6515377383555188,-1.6459742814324694,-0.28305536059384534,0.840859141222292,0.8879220276755714,-1.4001915740430917,0.2319425463582754,0.9838316637598726,0,0,0,0,1,0,1,0,0,0,0,0,0,0,1,0,0,0,0,0,0,0,0,0,0,0,0,0,0,0,0,0,0,0,0,0,0,0,0,0,0,1,0,0,0,0,0,1,0,0,0,0,0,0,0,0,0,0,0,0,1,0,0,0,0,0,0,1,0,0,0,0,0,0,1,0,0,0,0,0,0,0,0,0,0,0,1,0,0,0,0,1
-0.4776299315701116,-0.21322905904889758,-1.0399656435679563,0.652640565410865,-0.4794758203104481,-0.9019267788874382,0.9538505081700629,0.7708808124090012,-0.8238649762007128,-1.2101737191482849,-0.4384308670313317,0.6900835440975759,-0.41464954930840825,0.5652995112559519,-1.014992526986205,1.510885782471856,-0.023796961992800816,-0.6515377383555188,1.014992526986194,0.04317653208136333,0.5416342356269089,-1.1376860697683815,0.45538638050838015,0.08128318250936444,-1.355839355883106,0,0,0,1,1,0,0,0,0,0,1,0,0,0,0,0,0,0,0,1,0,0,0,0,0,0,0,0,0,0,0,0,0,0,0,0,0,0,0,0,0,0,1,0,0,1,0,0,0,1,0,0,1,0,0,1,0,1,0,0,0,0,0,0,0,1,0,1,0,0,0,0,0,1,0,1,1,0,0,0,0,0,0,0,0,0,0,0,0,1,0,0
-0.4950128311432131,-0.6510710694162436,-0.22238259044849376,0.3185632181379277,2.1334714293377703,1.011330643263252,-0.797659921593915,0.4830238996349156,-0.8238649762007128,1.2296926501022896,-1.3386995878348875,0.653187038463501,-0.4333127916243846,-0.04020542159091214,-1.680234229090871,-1.1579288961695862,0.9888397185519114,1.5348305111596448,1.6802342290908596,0.14933135430107408,1.1999290279367514,-0.7948908532778661,-0.3610679194942681,-0.1612073634821237,-0.7709216009723612,0,1,0,0,1,0,1,0,0,0,0,0,1,0,0,0,0,0,0,0,0,0,0,0,0,0,0,0,0,0,0,0,0,0,0,0,0,0,1,0,0,0,0,1,0,0,0,0,0,1,0,0,0,0,0,0,0,0,1,0,0,0,0,0,0,1,0,0,0,0,0,1,0,1,0,1,0,0,0,0,0,0,0,1,0,0,0,0,0,0,0,0
-1.2337860630000292,-1.1983735823754262,-0.22238259044849376,-1.0979771835823526,-0.4794758203104481,-0.9019267788874382,0.9538505081700629,-1.244117577009598,-0.8238649762007128,0.009759465477002306,-0.4384308670313317,-0.28972366107396696,-0.28608054668723815,0.5419904849696334,-0.1834403993553725,-0.15460950679475427,0.48252137827955527,-0.6515377383555188,0.18344039935536155,0.04317653208136333,-0.7749553489927752,-0.7948908532778661,1.2718406805110285,0.6956011989743502,-0.7709216009723612,0,0,0,0,0,0,0,0,0,1,0,0,0,0,0,0,0,0,0,0,1,0,0,0,0,0,0,1,0,0,0,0,0,0,0,0,0,0,0,0,0,0,0,0,0,0,1,0,0,1,0,1,0,0,0,1,0,0,0,1,1,0,0,0,0,0,0,0,0,1,0,0,1,0,0,1,0,0,0,0,0,0,0,0,0,0,1,0,0,0,0,1
0.7391730385469975,1.1002969720531406,1.412783515790431,-0.13901580025982693,-0.4794758203104481,-0.9019267788874382,0.9538505081700629,0.6269523560219584,-0.8238649762007128,0.009759465477002306,-0.4384308670313317,-1.2715806721140694,-1.3644012138325359,-1.8355301962348511,-0.6823716759338719,1.2215097002356852,1.4951580588242674,1.5348305111596448,0.6823716759338609,0.04317653208136333,1.8075857592996827,0.3126013846145672,-1.7427598118064396,-1.6001547733327892,-0.7709216009723612,0,0,0,1,0,0,0,1,0,0,0,0,0,0,0,0,0,0,1,0,0,0,0,0,0,0,0,0,0,0,0,0,1,0,0,0,0,0,0,0,0,0,0,0,0,0,1,0,1,0,0,0,0,1,1,0,0,0,0,0,0,0,0,0,0,1,0,0,0,0,0,0,0,0,0,1,0,0,0,0,0,0,0,0,0,0,1,0,0,0,0,0
1.973358908237208,1.6475994850123232,1.412783515790431,-0.41326818408145966,-0.4794758203104481,1.4564411880037504,0.9538505081700629,-1.1001891206225551,1.1400563019893057,1.2296926501022896,-1.3386995878348875,1.0303513182784882,-0.2425329812832934,0.30095396314520373,0.3154908772231269,-0.11140792952397459,-0.5301153022651569,-0.6515377383555188,-0.3154908772231378,1.7442428296020944,1.1999290279367514,-0.7948908532778661,-0.3610679194942681,0.4118074283130588,0.39891390884912803,1,0,0,1,0,0,0,0,1,0,0,0,1,0,0,0,0,0,0,0,0,0,0,0,0,0,1,0,0,0,0,0,0,0,0,0,0,0,0,0,0,0,0,0,0,0,1,0,0,0,0,1,0,0,0,0,0,0,0,1,1,0,0,0,0,0,0,1,0,0,0,0,1,0,1,0,0,0,0,0,0,0,1,0,0,0,0,0,0,0,0,1
-0.04305744224257262,-0.21322905904889758,-1.0399656435679563,0.023249169101246154,-0.4794758203104481,0.8390297872346721,0.9538505081700629,-1.1001891206225551,-0.8238649762007128,-1.2101737191482849,1.3621065745757797,0.7187808262574118,0.7341766999194668,0.019126645319716713,0.9807325793277929,0.6088666432491973,-0.023796961992800816,-0.6515377383555188,-0.9807325793278037,1.2989104046803808,0.840859141222292,0.8879220276755714,-1.4001915740430917,0.15851601375797056,-0.18600384606161657,1,0,1,0,1,0,0,1,0,0,0,0,0,0,0,0,0,0,0,0,0,0,1,0,0,0,0,0,0,0,0,0,0,0,0,0,0,0,0,0,0,1,0,0,0,0,0,1,0,1,0,0,0,0,0,0,0,0,0,0,0,0,0,0,0,0,1,0,0,0,0,0,1,0,0,0,0,0,0,0,0,0,0,0,1,0,0,0,0,0,0,1
-1.086031416628666,-1.4172945875590992,-1.0399656435679563,0.7999083179067475,-0.4794758203104481,-0.9019267788874382,-1.0290586572334648,1.0587377251830867,-0.8238649762007128,1.2296926501022896,0.461837853772224,0.11613790090085621,-0.7049666520013731,-0.5259867194216858,0.8144221538016264,0.909043119803063,0.9888397185519114,1.5348305111596448,-0.8144221538016372,-1.3989755649034876,1.1999290279367514,-0.7948908532778661,-0.3610679194942681,-0.6583824807356978,0.39891390884912803,0,0,0,0,1,0,0,0,0,0,0,0,0,0,0,0,0,0,0,0,0,0,1,0,0,0,0,0,0,0,0,0,0,0,1,0,0,0,0,0,0,0,0,1,0,0,0,0,0,1,0,1,0,0,1,0,0,0,0,0,0,0,0,0,0,1,1,0,0,0,0,0,0,0,1,0,0,1,0,0,0,0,0,0,0,0,0,0,0,1,0,0
-0.7644477745262872,-0.5416105668244071,-1.0399656435679563,1.9719858895239568,-0.4794758203104481,-0.9019267788874382,0.09589519602957781,-1.5319744897836836,-0.8238649762007128,0.009759465477002306,-0.4384308670313317,1.7928791013827015,1.8207921414274209,1.4192574742910742,-0.6823716759338719,-1.4469325510154916,-0.023796961992800816,-0.6515377383555188,0.6823716759338609,-0.5808066912101072,0.5416342356269089,0.5762900126841938,-0.9053707861626996,0.49116395559743115,-0.7709216009723612,1,0,1,0,1,0,0,0,0,0,0,0,0,0,0,0,0,0,0,0,0,0,0,1,0,0,0,0,1,0,0,0,0,0,0,0,0,0,0,0,0,0,0,0,0,0,1,0,0,1,0,0,1,0,0,0,0,0,0,1,0,0,0,0,0,1,0,0,0,1,0,0,1,0,1,0,0,1,0,0,0,0,0,0,0,0,0,0,0,0,0,1
-1.4510723076637988,-1.7456760953346089,-1.0399656435679563,0.8995209796534073,-0.4794758203104481,-0.9019267788874382,-1.445576381384655,0.7708808124090012,1.1400563019893057,0.009759465477002306,-1.3386995878348875,-0.34711822539363896,-0.34414396722583107,0.11924950823140289,0.8144221538016264,-0.5795491590875097,0.48252137827955527,-0.6515377383555188,-0.8144221538016372,-1.701905179530467,-0.5555237515561613,-0.5663607089508563,0.9089721027320734,-0.3560530434035272,-0.18600384606161657,0,0,0,1,0,1,0,0,0,0,0,0,0,0,0,0,0,0,0,1,0,0,0,0,0,0,0,0,0,0,0,0,0,1,0,0,0,0,0,0,0,0,0,0,0,0,0,0,0,0,0,0,1,0,1,0,0,0,1,0,0,0,0,1,0,0,0,0,0,0,0,1,0,1,0,0,0,0,0,1,0,0,0,0,0,0,0,0,0,1,0,0
-0.8513622723917951,-0.9794525771917532,-1.0399656435679563,-2.943044618024377,-0.4794758203104481,0.8821050012418171,-1.1892577819069996,1.634451550731258,-0.8238649762007128,1.2296926501022896,0.461837853772224,-0.35941706060499723,-0.35658612876981527,0.09699998313991708,-0.017129973829206037,-0.1557267889655503,-1.0364336425375131,-0.6515377383555188,0.017129973829195105,-0.22868337848131054,-0.5555237515561613,-0.5663607089508563,0.9089721027320734,2.079513309001724,0.39891390884912803,0,1,1,0,0,0,0,0,0,0,1,0,0,0,0,0,0,0,0,0,0,0,0,1,0,0,0,0,0,0,0,0,0,0,0,0,0,0,1,0,0,0,0,0,0,1,0,0,0,1,0,1,0,0,0,1,0,0,1,0,0,0,0,0,0,0,0,0,0,0,0,0,0,0,0,0,0,0,0,0,0,0,0,1,0,0,0,0,0,0,0,1
0.5653440428159818,0.5529944590939581,1.412783515790431,-0.7184164736854785,-0.4794758203104481,0.4046880459959601,-0.06786390919225752,0.33909544324787283,-0.8238649762007128,-1.2101737191482849,0.461837853772224,0.7884742257884421,0.804682282002044,-0.21661237053054969,1.4796638559062922,-0.7862463606847746,0.9888397185519114,1.5348305111596448,-1.4796638559063031,0.24254046649399086,1.1999290279367514,1.2618804456652244,-1.993976519499563,0.34101164427472985,-0.7709216009723612,0,0,0,0,1,0,0,1,0,0,0,0,0,0,0,0,0,0,1,0,0,0,0,0,0,0,0,0,0,0,0,0,0,0,0,0,0,0,1,0,0,0,0,0,0,0,1,0,0,1,0,0,0,0,1,0,0,0,1,0,0,0,0,1,0,0,0,0,0,0,0,1,0,1,1,0,0,0,0,0,0,0,0,0,0,0,0,1,0,0,0,0
0.5305782436697788,0.11515244872661197,-0.22238259044849376,0.8114225745710063,-0.4794758203104481,-0.9019267788874382,0.9538505081700629,0.7708808124090012,1.1400563019893057,1.2296926501022896,1.3621065745757797,-0.11139055050927195,-1.5344440882669867,0.5456987391515478,-0.5160612504077055,-0.6082260681379411,0.9888397185519114,1.5348305111596448,0.5160612504076945,0.04317653208136333,-0.28123425476039365,-2.8516621522209564,2.496522130514999,-0.23845658947520917,2.1536671735813617,0,0,1,0,0,0,0,0,1,0,0,0,0,0,0,0,0,0,0,0,1,0,0,0,0,0,0,0,0,0,0,0,0,0,0,0,0,0,0,0,0,0,1,0,0,0,0,0,0,0,0,1,0,0,0,1,0,0,1,0,1,0,0,0,0,0,0,0,0,0,0,0,0,0,1,0,0,0,0,0,0,0,0,0,0,0,0,0,0,1,0,0
-0.3559496345584007,-0.6510710694162436,-1.0399656435679563,-0.06529997200715741,-0.4794758203104481,0.36520243315607714,0.9538505081700629,-0.09268992591325557,1.1400563019893057,0.009759465477002306,-0.4384308670313317,-1.5237067939469142,1.3728743258439893,1.3329081269122125,1.4796638559062922,1.6509184812116247,-0.5301153022651569,-0.6515377383555188,-1.4796638559063031,0.9571436599730193,-2.749839725922302,0.8879220276755714,1.5687331532392639,0.7466978545983731,0.39891390884912803,1,0,0,0,0,0,0,0,0,0,0,0,0,0,0,0,0,1,0,0,0,0,0,0,0,0,0,0,0,0,0,0,0,0,0,0,0,1,0,0,0,0,0,0,0,0,0,0,0,0,0,1,0,0,0,1,0,1,0,0,0,0,0,0,0,0,0,0,1,0,0,0,0,1,1,0,0,0,0,0,0,1,0,0,0,0,0,0,0,0,1,0
1.312808724459349,0.8813759668694676,1.412783515790431,0.07086328384810708,1.2624890127883643,-0.9019267788874382,0.9538505081700629,1.0587377251830867,1.1400563019893057,1.2296926501022896,-0.4384308670313317,-0.23642870849141445,-0.23216451332997323,0.6521786092322298,-0.349750824881539,1.6106963230629676,0.9888397185519114,1.5348305111596448,0.34975082488152803,0.04317653208136333,-0.7749553489927752,-0.7948908532778661,1.2718406805110285,0.2246929202285745,0.9838316637598726,0,1,0,1,1,1,0,0,0,0,0,0,0,0,0,0,0,1,0,0,0,0,0,0,0,0,0,0,0,0,0,0,0,0,1,0,0,0,0,0,0,0,0,0,0,0,0,0,0,0,0,0,0,0,0,0,0,1,0,0,0,0,0,0,0,1,0,0,0,0,0,0,0,0,0,0,1,0,0,0,0,0,0,0,0,0,0,0,0,1,0,0
-0.2516522371197913,-0.5416105668244071,-0.22238259044849376,-0.5430801595703187,3.0044538458871766,-0.9019267788874382,0.9538505081700629,-0.9562606642355124,-0.8238649762007128,1.2296926501022896,-1.3386995878348875,-1.3576725185935774,-1.3664749074232,-1.7089198034523485,-1.680234229090871,-0.7940673358803468,-0.023796961992800816,-0.6515377383555188,1.6802342290908596,0.04317653208136333,-0.5555237515561613,-0.5663607089508563,0.9089721027320734,-1.5138143615048874,-0.7709216009723612,1,0,0,1,0,0,0,0,0,0,1,0,0,0,0,0,0,0,0,0,1,0,0,0,0,0,0,0,0,0,1,0,0,0,0,0,0,0,0,0,0,0,0,0,1,0,0,0,0,0,1,0,0,1,0,0,1,0,0,1,1,0,0,0,0,0,0,0,0,0,0,0,1,0,0,1,0,0,0,0,0,0,0,0,0,0,0,0,1,0,1,0
-0.10389759074842807,-0.43215006423257063,-0.22238259044849376,-0.043090978725919285,-0.4794758203104481,-0.9019267788874382,-0.4808216527951466,1.0587377251830867,-0.8238649762007128,-1.2101737191482849,-1.3386995878348875,1.6165957966865663,0.054005202181663506,0.8312343111589491,-0.8486821014600384,0.6580270587642224,-0.023796961992800816,-0.6515377383555188,0.8486821014600274,-1.0002476960782327,1.1999290279367514,-0.7948908532778661,-0.3610679194942681,0.7190981187845941,-1.9407571107938504,0,0,0,0,0,0,0,0,0,1,0,0,0,1,0,0,0,0,0,0,0,0,0,0,0,0,0,0,0,0,0,0,0,0,0,1,0,0,0,0,0,0,0,0,0,0,0,1,0,1,0,1,0,0,0,1,0,0,1,0,0,0,0,0,0,1,0,0,0,0,0,1,0,0,1,0,0,0,0,0,0,0,0,1,0,0,0,0,0,1,0,0
1.9646674584506572,2.1949019979715056,1.412783515790431,0.28770828835790463,2.5689626376124735,-0.9019267788874382,0.9538505081700629,1.0587377251830867,1.1400563019893057,-1.2101737191482849,1.3621065745757797,1.8297756070167763,0.1618372688961933,1.0240635286184927,-1.1813029525123715,-0.2711792799478064,0.9888397185519114,1.5348305111596448,1.1813029525123604,0.04317653208136333,1.1999290279367514,-0.7948908532778661,-0.3610679194942681,0.7263376773987248,0.9838316637598726,0,1,1,0,1,0,0,0,1,0,0,0,0,0,0,0,0,1,0,0,0,0,0,0,0,0,1,0,0,0,0,0,0,0,0,0,0,0,0,0,0,0,0,0,0,1,0,0,0,0,0,0,0,0,1,0,0,1,0,0,1,0,0,0,0,0,0,0,0,0,1,0,1,0,0,1,0,0,0,0,0,0,0,0,1,0,0,0,0,1,0,0
-0.9817340191900567,-1.3078340849672627,1.412783515790431,-0.7481240753993114,-0.4794758203104481,-0.9019267788874382,0.9538505081700629,-1.1001891206225551,-0.8238649762007128,0.009759465477002306,0.461837853772224,-1.2531324192970321,-1.3975803112831606,-1.7295800767515852,0.4818013027492934,1.011460652126032,0.9888397185519114,1.5348305111596448,-0.48180130274930427,0.04317653208136333,0.840859141222292,-0.9818700622726926,0.08427078959808616,-1.5026760620732147,-0.18600384606161657,0,0,0,0,0,0,0,1,0,0,0,0,0,0,1,0,0,0,0,0,0,0,0,0,0,0,0,0,0,0,0,0,0,0,0,0,0,1,0,0,0,0,0,0,0,0,0,0,0,0,1,0,0,1,0,0,1,0,0,0,1,0,0,0,0,0,0,0,0,0,0,0,1,0,1,0,0,1,0,0,0,0,0,0,0,0,0,0,0,0,0,1
0.11338865391534139,0.005691946134775455,-0.22238259044849376,1.1232089765579776,-0.4794758203104481,-0.9019267788874382,0.9538505081700629,-0.524475295074384,-0.8238649762007128,1.2296926501022896,-0.4384308670313317,-1.4355651415988466,-1.4452752638684334,-1.8270541866761898,-0.8486821014600384,-0.03394303234878341,1.4951580588242674,1.5348305111596448,0.8486821014600274,0.04317653208136333,-0.7749553489927752,-0.7948908532778661,1.2718406805110285,-1.66310706600784,-0.18600384606161657,1,0,0,0,1,1,0,0,0,0,0,1,0,0,0,0,0,0,0,0,0,0,0,0,1,0,0,0,0,0,0,0,0,0,0,0,0,0,0,0,0,0,0,1,0,0,0,0,0,0,1,0,0,1,1,0,0,0,0,0,0,0,0,0,0,1,0,0,1,0,0,0,1,0,0,1,0,0,0,0,0,0,0,0,0,0,0,1,0,0,1,0
0.16553735263464606,0.11515244872661197,-1.0399656435679563,-0.22535223724057965,-0.4794758203104481,2.2712806529722434,-0.7015404467897942,-0.6684037514614268,1.1400563019893057,0.009759465477002306,-1.3386995878348875,1.104144329546638,1.1240310949643053,0.36770253841966116,-1.014992526986205,1.0576416485189346,-1.0364336425375131,-0.6515377383555188,1.014992526986194,1.1280270323267,0.840859141222292,0.8879220276755714,-1.4001915740430917,0.6057067018068706,-0.18600384606161657,1,0,0,0,0,0,0,1,0,0,0,0,0,0,0,0,0,0,1,0,0,0,0,0,0,0,0,0,0,0,0,0,0,0,0,1,0,0,0,0,0,0,0,0,0,0,0,0,0,0,0,0,1,0,0,0,0,0,0,1,0,0,0,0,0,0,1,0,0,0,0,0,0,1,1,0,0,0,0,0,0,0,0,0,0,0,1,0,0,0,1,0
-0.07782324138877574,0.005691946134775455,-0.22238259044849376,0.5620426241842651,-0.4794758203104481,0.8067233767293134,-0.4559017889570412,-0.9562606642355124,-0.8238649762007128,-1.2101737191482849,-0.4384308670313317,-1.425316112256048,-1.4349067959151132,-1.9202902918214637,0.6481117282754599,-1.6927346285906175,0.48252137827955527,-0.6515377383555188,-0.6481117282754707,0.25030789251006724,0.840859141222292,0.8879220276755714,-1.4001915740430917,-1.700261112651192,-1.355839355883106,0,1,1,0,1,0,0,0,0,0,1,0,0,0,0,0,1,0,0,0,0,0,0,0,0,0,0,0,0,0,0,0,0,0,0,1,0,0,0,0,0,0,0,1,0,0,0,0,1,0,0,0,0,1,1,0,0,0,0,1,0,0,0,0,1,0,0,0,1,0,0,0,0,0,0,1,0,0,0,0,1,0,0,0,0,0,0,0,0,0,1,0
-1.5814440544620605,-1.4172945875590992,-0.22238259044849376,0.08262339652654807,-0.4794758203104481,1.6646380557049514,0.9538505081700629,-1.244117577009598,-0.8238649762007128,0.009759465477002306,0.461837853772224,1.710886866640313,0.1017001547669363,0.916524157342978,-1.680234229090871,-0.7575694516343433,-1.0364336425375131,-0.6515377383555188,1.6802342290908596,1.8944130659129046,1.1999290279367514,-0.7948908532778661,-0.3610679194942681,0.7322568267743677,-0.18600384606161657,0,1,0,0,1,0,0,0,0,0,1,0,1,0,0,0,0,0,0,0,0,0,0,0,0,0,0,0,0,0,0,0,0,0,0,0,0,0,0,1,0,0,0,1,0,0,0,0,0,1,0,1,0,0,1,0,0,1,0,0,1,0,0,0,0,0,0,0,0,0,0,0,0,1,0,0,0,0,1,0,0,0,0,0,0,0,0,0,0,0,0,1
2.042890506529614,1.8665204901959962,-1.0399656435679563,-0.7126388573521673,-0.4794758203104481,0.3939192424941738,-1.0041387933953594,0.051238530473787215,1.1400563019893057,1.2296926501022896,1.3621065745757797,-1.5237067939469142,-0.23423820692063727,0.6479406044528992,1.4796638559062922,-0.911754391204195,0.9888397185519114,1.5348305111596448,-1.4796638559063031,-0.4461713069314497,-2.749839725922302,-0.5663607089508563,2.723314991626845,0.3393778206293063,2.1536671735813617,1,0,1,0,0,0,0,0,0,0,1,0,0,0,0,0,0,0,0,1,0,0,0,0,0,0,0,0,1,0,0,0,0,0,0,0,0,0,0,0,0,0,0,0,0,0,1,0,0,0,0,0,0,0,0,0,0,1,0,0,0,0,0,1,0,0,1,0,0,0,0,0,1,0,1,0,0,0,0,0,0,1,0,0,0,0,0,0,0,0,0,0
-0.9556596698304044,-0.7605315720080802,-0.22238259044849376,0.6487888211886574,-0.4794758203104481,-0.9019267788874382,0.9538505081700629,1.0587377251830867,-0.8238649762007128,0.009759465477002306,1.3621065745757797,-1.462212617890123,-1.4722332805470657,-1.9139332846524677,1.4796638559062922,0.8669588247030794,1.4951580588242674,1.5348305111596448,-1.4796638559063031,0.04317653208136333,-0.28123425476039365,-0.28069802854209364,0.45538638050838015,-1.7082998404588137,0.39891390884912803,1,0,0,1,0,0,0,0,0,1,0,0,0,0,0,0,0,0,0,0,0,0,0,0,0,0,0,0,0,0,0,0,0,1,0,0,0,0,0,0,0,0,0,0,0,1,0,0,1,0,0,0,0,1,1,0,0,0,0,0,0,0,0,0,1,0,0,0,0,0,1,0,0,0,0,0,0,0,1,0,0,0,0,0,0,0,0,0,0,1,0,0
-1.677050002114119,0.005691946134775455,1.412783515790431,0.8754680662657931,-0.4794758203104481,1.129787481782901,-0.6766205829516888,1.4905230943442151,-0.8238649762007128,-1.2101737191482849,-0.4384308670313317,-0.025298704029763995,-0.018574073491577695,0.7014454147919484,0.3154908772231269,1.1783081229649055,-0.5301153022651569,-0.6515377383555188,-0.3154908772231378,0.3228038686601136,-0.5555237515561613,-0.5663607089508563,0.9089721027320734,0.039878425798514264,-1.355839355883106,0,0,1,0,1,0,0,0,0,0,1,0,0,0,0,0,0,1,0,0,0,0,0,0,0,0,0,0,0,0,0,0,0,0,0,0,0,0,0,0,0,0,1,0,0,0,0,0,0,1,0,0,0,0,0,1,0,0,0,0,0,0,0,0,0,1,0,0,0,0,1,0,0,1,0,0,0,0,0,0,0,0,0,0,0,1,0,0,0,0,0,1
-0.46024703199701,-0.3226895616407341,1.412783515790431,-1.5807564434339103,-0.4794758203104481,2.5010151276770163,-1.1287381125858864,0.051238530473787215,1.1400563019893057,0.009759465477002306,-0.4384308670313317,0.8212711196853975,-0.34829135440715914,0.41485034158971446,-0.8486821014600384,-0.4238745099565967,-1.0364336425375131,-0.6515377383555188,0.8486821014600274,0.9830350800266073,0.840859141222292,-0.9818700622726926,0.08427078959808616,1.1570822079276346,0.39891390884912803,0,1,1,0,0,0,0,0,1,0,0,0,0,0,0,0,0,0,0,0,0,0,0,0,0,0,0,0,0,0,0,0,0,0,1,0,0,0,0,0,0,0,0,0,0,1,0,0,0,0,0,0,1,0,1,0,0,0,0,1,0,0,0,0,1,0,0,1,0,0,0,0,0,0,0,0,0,0,0,0,1,0,0,0,0,0,0,0,0,0,0,0
-0.43417268263735764,-0.5416105668244071,-1.0399656435679563,-1.8897155012577722,-0.4794758203104481,0.4226360518322705,0.9538505081700629,0.4830238996349156,1.1400563019893057,1.2296926501022896,-0.4384308670313317,1.6411934671092827,-1.5344440882669867,0.8534838362504349,1.4796638559062922,1.6226139995514586,0.9888397185519114,1.5348305111596448,-1.4796638559063031,0.9985699320587601,1.6387922228099792,-2.8516621522209564,0.9089721027320734,1.770225403376306,0.9838316637598726,1,0,0,0,1,0,0,0,0,0,1,0,0,0,0,0,1,0,0,0,0,0,0,0,0,0,0,0,0,0,0,0,0,0,0,0,0,0,0,0,0,0,0,0,1,0,0,0,0,0,0,1,0,0,0,0,0,0,0,1,1,0,0,0,0,0,0,0,0,0,0,1,0,1,1,0,0,0,0,0,0,0,0,0,1,0,0,0,0,0,0,0
0.35674924793876317,0.5529944590939581,-0.22238259044849376,-0.3614335410911164,-0.4794758203104481,1.5784876276906614,0.9538505081700629,1.634451550731258,1.1400563019893057,-1.2101737191482849,1.3621065745757797,-0.010950062949846002,-0.7692511533119581,-0.2499866581677784,-1.347613378038538,1.1414378113286365,-0.5301153022651569,-0.6515377383555188,1.3476133780385269,1.8322736577842935,0.5416342356269089,-1.1376860697683815,0.45538638050838015,-0.23819429245559798,0.9838316637598726,0,0,0,1,1,0,0,1,0,0,0,0,0,0,0,1,0,0,0,0,0,0,0,0,1,0,0,0,0,0,0,0,0,0,0,0,0,0,0,0,0,0,0,0,0,0,0,0,0,0,0,0,1,0,0,1,0,0,1,0,0,1,0,0,0,0,0,0,0,0,0,1,0,0,0,0,0,0,0,0,0,1,0,0,0,0,0,0,0,0,0,1
-0.738373425166635,-0.7605315720080802,-0.22238259044849376,-1.0772433263862156,-0.4794758203104481,-0.9019267788874382,-0.8083398632388172,0.051238530473787215,-0.8238649762007128,-1.2101737191482849,1.3621065745757797,-0.36966608994779576,0.8005348948207158,0.07845871223034556,0.9807325793277929,-1.68454122600478,-1.542751982809869,-0.6515377383555188,-0.9807325793278037,-1.2384487605712422,-0.7749553489927752,1.2618804456652244,-0.3610679194942681,0.5236264705920369,-0.18600384606161657,0,0,0,1,1,0,1,0,0,0,0,1,0,0,0,0,0,0,0,0,0,0,0,0,0,0,1,0,0,0,0,0,0,0,0,0,0,0,0,0,0,0,0,0,0,0,1,0,0,1,0,0,1,0,1,0,0,0,1,0,0,0,0,0,0,1,0,1,0,0,0,0,0,0,0,1,0,1,0,0,0,0,0,0,0,0,0,0,0,0,0,0
0.09600575434223983,0.334073453910285,-1.0399656435679563,2.4274341557987875,-0.4794758203104481,-0.9019267788874382,-0.7905399604973135,1.2026661815701296,1.1400563019893057,1.2296926501022896,0.461837853772224,0.8171715079482781,-0.3503650479978232,0.7130999279351077,-0.349750824881539,-0.9113819638139296,0.48252137827955527,-0.6515377383555188,0.34975082488152803,-1.2255030505444482,0.5416342356269089,-1.1376860697683815,0.45538638050838015,-0.27241297581695656,1.5687494186706172,0,1,0,1,1,0,0,1,0,0,0,0,0,0,0,0,0,0,0,0,0,0,0,1,0,0,0,0,0,0,0,0,0,0,0,0,0,0,0,0,0,1,0,0,0,1,0,0,0,0,0,0,0,0,0,0,0,1,0,0,0,0,0,0,0,1,0,0,1,0,0,0,0,1,0,1,0,0,0,0,0,0,0,0,0,0,1,0,0,1,0,0
0.7913217372663021,0.334073453910285,1.412783515790431,1.5789030988469925,1.6979802210630675,1.3379843494841017,0.9538505081700629,0.6269523560219584,1.1400563019893057,-1.2101737191482849,-1.3386995878348875,-0.17698433830318275,-0.17202739920071625,0.42703460533029003,0.14918045169696045,-0.7117608826317062,-1.0364336425375131,-0.6515377383555188,-0.14918045169697136,1.6588011434252539,-0.5555237515561613,-0.5663607089508563,0.9089721027320734,-0.3148332686829262,-0.7709216009723612,0,1,1,0,1,0,0,0,0,0,1,0,0,0,0,0,0,0,0,0,0,1,0,0,0,0,0,0,1,0,0,0,0,0,0,0,0,0,0,0,0,0,0,1,0,0,0,0,0,0,0,1,0,0,0,1,0,1,0,0,0,0,0,0,1,0,0,0,0,0,1,0,0,0,0,0,0,0,0,0,1,0,0,0,0,0,0,0,0,0,0,0
0.4349722960177202,0.005691946134775455,-1.0399656435679563,0.43624629692706907,-0.4794758203104481,0.3795608378251255,0.9538505081700629,-0.8123322078484696,1.1400563019893057,1.2296926501022896,0.461837853772224,1.2886268577170121,-0.11189028507145925,1.2613917962610082,-1.680234229090871,1.11797488574192,1.4951580588242674,1.5348305111596448,1.6802342290908596,0.9675002279944545,0.5416342356269089,-1.1376860697683815,0.45538638050838015,0.6752399377948896,1.5687494186706172,1,0,0,0,0,0,0,0,1,0,0,0,0,1,0,0,0,0,0,0,0,0,0,0,0,0,0,0,1,0,0,0,0,0,0,0,0,0,0,0,0,0,0,0,1,0,0,0,0,0,0,0,0,0,1,0,0,0,0,0,1,0,0,0,0,0,0,0,0,0,0,0,0,1,0,0,0,0,0,1,0,0,0,0,0,0,0,0,0,0,1,0
-0.8426708226052443,-0.8699920745999167,-1.0399656435679563,-0.07042197230264584,2.5689626376124735,0.6559601277043059,-2.292851751880238,0.051238530473787215,-0.8238649762007128,-1.2101737191482849,-0.4384308670313317,1.3050253046654898,1.3272530668493805,1.280462817767996,0.6481117282754599,-1.294982175787232,0.48252137827955527,-0.6515377383555188,-0.6481117282754707,-1.1944333464801427,0.28844393089235454,0.3126013846145672,-0.4866762733408288,1.1617406646591182,-1.355839355883106,1,0,1,0,0,0,1,0,0,0,0,0,0,0,0,0,0,0,0,0,0,0,1,0,0,0,0,0,0,0,0,0,0,0,0,0,1,0,0,0,0,0,0,1,0,0,0,0,0,1,0,0,1,0,1,0,0,1,0,0,0,0,0,1,0,0,0,0,0,0,0,1,0,1,0,0,1,0,0,0,0,0,0,0,0,0,0,0,0,0,0,0
2.3818570482050947,2.7422045109306885,-1.0399656435679563,-1.7266719878517847,-0.4794758203104481,1.2374755168007634,0.9538505081700629,0.7708808124090012,1.1400563019893057,0.009759465477002306,-0.4384308670313317,-1.5237067939469142,-0.7526616045866459,-0.41156059037975873,-1.1813029525123715,1.5615359075479425,-1.542751982809869,-0.6515377383555188,1.1813029525123604,1.5863051672752075,-2.749839725922302,-0.5663607089508563,2.723314991626845,-0.12738071910100046,0.39891390884912803,0,1,1,0,0,0,0,0,0,0,0,0,0,0,0,0,0,0,0,0,0,0,0,0,0,0,0,0,0,0,0,0,0,0,0,0,0,0,1,0,0,0,0,0,0,0,1,0,0,0,0,0,1,0,1,0,0,1,0,0,0,0,0,0,0,1,0,1,0,0,0,0,0,0,0,0,0,1,0,0,0,0,0,0,0,0,0,0,0,1,0,0
-0.6601503770876779,-0.9794525771917532,-0.22238259044849376,-0.7993440783541956,-0.4794758203104481,0.6523705265370439,-1.4028566148050456,-0.524475295074384,-0.8238649762007128,-1.2101737191482849,1.3621065745757797,1.0303513182784882,-0.2425329812832934,0.6309885853355767,-1.347613378038538,1.0796148645445898,0.9888397185519114,1.5348305111596448,1.3476133780385269,-0.5497369871458017,0.840859141222292,-0.9818700622726926,0.08427078959808616,0.8444667358124462,-0.18600384606161657,0,1,0,0,1,0,0,0,1,0,0,0,0,0,0,0,1,0,0,0,0,0,0,0,0,0,0,0,0,0,0,0,0,0,0,1,0,0,0,0,0,0,0,0,0,1,0,0,0,1,0,0,0,0,0,0,0,0,0,0,0,0,0,0,0,1,0,0,0,1,0,0,0,0,0,0,1,0,0,0,0,0,0,0,0,0,0,0,0,0,1,0
1.1650540780879857,1.1002969720531406,-0.22238259044849376,0.0929083731198888,-0.4794758203104481,-0.9019267788874382,-0.8795394742048326,0.19516698686083,-0.8238649762007128,-1.2101737191482849,-0.4384308670313317,-1.3474234892507788,-1.3561064394698799,-1.872612738053994,-0.1834403993553725,1.0933946779844075,0.48252137827955527,-0.6515377383555188,0.18344039935536155,-1.2902316006784182,1.1999290279367514,1.2618804456652244,-1.993976519499563,-1.6406832478516182,-1.355839355883106,1,0,0,1,1,0,0,0,1,0,0,0,0,0,0,0,0,1,0,0,0,0,0,0,0,0,0,0,0,0,0,0,0,0,1,0,0,0,0,0,0,0,0,0,0,1,0,0,1,0,0,0,0,1,1,0,0,0,0,0,0,0,0,0,0,0,0,0,0,0,1,0,0,0,1,0,0,0,0,0,1,0,0,0,0,0,0,0,0,0,0,0
0.5827269423890834,0.334073453910285,-1.0399656435679563,-0.61839405191518,-0.4794758203104481,1.1154290771138526,-0.8261397659803211,0.051238530473787215,0.15809566289429652,1.2296926501022896,1.3621065745757797,1.0221520948042493,-0.24668036846462146,0.6225125757769154,-0.349750824881539,-1.2864163458111293,0.48252137827955527,-0.6515377383555188,0.34975082488152803,0.20370333641360888,0.840859141222292,-0.9818700622726926,0.08427078959808616,0.7316623091929241,1.5687494186706172,0,1,0,0,0,0,0,0,0,0,0,0,0,0,0,0,0,0,0,1,0,0,0,0,0,0,0,0,0,0,0,0,0,0,0,0,0,0,0,0,1,0,0,0,0,1,0,0,0,0,0,0,1,0,0,0,0,0,1,0,0,0,0,1,0,0,0,1,0,0,0,0,1,0,1,0,1,0,0,0,0,0,0,0,0,0,0,0,0,0,0,0
0.15684590284809527,0.2246129513184485,1.412783515790431,-0.8231101597252618,-0.4794758203104481,0.45494246233762925,-0.8368197076252234,-0.6684037514614268,-0.8238649762007128,-1.2101737191482849,0.461837853772224,-0.12778899745774966,-0.12225875302477941,0.5160327056962333,-1.680234229090871,0.4446261641421813,1.4951580588242674,1.5348305111596448,1.6802342290908596,-0.2804662185884865,-0.5555237515561613,-0.5663607089508563,0.9089721027320734,0.580381151847667,-0.7709216009723612,0,1,0,0,0,0,0,0,1,0,0,1,0,0,0,0,0,0,0,0,0,0,0,0,0,0,0,0,0,1,0,0,0,0,0,0,0,0,0,0,0,0,0,1,0,0,0,0,0,1,0,0,0,0,0,1,0,0,1,0,0,0,0,0,0,1,0,0,0,1,0,0,0,0,0,0,0,0,0,0,0,1,0,0,0,0,0,0,0,0,1,0
-0.04305744224257262,0.2246129513184485,-0.22238259044849376,-1.4774969174768633,-0.4794758203104481,-0.9019267788874382,0.9538505081700629,-0.23661838230029839,-0.8238649762007128,0.009759465477002306,0.461837853772224,-0.9067152275104406,-1.5344440882669867,-0.5741940237865717,-1.014992526986205,0.8453580360676894,-0.5301153022651569,-0.6515377383555188,1.014992526986194,0.04317653208136333,-0.7749553489927752,-2.8516621522209564,2.9047492805163233,-0.4129576450958908,-0.18600384606161657,0,1,1,0,0,0,0,0,0,0,0,0,0,0,0,0,0,0,0,0,0,1,0,0,0,0,0,0,0,0,0,0,0,0,0,0,1,0,0,0,0,0,0,0,0,0,0,0,0,1,0,1,0,0,1,0,0,0,0,0,0,0,0,0,0,0,0,0,0,0,0,0,0,0,0,0,0,0,1,0,0,0,0,0,0,0,0,0,0,0,1,0
0.09600575434223983,-0.21322905904889758,-1.0399656435679563,1.542844216766754,-0.4794758203104481,-0.9019267788874382,-0.5733811470509665,-0.6684037514614268,1.1400563019893057,1.2296926501022896,-1.3386995878348875,0.4277083929219326,-0.5473659391109065,0.2601631671441464,-0.5160612504077055,-0.11140792952397459,-1.542751982809869,-0.6515377383555188,0.5160612504076945,-1.0675653882175615,0.5416342356269089,-1.1376860697683815,0.45538638050838015,-0.3569297732182398,0.39891390884912803,1,0,0,0,0,1,0,0,0,0,0,0,0,0,0,0,0,0,0,0,0,0,0,1,0,0,0,0,0,0,0,0,1,0,0,0,0,0,0,0,0,0,0,1,0,0,0,0,0,0,0,1,0,0,1,0,0,1,0,0,0,0,0,1,0,0,0,0,0,0,1,0,0,0,0,1,0,0,0,0,0,0,0,1,0,0,0,0,0,0,1,0
-0.10389759074842807,0.11515244872661197,-0.22238259044849376,0.6129348191202384,-0.4794758203104481,-0.9019267788874382,0.9538505081700629,0.914809268796044,1.1400563019893057,0.009759465477002306,-1.3386995878348875,0.431808004659052,-0.5452922455202425,-0.4931421823818734,-0.017129973829206037,-0.28570394816815475,1.4951580588242674,1.5348305111596448,0.017129973829195105,0.04317653208136333,1.6387922228099792,-0.5663607089508563,-0.9053707861626996,-0.5374617153595558,-0.18600384606161657,0,0,0,0,0,0,0,0,0,0,0,0,0,0,0,0,0,0,0,0,0,1,0,0,0,0,0,0,0,0,0,0,0,0,0,0,0,0,0,0,0,0,1,0,0,0,0,1,0,0,0,0,1,0,1,0,0,0,0,0,0,0,0,0,1,0,0,0,0,0,0,1,0,1,0,1,0,1,0,0,0,0,0,0,0,0,0,0,0,1,0,0
-0.7296819753800842,-0.43215006423257063,-0.22238259044849376,0.6930429037416773,-0.4794758203104481,1.908730935078773,0.9538505081700629,1.4905230943442151,1.1400563019893057,1.2296926501022896,-1.3386995878348875,0.8089722844740392,-0.35451243517915126,-0.20071985260805983,0.8144221538016264,0.13253201109982454,-0.023796961992800816,-0.6515377383555188,-0.8144221538016372,2.0704747222773032,1.6387922228099792,-0.5663607089508563,-0.9053707861626996,-0.3186358359798536,0.39891390884912803,0,1,0,0,0,0,1,0,0,0,0,0,0,0,0,0,0,0,0,0,0,0,0,1,0,0,1,0,0,0,0,0,0,0,0,0,0,0,0,0,0,0,0,0,1,0,0,0,0,0,0,0,0,0,0,1,0,0,0,0,0,0,0,1,0,0,0,0,0,0,1,0,0,0,0,0,0,0,0,0,1,0,0,0,0,0,0,0,0,0,0,1
0.5740354926025326,0.6624549616857945,-0.22238259044849376,-0.8945723078479166,-0.4794758203104481,-0.9019267788874382,0.25253434015481163,0.914809268796044,1.1400563019893057,0.009759465477002306,-0.4384308670313317,1.5305039502070583,0.010457636777718786,1.5426893634890788,-1.1813029525123715,-1.0841882728970484,-0.5301153022651569,-0.6515377383555188,1.1813029525123604,-0.4668844429743201,0.5416342356269089,-1.1376860697683815,0.45538638050838015,1.7194226688531762,0.39891390884912803,0,1,0,1,0,1,0,0,0,0,0,0,0,0,0,1,0,0,0,0,0,0,0,0,0,0,0,0,0,0,0,0,1,0,0,0,0,0,0,0,0,0,0,0,0,0,0,0,0,0,0,0,0,0,1,0,0,1,0,0,1,0,0,0,0,0,0,0,0,0,0,1,0,0,0,1,0,0,0,0,0,0,0,0,0,0,1,0,0,1,0,0
0.9999165321435208,0.8813759668694676,-1.0399656435679563,0.20776410774592124,-0.4794758203104481,-0.9019267788874382,0.9538505081700629,1.4905230943442151,1.1400563019893057,-1.2101737191482849,0.461837853772224,0.7023823793089341,0.7175871511941545,0.0042936285920595,-0.017129973829206037,1.3425486020719213,-1.0364336425375131,-0.6515377383555188,0.017129973829195105,0.04317653208136333,0.840859141222292,0.8879220276755714,-1.4001915740430917,0.07816394441921339,0.39891390884912803,1,0,1,0,1,1,0,0,0,0,0,0,0,0,0,0,0,0,0,0,0,0,0,1,0,0,0,0,0,0,1,0,0,0,0,0,0,0,0,0,0,0,0,1,0,0,0,0,0,0,0,0,0,0,0,1,0,0,0,1,0,0,0,0,0,1,0,0,0,1,0,0,0,0,1,0,1,0,0,0,0,0,0,0,0,0,0,0,0,0,0,1
-0.08651469117532652,0.005691946134775455,-0.22238259044849376,0.9540600387997679,2.1334714293377703,-0.9019267788874382,-0.6481407385652826,0.4830238996349156,-0.8238649762007128,1.2296926501022896,0.461837853772224,-1.2695308662455098,-1.2773060830246465,-1.7136875588290954,-0.1834403993553725,-1.128507132338624,0.9888397185519114,1.5348305111596448,0.18344039935536155,-1.121937370330096,0.28844393089235454,0.3126013846145672,-0.4866762733408288,-1.5574350790594182,0.39891390884912803,0,1,0,1,0,0,0,1,0,0,0,0,0,0,0,0,0,1,0,0,0,0,0,0,0,0,0,0,0,0,0,0,0,0,1,0,0,0,0,0,0,0,0,0,0,0,0,1,0,0,1,0,0,1,1,0,0,0,0,0,0,0,0,1,0,0,0,0,0,0,0,1,0,1,0,1,0,0,0,0,0,0,0,0,0,1,0,0,0,0,0,0
0.20030315178084918,-0.10376855645706107,-1.0399656435679563,-1.146246914367036,-0.4794758203104481,-0.9019267788874382,0.9538505081700629,0.6269523560219584,-0.8238649762007128,0.009759465477002306,0.461837853772224,1.4362128802533114,-0.037237315807554,0.6680711271547197,1.3133534303801258,-1.5970207892924246,-0.5301153022651569,-0.6515377383555188,-1.3133534303801366,0.04317653208136333,1.1999290279367514,-0.7948908532778661,-0.3610679194942681,1.2242842530537656,-0.18600384606161657,0,1,0,1,0,0,0,0,0,0,1,0,0,0,0,1,0,0,0,0,0,0,0,0,0,0,0,0,0,0,0,0,0,0,0,0,0,1,0,0,0,0,0,0,0,0,1,0,0,1,0,1,0,0,0,0,0,1,0,0,0,0,0,1,0,0,0,0,0,1,0,0,1,0,1,0,0,1,0,0,0,0,0,0,0,0,0,0,0,0,0,0
-0.5819273290087209,-0.8699920745999167,1.412783515790431,0.34429614762246147,-0.4794758203104481,0.9897930362596796,-0.49150159444004893,-0.8123322078484696,1.1400563019893057,0.009759465477002306,0.461837853772224,0.5588959685097542,0.5724285998476721,-0.3946085712624362,-0.017129973829206037,1.0040121043207253,-0.023796961992800816,-0.6515377383555188,0.017129973829195105,0.35646271472977803,1.1999290279367514,1.2618804456652244,-1.993976519499563,-0.23844529343643753,0.9838316637598726,0,1,1,0,1,0,1,0,0,0,0,0,0,1,0,0,0,0,0,0,0,0,0,0,0,0,0,0,0,0,0,0,0,0,0,0,1,0,0,0,0,0,0,0,0,0,0,0,0,0,0,0,1,0,1,0,0,0,0,0,0,0,0,0,0,0,0,0,0,0,0,0,0,0,0,0,0,0,0,0,0,0,0,0,0,0,0,0,0,0,1,0
0.3480577981522124,0.11515244872661197,1.412783515790431,0.04672841845576519,1.6979802210630675,-0.9019267788874382,0.9538505081700629,-0.23661838230029839,-0.8238649762007128,1.2296926501022896,-0.4384308670313317,-1.3884196066219732,-1.2607165342993343,-1.764543616181063,-0.017129973829206037,0.6155703362739734,0.9888397185519114,1.5348305111596448,0.017129973829195105,0.04317653208136333,-0.7749553489927752,1.2618804456652244,-0.3610679194942681,-1.5658123792174619,-0.18600384606161657,0,1,0,1,0,0,0,0,0,1,0,0,0,1,0,0,0,0,0,0,0,0,0,0,0,0,0,0,0,0,0,0,0,0,0,0,0,0,0,0,0,1,0,0,0,0,0,1,0,0,1,0,0,1,0,0,1,0,0,0,0,0,0,0,0,0,0,0,0,1,0,0,1,0,1,0,0,0,0,0,0,0,0,0,0,0,0,0,0,0,1,0
-1.0947228664152169,-1.0889130797835898,-0.22238259044849376,-0.0909919254893273,2.1334714293377703,-0.9019267788874382,0.9538505081700629,-1.244117577009598,-0.8238649762007128,1.2296926501022896,0.461837853772224,-1.3699713538049358,-1.2233900496673817,-1.7311693285438343,-0.5160612504077055,-1.2272003907589397,-0.023796961992800816,-0.6515377383555188,0.5160612504076945,0.04317653208136333,-0.7749553489927752,1.2618804456652244,-0.3610679194942681,-1.5304490297022904,0.39891390884912803,0,0,1,0,1,0,0,0,0,1,0,0,0,0,0,0,0,1,0,0,0,0,0,0,0,0,1,0,0,0,0,0,0,0,0,0,0,0,0,0,0,0,0,0,1,0,0,0,0,0,1,0,0,1,1,0,0,0,0,1,1,0,0,0,0,0,0,0,0,1,0,0,0,1,0,0,0,0,0,0,0,0,0,0,1,0,0,0,0,0,0,1
-0.03436599245602184,-0.43215006423257063,1.412783515790431,0.2526328303344001,-0.4794758203104481,1.1549146899537355,-1.9154938137603563,0.19516698686083,-0.8238649762007128,-1.2101737191482849,1.3621065745757797,-1.281829701456868,-1.2897482445686308,-1.790501395454463,-0.5160612504077055,1.0118330795162975,-1.542751982809869,-0.6515377383555188,0.5160612504076945,-0.5600935551672368,0.840859141222292,0.8879220276755714,-1.4001915740430917,-1.5772589552255594,-0.18600384606161657,1,0,1,0,1,0,1,0,0,0,0,0,0,1,0,0,0,0,0,0,0,0,0,0,0,0,0,0,0,0,0,0,0,0,0,0,0,0,0,0,0,1,0,0,0,0,0,1,0,0,1,0,0,1,0,0,1,0,0,0,0,0,0,0,1,0,0,1,0,0,0,0,0,0,0,1,0,0,0,0,0,0,0,0,0,0,0,0,1,0,0,0
0.6957157896142435,0.9908364694613041,1.412783515790431,-1.99330283523373,-0.4794758203104481,-0.9019267788874382,-0.6196608941788766,0.6269523560219584,0.15809566289429652,1.2296926501022896,1.3621065745757797,-0.3881143427648332,0.7632084101887633,0.33856625556176306,1.3133534303801258,0.640150544031486,-1.542751982809869,-0.6515377383555188,-1.3133534303801366,-1.1012242342872258,-0.9544902923500049,0.8879220276755714,0.08427078959808616,1.4363601315199501,1.5687494186706172,1,0,0,1,1,0,0,0,0,1,0,0,0,0,0,0,0,0,0,1,0,0,0,0,0,0,0,0,0,0,0,0,0,0,0,1,0,0,0,0,0,0,0,1,0,0,0,0,0,0,0,0,1,0,0,0,0,0,0,0,1,0,0,0,0,0,0,1,0,0,0,0,1,0,0,0,1,0,0,0,0,0,0,0,0,0,0,0,0,0,0,0
0.6174927415352865,0.2246129513184485,1.412783515790431,1.058466892823004,-0.4794758203104481,0.3795608378251255,0.9538505081700629,0.19516698686083,1.1400563019893057,-1.2101737191482849,-0.4384308670313317,-0.3286699725766015,0.8834826384472773,0.15262379586863162,0.3154908772231269,0.7202224329385345,-1.542751982809869,-0.6515377383555188,-0.3154908772231378,0.9675002279944545,-0.7749553489927752,1.2618804456652244,-0.3610679194942681,-0.21446291473678017,-0.18600384606161657,0,1,0,0,1,0,1,0,0,0,0,0,0,0,0,0,0,0,0,0,0,0,0,1,0,1,0,0,0,0,0,0,0,0,0,0,0,0,0,0,0,0,0,0,0,1,0,0,0,0,0,0,0,0,0,0,0,1,0,0,1,0,0,0,0,0,0,0,0,1,0,0,0,1,1,0,0,0,0,0,0,0,0,0,0,0,1,0,0,0,0,0
-0.44286413242390843,-0.5416105668244071,-0.22238259044849376,-1.5684226667223742,1.2624890127883643,-0.8732099695493416,0.9538505081700629,-0.3805468386873412,1.1400563019893057,1.2296926501022896,-0.4384308670313317,0.8130718962111586,0.8295666050900123,0.4063743320310532,0.3154908772231269,-0.5531068143786704,0.48252137827955527,-0.6515377383555188,-0.3154908772231378,0.06388966812423372,0.5416342356269089,0.5762900126841938,-0.9053707861626996,1.4016506851161639,0.9838316637598726,0,0,0,1,0,0,0,0,0,0,0,0,0,0,0,0,0,0,1,0,0,0,0,0,0,0,0,0,0,0,0,0,0,0,0,0,0,0,0,0,0,0,1,0,0,0,0,0,0,0,0,0,0,0,1,0,0,0,1,0,0,0,0,1,0,0,1,0,0,0,0,0,0,0,1,0,0,0,0,0,1,0,0,0,0,0,0,0,0,0,1,0
-0.6080016783683733,-0.7605315720080802,-1.0399656435679563,1.4588434119207438,-0.4794758203104481,0.4046880459959601,0.9538505081700629,-1.3880460333966407,-0.8238649762007128,1.2296926501022896,-0.4384308670313317,0.8704664605308307,0.8876300256286053,0.15633205005054593,1.6459742814324587,1.5019475251054877,-0.023796961992800816,-0.6515377383555188,-1.6459742814324694,0.9856242220319661,0.840859141222292,0.8879220276755714,-1.4001915740430917,-0.15958869507397277,-0.18600384606161657,0,0,0,1,0,0,0,0,1,0,0,0,0,0,0,0,0,1,0,0,0,0,0,0,0,0,0,0,0,0,0,0,0,0,0,0,0,0,0,0,0,0,1,0,0,1,0,0,0,1,0,0,1,0,0,1,0,1,0,0,0,0,0,0,1,0,0,0,0,0,0,1,1,0,0,1,0,1,0,0,0,0,0,0,0,0,0,0,0,0,0,1
-1.5032210063831035,-0.3226895616407341,1.412783515790431,0.2533703983769507,3.4399450541618797,-0.9019267788874382,-1.844294202794341,-0.3805468386873412,-0.8238649762007128,-1.2101737191482849,-0.4384308670313317,-1.3310250423023011,-1.4369804895057772,-1.8350004456374347,-0.5160612504077055,0.33811193052629346,0.48252137827955527,-0.6515377383555188,0.5160612504076945,-1.9918890841306525,1.1999290279367514,-0.7948908532778661,-0.3610679194942681,-1.6324180316701724,-1.355839355883106,0,0,0,1,0,1,0,0,0,0,0,0,0,0,0,0,0,0,0,1,0,0,0,0,0,0,0,0,0,0,0,0,0,0,1,0,0,0,0,0,0,0,0,1,0,0,0,0,1,0,0,0,0,1,0,0,1,0,0,0,0,0,0,0,0,1,0,0,0,0,0,0,0,0,0,1,0,0,0,1,0,0,0,0,0,0,0,0,0,0,1,0
-1.4163065085175957,-1.5267550901509357,-0.22238259044849376,-0.12119123923152757,-0.4794758203104481,-0.9019267788874382,-1.043298579426668,0.051238530473787215,1.1400563019893057,1.2296926501022896,-1.3386995878348875,-1.5237067939469142,-0.36488090313247146,0.08216696641225986,0.9807325793277929,1.3607975441949232,-0.5301153022651569,-0.6515377383555188,-0.9807325793278037,-1.4093321329249229,-2.749839725922302,-0.28069802854209364,2.496522130514999,-0.28394245178102984,0.39891390884912803,1,0,0,0,0,1,0,0,0,0,0,0,0,1,0,0,0,0,0,0,0,0,0,0,0,0,0,0,0,0,0,1,0,0,0,0,0,0,0,0,0,0,0,1,0,0,0,0,0,0,0,0,1,0,0,0,0,0,1,0,0,0,0,1,0,0,1,0,0,0,0,0,0,1,1,0,0,0,0,0,0,0,0,0,0,0,0,0,0,0,0,0
-0.6688418268742287,-1.0889130797835898,1.412783515790431,0.286970720315355,1.6979802210630675,-0.9019267788874382,0.9538505081700629,0.051238530473787215,0.15809566289429652,0.009759465477002306,-0.4384308670313317,0.5875932506695902,0.6014603101169685,0.4461056268372779,-1.680234229090871,0.304965892792678,-1.0364336425375131,-0.6515377383555188,1.6802342290908596,0.04317653208136333,0.28844393089235454,0.3126013846145672,-0.4866762733408288,0.27212674031698164,-0.18600384606161657,0,1,1,0,0,0,1,0,0,0,0,0,0,0,0,0,0,0,0,0,0,1,0,0,0,1,0,0,0,0,0,0,0,0,0,0,0,0,0,0,0,0,0,0,0,1,0,0,0,0,0,0,0,0,0,1,0,1,0,0,0,0,0,1,0,0,0,0,0,0,0,0,0,1,1,0,0,0,0,0,0,0,0,0,0,1,0,0,0,0,0,0
-1.2424775127865801,-1.7456760953346089,1.412783515790431,-0.48997526050669454,1.2624890127883643,-0.9019267788874382,-1.2675773539696165,0.33909544324787283,-0.8238649762007128,-1.2101737191482849,1.3621065745757797,0.3088196525454692,2.1733200518403066,1.7794878805341778,-0.1834403993553725,1.1812875420870281,-1.542751982809869,-0.6515377383555188,0.18344039935536155,-1.5724480792625273,-0.9544902923500049,0.8879220276755714,0.08427078959808616,1.7350136244067667,-0.18600384606161657,0,0,1,0,0,0,0,0,0,0,0,0,0,0,0,0,0,0,0,0,0,0,1,0,0,0,0,0,0,0,0,1,0,0,0,0,0,0,0,0,0,0,0,0,0,1,0,0,0,1,0,0,1,0,0,0,0,0,0,1,1,0,0,0,0,0,1,0,0,0,0,0,0,0,1,0,0,0,0,0,0,1,0,0,0,0,0,0,0,0,0,0
0.026474156049833605,0.334073453910285,1.412783515790431,0.27197350345016447,-0.4794758203104481,1.0795330654412318,0.9538505081700629,-0.3805468386873412,-0.8238649762007128,-1.2101737191482849,-0.4384308670313317,-1.4027682477018912,-1.4120961664178089,-1.7592461102068997,0.3154908772231269,0.19435495788387136,0.9888397185519114,1.5348305111596448,-0.3154908772231378,1.4723829190394202,-0.7749553489927752,-0.7948908532778661,1.2718406805110285,-1.5960818708304219,-1.355839355883106,0,0,1,0,1,0,0,0,0,0,1,0,0,0,1,0,0,0,0,0,0,0,0,0,0,0,0,0,0,0,0,0,0,0,0,0,0,0,0,0,0,0,1,0,0,1,0,0,1,0,0,0,0,1,0,0,1,0,0,0,0,0,0,0,0,1,0,0,0,0,0,1,0,0,0,0,0,1,0,0,0,0,0,0,0,0,0,0,0,0,1,0
0.13077155348844294,0.4435339565021215,-0.22238259044849376,0.9295154133837873,-0.4794758203104481,2.353841479819271,0.21337455412350315,-1.244117577009598,1.1400563019893057,0.009759465477002306,-0.4384308670313317,-0.31637113736524325,0.9083669615352457,0.798919524716553,0.6481117282754599,-1.2052271747332846,-1.542751982809869,-0.6515377383555188,-0.6481117282754707,1.852986793827164,-1.1041027451476964,0.5762900126841938,0.45538638050838015,0.15757604789297994,0.39891390884912803,1,0,0,0,0,0,0,0,1,0,0,0,0,1,0,0,0,0,0,0,0,0,0,0,0,0,0,0,0,0,0,1,0,0,0,0,0,0,0,0,0,0,0,1,0,0,0,0,0,0,0,0,0,0,0,0,0,0,0,0,0,0,0,0,0,0,0,0,0,0,1,0,0,0,1,0,0,0,0,0,1,0,0,0,0,0,0,0,0,0,0,1
0.5827269423890834,0.334073453910285,-1.0399656435679563,1.0608435009601105,-0.4794758203104481,-0.9019267788874382,0.9538505081700629,1.3465946379571725,1.1400563019893057,0.009759465477002306,-1.3386995878348875,1.9691624060788369,0.23234285097877047,1.6014916798022913,-0.017129973829206037,1.6144205969656211,-1.542751982809869,-0.6515377383555188,0.017129973829195105,0.04317653208136333,0.840859141222292,-0.9818700622726926,0.08427078959808616,0.7339983263909098,-0.18600384606161657,0,0,0,0,0,0,1,0,0,0,0,0,0,0,0,0,1,0,0,0,0,0,0,0,0,0,0,0,0,0,0,0,0,1,0,0,0,0,0,0,0,0,0,1,0,0,0,0,0,0,0,1,0,0,0,1,0,0,0,0,0,0,0,1,0,0,0,0,1,0,0,0,0,0,0,0,0,0,0,0,0,0,0,1,0,0,0,0,0,0,0,1
-1.0773399668421153,-1.5267550901509357,1.412783515790431,-0.7425923150801833,1.6979802210630675,1.5282332113489923,-1.1251781320375855,-0.9562606642355124,-0.8238649762007128,1.2296926501022896,-1.3386995878348875,-1.2654312545083903,-1.4038013920551526,-1.7422940910895772,-0.6823716759338719,-1.360156969083667,0.9888397185519114,1.5348305111596448,0.6823716759338609,0.28396673857973165,0.840859141222292,-0.9818700622726926,0.08427078959808616,-1.5154823962563577,-0.7709216009723612,0,0,0,0,0,0,0,0,0,0,1,1,0,0,0,0,0,0,0,0,0,0,0,0,0,0,0,0,0,0,0,1,0,0,0,0,0,0,0,0,0,0,0,0,0,0,0,0,0,0,1,0,0,1,1,0,0,0,0,0,0,1,0,0,0,0,0,0,0,1,0,0,0,0,0,1,0,0,0,0,0,0,0,0,0,0,0,1,0,0,1,0
1.0520652308628256,0.8813759668694676,-0.22238259044849376,1.777800614321399,-0.4794758203104481,1.305677938978743,0.9538505081700629,-0.09268992591325557,-0.8238649762007128,-1.2101737191482849,1.3621065745757797,-0.16468550309182448,-0.15958523765673202,1.151733422595828,0.14918045169696045,-0.5490101130857516,-0.5301153022651569,-0.6515377383555188,-0.14918045169697136,1.6354988653770246,-0.9544902923500049,-0.9818700622726926,1.5687331532392639,-0.02534088505251396,-0.18600384606161657,1,0,0,1,0,0,0,0,0,0,0,0,0,0,0,0,0,0,0,0,1,0,0,0,0,0,0,0,0,0,0,0,0,1,0,0,0,0,0,0,0,0,0,1,0,0,0,0,0,1,0,0,1,0,0,0,0,1,0,0,0,0,0,0,1,0,0,0,0,0,0,1,0,1,0,0,0,0,0,1,0,0,0,0,0,0,0,0,0,0,1,0
-1.5206039059562049,-1.5267550901509357,1.412783515790431,0.39510639055370617,-0.4794758203104481,-0.9019267788874382,-1.5986555449615878,-1.1001891206225551,2.1220169410843153,0.009759465477002306,0.461837853772224,-0.04579676271536112,-0.039311009398218036,0.6643628729728054,1.3133534303801258,-1.7344464963003359,-0.023796961992800816,-0.6515377383555188,-1.3133534303801366,-1.8132382857608953,-0.5555237515561613,-0.5663607089508563,0.9089721027320734,0.17032496702172872,1.5687494186706172,0,0,1,0,1,0,0,0,0,1,0,0,0,0,1,0,0,0,0,0,0,0,0,0,0,0,0,0,0,0,0,0,0,0,0,0,0,0,0,1,0,0,0,0,0,1,0,0,0,0,0,1,0,0,1,0,0,0,1,0,0,0,0,1,0,0,0,1,0,0,0,0,0,1,0,1,0,0,0,0,0,0,0,0,1,0,0,0,0,0,0,1
0.7913217372663021,0.9908364694613041,-0.22238259044849376,-0.4412138176936443,-0.4794758203104481,-0.9019267788874382,0.9538505081700629,-0.8123322078484696,-0.8238649762007128,0.009759465477002306,0.461837853772224,-1.33922426577654,-1.3478116651072236,-1.8185781771175284,-1.014992526986205,-0.9918262801112435,1.4951580588242674,1.5348305111596448,1.014992526986194,0.04317653208136333,0.5416342356269089,0.5762900126841938,-0.9053707861626996,-1.5863155453024833,-0.18600384606161657,0,1,1,0,0,1,0,0,0,0,0,0,0,0,0,0,1,0,0,0,0,0,0,0,0,0,0,0,0,0,0,0,0,0,1,0,0,0,0,0,0,0,0,0,0,0,0,1,1,0,0,0,0,1,0,0,1,0,0,0,0,0,0,0,0,1,1,0,0,0,0,0,1,0,0,1,0,0,0,0,0,0,0,0,0,1,0,0,0,0,1,0
0.3046005492194585,0.334073453910285,-0.22238259044849376,-1.1756267080619573,-0.4794758203104481,-0.9019267788874382,0.9538505081700629,-0.23661838230029839,-0.8238649762007128,-1.2101737191482849,-1.3386995878348875,-1.3802203831477344,-1.3892855369205044,-1.7867931412725488,0.3154908772231269,0.32321483491567976,-1.542751982809869,-0.6515377383555188,-0.3154908772231378,0.04317653208136333,-0.28123425476039365,-0.28069802854209364,0.45538638050838015,-1.5426554061299678,-1.9407571107938504,0,0,0,0,1,1,0,0,0,0,0,0,0,1,0,0,0,0,0,0,0,0,0,0,0,0,0,0,0,0,0,0,0,0,0,0,0,0,1,0,0,0,0,1,0,0,0,0,0,0,1,0,0,1,0,0,1,0,0,0,0,0,0,0,0,0,0,0,0,1,0,0,0,0,1,0,1,0,0,0,0,0,0,0,0,0,0,0,0,0,1,0
0.5653440428159818,0.2246129513184485,-1.0399656435679563,0.8498990407907149,-0.4794758203104481,-0.9019267788874382,-1.6200154282513926,1.634451550731258,-0.8238649762007128,-1.2101737191482849,-1.3386995878348875,1.7272853135887907,1.7544339465261716,0.5112649503194864,0.3154908772231269,1.5358384176196338,0.9888397185519114,1.5348305111596448,-0.3154908772231378,-1.828773137793048,1.1999290279367514,1.2618804456652244,-1.993976519499563,0.42234787842220367,-1.9407571107938504,1,0,0,0,0,1,0,0,0,0,0,0,0,0,0,0,0,0,0,0,1,0,0,0,0,0,0,0,0,0,0,0,0,0,0,0,0,0,0,0,0,0,1,1,0,0,0,0,0,1,0,1,0,0,1,0,0,0,0,1,0,0,0,1,0,0,0,0,1,0,0,0,0,1,1,0,0,0,0,0,0,0,0,0,0,1,0,0,0,0,0,1
-1.0773399668421153,-1.3078340849672627,-0.22238259044849376,0.8923092032373596,-0.4794758203104481,-0.9019267788874382,0.9538505081700629,0.19516698686083,-0.8238649762007128,0.009759465477002306,-1.3386995878348875,0.6408882032521428,-0.43953387239637665,-0.05133018413665504,-0.1834403993553725,0.7570927445748034,-0.023796961992800816,-0.6515377383555188,0.18344039935536155,0.04317653208136333,1.1999290279367514,-0.7948908532778661,-0.3610679194942681,-0.32295846420294794,-1.355839355883106,0,0,0,0,0,1,0,0,0,0,0,0,0,0,0,0,0,0,0,0,0,0,1,0,0,0,0,0,0,0,0,1,0,0,0,0,0,0,0,0,0,0,0,0,0,0,1,0,0,1,0,0,1,0,0,0,0,0,0,1,0,0,0,0,0,1,0,0,1,0,0,0,0,1,0,1,0,0,0,0,0,0,0,0,0,1,0,0,0,0,0,0
0.6522585406814897,0.2246129513184485,-1.0399656435679563,0.9872915767168964,-0.4794758203104481,0.4369944565013188,-0.17466332564128056,0.6269523560219584,1.1400563019893057,1.2296926501022896,1.3621065745757797,-1.5237067939469142,-0.7879143956279344,-0.674316886698258,1.3133534303801258,0.0915649981706369,-0.023796961992800816,-0.6515377383555188,-1.3133534303801366,0.18816848438145609,-2.749839725922302,-0.28069802854209364,2.496522130514999,-0.9962465317732965,2.1536671735813617,0,0,1,0,0,0,0,1,0,0,0,0,0,0,0,0,0,0,0,1,0,0,0,0,0,0,1,0,0,0,0,0,0,0,0,0,0,0,0,0,0,0,0,0,0,0,0,0,0,0,0,0,0,0,1,0,0,1,0,0,0,0,0,0,0,0,0,0,0,1,0,0,1,0,0,0,0,0,0,0,1,0,0,0,0,0,0,0,0,0,0,0
-0.3385667349852991,-0.6510710694162436,-0.22238259044849376,0.699599064119903,-0.4794758203104481,0.36520243315607714,-1.1144981903926834,-1.244117577009598,-0.8238649762007128,0.009759465477002306,-0.4384308670313317,-1.4560632002844438,-1.4660121997750737,-1.886916004184235,0.4818013027492934,-0.690904948776847,1.4951580588242674,1.5348305111596448,-0.48180130274930427,-0.5471478451404429,-0.5555237515561613,-0.5663607089508563,0.9089721027320734,-1.692681999129164,-0.7709216009723612,0,1,0,0,0,0,0,0,0,0,0,0,0,0,0,0,0,0,0,0,0,0,1,0,0,0,0,0,0,0,0,0,0,0,1,0,0,0,0,0,0,0,0,0,1,0,0,0,1,0,0,0,0,1,1,0,0,0,0,1,0,0,0,0,0,1,0,0,1,0,0,0,0,0,0,0,0,0,0,0,0,0,0,0,0,0,0,1,0,0,0,1
1.2693514755265949,1.6475994850123232,-1.0399656435679563,0.9780719761850172,-0.4794758203104481,0.9108218105799138,0.9538505081700629,0.4830238996349156,1.1400563019893057,-1.2101737191482849,-1.3386995878348875,1.6698907492691186,0.08096321886029595,1.7047930462984755,1.4796638559062922,-1.5903170962676485,-0.023796961992800816,-0.6515377383555188,-1.4796638559063031,1.3506932447875568,0.5416342356269089,-1.1376860697683815,0.45538638050838015,0.7614087736936397,-0.7709216009723612,0,1,0,1,1,1,0,0,0,0,0,0,0,0,0,0,0,1,0,0,0,0,0,0,1,0,0,0,0,0,0,0,0,0,0,0,0,0,0,0,0,0,0,0,0,0,0,1,0,0,0,0,1,0,0,1,0,0,0,1,0,0,0,1,0,0,0,0,1,0,0,0,0,0,1,0,0,0,1,0,0,0,0,0,0,0,0,0,0,0,0,0
0.7913217372663021,1.1002969720531406,-1.0399656435679563,-0.470347755374383,-0.4794758203104481,0.3293064214834563,0.08877523493297627,-1.1001891206225551,-0.8238649762007128,0.009759465477002306,1.3621065745757797,-1.425316112256048,-1.4349067959151132,-1.8312921914555205,-0.5160612504077055,1.3026988713135297,-0.023796961992800816,-0.6515377383555188,0.5160612504076945,0.30209073261724323,-0.5555237515561613,-0.5663607089508563,0.9089721027320734,-1.6235369771215,0.39891390884912803,0,0,0,0,1,1,0,0,0,0,0,0,0,0,0,0,0,0,0,1,0,0,0,0,0,0,0,0,0,0,0,0,0,0,1,0,0,0,0,0,0,0,0,0,0,0,0,0,0,0,1,0,0,1,1,0,0,0,0,0,0,0,0,0,0,1,1,0,0,0,0,0,0,1,0,1,0,0,0,0,0,0,0,1,0,0,0,0,0,0,0,1
2.2601767511933835,2.4138230031551786,-0.22238259044849376,-0.5369337592157326,-0.4794758203104481,-0.9019267788874382,-1.0539785210715702,-0.8123322078484696,1.1400563019893057,-1.2101737191482849,0.461837853772224,-0.16058589135470505,2.6025746251077617,0.8089847860674633,-0.8486821014600384,1.5362108450098992,-1.0364336425375131,-0.6515377383555188,0.8486821014600274,-1.4170995589409994,-1.1041027451476964,2.2902660951367695,-0.9053707861626996,1.1018845301784135,0.39891390884912803,0,1,0,1,0,0,0,0,0,0,0,0,0,0,0,0,0,0,0,1,0,0,0,0,1,0,0,0,0,0,0,0,0,0,0,0,0,0,0,0,0,0,0,0,0,0,0,0,0,0,0,1,0,0,0,0,0,0,0,1,0,0,0,0,1,0,0,0,1,0,0,0,1,0,0,1,0,0,0,0,0,0,0,0,0,1,0,0,0,0,1,0
-0.7470648749531856,-1.1983735823754262,1.412783515790431,-0.20097151583405545,-0.4794758203104481,-0.9019267788874382,-1.075338404361375,1.4905230943442151,0.15809566289429652,0.009759465477002306,-1.3386995878348875,-0.0027508394756071497,1.5429172002784401,0.7422362107930057,-1.347613378038538,1.3872398889037625,1.4951580588242674,1.5348305111596448,1.3476133780385269,-1.4326344109731521,-0.7749553489927752,1.2618804456652244,-0.3610679194942681,0.7180525221711959,-0.7709216009723612,1,0,0,1,0,0,1,0,0,0,0,0,0,0,0,1,0,0,0,0,0,0,0,0,0,0,0,1,0,0,0,0,0,0,0,0,0,0,0,0,0,0,0,0,0,1,0,0,0,0,0,0,0,0,0,0,0,0,0,0,0,0,0,0,0,1,1,0,0,0,0,0,0,0,1,0,0,0,0,0,0,0,0,0,0,0,0,0,1,0,0,1
0.8173960866259544,0.8813759668694676,1.412783515790431,0.3363877791662271,-0.4794758203104481,0.13187835728404174,0.9538505081700629,-1.5319744897836836,-0.8238649762007128,-1.2101737191482849,-1.3386995878348875,0.7023823793089341,0.7175871511941545,0.5796027773861928,-0.8486821014600384,0.44239159980058923,-1.542751982809869,-0.6515377383555188,0.8486821014600274,0.7888494296246974,0.28844393089235454,0.3126013846145672,-0.4866762733408288,0.3640769236582166,-1.9407571107938504,0,0,0,1,0,0,0,0,0,0,1,0,0,0,0,0,1,0,0,0,0,0,0,0,1,0,0,0,0,0,0,0,0,0,0,0,0,0,0,0,0,0,0,0,1,0,0,0,0,1,0,0,0,0,0,0,0,1,0,0,1,0,0,0,0,0,0,0,0,1,0,0,1,0,1,0,0,0,0,0,0,0,0,0,0,1,0,0,0,0,0,1
-1.01649981833626,-0.8699920745999167,-0.22238259044849376,-0.7471406513425776,-0.4794758203104481,-0.9019267788874382,-0.7371402522728019,0.6269523560219584,1.1400563019893057,-1.2101737191482849,1.3621065745757797,-0.3881143427648332,0.7632084101887633,0.33856625556176306,0.14918045169696045,-1.0048612387705305,-1.0364336425375131,-0.6515377383555188,-0.14918045169697136,-1.1866659204640662,-0.9544902923500049,0.8879220276755714,0.08427078959808616,0.5264557032581545,0.9838316637598726,1,0,0,1,0,0,0,0,0,1,0,0,0,0,0,0,0,0,0,0,0,1,0,0,0,0,0,0,1,0,0,0,0,0,0,0,0,0,0,0,0,0,0,0,0,0,0,0,0,0,0,1,0,0,0,0,0,1,0,0,1,0,0,0,0,0,0,0,0,0,0,1,0,0,0,1,0,0,0,0,0,0,0,0,1,0,0,0,0,0,0,0
0.49581244452357565,0.334073453910285,-1.0399656435679563,0.33253603494401957,-0.4794758203104481,-0.9019267788874382,0.9538505081700629,0.914809268796044,-0.8238649762007128,0.009759465477002306,0.461837853772224,0.007498189867191416,1.5636541361850804,0.7607774817025773,0.8144221538016264,-0.9486247028404639,-1.542751982809869,-0.6515377383555188,-0.8144221538016372,0.04317653208136333,-0.7749553489927752,1.2618804456652244,-0.3610679194942681,0.49034077245524127,-0.18600384606161657,0,1,1,0,0,1,0,0,0,0,0,0,0,0,0,0,0,0,0,1,0,0,0,0,0,0,0,0,0,0,0,0,0,0,0,0,0,0,0,0,0,1,0,0,0,0,1,0,0,1,0,1,0,0,1,0,0,0,0,1,0,0,0,1,0,0,0,0,0,0,1,0,1,0,0,1,0,0,0,1,0,0,0,0,0,0,0,0,0,1,0,0
2.164570803541325,2.304362500563342,-1.0399656435679563,0.17416378580751787,2.1334714293377703,0.9862034350924176,-0.4274219445706351,-1.6759029461707264,-0.8238649762007128,-1.2101737191482849,-1.3386995878348875,1.346021422036684,-0.08285857480216276,0.586489535152605,1.6459742814324587,-0.15907863547793838,-1.0364336425375131,-0.6515377383555188,-1.6459742814324694,0.4004781288208776,1.1999290279367514,-0.7948908532778661,-0.3610679194942681,0.41089872011869666,-1.9407571107938504,1,0,0,0,1,0,0,0,0,0,1,0,1,0,0,0,0,0,0,0,0,0,0,0,0,0,0,0,0,0,1,0,0,0,0,0,0,0,0,0,0,0,0,0,0,0,1,0,0,1,0,0,0,0,0,0,0,1,0,0,0,0,0,0,0,0,0,0,0,0,0,1,0,1,1,0,0,0,0,0,1,0,0,0,0,0,0,0,0,0,0,1
0.05254850540948594,0.2246129513184485,-1.0399656435679563,-0.1379094481960015,-0.4794758203104481,-0.9019267788874382,-0.505741516633252,0.051238530473787215,1.1400563019893057,1.2296926501022896,-1.3386995878348875,1.497707056310103,1.5221802643717999,0.7236949398834343,-0.6823716759338719,-1.4599675096747786,0.48252137827955527,-0.6515377383555188,0.6823716759338609,-1.0183716901157442,0.840859141222292,0.8879220276755714,-1.4001915740430917,0.9147661601042495,0.39891390884912803,0,0,0,1,1,0,1,0,0,0,0,0,0,1,0,0,0,0,0,0,0,0,0,0,0,0,0,0,0,0,0,0,0,0,0,0,0,1,0,0,0,0,0,0,1,0,0,0,0,0,0,1,0,0,0,1,0,0,1,0,0,0,0,0,0,1,1,0,0,0,0,0,1,0,0,0,0,1,0,0,0,0,0,0,0,0,0,0,0,0,0,0
-0.31249238562564674,-0.7605315720080802,-0.22238259044849376,-0.8067607347820627,-0.4794758203104481,-0.9019267788874382,-0.49150159444004893,0.19516698686083,0.15809566289429652,0.009759465477002306,-0.4384308670313317,1.4341630743847518,0.46044914595181424,-0.22561813068662728,0.3154908772231269,0.2513363485944687,1.4951580588242674,1.5348305111596448,-0.3154908772231378,-1.008015122094309,2.1873712164015147,0.5762900126841938,-2.2661279528337777,0.4346977539511508,-0.18600384606161657,1,0,0,0,1,0,0,0,1,0,0,0,0,0,0,0,0,0,0,0,1,0,0,0,0,0,0,1,0,0,0,0,0,0,0,0,0,0,0,0,0,0,0,0,0,1,0,0,0,0,0,0,1,0,0,0,0,0,1,0,0,0,0,0,1,0,0,1,0,0,0,0,1,0,1,0,0,0,0,0,0,0,0,0,0,1,0,0,0,0,0,0
1.6170094669886261,1.3192179772368136,1.412783515790431,-0.5409903834497586,-0.4794758203104481,-0.9019267788874382,0.9538505081700629,-0.3805468386873412,-0.8238649762007128,0.009759465477002306,-0.4384308670313317,-1.281829701456868,-1.2897482445686308,-1.7592461102068997,-0.6823716759338719,0.3306633827209866,-1.0364336425375131,-0.6515377383555188,0.6823716759338609,0.04317653208136333,0.5416342356269089,0.5762900126841938,-0.9053707861626996,-1.5215169684786,-0.7709216009723612,0,1,1,0,1,0,0,0,0,0,0,1,0,0,0,0,0,0,0,0,0,0,0,0,0,0,0,0,0,0,0,0,0,0,0,0,0,0,1,0,0,0,0,0,1,0,0,0,0,0,1,0,0,1,1,0,0,0,0,0,0,0,0,0,1,0,0,0,0,1,0,0,0,1,0,1,0,0,0,0,1,0,0,0,0,0,0,0,0,0,1,0
0.4697380951639233,0.771915464277631,-0.22238259044849376,-0.5983977627615937,3.875436262436583,0.3328960226507184,-1.0682184432647732,0.33909544324787283,1.1400563019893057,-1.2101737191482849,-0.4384308670313317,-0.5459493946439311,0.443859597226502,-0.2404511474142845,-1.347613378038538,0.3950933212368908,0.9888397185519114,1.5348305111596448,1.3476133780385269,-0.5367912771190076,-0.7749553489927752,1.2618804456652244,-0.3610679194942681,-0.032986148693286865,-0.18600384606161657,1,0,0,0,1,0,0,0,1,0,0,0,0,0,0,0,1,0,0,0,0,0,0,0,0,0,0,0,0,0,0,0,0,1,0,0,0,0,0,0,0,0,0,0,1,0,0,0,0,0,0,0,1,0,0,1,0,0,1,0,1,0,0,0,0,0,0,0,0,0,1,0,0,0,1,0,0,0,0,0,0,0,0,0,0,0,0,0,0,0,0,0
-0.8426708226052443,-0.8699920745999167,1.412783515790431,0.4827540596101046,-0.4794758203104481,1.3236259448150534,-1.2924972178077219,0.6269523560219584,-0.8238649762007128,-1.2101737191482849,1.3621065745757797,0.38671227555073834,0.3982383382318932,-0.2812419434153418,-0.5160612504077055,1.504554516837345,-0.023796961992800816,-0.6515377383555188,0.5160612504076945,0.01469597002241654,0.840859141222292,0.8879220276755714,-1.4001915740430917,-0.26268959951982274,-0.18600384606161657,0,0,0,1,0,0,0,0,0,0,1,0,0,0,0,0,1,0,0,0,0,0,0,0,0,0,1,0,0,0,0,0,0,0,0,0,0,0,0,0,0,0,0,0,1,0,0,0,0,1,0,1,0,0,1,0,0,0,0,1,0,0,0,1,0,0,0,1,0,0,0,0,0,0,0,0,0,0,0,0,0,0,0,0,0,0,1,0,0,0,0,0
0.18292025220774763,0.2246129513184485,1.412783515790431,-0.6262204683666868,-0.4794758203104481,0.5769889020245401,-0.3348624503148151,1.2026661815701296,1.1400563019893057,1.2296926501022896,0.461837853772224,-0.21183103806869788,1.119883707782977,0.7030346665841974,0.9807325793277929,1.153727915207393,-1.542751982809869,-0.6515377383555188,-0.9807325793278037,0.1726336323493033,-0.9544902923500049,0.8879220276755714,0.08427078959808616,0.8128972791921816,1.5687494186706172,0,1,0,1,1,0,1,0,0,0,0,0,0,1,0,0,0,0,0,0,0,0,0,0,0,0,0,0,0,0,0,1,0,0,0,0,0,0,0,0,0,0,0,0,0,0,1,0,0,0,0,0,1,0,0,0,0,0,0,1,1,0,0,0,0,0,0,0,1,0,0,0,1,0,0,0,0,0,0,0,0,0,0,0,0,0,0,1,0,1,0,0
-0.3472581847718499,-0.10376855645706107,1.412783515790431,0.05471873891672733,-0.4794758203104481,0.6882665382096647,0.9538505081700629,-1.1001891206225551,-0.8238649762007128,0.009759465477002306,1.3621065745757797,2.1659437694605694,0.3318801433306441,1.3281403715354656,1.6459742814324587,0.5764654602961125,0.9888397185519114,1.5348305111596448,-1.6459742814324694,1.1901664404553112,1.1999290279367514,-0.7948908532778661,-0.3610679194942681,1.100647174101683,0.39891390884912803,0,0,1,0,0,0,0,0,0,0,1,0,0,0,0,0,0,0,0,0,0,0,0,1,0,0,0,0,0,0,0,0,0,0,0,0,0,0,0,0,0,0,1,1,0,0,0,0,0,1,0,1,0,0,1,0,0,1,0,0,1,0,0,0,0,0,0,1,0,0,0,0,0,0,0,1,0,0,0,0,1,0,0,0,0,0,0,0,0,0,0,1
0.35674924793876317,0.005691946134775455,-1.0399656435679563,-1.1949264051753579,3.0044538458871766,1.1800418981245702,0.9538505081700629,-0.6684037514614268,1.1400563019893057,-1.2101737191482849,-0.4384308670313317,1.190236176026146,-0.16165893124739605,0.7962707717294714,0.8144221538016264,0.11689006070868017,0.48252137827955527,-0.6515377383555188,-0.8144221538016372,1.5448788951894667,0.840859141222292,-0.9818700622726926,0.08427078959808616,1.2873346317941423,-0.18600384606161657,0,1,1,0,0,0,0,0,0,0,0,0,0,0,0,0,0,0,0,0,0,0,0,0,0,0,0,1,0,0,0,0,0,0,0,0,0,0,0,0,0,0,0,0,0,0,0,0,0,0,0,1,0,0,1,0,0,0,0,1,1,0,0,0,0,0,0,0,0,0,0,0,1,0,1,0,0,1,0,0,0,0,0,0,0,0,0,0,0,0,1,0
0.443663745804271,0.2246129513184485,1.412783515790431,-0.36512138130386845,1.2624890127883643,-0.9019267788874382,0.9538505081700629,1.4905230943442151,-0.8238649762007128,1.2296926501022896,-1.3386995878348875,1.317324139876848,1.3396952283933647,0.19341459186968896,-0.8486821014600384,-1.4763543148464537,1.4951580588242674,1.5348305111596448,0.8486821014600274,0.04317653208136333,1.1999290279367514,1.2618804456652244,-1.993976519499563,0.6332507843325568,-0.7709216009723612,0,0,0,1,1,0,1,0,0,0,0,0,0,0,0,0,0,0,1,0,0,0,0,0,0,1,0,0,0,0,0,0,0,0,0,0,0,0,0,0,0,0,0,0,1,0,0,0,0,1,0,0,1,0,1,0,0,1,0,0,0,0,0,1,0,0,0,1,0,0,0,0,0,0,1,0,0,0,0,0,0,0,0,0,0,0,0,0,1,0,0,1
0.017782706263282825,-0.3226895616407341,-1.0399656435679563,1.5121941669985512,1.2624890127883643,-0.9019267788874382,-0.9578590462674496,-0.09268992591325557,-0.8238649762007128,1.2296926501022896,-0.4384308670313317,1.0918454943352796,1.111588933420321,0.6945586570255362,0.4818013027492934,-1.0164064878687562,0.48252137827955527,-0.6515377383555188,-0.48180130274930427,-1.3471927247963118,0.5416342356269089,0.5762900126841938,-0.9053707861626996,0.13519186512855594,-0.18600384606161657,0,0,0,1,0,0,0,0,1,0,0,0,0,0,0,0,0,1,0,0,0,0,0,0,0,0,0,0,0,0,0,0,0,0,0,0,0,0,0,0,0,1,0,0,1,0,0,0,0,1,0,0,0,0,0,0,0,0,0,0,1,0,0,0,0,0,0,0,0,1,0,0,0,0,0,0,0,0,0,0,1,0,0,0,0,0,0,0,0,0,1,0
-0.00829164309636951,-0.10376855645706107,-1.0399656435679563,0.5655665603875617,-0.4794758203104481,-0.9019267788874382,0.9538505081700629,-0.6684037514614268,-0.8238649762007128,-1.2101737191482849,-0.4384308670313317,-1.5237067939469142,-0.25704883641794163,0.6013225518802623,-1.014992526986205,0.5399675760501089,0.9888397185519114,1.5348305111596448,1.014992526986194,0.04317653208136333,-2.749839725922302,-0.5663607089508563,2.723314991626845,-0.16293055170278817,-1.355839355883106,0,0,1,0,0,0,0,0,0,1,0,0,0,0,0,0,0,1,0,0,0,0,0,0,0,0,0,0,0,0,0,0,0,0,0,0,0,0,0,1,0,0,0,1,0,0,0,0,0,1,0,0,0,0,0,0,0,0,0,0,0,0,0,0,1,0,1,0,0,0,0,0,1,0,0,1,0,0,0,0,0,0,0,0,1,0,0,0,0,0,1,0
-1.5814440544620605,-1.5267550901509357,1.412783515790431,-0.8324936642665964,-0.4794758203104481,0.9323594175834863,0.9538505081700629,-1.6759029461707264,2.1220169410843153,0.009759465477002306,-1.3386995878348875,0.23297683540875985,2.019866726131168,0.7146891797273567,-1.680234229090871,-0.8380137679316572,-1.542751982809869,-0.6515377383555188,1.6802342290908596,1.3662280968197096,-0.5555237515561613,1.718940734319244,-0.9053707861626996,1.196127429850792,0.39891390884912803,0,1,1,0,0,1,0,0,0,0,0,0,0,0,0,0,0,0,0,1,0,0,0,0,0,0,0,0,0,0,0,0,0,0,0,1,0,0,0,0,0,0,0,0,1,0,0,0,0,0,0,0,0,0,0,1,0,0,1,0,0,0,0,0,0,0,0,0,0,0,0,0,0,1,0,0,0,0,0,0,0,0,0,0,0,0,0,0,0,0,0,1
0.06123995519603672,-0.43215006423257063,-1.0399656435679563,-0.8836726912191168,-0.4794758203104481,-0.9019267788874382,0.9538505081700629,-1.5319744897836836,-0.8238649762007128,0.009759465477002306,-0.4384308670313317,-0.0888426859551151,-0.08285857480216276,-0.5259867194216858,0.9807325793277929,0.7455474954765778,-1.0364336425375131,-0.6515377383555188,-0.9807325793278037,0.04317653208136333,0.5416342356269089,0.5762900126841938,-0.9053707861626996,-0.13867789592650032,-0.7709216009723612,0,0,0,0,0,0,0,1,0,0,0,0,0,0,0,0,0,0,0,1,0,0,0,0,0,0,0,0,0,0,0,0,0,0,0,0,1,0,0,0,0,0,0,1,0,0,0,0,0,1,0,1,0,0,0,1,0,0,0,0,0,0,0,0,0,1,0,0,1,0,0,0,0,1,1,0,0,1,0,0,0,0,0,0,0,0,0,0,0,0,0,1
0.017782706263282825,0.005691946134775455,-0.22238259044849376,0.18846441063252162,2.1334714293377703,0.792364972060265,-1.5274559339955724,0.051238530473787215,1.1400563019893057,1.2296926501022896,1.3621065745757797,-0.847270857322209,0.5185125664904072,-0.785564512155687,1.3133534303801258,-1.6886379272976988,-1.0364336425375131,-0.6515377383555188,-1.3133534303801366,-0.5393804191243665,-0.9544902923500049,2.7577141176238347,-1.4001915740430917,-0.6455442139716545,2.1536671735813617,1,0,1,0,1,0,0,1,0,0,0,0,1,0,0,0,0,0,0,0,0,0,0,0,0,0,0,0,0,0,1,0,0,0,0,0,0,0,0,0,0,0,0,0,0,0,1,0,0,0,0,1,0,0,0,1,0,0,0,0,1,0,0,0,0,0,0,1,0,0,0,0,0,0,0,1,0,0,0,0,1,0,0,0,0,0,0,0,0,0,0,0
-0.3298752851987483,-0.10376855645706107,1.412783515790431,1.3609927182757324,-0.4794758203104481,1.2374755168007634,-0.18890324783448362,-0.524475295074384,-0.8238649762007128,-1.2101737191482849,-1.3386995878348875,-0.34301861365651953,-0.339996580044503,-0.4836066716283795,-0.6823716759338719,1.2501866092861165,0.48252137827955527,-0.6515377383555188,0.6823716759338609,0.755190583555033,0.07142366969130737,0.0865825605548866,-0.12779526235065353,-0.7466416314727014,-1.9407571107938504,0,0,0,0,1,0,0,0,1,0,0,0,0,0,0,0,0,0,0,0,1,0,0,0,0,0,0,0,0,0,0,0,0,0,0,0,0,0,0,0,0,1,0,0,0,0,1,0,0,1,0,0,1,0,0,1,0,0,1,0,0,0,0,0,0,1,1,0,0,0,0,0,0,0,1,0,0,0,0,0,0,0,0,0,0,0,1,0,0,0,1,0
-0.3385667349852991,-0.7605315720080802,-1.0399656435679563,0.5853579695293286,-0.4794758203104481,1.6287420440323306,0.9538505081700629,-0.3805468386873412,-0.8238649762007128,1.2296926501022896,-1.3386995878348875,-1.4560632002844438,-1.3975803112831606,-1.8519524647547572,-1.1813029525123715,-1.4003791272323238,1.4951580588242674,1.5348305111596448,1.1813029525123604,1.8685216458593168,-1.1041027451476964,0.5762900126841938,0.45538638050838015,-1.6622721069661472,-0.7709216009723612,1,0,0,1,0,0,1,0,0,0,0,0,0,0,0,0,0,0,0,0,0,0,1,0,0,0,0,0,0,0,0,1,0,0,0,0,0,0,0,0,0,0,0,0,0,1,0,0,1,0,0,0,0,1,1,0,0,0,0,1,0,0,1,0,0,0,0,0,0,1,0,0,1,0,1,0,0,1,0,0,0,0,0,0,0,0,0,0,0,0,1,0
0.6088012917487358,0.4435339565021215,1.412783515790431,0.39297563843078304,-0.4794758203104481,0.5590408961882296,-0.7300202911762004,1.4905230943442151,-0.8238649762007128,-1.2101737191482849,1.3621065745757797,0.6572866502006205,0.6719658921995457,0.2453301504164892,0.14918045169696045,0.10348267465912786,0.48252137827955527,-0.6515377383555188,-0.14918045169697136,-0.12770684027231738,0.5416342356269089,0.5762900126841938,-0.9053707861626996,0.139548733012299,-0.18600384606161657,0,1,0,0,1,1,0,0,0,0,0,0,0,0,1,0,0,0,0,0,0,0,0,0,1,0,0,0,0,0,0,0,0,0,0,0,0,0,0,0,0,0,0,0,0,0,0,1,0,1,0,0,0,0,0,0,0,1,0,0,1,0,0,0,0,0,0,0,1,0,0,0,0,1,0,1,0,1,0,0,0,0,0,0,0,0,0,0,0,0,0,1
-1.0686485170555644,-1.1983735823754262,-0.22238259044849376,-0.4810834679937263,2.1334714293377703,0.6200641160316851,0.9538505081700629,-1.6759029461707264,1.1400563019893057,0.009759465477002306,0.461837853772224,-0.5049532772727369,-0.5038183737069617,-0.16628606377599844,-0.8486821014600384,-1.3124862631297032,-0.5301153022651569,-0.6515377383555188,0.8486821014600274,1.140972742353494,-0.5555237515561613,-0.5663607089508563,0.9089721027320734,-0.18269908510666172,0.9838316637598726,0,0,1,0,0,0,0,0,0,1,0,0,0,0,0,0,0,0,0,0,0,1,0,0,0,0,0,0,0,0,0,0,0,0,0,0,0,0,0,0,1,0,0,0,0,0,0,0,0,0,0,0,0,0,0,0,0,1,0,0,0,0,0,1,0,0,0,0,1,0,0,0,1,0,1,0,0,0,0,0,0,0,0,0,0,1,0,0,0,0,0,1
0.6609499904680405,0.6624549616857945,-0.22238259044849376,0.5788427851534678,-0.4794758203104481,1.176452296957308,0.9538505081700629,-1.6759029461707264,1.1400563019893057,0.009759465477002306,0.461837853772224,1.3706190924594006,1.3936112617506298,0.9827429820200191,-1.014992526986205,-1.2856714910305984,-0.023796961992800816,-0.6515377383555188,1.014992526986194,1.5422897531841078,0.5416342356269089,0.5762900126841938,-0.9053707861626996,0.6838970486270664,0.9838316637598726,1,0,1,0,1,0,0,1,0,0,0,0,0,0,0,0,1,0,0,0,0,0,0,0,0,0,0,1,0,0,0,0,0,0,0,0,0,0,0,0,0,0,0,0,0,0,0,1,0,0,0,0,0,0,1,0,0,0,1,0,1,0,0,0,0,0,0,0,0,0,0,0,0,1,0,0,0,0,0,0,1,0,0,0,0,0,0,0,0,0,0,1
-0.08651469117532652,0.005691946134775455,-1.0399656435679563,-1.7752285506530152,-0.4794758203104481,-0.9019267788874382,0.9538505081700629,-1.244117577009598,1.1400563019893057,1.2296926501022896,0.461837853772224,-0.26307618478269074,1.0161990282497755,0.2712879296898893,1.1470430048539593,-0.46223453115392693,-1.542751982809869,-0.6515377383555188,-1.1470430048539701,0.04317653208136333,-0.7749553489927752,1.2618804456652244,-0.3610679194942681,1.256218049156139,1.5687494186706172,1,0,1,0,1,0,0,0,0,1,0,0,0,0,0,0,0,0,0,0,0,0,0,0,0,0,0,0,0,0,0,0,0,0,0,0,1,0,0,0,0,0,0,0,0,1,0,0,0,0,0,0,0,0,0,0,0,0,1,0,0,0,0,0,0,1,1,0,0,0,0,0,1,0,0,0,0,0,0,1,0,0,0,0,0,0,0,0,0,0,0,1
-0.7992135736724904,-1.3078340849672627,-1.0399656435679563,-1.193533221094985,-0.4794758203104481,1.2518339214698118,-0.997018832298758,1.3465946379571725,1.1400563019893057,-1.2101737191482849,-0.4384308670313317,0.21862819432884187,0.2281954637974424,-0.20813636097188842,1.3133534303801258,-0.49351843193621564,1.4951580588242674,1.5348305111596448,-1.3133534303801366,0.1778119163600209,0.5416342356269089,0.5762900126841938,-0.9053707861626996,0.3683190845112172,-0.18600384606161657,0,1,0,0,0,0,0,0,0,1,0,0,0,0,0,0,0,0,0,0,0,0,1,0,0,0,0,0,0,0,0,1,0,0,0,0,0,0,0,0,0,0,0,0,0,0,1,0,0,0,0,0,0,0,0,0,0,0,0,0,0,0,0,0,0,0,0,0,0,0,0,0,1,0,1,0,0,0,0,0,0,0,0,0,1,0,0,0,0,0,0,1
-1.564061154888959,-0.6510710694162436,-0.22238259044849376,2.730779501298794,-0.4794758203104481,-0.9019267788874382,-0.6552606996618843,-1.6759029461707264,-0.8238649762007128,1.2296926501022896,-0.4384308670313317,-0.5643976474609685,0.40653311259454933,-0.2738254350515132,-0.5160612504077055,0.8215226830907076,0.9888397185519114,1.5348305111596448,0.5160612504076945,-1.1271156543408138,-0.7749553489927752,1.2618804456652244,-0.3610679194942681,-0.788974464123477,-0.18600384606161657,0,0,0,1,0,0,1,0,0,0,0,0,0,0,0,0,1,0,0,0,0,0,0,0,0,0,0,0,0,0,0,0,0,0,0,0,0,0,0,1,0,0,0,0,0,0,0,1,0,1,0,0,1,0,0,1,0,0,0,1,0,0,0,0,0,1,0,0,1,0,0,0,1,0,0,0,0,0,0,0,0,0,1,0,0,0,0,0,0,0,0,1
-0.9643511196169552,-0.7605315720080802,1.412783515790431,1.5096126788496247,-0.4794758203104481,1.442082783334702,-1.381496731515241,0.6269523560219584,-0.8238649762007128,0.009759465477002306,-0.4384308670313317,2.0347561938727474,0.265521948429395,0.7496527191568344,0.14918045169696045,-0.4912838675946236,-1.542751982809869,-0.6515377383555188,-0.14918045169697136,0.03540910606528693,1.6387922228099792,-0.5663607089508563,-0.9053707861626996,0.17491523980463286,-0.7709216009723612,0,1,1,0,1,0,0,0,0,0,1,0,0,1,0,0,0,0,0,0,0,0,0,0,1,0,0,0,0,0,0,0,0,0,0,0,0,0,0,0,0,0,0,0,0,0,1,0,0,1,0,0,1,0,1,0,0,0,0,0,0,0,0,0,0,1,0,0,1,0,0,0,1,0,1,0,0,1,0,0,0,0,0,0,0,0,0,0,0,0,0,0
-0.28641803626599444,-0.5416105668244071,1.412783515790431,0.08540976468729404,-0.4794758203104481,2.1456446121180703,0.9538505081700629,0.33909544324787283,-0.8238649762007128,0.009759465477002306,0.461837853772224,1.3132245281397286,-0.09944812352747504,0.5568235016972907,-1.5139238035647045,0.6721792995943053,-1.542751982809869,-0.6515377383555188,1.5139238035646931,2.241358094630984,1.1999290279367514,-0.7948908532778661,-0.3610679194942681,0.4225741374448255,-0.18600384606161657,1,0,1,0,0,1,0,0,0,0,0,0,0,1,0,0,0,0,0,0,0,0,0,0,0,0,0,0,0,0,0,0,0,0,0,0,0,0,0,0,0,0,1,0,1,0,0,0,0,1,0,1,0,0,0,0,0,0,0,1,1,0,0,0,0,0,0,0,0,0,0,1,0,0,1,0,0,0,0,0,0,0,0,0,0,0,0,0,1,0,0,0
-0.03436599245602184,0.11515244872661197,-0.22238259044849376,0.7495897870038694,-0.4794758203104481,0.7241625498822855,0.22761447631670623,-0.3805468386873412,-0.8238649762007128,-1.2101737191482849,-1.3386995878348875,-1.439664753335966,-1.4494226510497614,-1.8572499707289205,1.6459742814324587,-1.1333486884120736,-0.023796961992800816,-0.6515377383555188,-1.6459742814324694,0.6878728914157042,-0.5555237515561613,-0.5663607089508563,0.9089721027320734,-1.6730880683989935,-1.9407571107938504,0,0,0,0,0,0,1,0,0,0,0,0,0,0,0,0,0,0,0,0,0,1,0,0,0,0,0,0,0,0,0,1,0,0,0,0,0,0,0,0,0,0,0,0,1,0,0,0,0,0,1,0,0,1,1,0,0,0,0,1,0,0,0,0,1,0,0,0,0,0,1,0,1,0,0,0,0,0,0,0,1,0,0,0,0,0,0,0,0,0,1,0
-0.7296819753800842,-1.1983735823754262,-0.22238259044849376,0.10188211763758476,-0.4794758203104481,1.5713084253561371,0.9538505081700629,-0.3805468386873412,1.1400563019893057,-1.2101737191482849,1.3621065745757797,-0.1810839500403022,-0.1761747863820443,0.7666047382741569,0.8144221538016264,-0.9601699519386895,-0.5301153022651569,-0.6515377383555188,-0.8144221538016372,1.827095373773576,-0.7749553489927752,-0.7948908532778661,1.2718406805110285,0.29842463886357723,0.9838316637598726,0,0,1,0,0,0,0,0,0,0,1,0,0,0,0,0,0,0,0,0,0,0,1,0,0,0,0,0,0,0,0,0,1,0,0,0,0,0,0,0,0,0,0,1,0,0,0,0,0,0,0,1,0,0,1,0,0,1,0,0,0,0,0,1,0,0,0,0,0,0,0,1,0,0,1,0,0,1,0,0,0,0,0,0,0,0,0,0,0,0,1,0
1.0520652308628256,0.771915464277631,-1.0399656435679563,0.3787159896081432,-0.4794758203104481,0.7600585615549064,-1.8051344167630323,1.3465946379571725,1.1400563019893057,0.009759465477002306,0.461837853772224,1.3132245281397286,-0.09944812352747504,0.9234109151093903,-1.014992526986205,-1.5519570750703182,1.4951580588242674,1.5348305111596448,1.014992526986194,-0.764635773590582,0.840859141222292,-0.9818700622726926,0.08427078959808616,0.5141387177639105,0.9838316637598726,0,0,0,1,0,0,1,0,0,0,0,0,0,0,0,0,0,0,0,1,0,0,0,0,1,0,0,0,0,0,0,0,0,0,0,0,0,0,0,0,0,0,0,0,0,0,0,1,0,0,0,1,0,0,1,0,0,1,0,0,0,0,0,0,0,0,0,0,0,0,0,1,1,0,0,1,0,0,0,0,0,0,0,0,0,0,0,1,0,0,0,1
-0.694916176233881,-0.7605315720080802,-0.22238259044849376,-0.23871041401121343,-0.4794758203104481,-0.9019267788874382,-0.5840610886958689,1.0587377251830867,1.1400563019893057,-1.2101737191482849,0.461837853772224,0.989355200907294,1.0079042538871192,0.5886085375422704,-1.680234229090871,1.3242996599489196,0.9888397185519114,1.5348305111596448,1.6802342290908596,-1.0753328142336378,0.5416342356269089,0.5762900126841938,-0.9053707861626996,0.7155453449333572,0.39891390884912803,0,0,1,0,0,0,0,0,1,0,0,0,0,0,0,0,0,1,0,0,0,0,0,0,0,0,0,0,0,0,0,0,0,1,0,0,0,0,0,0,0,0,0,1,0,0,0,0,0,0,0,0,0,0,0,1,0,0,1,0,0,0,0,0,1,0,0,0,0,0,0,1,0,0,0,1,0,1,0,0,0,0,0,0,0,0,0,0,0,1,0,0
0.06123995519603672,-0.43215006423257063,1.412783515790431,-0.14417877655767924,-0.4794758203104481,1.826170108231745,0.9538505081700629,-1.3880460333966407,-0.8238649762007128,-1.2101737191482849,-0.4384308670313317,0.4154095577105743,-0.5535870198828986,-0.004712131564018092,0.4818013027492934,0.53028446390321,-0.5301153022651569,-0.6515377383555188,-0.48180130274930427,2.0109244561540507,0.840859141222292,-0.9818700622726926,0.08427078959808616,-0.04734765023378276,-1.355839355883106,0,1,0,0,1,0,0,0,0,1,0,0,0,0,0,0,1,0,0,0,0,0,0,0,0,0,0,1,0,0,0,0,0,0,0,0,0,0,0,0,0,0,0,0,1,0,0,0,0,1,0,1,0,0,0,1,0,0,0,1,1,0,0,0,0,0,0,0,1,0,0,0,0,1,1,0,0,0,0,0,0,0,0,1,0,0,0,0,0,0,0,1
0.7217901389738959,0.2246129513184485,1.412783515790431,-1.1787408842416143,-0.4794758203104481,-0.9019267788874382,-0.7905399604973135,-0.3805468386873412,-0.8238649762007128,1.2296926501022896,1.3621065745757797,-1.4273659181246077,-1.3395168907445676,-1.8101021675588673,-0.6823716759338719,-0.2946422055345229,-1.542751982809869,-0.6515377383555188,0.6823716759338609,-1.2255030505444482,-0.9544902923500049,0.8879220276755714,0.08427078959808616,-1.5604934882191297,0.9838316637598726,0,0,0,1,1,0,0,0,0,1,0,0,0,0,0,0,0,0,0,0,0,0,0,1,0,0,0,0,0,0,0,0,0,0,0,0,0,0,0,0,0,1,0,0,0,0,0,1,0,0,1,0,0,1,0,0,1,0,0,0,0,0,0,1,0,0,0,0,0,1,0,0,1,0,1,0,0,0,0,0,0,0,0,0,0,0,1,0,0,0,1,0
-0.7122990758069826,-0.5416105668244071,-0.22238259044849376,-0.14626855267823846,-0.4794758203104481,1.2015795051281426,-0.06786390919225752,-0.9562606642355124,-0.8238649762007128,1.2296926501022896,-0.4384308670313317,-1.1362934847891284,-1.2731586958433185,-1.7422940910895772,1.3133534303801258,-0.5758248851848563,0.48252137827955527,-0.6515377383555188,-1.3133534303801366,0.8173299916836442,1.8075857592996827,0.3126013846145672,-1.7427598118064396,-1.5047725870743776,-0.18600384606161657,1,0,1,0,1,0,0,0,0,0,1,0,0,0,0,0,1,0,0,0,0,0,0,0,0,0,0,0,0,0,0,0,0,0,0,0,0,0,0,0,0,1,0,0,0,1,0,0,1,0,0,0,0,1,1,0,0,0,0,0,0,0,0,1,0,0,0,0,1,0,0,0,1,0,0,1,0,0,1,0,0,0,0,0,0,0,0,0,0,0,1,0
-1.5814440544620605,-1.0889130797835898,1.412783515790431,-0.07288053244448085,2.1334714293377703,-0.9019267788874382,-1.0468585599749687,0.33909544324787283,-0.8238649762007128,1.2296926501022896,1.3621065745757797,-0.07244423900663739,1.4019060361132858,0.6161555686079194,1.1470430048539593,1.0490758185428317,0.9888397185519114,1.5348305111596448,-1.1470430048539701,-1.4119212749302816,-0.7749553489927752,1.2618804456652244,-0.3610679194942681,0.5436274144347066,0.9838316637598726,1,0,1,0,1,0,0,0,1,0,0,0,0,1,0,0,0,0,0,0,0,0,0,0,0,0,0,0,0,0,0,0,0,0,0,0,0,0,0,0,0,0,1,0,1,0,0,0,0,1,0,1,0,0,0,0,0,0,0,0,0,0,0,1,0,0,0,0,0,0,0,1,1,0,1,0,0,0,0,0,0,0,0,0,0,0,0,0,0,0,0,0
-0.8513622723917951,-0.8699920745999167,1.412783515790431,0.2636553749702914,-0.4794758203104481,1.0400474526013488,0.9538505081700629,1.2026661815701296,1.1400563019893057,-1.2101737191482849,1.3621065745757797,-0.48445521858713975,-0.48308143780032137,-0.12920352195685542,0.9807325793277929,0.543319422562497,1.4951580588242674,1.5348305111596448,-0.9807325793278037,1.4439023569804734,-0.5555237515561613,-0.5663607089508563,0.9089721027320734,-0.3744499666939544,0.9838316637598726,0,0,0,1,0,0,0,1,0,0,0,0,0,0,1,0,0,0,0,0,0,0,0,0,0,0,0,0,0,0,0,0,0,0,0,0,0,0,0,0,0,1,0,0,0,0,0,1,0,0,0,1,0,0,0,1,0,0,0,1,0,0,0,0,0,1,0,0,0,0,0,1,1,0,0,1,0,0,0,0,0,0,0,0,0,0,0,0,0,1,0,0
1.6865410652810322,2.085441495379669,-1.0399656435679563,-1.087610254984284,-0.4794758203104481,-0.9019267788874382,-1.1073782292960819,0.914809268796044,-0.8238649762007128,1.2296926501022896,-0.4384308670313317,0.04234488963270654,1.6341597182676577,2.0380061720733464,-0.5160612504077055,0.1682850405652974,-1.542751982809869,-0.6515377383555188,0.5160612504076945,-1.4559366890213812,-1.2306978975149736,0.3126013846145672,0.7694072651247837,2.2920810369080793,-0.18600384606161657,0,1,0,0,0,0,0,0,0,0,0,0,0,1,0,0,0,0,0,0,0,0,0,0,0,0,0,0,0,1,0,0,0,0,0,0,0,0,0,0,0,0,0,0,0,0,0,1,0,1,0,0,0,0,0,0,0,0,0,1,0,0,0,0,0,0,0,0,0,1,0,0,0,1,1,0,0,0,0,0,0,0,0,0,0,0,0,0,0,1,0,0
0.08731430455568906,0.2246129513184485,-1.0399656435679563,0.5822847693520355,1.2624890127883643,-0.9019267788874382,-1.0788983849096756,0.19516698686083,1.1400563019893057,1.2296926501022896,-1.3386995878348875,1.1000447178095185,-0.2072801902420048,0.3639942842377469,-1.5139238035647045,-0.36763797402653003,1.4951580588242674,1.5348305111596448,1.5139238035646931,-1.435223552978511,1.1999290279367514,-0.7948908532778661,-0.3610679194942681,0.08087450898942984,0.39891390884912803,0,0,0,1,1,0,0,0,0,1,0,0,0,0,0,0,0,0,0,0,0,0,1,0,0,0,0,0,0,0,0,0,0,0,0,0,0,1,0,0,0,0,0,1,0,0,0,0,0,0,0,0,1,0,0,0,0,1,0,0,0,0,0,0,0,0,0,0,1,0,0,0,1,0,0,0,0,1,0,0,0,0,0,0,0,0,0,0,0,0,0,0
0.04385705562293516,-0.10376855645706107,-1.0399656435679563,0.4043259910855853,-0.4794758203104481,1.1836314992918322,0.9538505081700629,1.3465946379571725,-0.8238649762007128,0.009759465477002306,-0.4384308670313317,-0.55414861811817,-0.5535870198828986,-0.004712131564018092,1.4796638559062922,-1.0581183555784743,-1.542751982809869,-0.6515377383555188,-1.4796638559063031,1.5474680371948255,-0.7749553489927752,-0.7948908532778661,1.2718406805110285,-0.3599496525831951,-0.7709216009723612,0,1,0,0,0,0,0,0,1,0,0,0,0,0,0,0,0,1,0,0,0,0,0,0,0,0,0,0,0,0,0,0,1,0,0,0,0,0,0,0,0,0,0,0,1,0,0,0,0,1,0,0,0,0,1,0,0,1,0,0,0,0,0,0,0,1,0,0,0,1,0,0,1,0,1,0,0,0,0,0,0,0,0,0,1,0,0,0,0,0,0,1
-1.0599570672690137,-1.3078340849672627,-0.22238259044849376,0.5249183660425651,-0.4794758203104481,-0.43168902597610537,-0.4060620612808305,0.33909544324787283,-0.8238649762007128,1.2296926501022896,1.3621065745757797,0.31291926428258865,0.32358536896798795,0.8386508195227776,0.3154908772231269,0.7392162298420669,-0.5301153022651569,-0.6515377383555188,-0.3154908772231378,-0.6066981112636952,-0.28123425476039365,-0.28069802854209364,0.45538638050838015,0.32488375184693924,0.9838316637598726,0,0,0,0,1,0,0,0,0,0,1,0,0,0,0,0,0,0,0,0,0,0,0,0,0,0,0,0,0,0,0,0,0,0,0,0,0,0,1,0,0,0,0,1,0,0,0,0,0,1,0,1,0,0,0,0,0,0,1,0,0,0,0,1,0,0,0,0,0,0,0,1,0,0,1,0,0,0,0,0,0,0,0,0,0,0,0,0,1,0,0,0
-0.0952061409618773,0.2246129513184485,-1.0399656435679563,-1.677459809012732,-0.4794758203104481,-0.9019267788874382,0.9538505081700629,-1.5319744897836836,-0.8238649762007128,0.009759465477002306,-1.3386995878348875,2.01835774692427,2.0488984364004645,2.110052253321967,0.9807325793277929,0.8967530159243067,1.4951580588242674,1.5348305111596448,-0.9807325793278037,0.04317653208136333,0.28844393089235454,0.3126013846145672,-0.4866762733408288,3.606781736941646,-1.355839355883106,0,1,1,0,0,0,0,1,0,0,0,0,1,0,0,0,0,0,0,0,0,0,0,0,0,0,0,0,0,0,0,0,0,0,0,0,0,0,0,1,0,0,0,1,0,0,0,0,0,1,0,0,1,0,0,0,0,0,1,0,0,0,0,1,0,0,0,0,0,0,0,1,1,0,0,1,0,0,0,0,0,0,0,0,0,0,1,0,0,0,0,1
-0.6080016783683733,-0.7605315720080802,-0.22238259044849376,-1.0504040448378564,-0.4794758203104481,-0.9019267788874382,0.9538505081700629,0.7708808124090012,-0.8238649762007128,0.009759465477002306,-1.3386995878348875,0.017747219209989982,1.584391072091721,1.1776912018692283,1.4796638559062922,0.08299916819453404,0.48252137827955527,-0.6515377383555188,-1.4796638559063031,0.04317653208136333,-0.9544902923500049,0.8879220276755714,0.08427078959808616,1.5811877848871536,-1.355839355883106,0,1,0,0,0,0,0,0,0,0,1,0,0,0,1,0,0,0,0,0,0,0,0,0,0,0,0,0,0,0,0,0,0,0,0,0,0,0,0,0,0,0,0,0,0,0,0,1,0,1,0,0,1,0,0,1,0,0,1,0,1,0,0,0,0,0,1,0,0,0,0,0,1,0,1,0,1,0,0,0,0,0,0,0,0,0,0,0,0,1,0,0
0.7304815887604467,0.6624549616857945,-0.22238259044849376,-0.859250993810228,-0.4794758203104481,-0.9019267788874382,0.9538505081700629,-1.1001891206225551,1.1400563019893057,1.2296926501022896,-0.4384308670313317,0.6654858736748593,-0.42709171085239245,-0.3119674780654889,0.6481117282754599,-0.07900674657088981,0.48252137827955527,-0.6515377383555188,-0.6481117282754707,0.04317653208136333,1.6387922228099792,-0.5663607089508563,-0.9053707861626996,0.08705837616411927,0.9838316637598726,0,0,0,0,1,0,0,0,0,1,0,0,0,0,0,0,0,0,1,0,0,0,0,0,0,0,0,0,0,0,0,0,0,0,0,0,0,1,0,0,0,0,0,0,0,0,0,0,0,0,0,1,0,0,0,0,0,1,0,0,0,0,0,0,0,0,0,1,0,0,0,0,1,0,1,0,0,0,0,0,0,0,0,1,0,0,0,0,0,0,0,1
-0.8687451719648965,-0.7605315720080802,-1.0399656435679563,-0.40310613549521057,-0.4794758203104481,0.2431559934691663,-0.6339008163720796,1.634451550731258,1.1400563019893057,0.009759465477002306,1.3621065745757797,0.48100334550448515,0.49362824340243877,0.32214398704185687,0.14918045169696045,0.6137081993226466,-0.023796961992800816,-0.6515377383555188,-0.14918045169697136,-0.2856445025992041,0.28844393089235454,0.3126013846145672,-0.4866762733408288,0.45164697142888255,1.5687494186706172,1,0,1,0,1,0,1,0,0,0,0,0,0,1,0,0,0,0,0,0,0,0,0,0,0,0,0,0,0,0,0,0,0,0,1,0,0,0,0,0,0,0,0,0,0,1,0,0,0,0,0,1,0,0,0,1,0,0,0,1,1,0,0,0,0,0,0,0,0,0,1,0,0,1,0,1,0,0,0,0,0,0,0,0,0,0,0,0,1,0,0,1
1.973358908237208,1.6475994850123232,-0.22238259044849376,0.47476373914914244,-0.4794758203104481,-0.2701569734493116,0.9538505081700629,0.19516698686083,1.1400563019893057,1.2296926501022896,1.3621065745757797,0.6367885915150233,0.6512289562929054,0.22414012651983603,-1.347613378038538,0.9771973322216206,-0.023796961992800816,-0.6515377383555188,1.3476133780385269,0.4988655250245119,0.5416342356269089,0.5762900126841938,-0.9053707861626996,0.09391716494753106,2.1536671735813617,0,1,0,0,0,0,0,0,0,1,0,0,1,0,0,0,0,0,0,0,0,0,0,0,0,0,0,0,0,0,0,0,0,0,0,0,1,0,0,0,0,0,0,0,0,1,0,0,0,0,0,1,0,0,0,1,0,1,0,0,0,0,0,0,0,1,1,0,0,0,0,0,0,0,1,0,0,0,0,0,0,0,0,0,0,0,1,0,0,0,0,0
-0.8948195213245489,-0.6510710694162436,-0.22238259044849376,-0.8333131843138748,2.5689626376124735,0.964665828088845,-0.6303408358237789,1.2026661815701296,1.1400563019893057,0.009759465477002306,1.3621065745757797,0.32931771123106635,0.34017491769330027,-0.09371023192996136,1.3133534303801258,-1.40149640940312,-1.0364336425375131,-0.6515377383555188,-1.3133534303801366,0.23736218248327326,0.5416342356269089,0.5762900126841938,-0.9053707861626996,0.3141318523683528,1.5687494186706172,0,1,0,0,0,0,0,0,0,1,0,0,0,0,0,0,0,1,0,0,0,0,0,0,0,0,0,0,0,0,0,0,0,0,0,0,0,0,1,0,0,0,0,0,0,1,0,0,0,0,0,1,0,0,1,0,0,0,0,0,0,0,0,0,0,0,0,0,0,1,0,0,0,0,1,0,0,0,0,0,0,0,0,0,0,1,0,0,0,1,0,0
1.4866377201903644,1.209757474644977,-0.22238259044849376,0.07778822824760766,-0.4794758203104481,-0.9019267788874382,0.9538505081700629,0.6269523560219584,-0.8238649762007128,1.2296926501022896,1.3621065745757797,-1.5237067939469142,-1.5344440882669867,-0.03437816501933252,-1.5139238035647045,-0.6789872722883561,-0.023796961992800816,-0.6515377383555188,1.5139238035646931,0.04317653208136333,-2.749839725922302,-2.8516621522209564,4.537657880521618,-0.590380687556468,0.9838316637598726,0,1,0,0,1,0,0,0,0,0,0,0,0,0,0,0,0,0,0,0,0,1,0,0,0,0,1,0,0,0,0,0,0,0,0,0,0,0,0,0,0,0,0,0,1,0,0,0,0,1,0,0,0,0,0,0,0,0,0,1,1,0,0,0,0,0,0,0,0,0,1,0,0,1,0,0,1,0,0,0,0,0,0,0,0,0,0,0,0,0,0,0
2.234102401833731,2.4138230031551786,1.412783515790431,0.5996585943543324,-0.4794758203104481,-0.9019267788874382,0.9538505081700629,-0.23661838230029839,1.1400563019893057,1.2296926501022896,-0.4384308670313317,-0.04579676271536112,1.4558220694705508,0.6643628729728054,0.14918045169696045,-0.4529238463972934,-0.5301153022651569,-0.6515377383555188,-0.14918045169697136,0.04317653208136333,-0.7749553489927752,1.2618804456652244,-0.3610679194942681,0.30970719707101396,0.9838316637598726,0,1,0,0,1,0,0,1,0,0,0,0,0,1,0,0,0,0,0,0,0,0,0,0,0,0,0,0,0,0,0,1,0,0,0,0,0,0,0,0,0,0,0,0,0,0,0,0,0,0,0,1,0,0,1,0,0,0,0,1,1,0,0,0,0,0,1,0,0,0,0,0,1,0,0,1,0,0,0,0,0,0,1,0,0,0,0,0,0,0,1,0
1.9472845588775556,2.1949019979715056,-1.0399656435679563,0.36039971655147646,2.5689626376124735,-0.9019267788874382,0.9538505081700629,-0.524475295074384,-0.8238649762007128,1.2296926501022896,1.3621065745757797,-1.2572320310341516,-1.3996540048738246,-1.7682518703629773,1.3133534303801258,0.3239596896962104,0.48252137827955527,-0.6515377383555188,-1.3133534303801366,0.04317653208136333,1.1999290279367514,-0.7948908532778661,-0.3610679194942681,-1.5808679886108128,0.9838316637598726,1,0,1,0,0,0,0,1,0,0,0,0,0,0,0,0,0,0,0,1,0,0,0,0,0,0,0,0,0,0,0,0,0,1,0,0,0,0,0,0,0,0,0,0,1,0,0,0,1,0,0,0,0,1,1,0,0,0,0,0,0,0,0,0,0,1,0,0,1,0,0,0,1,0,0,0,0,0,0,0,0,0,0,0,0,1,0,0,0,0,1,0
-1.3815407093713925,-0.10376855645706107,-0.22238259044849376,-0.2405133581152256,-0.4794758203104481,0.1390575596185659,0.9538505081700629,0.7708808124090012,1.1400563019893057,1.2296926501022896,-1.3386995878348875,1.1492400586549516,1.169652353958914,0.753890723936165,1.3133534303801258,-0.5739627482335296,0.9888397185519114,1.5348305111596448,-1.3133534303801366,0.794027713635415,0.5416342356269089,0.5762900126841938,-0.9053707861626996,0.875110198652425,0.39891390884912803,1,0,0,0,1,0,0,0,0,1,0,0,0,0,0,0,1,0,0,0,0,0,0,0,0,0,0,0,0,0,0,0,0,0,0,1,0,0,0,0,0,0,0,1,0,0,0,0,0,0,0,0,0,0,0,1,0,0,0,0,0,0,0,0,0,1,0,0,0,0,0,1,1,0,1,0,0,0,0,0,0,0,0,0,0,0,1,0,0,1,0,0
-0.5906187787952717,-1.0889130797835898,-1.0399656435679563,-0.21785362880798487,-0.4794758203104481,1.3415739506513638,-1.427776478643151,-0.3805468386873412,-0.8238649762007128,1.2296926501022896,-1.3386995878348875,-1.2695308662455098,-1.4058750856458166,-1.7793766329087202,-1.014992526986205,-1.1158446010696024,-0.023796961992800816,-0.6515377383555188,1.014992526986194,-0.07074571615442382,1.1999290279367514,-0.7948908532778661,-0.3610679194942681,-1.5679672352039062,-0.7709216009723612,0,1,0,0,0,0,0,1,0,0,0,0,0,0,0,0,0,0,0,0,0,0,0,1,0,0,0,0,0,0,0,0,0,0,0,0,0,0,0,0,0,1,0,0,1,0,0,0,0,0,1,0,0,1,1,0,0,0,0,1,1,0,0,0,0,0,1,0,0,0,0,0,1,0,1,0,0,0,0,0,0,1,0,0,0,0,0,0,0,0,1,0
0.1046972041287906,-0.3226895616407341,-0.22238259044849376,-0.42617562482608995,-0.4794758203104481,0.5195552833483468,-1.9795734636297702,-1.6759029461707264,-0.8238649762007128,1.2296926501022896,1.3621065745757797,-1.4089176653075703,-1.186063565035429,-1.801626158000206,1.4796638559062922,1.2557730201400965,1.4951580588242674,1.5348305111596448,-1.4796638559063031,-1.0649762462122025,-0.9544902923500049,2.7577141176238347,-1.4001915740430917,-1.560146875812819,0.9838316637598726,1,0,0,1,0,0,0,0,0,0,0,0,0,0,0,0,0,0,1,0,0,0,0,0,0,0,0,0,0,0,0,0,0,0,0,0,0,0,1,0,0,0,0,0,0,0,1,0,1,0,0,0,0,1,1,0,0,0,0,1,0,0,0,0,1,0,0,0,0,0,0,1,0,1,1,0,0,0,0,0,0,0,0,1,0,0,0,0,0,0,0,1
0.6435670908949389,0.9908364694613041,1.412783515790431,-0.4662501551379923,2.5689626376124735,-0.9019267788874382,-0.9685389879123518,0.051238530473787215,-0.8238649762007128,1.2296926501022896,-1.3386995878348875,0.87456607226795,0.8917774128099334,0.7798485032095651,-1.347613378038538,0.3410913496484162,0.48252137827955527,-0.6515377383555188,1.3476133780385269,-1.354960150812388,0.28844393089235454,0.3126013846145672,-0.4866762733408288,0.9251679251269268,-0.7709216009723612,1,0,0,1,0,0,0,0,1,0,0,0,0,0,1,0,0,0,0,0,0,0,0,0,0,0,0,0,0,0,1,0,0,0,0,0,0,0,0,0,0,0,0,1,0,0,0,0,0,1,0,0,0,0,0,1,0,0,0,0,0,0,0,1,0,0,0,0,0,1,0,0,1,0,1,0,0,0,1,0,0,0,0,0,0,0,0,0,0,0,0,0
0.7913217372663021,0.9908364694613041,-0.22238259044849376,0.31004020964623435,-0.4794758203104481,0.8821050012418171,-1.150097995875691,1.2026661815701296,0.15809566289429652,1.2296926501022896,-0.4384308670313317,1.190236176026146,1.2111262257721946,1.146965667219081,-0.5160612504077055,1.3544662785604122,-0.5301153022651569,-0.6515377383555188,0.5160612504076945,-0.20020281642236376,0.28844393089235454,0.3126013846145672,-0.4866762733408288,0.84594008670626,0.39891390884912803,0,1,0,1,0,0,0,0,1,0,0,0,0,1,0,0,0,0,0,0,0,0,0,0,0,0,0,0,0,0,0,0,0,0,0,0,0,1,0,0,0,0,0,0,0,0,1,0,0,0,0,0,1,0,0,1,0,0,0,0,1,0,0,0,0,0,0,1,0,0,0,0,0,0,0,1,0,0,0,0,0,0,0,0,0,0,0,0,1,1,0,0
-0.7992135736724904,-0.9794525771917532,-0.22238259044849376,-0.3682355574835254,-0.4794758203104481,0.8103129778965755,-1.1572179569722925,-1.244117577009598,-0.8238649762007128,1.2296926501022896,-1.3386995878348875,0.6880337382290161,2.9405866803859992,1.991917870098126,-1.347613378038538,-0.0842207300346046,-0.5301153022651569,-0.6515377383555188,1.3476133780385269,-0.2571639405402573,-0.7749553489927752,1.2618804456652244,-0.3610679194942681,1.9783009311293667,-0.7709216009723612,0,1,0,1,0,0,0,0,0,1,0,0,0,0,0,0,0,0,0,1,0,0,0,0,0,0,0,0,0,0,0,0,0,0,0,0,0,0,0,0,1,0,0,1,0,0,0,0,0,1,0,0,0,0,0,0,0,1,0,0,0,0,0,1,0,0,0,0,0,0,0,0,0,1,0,0,0,0,0,1,0,0,0,0,0,0,0,0,0,0,0,1
-0.7122990758069826,-0.5416105668244071,-1.0399656435679563,0.9779080721755617,-0.4794758203104481,0.46571126583941547,-0.16398338399637824,0.914809268796044,1.1400563019893057,1.2296926501022896,-1.3386995878348875,2.202840275094644,2.2355308595602277,1.3615146591726943,0.9807325793277929,-0.2123357522858823,-0.5301153022651569,-0.6515377383555188,-0.9807325793278037,0.21664904644040286,0.840859141222292,0.8879220276755714,-1.4001915740430917,0.9382700014193026,0.39891390884912803,0,0,1,0,0,0,0,0,0,1,0,0,0,0,0,0,0,0,0,1,0,0,0,0,0,0,0,0,0,0,0,0,0,0,0,0,0,1,0,0,0,0,0,0,0,0,1,0,0,0,0,1,0,0,0,1,0,1,0,0,0,0,1,0,0,0,1,0,0,0,0,0,0,0,0,1,0,0,0,0,0,0,0,1,0,0,0,0,0,1,0,0
-0.8339793728186935,-1.0889130797835898,-0.22238259044849376,0.33401117102912076,-0.4794758203104481,1.6610484545376893,0.9538505081700629,-1.1001891206225551,1.1400563019893057,1.2296926501022896,0.461837853772224,0.7638765553657255,-0.37732306467645566,0.35551827467908564,1.1470430048539593,-0.7825220867821212,-1.542751982809869,-0.6515377383555188,-1.1470430048539701,1.8918239239075458,0.840859141222292,-0.9818700622726926,0.08427078959808616,0.08551088534852354,1.5687494186706172,1,0,0,1,0,0,0,0,0,0,1,1,0,0,0,0,0,0,0,0,0,0,0,0,0,0,1,0,0,0,0,0,0,0,0,0,0,0,0,0,0,0,0,1,0,0,0,0,0,0,0,0,1,0,1,0,0,0,0,0,0,0,0,0,0,1,1,0,0,0,0,0,0,0,0,1,0,0,0,0,0,0,0,0,0,0,1,0,0,0,0,1
-1.6509756527544666,-1.1983735823754262,1.412783515790431,1.3585751341362622,-0.4794758203104481,-0.9019267788874382,-0.0037842593228436905,0.914809268796044,-0.8238649762007128,1.2296926501022896,-0.4384308670313317,1.132841611706474,1.1530628052336016,0.3936603176930613,1.1470430048539593,-0.05554382098417326,0.9888397185519114,1.5348305111596448,-1.1470430048539701,-0.6533026673601536,0.840859141222292,0.8879220276755714,-1.4001915740430917,0.0453395548721888,-0.18600384606161657,0,1,1,0,0,0,0,0,0,0,0,0,1,0,0,0,0,0,0,0,0,0,0,0,0,1,0,0,0,0,0,0,0,0,0,0,0,0,0,0,0,0,0,0,0,0,1,0,0,1,0,1,0,0,0,0,0,1,0,0,0,0,0,0,0,1,0,0,0,0,1,0,1,0,0,1,1,0,0,0,0,0,0,0,0,0,0,0,0,1,0,0
0.8173960866259544,0.6624549616857945,-0.22238259044849376,0.43386968878996274,-0.4794758203104481,-0.9019267788874382,-0.8652995520116296,0.914809268796044,1.1400563019893057,-1.2101737191482849,-1.3386995878348875,1.1000447178095185,-0.2072801902420048,0.3639942842377469,-1.014992526986205,1.3164786847533474,0.48252137827955527,-0.6515377383555188,1.014992526986194,-1.279875032656983,1.1999290279367514,-0.7948908532778661,-0.3610679194942681,0.13027562178566213,-0.7709216009723612,0,0,0,1,1,0,1,0,0,0,0,0,0,0,1,0,0,0,0,0,0,0,0,0,0,0,0,0,0,0,0,0,0,0,0,0,0,0,0,0,0,0,1,0,0,0,1,0,0,0,0,0,0,0,1,0,0,0,0,0,1,0,0,0,0,0,0,0,1,0,0,0,0,0,0,0,0,0,0,0,0,0,0,0,0,1,0,0,0,1,0,0
0.6261841913218373,0.771915464277631,-1.0399656435679563,0.7885169892495815,-0.4794758203104481,-0.9019267788874382,-0.8261397659803211,-0.6684037514614268,-0.8238649762007128,-1.2101737191482849,-0.4384308670313317,-1.3884196066219732,-1.3975803112831606,-1.764543616181063,1.6459742814324587,-0.41828809910261655,0.9888397185519114,1.5348305111596448,-1.6459742814324694,-1.2513944705980362,-0.5555237515561613,-0.5663607089508563,0.9089721027320734,-1.6107176094524052,-1.355839355883106,0,0,1,0,0,0,0,0,0,1,0,0,0,0,0,0,1,0,0,0,0,0,0,0,0,0,1,0,0,0,0,0,0,0,0,0,0,0,0,0,0,0,0,0,0,0,0,0,1,0,0,0,0,1,0,0,1,0,0,1,0,0,0,1,0,0,0,1,0,0,0,0,1,0,0,0,0,0,0,0,0,0,0,0,0,0,0,1,0,0,1,0
-1.364157809798291,-0.21322905904889758,1.412783515790431,-0.0591535716525713,-0.4794758203104481,1.8046325012281725,0.9538505081700629,0.914809268796044,-0.8238649762007128,0.009759465477002306,-1.3386995878348875,-1.3863698007534135,-1.3955066176924964,-1.7253420719722545,0.9807325793277929,-0.8391310501024533,-1.542751982809869,-0.6515377383555188,-0.9807325793278037,1.995389604121898,-0.7749553489927752,-0.7948908532778661,1.2718406805110285,-1.5581456591602556,-1.355839355883106,1,0,1,0,1,0,1,0,0,0,0,0,0,0,0,0,0,1,0,0,0,0,0,0,0,0,0,0,0,0,0,0,0,0,0,1,0,0,0,0,0,0,0,1,0,0,0,0,1,0,0,0,0,1,1,0,0,0,0,0,1,0,0,0,0,0,0,1,0,0,0,0,0,0,0,0,0,0,0,0,0,0,1,0,0,0,0,0,0,1,0,0
0.15684590284809527,0.334073453910285,-1.0399656435679563,-0.5400889113977534,-0.4794758203104481,-0.9019267788874382,0.9538505081700629,1.634451550731258,1.1400563019893057,-1.2101737191482849,-1.3386995878348875,0.9237614131133831,0.11621600990158454,-0.3225624900138155,0.14918045169696045,0.36939583130858217,0.48252137827955527,-0.6515377383555188,-0.14918045169697136,0.04317653208136333,1.8075857592996827,0.3126013846145672,-1.7427598118064396,0.09080074286952693,-0.7709216009723612,0,0,1,0,1,0,0,0,0,0,0,1,0,0,0,0,0,0,0,0,0,0,0,0,0,0,0,0,0,0,0,0,0,1,0,0,0,0,0,0,0,0,0,1,0,0,0,0,0,0,0,1,0,0,1,0,0,0,0,1,1,0,0,0,0,0,0,0,0,0,0,0,0,1,1,0,0,0,0,0,0,0,1,0,0,0,0,0,0,0,0,1
-0.738373425166635,-1.1983735823754262,1.412783515790431,-0.7231696899596911,-0.4794758203104481,2.285639057641292,0.9538505081700629,-1.5319744897836836,-0.8238649762007128,-1.2101737191482849,-0.4384308670313317,-0.1503368620119065,-0.1450693825220838,0.12030900942623554,0.3154908772231269,-1.4573605179429212,-0.023796961992800816,-0.6515377383555188,-0.3154908772231378,2.342334632839977,-0.28123425476039365,-0.28069802854209364,0.45538638050838015,0.23801562478161659,-1.355839355883106,0,1,1,0,1,0,1,0,0,0,0,0,0,0,0,0,1,0,0,0,0,0,0,0,0,0,0,0,0,0,0,0,0,1,0,0,0,0,0,0,0,0,0,0,0,0,0,0,0,1,0,1,0,0,0,1,0,0,0,0,0,0,1,0,0,0,0,0,0,0,1,0,1,0,0,1,0,0,0,0,0,0,0,0,0,0,0,0,1,0,0,1
-1.1381801153479707,-1.0889130797835898,-0.22238259044849376,0.7841735329990075,-0.4794758203104481,0.35802323082155296,-1.1785778402620972,0.4830238996349156,1.1400563019893057,0.009759465477002306,-1.3386995878348875,-0.5008536655356174,-0.4996709865256337,-0.15886955541216982,-0.6823716759338719,1.220392418064889,0.9888397185519114,1.5348305111596448,0.6823716759338609,-0.5989306852476188,-0.5555237515561613,-0.5663607089508563,0.9089721027320734,-0.5177187264150551,-0.18600384606161657,0,0,1,0,1,1,0,0,0,0,0,0,0,0,0,0,0,0,0,0,1,0,0,0,0,1,0,0,0,0,0,0,0,0,0,0,0,0,0,0,0,0,0,0,0,0,0,1,0,0,0,1,0,0,0,1,0,0,1,0,0,0,0,1,0,0,0,0,0,0,0,0,0,1,1,0,0,0,0,1,0,0,0,0,0,0,0,0,0,0,0,0
-1.7031243514737713,-0.8699920745999167,-1.0399656435679563,-0.11164383068073651,1.2624890127883643,-0.9019267788874382,-2.1896123159795153,-1.3880460333966407,1.1400563019893057,-1.2101737191482849,0.461837853772224,0.7515777201543673,8.916882439861383e-05,-0.44122662383507316,1.4796638559062922,-0.12816716208591497,-1.542751982809869,-0.6515377383555188,-1.4796638559063031,-2.243035858650456,1.8075857592996827,0.3126013846145672,-1.7427598118064396,-0.18833763518776264,0.39891390884912803,1,0,1,0,0,0,0,0,1,0,0,0,0,0,0,0,0,0,0,0,0,0,0,1,0,0,0,0,0,0,0,0,0,0,1,0,0,0,0,0,0,0,0,0,0,0,0,1,0,0,0,0,0,0,0,0,0,1,0,0,0,0,1,0,0,0,0,1,0,0,0,0,1,0,0,1,0,0,0,0,0,0,0,0,0,0,0,0,1,0,0,1
0.7826302874797514,0.5529944590939581,-0.22238259044849376,-0.12258442331190009,-0.4794758203104481,1.0328682502668247,0.9538505081700629,-1.244117577009598,-0.8238649762007128,-1.2101737191482849,-0.4384308670313317,-1.3986686359647718,-1.2814534702059746,-1.7830848870906344,-0.5160612504077055,1.5645153266700653,-0.023796961992800816,-0.6515377383555188,0.5160612504076945,1.438724072969756,-0.7749553489927752,1.2618804456652244,-0.3610679194942681,-1.575243528018916,-1.355839355883106,0,0,0,0,0,0,0,0,0,0,1,0,0,0,1,0,0,0,0,0,0,0,0,0,0,0,0,0,0,0,0,0,0,0,1,0,0,0,0,0,0,0,0,0,0,0,1,0,0,0,1,0,0,1,0,0,1,0,0,0,0,0,0,0,0,1,0,0,0,0,1,0,0,0,0,0,0,0,0,0,1,0,0,0,0,0,0,0,0,0,0,1
1.0433737810762747,0.771915464277631,1.412783515790431,-1.4690558609898987,2.1334714293377703,-0.9019267788874382,-0.5164214582781543,0.19516698686083,-0.8238649762007128,0.009759465477002306,-1.3386995878348875,1.7395841488001489,1.7668761080701558,0.5208004610729803,0.9807325793277929,-1.1013199328492542,-0.5301153022651569,-0.6515377383555188,-0.9807325793278037,-1.0261391161318207,1.1999290279367514,1.2618804456652244,-1.993976519499563,1.8222497123987136,-1.355839355883106,1,0,0,0,1,0,0,0,1,0,0,0,0,0,0,0,0,0,0,0,0,0,1,0,0,1,0,0,0,0,0,0,0,0,0,0,0,0,0,0,0,0,0,0,0,0,0,1,0,1,0,1,0,0,1,0,0,0,1,0,0,0,1,0,0,0,0,1,0,0,0,0,1,0,0,1,0,0,0,0,0,0,1,0,0,0,0,0,0,0,0,0
-0.42548123285080686,-0.5416105668244071,-1.0399656435679563,1.845492970226574,-0.4794758203104481,-0.9019267788874382,0.9538505081700629,-1.5319744897836836,-0.8238649762007128,0.009759465477002306,-0.4384308670313317,0.23092702954020014,0.2406376253414266,1.1649771875312362,-1.1813029525123715,1.5377005545709606,-0.5301153022651569,-0.6515377383555188,1.1813029525123604,0.04317653208136333,-0.5555237515561613,-0.5663607089508563,0.9089721027320734,0.05547301380699722,-0.7709216009723612,1,0,0,0,1,0,0,0,0,1,0,0,0,0,0,0,0,0,0,0,1,0,0,0,0,0,0,0,0,0,1,0,0,0,0,0,0,0,0,0,0,0,0,0,1,0,0,0,0,1,0,0,0,0,1,0,0,0,0,0,0,1,0,0,0,0,0,1,0,0,0,0,0,0,0,1,0,0,0,0,0,1,0,0,0,0,0,0,0,0,0,1
0.49581244452357565,0.6624549616857945,-0.22238259044849376,-0.009121872766240165,-0.4794758203104481,-0.9019267788874382,-0.6517007191135835,0.6269523560219584,-0.8238649762007128,-1.2101737191482849,-0.4384308670313317,0.8089722844740392,0.8254192179086843,0.10070823732183137,-0.349750824881539,-0.46335181332472297,1.4951580588242674,1.5348305111596448,0.34975082488152803,-1.124526512335455,0.840859141222292,0.8879220276755714,-1.4001915740430917,0.24905159886401815,-1.355839355883106,0,0,1,0,0,0,0,0,0,0,1,0,0,0,0,0,0,0,0,1,0,0,0,0,0,0,0,0,0,0,0,0,0,0,1,0,0,0,0,0,0,0,0,0,1,0,0,0,0,1,0,1,0,0,1,0,0,1,0,0,0,0,0,1,0,0,1,0,0,0,0,0,0,1,1,0,0,0,0,0,0,0,0,0,0,0,0,0,1,0,0,0
0.35674924793876317,0.11515244872661197,-1.0399656435679563,-1.5215461200180638,-0.4794758203104481,0.06726553627332424,-1.1429780347790894,-1.6759029461707264,-0.8238649762007128,-1.2101737191482849,-0.4384308670313317,1.1615388938663098,1.1820945155028981,1.1135913795818524,-1.1813029525123715,0.057301678266225425,0.48252137827955527,-0.6515377383555188,1.1813029525123604,-0.7827597676280935,0.28844393089235454,0.3126013846145672,-0.4866762733408288,2.1289425559249366,-1.355839355883106,1,0,0,1,0,0,0,0,0,1,0,1,0,0,0,0,0,0,0,0,0,0,0,0,0,0,0,0,0,0,0,0,0,0,0,0,0,0,0,1,0,0,0,0,1,0,0,0,0,1,0,0,0,0,0,1,0,0,1,0,0,0,0,0,0,1,0,0,1,0,0,0,0,1,0,0,0,0,1,0,0,0,0,0,0,0,0,0,0,0,0,1
0.2698347500732554,0.005691946134775455,-1.0399656435679563,-0.8597836818409591,1.2624890127883643,-0.9019267788874382,-0.17466332564128056,-1.5319744897836836,-0.8238649762007128,1.2296926501022896,-0.4384308670313317,-1.4314655298617271,-1.3478116651072236,-1.8185781771175284,0.8144221538016264,-1.214537859489918,0.9888397185519114,1.5348305111596448,-0.8144221538016372,-0.777581483617376,-0.9544902923500049,0.8879220276755714,0.08427078959808616,-1.585144291712396,-0.18600384606161657,0,0,0,0,1,0,0,0,1,0,0,0,0,0,0,0,0,0,0,0,0,0,1,0,0,0,0,0,0,0,0,1,0,0,0,0,0,0,0,0,0,0,0,0,0,0,0,1,0,0,1,0,0,1,0,0,1,0,0,0,1,0,0,0,0,0,0,1,0,0,0,0,1,0,0,0,0,0,1,0,0,0,0,0,0,0,0,0,0,0,0,1
-1.3120091110789862,-0.3226895616407341,1.412783515790431,1.869627835618916,-0.4794758203104481,1.6897652638757859,0.9538505081700629,0.7708808124090012,1.1400563019893057,1.2296926501022896,-1.3386995878348875,0.5711948037211125,-0.47478666343766524,-0.11437050522919819,0.14918045169696045,-0.20972876055402492,-0.5301153022651569,-0.6515377383555188,-0.14918045169697136,1.9125370599504163,1.1999290279367514,-0.7948908532778661,-0.3610679194942681,-0.5657758844382931,0.39891390884912803,0,1,0,1,1,0,0,0,0,0,0,0,0,0,0,1,0,0,0,0,0,0,0,0,1,0,0,0,0,0,0,0,0,0,0,0,0,0,0,0,0,0,0,1,0,0,0,0,0,0,0,0,1,0,0,0,0,1,0,0,0,0,0,0,1,0,0,0,0,0,1,0,1,0,0,1,1,0,0,0,0,0,0,0,0,0,0,0,0,1,0,0
1.929901659304454,1.6475994850123232,1.412783515790431,-0.6502733817542999,-0.4794758203104481,0.1605951666221384,0.15997484589899164,0.19516698686083,-0.8238649762007128,1.2296926501022896,1.3621065745757797,1.9199670652334038,1.949361144048591,1.5506356224503237,-1.347613378038538,0.5772103150766431,-1.542751982809869,-0.6515377383555188,1.3476133780385269,0.23218389847255566,0.5416342356269089,0.5762900126841938,-0.9053707861626996,1.9511699149986426,0.9838316637598726,0,0,0,1,0,0,0,0,0,1,0,0,0,0,0,0,0,0,0,0,0,0,0,0,0,0,0,0,0,0,0,0,0,0,0,0,0,0,1,0,0,0,0,1,0,0,0,0,0,1,0,0,1,0,1,0,0,0,0,1,0,0,0,1,0,0,0,0,0,0,0,1,0,1,1,0,0,0,0,1,0,0,0,0,0,0,0,0,0,0,0,0
-0.8079050234590411,-1.3078340849672627,-1.0399656435679563,0.4399341371398211,1.2624890127883643,0.9323594175834863,0.9538505081700629,0.051238530473787215,-0.8238649762007128,1.2296926501022896,1.3621065745757797,1.8666721126508512,1.895445110691326,1.0574378162557214,0.6481117282754599,-0.9441555741572797,0.9888397185519114,1.5348305111596448,-0.6481117282754707,1.3662280968197096,0.840859141222292,0.8879220276755714,-1.4001915740430917,0.9311459290683375,0.9838316637598726,1,0,1,0,0,0,0,0,0,1,0,0,0,0,0,0,0,0,0,0,0,0,1,0,0,0,0,0,0,0,0,1,0,0,0,0,0,0,0,0,0,0,0,0,0,0,0,0,0,1,0,0,1,0,0,1,0,0,0,1,0,0,0,0,1,0,0,0,0,0,0,1,0,1,0,0,0,0,0,0,0,0,0,0,0,0,0,0,0,0,0,0
-1.0251912681228106,-1.4172945875590992,-1.0399656435679563,0.5182392776572488,2.5689626376124735,-0.9019267788874382,-0.1248235979650698,-0.09268992591325557,-0.8238649762007128,0.009759465477002306,-0.4384308670313317,1.5264043384699388,0.008383943187054752,1.143787163634583,0.9807325793277929,0.44574344631297735,-1.542751982809869,-0.6515377383555188,-0.9807325793278037,-0.7413334955423527,0.840859141222292,-0.9818700622726926,0.08427078959808616,0.625661048979052,-0.7709216009723612,0,1,0,0,1,0,0,1,0,0,0,0,0,0,0,0,0,0,0,0,0,0,1,0,0,0,0,0,0,1,0,0,0,0,0,0,0,0,0,0,0,0,0,0,1,0,0,0,0,1,0,1,0,0,1,0,0,0,0,1,0,0,0,1,0,0,0,0,1,0,0,0,1,0,0,1,0,0,1,0,0,0,0,0,0,0,0,0,0,0,1,0
0.8000131870528528,0.771915464277631,-0.22238259044849376,-0.4714541074382084,2.5689626376124735,-0.9019267788874382,0.9538505081700629,0.914809268796044,-0.8238649762007128,-1.2101737191482849,0.461837853772224,-0.3983633721076318,-0.3959863069924319,0.3173762316651099,1.3133534303801258,1.2095920237471942,-1.0364336425375131,-0.6515377383555188,-1.3133534303801366,0.04317653208136333,-0.7749553489927752,-0.7948908532778661,1.2718406805110285,0.17579878235748947,-0.7709216009723612,0,1,0,0,1,0,0,0,0,1,0,0,1,0,0,0,0,0,0,0,0,0,0,0,0,0,0,0,0,0,0,0,0,0,0,0,0,0,0,0,1,0,0,1,0,0,0,0,0,1,0,0,0,0,0,0,0,0,0,0,1,0,0,0,0,0,0,0,1,0,0,0,1,0,0,0,0,0,0,0,0,0,0,1,0,0,0,0,0,1,0,0
-0.6862247264473302,-0.43215006423257063,-1.0399656435679563,-0.8259784798907355,2.5689626376124735,-0.9019267788874382,-0.8724195131082311,0.7708808124090012,-0.8238649762007128,1.2296926501022896,1.3621065745757797,0.12843673611221448,1.8083499798834366,1.4065434599530824,0.3154908772231269,0.7701277032340904,-0.5301153022651569,-0.6515377383555188,-0.3154908772231378,-1.2850533166677005,-0.9544902923500049,0.8879220276755714,0.08427078959808616,1.635448671790871,0.9838316637598726,0,1,0,1,1,0,0,1,0,0,0,0,0,0,0,0,0,0,0,0,0,0,1,0,0,0,0,0,0,1,0,0,0,0,0,0,0,0,0,0,0,0,0,0,0,0,0,0,0,1,0,0,0,0,0,1,0,1,0,0,1,0,0,0,0,0,0,0,1,0,0,0,0,1,0,0,0,0,0,0,0,0,0,1,0,0,0,0,0,1,0,0
-0.23426933754668974,-0.5416105668244071,1.412783515790431,-0.8139315351957465,-0.4794758203104481,-0.9019267788874382,-1.1002582681994801,1.4905230943442151,1.1400563019893057,0.009759465477002306,-0.4384308670313317,-1.0625004735209789,-1.0678630303675791,-1.2941250856753628,0.6481117282754599,-1.484175290042026,-1.542751982809869,-0.6515377383555188,-0.6481117282754707,-1.4507584050106637,-0.28123425476039365,-0.28069802854209364,0.45538638050838015,-1.0862622992434765,0.39891390884912803,0,0,0,0,0,0,0,1,0,0,0,0,0,0,0,0,0,0,0,0,0,0,1,0,0,0,1,0,0,0,0,0,0,0,0,0,0,0,0,0,0,0,0,0,0,0,1,0,0,0,0,0,0,0,0,1,0,0,0,0,0,0,0,0,0,0,0,0,0,0,1,0,1,0,0,0,1,0,0,0,0,0,0,0,0,0,0,0,0,0,0,1
0.2959090994329077,0.005691946134775455,1.412783515790431,0.9490609665113711,-0.4794758203104481,-0.9019267788874382,-0.4416618667638382,-0.3805468386873412,-0.8238649762007128,0.009759465477002306,1.3621065745757797,-1.2982281484053457,-1.420390940780465,-1.8053344121821202,0.8144221538016264,-0.6465860893352713,-0.5301153022651569,-0.6515377383555188,-0.8144221538016372,-0.9717671340192858,1.1999290279367514,-0.7948908532778661,-0.3610679194942681,-1.6271062421546327,0.39891390884912803,1,0,1,0,0,0,0,1,0,0,0,0,0,0,0,0,0,0,0,0,1,0,0,0,0,0,0,0,0,0,0,1,0,0,0,0,0,0,0,0,0,0,0,0,1,0,0,0,0,0,1,0,0,1,1,0,0,0,0,1,1,0,0,0,0,0,0,0,0,1,0,0,0,1,0,1,0,0,1,0,0,0,0,0,0,0,0,0,0,0,1,0
-1.0686485170555644,-1.5267550901509357,-1.0399656435679563,-1.377228639692382,1.6979802210630675,0.9287698164162242,-1.4633762841261586,-0.09268992591325557,1.1400563019893057,0.009759465477002306,-1.3386995878348875,1.23123229339734,-0.14092199534075572,0.8386508195227776,-0.349750824881539,-1.6297943996357747,0.9888397185519114,1.5348305111596448,0.34975082488152803,-0.3943884668242737,0.840859141222292,-0.9818700622726926,0.08427078959808616,1.4840117308122347,-0.18600384606161657,1,0,0,0,0,0,1,0,0,0,0,0,0,0,0,0,0,0,0,0,0,0,1,0,0,0,0,0,0,0,0,0,0,1,0,0,0,0,0,0,0,0,0,0,0,1,0,0,0,0,0,1,0,0,0,0,0,0,1,0,0,0,0,0,0,1,0,1,0,0,0,0,1,0,1,0,0,0,0,0,0,1,0,0,0,0,0,0,0,0,1,0
-0.6601503770876779,-1.1983735823754262,-0.22238259044849376,-1.1058445760362232,-0.4794758203104481,1.348753152985888,0.9538505081700629,-0.09268992591325557,-0.8238649762007128,-1.2101737191482849,0.461837853772224,2.2725336746256746,2.3060364416428047,1.4245549802652375,0.3154908772231269,-0.7784253854892025,-1.542751982809869,-0.6515377383555188,-0.3154908772231378,1.6665685694413301,0.840859141222292,0.8879220276755714,-1.4001915740430917,2.4149727254437763,-0.7709216009723612,0,1,0,1,0,0,1,0,0,0,0,0,0,0,0,0,0,0,0,0,0,0,0,0,0,0,0,0,0,0,0,0,0,0,0,0,0,1,0,0,0,0,0,0,1,0,0,0,0,1,0,1,0,0,0,1,0,0,0,0,0,0,0,0,1,0,1,0,0,0,0,0,0,0,0,1,0,0,0,0,0,1,0,0,0,0,0,0,0,0,1,0
2.129805004395122,1.9759809927878327,1.412783515790431,0.7550805713206336,-0.4794758203104481,-0.004526487071917435,0.9538505081700629,-0.524475295074384,-0.8238649762007128,-1.2101737191482849,-0.4384308670313317,-1.3228258188280624,-1.3312221163819113,-1.827583937273606,0.4818013027492934,0.38652749126078795,-1.542751982809869,-0.6515377383555188,-0.48180130274930427,0.690462033421063,0.840859141222292,0.8879220276755714,-1.4001915740430917,-1.625275029252545,-1.355839355883106,0,1,1,0,1,0,0,0,0,0,0,0,0,0,0,0,0,0,0,0,0,0,1,0,0,0,0,0,0,0,0,0,0,0,0,1,0,0,0,0,0,0,0,0,0,1,0,0,1,0,0,0,0,1,1,0,0,0,0,0,0,0,0,1,0,0,0,0,0,0,1,0,0,1,0,1,0,0,0,0,0,0,0,0,0,0,0,0,1,0,1,0
0.4175893964446186,0.005691946134775455,-0.22238259044849376,-0.6973957844727935,-0.4794758203104481,1.5569500206870888,-1.0931383071028786,0.914809268796044,-0.8238649762007128,0.009759465477002306,0.461837853772224,-0.37376570168491524,-0.37110198390446353,0.07104220386651695,-0.6823716759338719,-0.5382097187680567,0.48252137827955527,-0.6515377383555188,0.6823716759338609,0.3279821526708312,-0.5555237515561613,-0.5663607089508563,0.9089721027320734,0.11009687049200444,-0.18600384606161657,1,0,1,0,1,0,0,1,0,0,0,0,0,0,1,0,0,0,0,0,0,0,0,0,0,0,0,0,0,0,0,0,0,1,0,0,0,0,0,0,0,0,0,0,0,0,1,0,0,1,0,0,1,0,1,0,0,0,0,1,0,0,0,1,0,0,0,0,0,0,0,1,1,0,1,0,0,0,0,0,0,0,0,0,1,0,0,0,0,1,0,0
1.3475745236055519,0.8813759668694676,1.412783515790431,0.45595575406410926,-0.4794758203104481,-0.9019267788874382,0.9538505081700629,0.19516698686083,-0.8238649762007128,-1.2101737191482849,1.3621065745757797,-0.3860645368962735,0.7673557973700913,0.048792678775031136,1.1470430048539593,1.122444014425104,1.4951580588242674,1.5348305111596448,-1.1470430048539701,0.04317653208136333,-0.7749553489927752,1.2618804456652244,-0.3610679194942681,-0.12957684158299015,-0.18600384606161657,0,1,0,0,0,0,0,0,1,0,0,0,0,0,0,1,0,0,0,0,0,0,0,0,1,0,0,0,0,0,0,0,0,0,0,0,0,0,0,0,0,0,0,0,0,0,1,0,0,1,0,0,0,0,0,1,0,0,0,1,0,0,0,1,0,0,0,0,0,0,0,0,0,0,0,0,0,0,0,0,0,0,0,1,0,0,0,0,0,0,0,0
-1.6075184038217127,-0.7605315720080802,-0.22238259044849376,-0.166182889827098,-0.4794758203104481,0.6380121218679955,-2.25725194639723,-0.524475295074384,-0.8238649762007128,0.009759465477002306,-0.4384308670313317,-1.261331642771271,-1.4017276984644886,-1.7380560863102466,1.6459742814324587,-0.5404442831096488,0.48252137827955527,-0.6515377383555188,-1.6459742814324694,-1.1814876364533486,0.840859141222292,-0.9818700622726926,0.08427078959808616,-1.5420863885462703,-0.7709216009723612,0,1,0,1,1,0,1,0,0,0,0,0,0,0,0,0,0,1,0,0,0,0,0,0,0,0,0,0,0,0,0,0,0,1,0,0,0,0,0,0,0,0,0,0,0,0,0,0,0,0,1,0,0,1,1,0,0,0,0,1,0,0,0,0,1,0,0,1,0,0,0,0,0,1,0,1,0,0,0,0,0,0,0,0,1,0,0,0,0,0,1,0
-1.1381801153479707,-1.4172945875590992,1.412783515790431,-0.2672297116564932,1.2624890127883643,0.14982636312035216,0.9538505081700629,-0.3805468386873412,1.1400563019893057,-1.2101737191482849,-0.4384308670313317,-0.4947042479299383,-1.5344440882669867,-0.14774479286642692,-0.349750824881539,-0.15163008767263153,-0.023796961992800816,-0.6515377383555188,0.34975082488152803,0.8017951396514914,-0.28123425476039365,-2.8516621522209564,2.496522130514999,-0.40832662530246644,-0.18600384606161657,0,0,1,0,1,0,0,0,1,0,0,0,0,0,1,0,0,0,0,0,0,0,0,0,1,0,0,0,0,0,0,0,0,0,0,0,0,0,0,0,0,0,0,1,0,0,0,0,0,0,0,1,0,0,0,1,0,0,1,0,0,0,0,0,1,0,0,0,0,1,0,0,1,0,0,1,0,0,1,0,0,0,0,0,0,0,0,0,0,0,1,0
0.7044072394007943,0.5529944590939581,-0.22238259044849376,1.3851685596704382,-0.4794758203104481,-0.9019267788874382,0.9538505081700629,0.7708808124090012,0.15809566289429652,1.2296926501022896,1.3621065745757797,-0.09704190942935395,-0.0911533491648189,0.20295010262318286,0.14918045169696045,-1.6849136533950453,-0.023796961992800816,-0.6515377383555188,-0.14918045169697136,0.04317653208136333,-0.28123425476039365,-0.28069802854209364,0.45538638050838015,-0.3593225825972367,1.5687494186706172,0,0,0,1,1,0,1,0,0,0,0,0,0,0,0,1,0,0,0,0,0,0,0,0,0,0,1,0,0,0,0,0,0,0,0,0,0,0,0,0,0,0,0,0,0,0,0,0,0,0,0,0,1,0,0,1,0,1,0,0,0,0,0,0,0,0,1,0,0,0,0,0,0,1,0,0,0,0,0,0,0,0,0,0,0,1,0,0,0,1,0,0
-0.06913179160222496,-0.3226895616407341,1.412783515790431,0.8468258406134218,-0.4794758203104481,-0.9019267788874382,0.9538505081700629,-1.244117577009598,-0.8238649762007128,0.009759465477002306,-0.4384308670313317,-1.4150670829132495,-1.424538327961793,-1.7846741388828835,-0.6823716759338719,0.8226399652615036,0.9888397185519114,1.5348305111596448,0.6823716759338609,0.04317653208136333,-0.7749553489927752,-0.7948908532778661,1.2718406805110285,-1.6300972467766566,-0.7709216009723612,1,0,1,0,1,0,0,0,1,0,0,1,0,0,0,0,0,0,0,0,0,0,0,0,0,0,0,0,0,0,0,0,0,0,0,0,0,0,0,1,0,0,0,0,0,1,0,0,0,0,1,0,0,1,0,0,1,0,0,1,0,0,0,0,0,1,0,0,0,0,0,1,1,0,0,0,0,0,0,0,0,0,1,0,0,0,0,0,0,0,0,1
0.16553735263464606,0.4435339565021215,-1.0399656435679563,1.9573574566800411,-0.4794758203104481,-0.9019267788874382,0.9538505081700629,-0.8123322078484696,-0.8238649762007128,-1.2101737191482849,1.3621065745757797,-1.3904694124905328,-1.3996540048738246,-1.8026856591950386,0.14918045169696045,-0.03282575017798738,-1.542751982809869,-0.6515377383555188,-0.14918045169697136,0.04317653208136333,-0.28123425476039365,-0.28069802854209364,0.45538638050838015,-1.6554257127356786,-0.18600384606161657,0,1,1,0,0,0,0,0,1,0,0,0,0,0,0,0,0,0,0,0,0,0,0,0,0,0,0,1,0,0,0,0,0,0,0,0,0,0,0,0,0,0,0,1,0,0,0,0,1,0,0,0,0,1,0,0,1,0,0,0,0,0,0,0,0,1,0,0,0,0,0,0,0,1,1,0,0,0,0,0,0,0,0,0,0,0,0,0,0,0,1,0
1.0781395802224778,0.9908364694613041,-1.0399656435679563,0.6352257644062043,-0.4794758203104481,0.7169833475477613,-0.213823111672589,0.7708808124090012,-0.8238649762007128,1.2296926501022896,-0.4384308670313317,-0.30612210802244466,0.929103897441886,0.19341459186968896,1.4796638559062922,-0.5270368970600965,0.48252137827955527,-0.6515377383555188,-1.4796638559063031,0.3616409987404956,-0.7749553489927752,1.2618804456652244,-0.3610679194942681,-0.06845880822840361,-0.18600384606161657,0,0,1,0,1,0,0,0,0,1,0,1,0,0,0,0,0,0,0,0,0,0,0,0,0,0,1,0,0,0,0,0,0,0,0,0,0,0,0,0,0,0,0,0,0,1,0,0,0,1,0,0,0,0,0,0,0,0,0,0,1,0,0,0,0,0,0,0,0,0,1,0,0,1,0,0,0,0,0,0,0,1,0,0,0,0,0,0,0,1,0,0
0.7044072394007943,0.4435339565021215,1.412783515790431,1.0496980283171276,-0.4794758203104481,0.8067233767293134,0.9538505081700629,-0.6684037514614268,-0.8238649762007128,0.009759465477002306,-0.4384308670313317,-1.4663122296272422,-1.476380667728394,-1.9054572750938066,-1.347613378038538,0.9805491787340087,-1.0364336425375131,-0.6515377383555188,1.3476133780385269,1.2756081266321515,-0.5555237515561613,-0.5663607089508563,0.9089721027320734,-1.7095340164024577,-0.7709216009723612,0,1,0,0,0,1,0,0,0,0,0,0,0,0,0,0,0,0,0,0,0,1,0,0,0,0,0,0,0,0,0,0,0,0,0,0,1,0,0,0,0,0,0,0,1,0,0,0,0,0,1,0,0,1,1,0,0,0,0,1,0,0,0,1,0,0,0,0,0,0,0,0,1,0,1,0,0,1,0,0,0,0,0,0,0,0,0,0,0,0,1,0
-1.5119124561696542,-0.8699920745999167,1.412783515790431,-0.4222829046015195,-0.4794758203104481,-0.9019267788874382,0.9538505081700629,-0.3805468386873412,-0.8238649762007128,1.2296926501022896,-0.4384308670313317,-1.3269254305651819,-1.3353695035632396,-1.8058641627795367,0.9807325793277929,-1.4018688367933854,-1.542751982809869,-0.6515377383555188,-0.9807325793278037,0.04317653208136333,0.5416342356269089,0.5762900126841938,-0.9053707861626996,-1.5744069274683032,-0.18600384606161657,0,0,1,0,1,0,0,0,0,0,1,0,1,0,0,0,0,0,0,0,0,0,0,0,0,0,0,0,0,0,0,0,1,0,0,0,0,0,0,0,0,0,0,1,0,0,0,0,0,0,1,0,0,1,0,0,1,0,0,1,1,0,0,0,0,0,0,1,0,0,0,0,0,0,0,1,0,0,0,0,0,0,0,0,0,0,1,0,0,0,1,0
1.1998198772341886,1.1002969720531406,-1.0399656435679563,1.9117101900466487,-0.4794758203104481,1.3631115576549364,0.4625731925045569,-1.244117577009598,-0.8238649762007128,1.2296926501022896,-1.3386995878348875,0.04849430723838568,0.05607889577232754,1.2412612735591877,0.14918045169696045,0.5332638830253328,0.9888397185519114,1.5348305111596448,-0.14918045169697136,1.319623540723251,-0.7749553489927752,-0.7948908532778661,1.2718406805110285,0.030271942797774124,-0.7709216009723612,0,1,1,0,1,0,0,0,0,0,1,0,0,0,0,0,0,0,0,0,0,0,0,1,0,0,0,0,0,0,0,0,0,0,0,0,0,0,0,0,0,0,0,1,0,0,0,0,0,1,0,1,0,0,1,0,0,1,0,0,0,0,0,0,0,1,0,1,0,0,0,0,1,0,0,1,0,0,0,0,0,0,0,0,0,0,1,0,0,0,0,1
0.13077155348844294,0.005691946134775455,1.412783515790431,0.10106259759030642,2.5689626376124735,-0.9019267788874382,0.9538505081700629,-0.8123322078484696,-0.8238649762007128,-1.2101737191482849,0.461837853772224,-1.3720211596734955,-1.3809907625578484,-1.7740791269345568,1.6459742814324587,-0.7128781648025022,1.4951580588242674,1.5348305111596448,-1.6459742814324694,0.04317653208136333,-0.28123425476039365,-0.28069802854209364,0.45538638050838015,-1.5895517599232898,-0.7709216009723612,1,0,1,0,0,0,1,0,0,0,0,0,0,0,0,0,0,0,0,0,1,0,0,0,0,1,0,0,0,0,0,0,0,0,0,0,0,0,0,0,0,0,0,0,0,0,1,0,1,0,0,0,0,1,0,0,1,0,0,1,1,0,0,0,0,0,0,0,0,0,0,1,0,0,0,0,0,0,1,0,0,0,0,0,0,0,0,0,0,0,1,0
2.2949425503395866,2.5232835057470155,-1.0399656435679563,-1.0018065060342622,-0.4794758203104481,-0.9019267788874382,0.9538505081700629,-0.6684037514614268,1.1400563019893057,-1.2101737191482849,1.3621065745757797,-0.0580955979267194,-0.05175317094220225,0.6421133478813196,0.6481117282754599,0.2248940038856294,1.4951580588242674,1.5348305111596448,-0.6481117282754707,0.04317653208136333,-0.5555237515561613,-0.5663607089508563,0.9089721027320734,0.8047606629139223,0.9838316637598726,0,0,0,0,1,0,0,0,0,0,1,0,0,0,0,0,1,0,0,0,0,0,0,0,0,0,0,0,0,0,0,0,0,0,0,0,1,0,0,0,0,0,0,0,0,0,0,1,0,0,0,1,0,0,0,0,0,1,0,0,0,0,0,1,0,0,0,0,0,0,1,0,0,1,1,0,0,0,1,0,0,0,0,0,0,0,0,0,0,0,1,0
0.3219834487925601,0.005691946134775455,1.412783515790431,-0.8774853148621669,-0.4794758203104481,-0.9019267788874382,0.9538505081700629,1.3465946379571725,1.1400563019893057,0.009759465477002306,0.461837853772224,-0.6545891056775959,-1.0948210470462114,-1.3354456322738364,-1.680234229090871,0.7731071223562132,0.9888397185519114,1.5348305111596448,1.6802342290908596,0.04317653208136333,1.6387922228099792,-0.5663607089508563,-0.9053707861626996,-1.0339089007424074,0.9838316637598726,0,0,1,0,1,0,0,1,0,0,0,0,0,0,0,0,0,0,0,0,0,1,0,0,0,0,0,0,0,0,0,0,0,0,1,0,0,0,0,0,0,0,0,0,0,0,0,0,0,0,0,1,0,0,0,1,0,0,0,0,0,0,0,0,0,1,0,0,1,0,0,0,0,0,1,0,0,0,0,0,0,0,0,0,0,1,0,0,0,0,0,1
0.16553735263464606,0.4435339565021215,-1.0399656435679563,-0.0873040852765762,-0.4794758203104481,1.4815683961745851,-0.2707828004454013,0.33909544324787283,-0.8238649762007128,1.2296926501022896,-0.4384308670313317,-0.4086124014504303,-0.4063547749457521,0.2961862077684568,0.9807325793277929,-0.9817707405740793,-1.0364336425375131,-0.6515377383555188,-0.9807325793278037,0.871701973796179,-0.7749553489927752,-0.7948908532778661,1.2718406805110285,0.011121965752358012,-0.18600384606161657,0,1,0,1,0,0,0,0,0,1,0,0,0,0,0,0,0,0,0,0,0,0,1,0,0,0,0,0,0,0,0,1,0,0,0,0,0,0,0,0,0,0,0,1,0,0,0,0,0,1,0,1,0,0,1,0,0,0,0,1,0,0,0,1,0,0,0,0,0,0,0,1,0,0,0,0,0,1,0,0,0,0,0,0,0,0,0,0,0,0,0,0
-0.6601503770876779,-0.7605315720080802,1.412783515790431,-1.9975643394795768,-0.4794758203104481,-0.9019267788874382,-0.44522184731213893,-1.6759029461707264,-0.8238649762007128,0.009759465477002306,-1.3386995878348875,-0.2979228845482058,-0.2943753210498943,0.5250384658523108,-1.014992526986205,0.09007528860957555,-0.023796961992800816,-0.6515377383555188,1.014992526986194,-0.9743562760246447,-0.7749553489927752,-0.7948908532778661,1.2718406805110285,1.3805099308722917,-1.355839355883106,0,1,0,0,0,1,0,0,0,0,0,0,0,0,0,0,0,0,0,0,0,1,0,0,0,0,0,0,1,0,0,0,0,0,0,0,0,0,0,0,0,0,0,0,1,0,0,0,0,1,0,1,0,0,0,1,0,1,0,0,0,0,0,1,0,0,1,0,0,0,0,0,1,0,0,0,0,0,0,0,1,0,0,0,0,0,0,0,0,0,0,1
-0.694916176233881,-1.0889130797835898,-1.0399656435679563,0.18567804247177566,-0.4794758203104481,-0.9019267788874382,0.9538505081700629,0.33909544324787283,1.1400563019893057,-1.2101737191482849,1.3621065745757797,-0.047846568583920834,-0.041384702988882076,1.042075048930648,-0.017129973829206037,1.1503760686950046,-0.5301153022651569,-0.6515377383555188,0.017129973829195105,0.04317653208136333,-0.7749553489927752,-0.7948908532778661,1.2718406805110285,0.46855686750796205,0.9838316637598726,0,1,0,1,1,0,0,0,0,1,0,0,0,0,0,1,0,0,0,0,0,0,0,0,0,0,0,0,0,0,0,0,1,0,0,0,0,0,0,0,0,0,0,0,0,0,0,0,0,0,0,0,1,0,0,0,0,0,0,1,0,0,0,0,1,0,0,0,0,0,0,1,1,0,0,1,1,0,0,0,0,0,0,0,0,0,0,0,0,0,0,0
1.2085113270207395,0.9908364694613041,-1.0399656435679563,0.7995805098878367,0.8269978045136612,-0.9019267788874382,0.9538505081700629,0.19516698686083,2.1220169410843153,1.2296926501022896,1.3621065745757797,-0.0416971509782417,1.4641168438332068,0.28876969940462816,-0.349750824881539,-1.0603529199200665,-0.023796961992800816,-0.6515377383555188,0.34975082488152803,0.04317653208136333,-0.5555237515561613,1.718940734319244,-0.9053707861626996,0.04292257343578542,2.7385849284921067,1,0,1,0,1,0,0,1,0,0,0,0,0,0,0,0,0,0,0,0,0,0,0,0,0,0,0,0,0,0,0,0,0,1,0,0,0,0,0,0,0,0,0,0,0,0,0,0,0,0,0,0,1,0,0,1,0,0,0,1,0,0,0,1,0,0,0,0,0,0,1,0,0,0,0,0,0,0,0,0,0,0,0,1,0,0,0,0,0,0,0,0
1.738689764000337,1.5381389824204867,-1.0399656435679563,-2.0048170918979884,-0.4794758203104481,0.013421518764392982,-0.35266235305631893,-0.524475295074384,-0.8238649762007128,-1.2101737191482849,-0.4384308670313317,-1.1629409610804047,-1.3519590522885518,-1.6829620241789482,-0.5160612504077055,-1.7519505836428069,-0.5301153022651569,-0.6515377383555188,0.5160612504076945,-0.24680737251882215,1.1999290279367514,-0.7948908532778661,-0.3610679194942681,-1.3114289115785698,-1.355839355883106,1,0,1,0,1,0,0,0,0,0,0,0,0,0,0,0,0,0,0,0,0,1,0,0,0,0,0,0,0,0,0,0,0,0,0,0,0,0,1,0,0,0,0,1,0,0,0,0,1,0,0,0,0,1,0,0,1,0,0,1,0,0,0,0,0,1,1,0,0,0,0,0,0,0,0,0,0,0,0,0,0,0,0,0,0,0,1,0,0,0,1,0
-1.2250946132134786,-1.6362155927427724,1.412783515790431,1.4935091099206097,-0.4794758203104481,-0.9019267788874382,0.9538505081700629,-0.6684037514614268,-0.8238649762007128,1.2296926501022896,-1.3386995878348875,-1.3146265953538234,-1.3229273420192553,-1.7931501484415446,1.6459742814324587,1.1012156531799795,-1.0364336425375131,-0.6515377383555188,-1.6459742814324694,0.04317653208136333,0.5416342356269089,0.5762900126841938,-0.9053707861626996,-1.6238777389866845,-0.7709216009723612,0,1,1,0,0,0,1,0,0,0,0,0,0,0,0,1,0,0,0,0,0,0,0,0,0,0,0,0,0,0,0,0,0,0,0,1,0,0,0,0,0,0,0,0,1,0,0,0,0,0,1,0,0,1,1,0,0,0,0,1,0,0,0,0,0,0,0,1,0,0,0,0,0,0,0,0,0,0,0,0,0,0,0,0,0,0,0,1,0,0,1,0
0.05254850540948594,-0.21322905904889758,1.412783515790431,-0.8520801933965441,-0.4794758203104481,1.2482443203025497,0.9538505081700629,-0.3805468386873412,-0.8238649762007128,0.009759465477002306,0.461837853772224,-1.281829701456868,-1.4120961664178089,-1.7279908249593363,-1.014992526986205,-0.6197713172361666,-1.542751982809869,-0.6515377383555188,1.014992526986194,1.5940725932912838,0.5416342356269089,-1.1376860697683815,0.45538638050838015,-1.5030043463948393,-0.18600384606161657,1,0,0,1,1,0,1,0,0,0,0,0,0,0,0,0,0,0,1,0,0,0,0,0,0,0,0,0,0,0,0,0,0,0,0,0,0,0,0,1,0,0,0,1,0,0,0,0,0,0,1,0,0,1,0,0,1,0,0,0,0,1,0,0,0,0,1,0,0,0,0,0,1,0,1,0,0,0,0,1,0,0,0,0,0,0,0,0,0,0,1,0
1.1389797287283332,1.209757474644977,-0.22238259044849376,1.1549244023876422,2.1334714293377703,1.3308051471495776,-0.16398338399637824,0.051238530473787215,1.1400563019893057,1.2296926501022896,1.3621065745757797,0.23502664127731956,-0.644829537872116,-0.8729733607293813,0.6481117282754599,-0.6819666914104788,0.9888397185519114,1.5348305111596448,-0.6481117282754707,0.8406322697318733,2.1873712164015147,-0.28069802854209364,-1.5857493694982387,-0.8713176463615865,2.1536671735813617,0,1,0,0,1,0,1,0,0,0,0,0,0,0,0,0,0,0,0,0,0,1,0,0,0,0,0,0,0,0,0,0,0,0,0,0,0,0,0,0,0,0,1,0,1,0,0,0,0,0,0,0,1,0,1,0,0,0,0,0,1,0,0,0,0,0,0,0,0,0,1,0,0,1,0,1,0,0,0,0,0,0,0,0,0,0,0,0,1,0,0,0
-1.677050002114119,0.11515244872661197,1.412783515790431,-0.15864330539213845,-0.4794758203104481,-0.040422498744538266,0.9538505081700629,-0.8123322078484696,1.1400563019893057,0.009759465477002306,-1.3386995878348875,0.4687045102931269,0.4811860818584546,-0.20707685977705576,-0.1834403993553725,0.11204850463523072,-1.542751982809869,-0.6515377383555188,0.18344039935536155,0.664570613367475,0.840859141222292,0.8879220276755714,-1.4001915740430917,0.005347722494766605,-0.18600384606161657,0,1,0,1,0,0,0,0,1,0,0,0,0,0,0,0,0,0,0,1,0,0,0,0,0,0,0,0,0,0,0,0,0,0,0,0,0,0,1,0,0,0,0,0,0,0,0,1,0,0,0,0,1,0,0,0,0,0,1,0,0,0,0,1,0,0,0,0,0,0,0,1,1,0,1,0,0,0,0,1,0,0,0,0,0,0,0,0,0,0,1,0
-0.538470080075967,-0.6510710694162436,1.412783515790431,0.43530384887270007,1.6979802210630675,-0.9019267788874382,0.9538505081700629,-0.09268992591325557,-0.8238649762007128,0.009759465477002306,1.3621065745757797,-0.1339384150634288,1.2774844206734437,1.2232497532470326,0.6481117282754599,0.9455410040490665,-0.5301153022651569,-0.6515377383555188,-0.6481117282754707,0.04317653208136333,-1.1041027451476964,0.5762900126841938,0.45538638050838015,0.6470494343043534,0.39891390884912803,1,0,0,0,0,0,0,1,0,0,0,0,0,1,0,0,0,0,0,0,0,0,0,0,0,0,0,0,0,1,0,0,0,0,0,0,0,0,0,0,0,0,0,0,0,0,0,1,0,1,0,0,1,0,0,1,0,0,1,0,0,0,0,0,0,0,1,0,0,0,0,0,0,1,1,0,0,0,0,0,0,0,0,0,0,0,1,0,0,0,1,0
0.5914183921756342,0.4435339565021215,-0.22238259044849376,0.09311325313170908,-0.4794758203104481,-0.9019267788874382,0.9538505081700629,-0.9562606642355124,1.1400563019893057,0.009759465477002306,0.461837853772224,-0.012999868818405716,1.5221802643717999,1.1141211301792686,0.14918045169696045,0.892656314631388,0.48252137827955527,-0.6515377383555188,-0.14918045169697136,0.04317653208136333,-0.9544902923500049,0.8879220276755714,0.08427078959808616,0.7961138098878074,0.9838316637598726,0,1,0,0,1,0,0,0,0,0,1,0,1,0,0,0,0,0,0,0,0,0,0,0,0,0,1,0,0,0,0,0,0,0,0,0,0,0,0,0,0,0,0,0,1,0,0,0,0,0,0,0,1,0,1,0,0,0,0,0,0,0,0,0,0,0,0,0,0,0,0,1,1,0,0,1,1,0,0,0,0,0,0,0,0,0,0,0,0,0,1,0
-1.1729459144941738,-1.4172945875590992,1.412783515790431,-1.3591172466475347,-0.4794758203104481,-0.9019267788874382,0.9538505081700629,0.33909544324787283,-0.8238649762007128,1.2296926501022896,0.461837853772224,-0.4455089070845052,0.6470815691115773,0.49855093598149447,0.4818013027492934,-0.5691211921600802,-0.5301153022651569,-0.6515377383555188,-0.48180130274930427,0.04317653208136333,-1.1041027451476964,0.5762900126841938,0.45538638050838015,0.9942288262267212,0.39891390884912803,0,0,0,0,0,0,1,0,0,0,0,0,0,0,0,0,1,0,0,0,0,0,0,0,0,0,0,0,0,0,0,0,0,0,0,0,0,0,0,0,0,0,0,0,0,0,1,0,0,1,0,0,0,0,1,0,0,1,0,0,1,0,0,0,0,0,1,0,0,0,0,0,0,0,0,0,1,0,0,0,0,0,0,0,0,0,0,0,0,0,0,0
-1.442380857877248,-1.1983735823754262,-0.22238259044849376,-0.9709925522566034,-0.4794758203104481,-0.9019267788874382,-0.459461769505342,0.7708808124090012,-0.8238649762007128,1.2296926501022896,-0.4384308670313317,-1.2285347488743155,-1.3851381497391764,-1.7422940910895772,-0.1834403993553725,0.938464883634025,-1.0364336425375131,-0.6515377383555188,0.18344039935536155,-0.9847128440460798,1.1999290279367514,-0.7948908532778661,-0.3610679194942681,-1.4904202816893908,-0.18600384606161657,0,1,1,0,1,0,0,0,0,1,0,0,0,0,0,0,0,0,0,0,0,0,0,1,0,0,0,0,0,0,0,0,0,0,0,0,0,0,0,0,0,0,1,1,0,0,0,0,0,0,1,0,0,1,0,0,1,0,0,0,0,0,0,0,0,0,0,0,0,0,0,1,1,0,0,0,0,1,0,0,0,0,0,0,0,0,0,0,0,1,0,0
1.0781395802224778,0.771915464277631,-1.0399656435679563,0.23845513351648795,-0.4794758203104481,-0.011705689406441601,0.9538505081700629,-1.6759029461707264,-0.8238649762007128,1.2296926501022896,1.3621065745757797,1.095945106072399,-0.20935388383266884,0.6987966618048668,-1.1813029525123715,0.7760865414783359,-1.542751982809869,-0.6515377383555188,1.1813029525123604,0.6852837494103454,0.840859141222292,-0.9818700622726926,0.08427078959808616,0.3937403124301455,0.9838316637598726,0,0,0,1,0,0,0,0,1,0,0,0,0,0,0,0,0,0,0,1,0,0,0,0,0,0,0,0,0,0,0,1,0,0,0,0,0,0,0,0,0,0,0,1,0,0,0,0,0,1,0,1,0,0,0,1,0,0,1,0,0,0,0,0,0,1,0,1,0,0,0,0,1,0,1,0,0,0,0,0,0,0,0,0,0,1,0,0,0,0,0,1
0.6696414402545912,0.4435339565021215,-0.22238259044849376,1.060351788931744,2.1334714293377703,-0.9019267788874382,0.9538505081700629,1.3465946379571725,1.1400563019893057,0.009759465477002306,-1.3386995878348875,0.37441344033938007,0.385796176687909,0.1981823472464359,-1.014992526986205,1.1686250108180065,0.48252137827955527,-0.6515377383555188,1.014992526986194,0.04317653208136333,0.28844393089235454,0.3126013846145672,-0.4866762733408288,-0.16429182628524816,-0.18600384606161657,0,1,0,0,1,1,0,0,0,0,0,0,0,0,0,0,0,0,1,0,0,0,0,0,0,0,0,1,0,0,0,0,0,0,0,0,0,0,0,0,0,0,0,0,1,0,0,0,0,0,0,0,1,0,1,0,0,1,0,0,0,0,0,1,0,0,0,0,0,1,0,0,0,0,0,0,0,1,0,0,0,0,0,0,0,0,0,0,0,0,0,1
0.36544069772531396,0.5529944590939581,1.412783515790431,1.6094302206081037,-0.4794758203104481,-0.9019267788874382,-1.132298093134187,0.914809268796044,-0.8238649762007128,0.009759465477002306,0.461837853772224,0.7638765553657255,-0.37732306467645566,0.35551827467908564,0.6481117282754599,0.08746829687771815,1.4951580588242674,1.5348305111596448,-0.6481117282754707,-1.474060683058893,0.840859141222292,-0.9818700622726926,0.08427078959808616,-0.266045870876514,-0.18600384606161657,0,1,1,0,1,1,0,0,0,0,0,0,0,0,1,0,0,0,0,0,0,0,0,0,0,0,0,0,0,0,0,0,0,0,0,0,0,0,0,0,0,0,0,0,1,0,0,0,0,1,0,0,0,0,0,0,0,0,1,0,1,0,0,0,0,0,0,1,0,0,0,0,0,1,0,1,0,0,0,0,0,1,0,0,0,0,0,0,0,1,0,0
0.8173960866259544,1.1002969720531406,-1.0399656435679563,0.7974087817625497,-0.4794758203104481,0.8139025790638376,0.9538505081700629,0.7708808124090012,-0.8238649762007128,1.2296926501022896,0.461837853772224,-0.9477113448816349,-0.3690282903137995,-0.9672689670694878,1.1470430048539593,-0.9151062377165831,0.9888397185519114,1.5348305111596448,-1.1470430048539701,1.2807864106428692,-0.7749553489927752,1.2618804456652244,-0.3610679194942681,-0.9908935717205132,0.39891390884912803,0,1,1,0,0,1,0,0,0,0,0,0,0,0,0,0,0,1,0,0,0,0,0,0,0,0,0,0,0,0,0,1,0,0,0,0,0,0,0,0,0,0,0,0,0,1,0,0,0,1,0,0,0,0,1,0,0,0,0,0,1,0,0,0,0,0,0,0,0,0,0,1,0,0,0,0,0,0,0,0,0,0,1,0,0,0,0,0,0,1,0,0
1.0955224797955794,1.209757474644977,-0.22238259044849376,-1.1389122099438962,-0.4794758203104481,-0.9019267788874382,0.9538505081700629,1.0587377251830867,-0.8238649762007128,-1.2101737191482849,-1.3386995878348875,0.3047200408083498,0.3152905946053318,-0.35540702705362787,-1.680234229090871,-0.11848404993901608,-0.5301153022651569,-0.6515377383555188,1.6802342290908596,0.04317653208136333,0.840859141222292,0.8879220276755714,-1.4001915740430917,0.2585888668923264,-1.9407571107938504,0,0,0,1,0,0,1,0,0,0,0,0,0,0,0,0,0,0,0,0,0,1,0,0,0,0,0,0,0,0,0,0,0,0,0,0,0,0,0,0,0,0,1,0,0,0,0,0,0,1,0,0,1,0,0,1,0,1,0,0,1,0,0,0,0,0,0,1,0,0,0,0,0,1,0,0,0,0,1,0,0,0,0,0,0,0,0,0,0,1,0,0
1.3736488729652043,1.209757474644977,-1.0399656435679563,-0.2379318699662999,1.2624890127883643,1.000561839761466,-1.627135389347994,0.7708808124090012,1.1400563019893057,0.009759465477002306,-0.4384308670313317,-0.22412987328005615,-0.21972235178598903,0.34174475914626107,-1.680234229090871,-0.5385821461583221,-0.5301153022651569,-0.6515377383555188,1.6802342290908596,-0.4617061589636025,-0.5555237515561613,-0.5663607089508563,0.9089721027320734,0.15610437408707661,0.39891390884912803,0,0,1,0,1,0,0,0,0,0,0,0,0,0,0,0,0,0,0,0,0,1,0,0,0,1,0,0,0,0,0,0,0,0,0,0,0,0,0,0,0,0,0,0,0,0,0,1,0,0,0,0,1,0,0,1,0,1,0,0,1,0,0,0,0,0,1,0,0,0,0,0,1,0,0,0,0,0,0,0,0,0,0,1,0,0,0,0,0,1,0,0
0.3219834487925601,-0.10376855645706107,1.412783515790431,-1.0374146520884975,-0.4794758203104481,-0.9019267788874382,0.9538505081700629,1.634451550731258,1.1400563019893057,-1.2101737191482849,1.3621065745757797,1.1369412234435934,1.1572101924149298,0.7411767095981732,0.4818013027492934,1.5902128165983738,0.9888397185519114,1.5348305111596448,-0.48180130274930427,0.04317653208136333,0.5416342356269089,0.5762900126841938,-0.9053707861626996,1.3746968492841367,0.9838316637598726,1,0,0,0,0,0,0,0,0,0,0,0,0,0,0,0,0,0,0,0,0,0,1,0,0,0,0,0,0,0,0,0,0,0,1,0,0,0,0,0,0,0,0,1,0,0,0,0,0,0,0,0,1,0,0,0,0,1,0,0,0,0,0,0,1,0,0,0,0,0,0,0,1,0,0,1,0,0,0,0,0,0,0,0,0,0,0,0,0,0,0,1
0.35674924793876317,0.2246129513184485,1.412783515790431,-0.181958650737202,-0.4794758203104481,-0.026064094075489937,-1.1999377235519018,-1.1001891206225551,-0.8238649762007128,-1.2101737191482849,-0.4384308670313317,-0.01709948055552514,1.5138854900091436,0.7162784315196057,-1.014992526986205,-1.571323299364116,-0.5301153022651569,-0.6515377383555188,1.014992526986194,-0.8915037318531631,-0.7749553489927752,1.2618804456652244,-0.3610679194942681,0.6850500409414106,-1.355839355883106,1,0,0,1,1,0,0,0,0,1,0,0,0,1,0,0,0,0,0,0,0,0,0,0,1,0,0,0,0,0,0,0,0,0,0,0,0,0,0,0,0,0,0,0,0,0,1,0,0,1,0,0,0,0,0,1,0,0,0,0,1,0,0,0,0,0,0,0,0,0,0,1,0,1,0,1,0,0,0,0,0,0,1,0,0,0,0,0,0,0,0,1
1.4518719210441613,1.4286784798286503,-0.22238259044849376,-0.05509694741854442,2.5689626376124735,-0.9019267788874382,-0.366902275249522,-1.3880460333966407,0.15809566289429652,1.2296926501022896,-1.3386995878348875,-0.12163957985207051,1.3023687437614122,1.6142056941402834,0.8144221538016264,0.5969489667607063,1.4951580588242674,1.5348305111596448,-0.8144221538016372,-0.9173951519067511,-1.2306978975149736,0.3126013846145672,0.7694072651247837,1.1274187039887604,-0.18600384606161657,0,0,1,0,0,0,1,0,0,0,0,0,0,0,0,0,0,1,0,0,0,0,0,0,0,0,0,0,0,0,0,0,0,0,0,0,1,0,0,0,0,0,0,0,0,1,0,0,0,0,0,1,0,0,1,0,0,0,1,0,1,0,0,0,0,0,0,0,0,0,1,0,0,1,1,0,0,0,0,0,0,0,0,0,0,0,0,0,0,0,0,1
1.2085113270207395,1.4286784798286503,-0.22238259044849376,-0.8333951363186025,-0.4794758203104481,-0.9019267788874382,0.9538505081700629,-1.3880460333966407,-0.8238649762007128,-1.2101737191482849,0.461837853772224,1.138991029312153,-0.6365347635094599,-0.4036143314185138,-0.017129973829206037,0.012982818824649706,-1.542751982809869,-0.6515377383555188,0.017129973829195105,0.04317653208136333,2.6362085747945883,-0.9818700622726926,-1.4001915740430917,0.05930768913175113,-0.7709216009723612,0,0,0,1,0,0,0,0,0,0,0,0,0,0,0,0,0,0,0,1,0,0,0,0,0,0,1,0,0,0,0,0,0,0,0,0,0,0,0,0,0,0,0,1,0,0,0,0,0,1,0,0,0,0,0,0,0,0,1,0,1,0,0,0,0,0,0,0,0,0,0,0,1,0,0,0,0,0,0,0,0,0,0,0,0,0,0,1,0,0,0,1
1.504020619763466,1.5381389824204867,-1.0399656435679563,1.7915685511156725,-0.4794758203104481,-0.9019267788874382,-1.3245370427424288,-0.23661838230029839,1.1400563019893057,0.009759465477002306,1.3621065745757797,-0.1790341441717425,-0.17410109279138028,0.42332635114837575,1.6459742814324587,0.7459199228668432,-1.0364336425375131,-0.6515377383555188,-1.6459742814324694,-1.613874351348268,-0.5555237515561613,-0.5663607089508563,0.9089721027320734,-0.3618032737017543,1.5687494186706172,0,0,0,0,0,0,0,0,1,0,0,0,1,0,0,0,0,0,0,0,0,0,0,0,0,0,0,0,0,0,0,0,0,0,1,0,0,0,0,0,0,0,0,0,0,0,1,0,0,0,0,0,0,0,0,1,0,1,0,0,0,0,0,0,0,1,0,1,0,0,0,0,0,1,0,0,0,0,0,0,0,0,0,0,0,1,0,0,0,0,1,0
-0.43417268263735764,-0.21322905904889758,-0.22238259044849376,3.2419551307885395,-0.4794758203104481,-0.9019267788874382,-1.459816303577858,-1.3880460333966407,-0.8238649762007128,-1.2101737191482849,1.3621065745757797,1.4403124919904309,-0.03516362221688997,1.0547890632686399,-0.8486821014600384,-1.0920092480926205,0.48252137827955527,-0.6515377383555188,0.8486821014600274,-1.7122617475519022,0.840859141222292,-0.9818700622726926,0.08427078959808616,-0.2001783725788985,-0.18600384606161657,0,0,1,0,0,0,0,0,1,0,0,0,0,0,1,0,0,0,0,0,0,0,0,0,0,0,0,0,0,0,1,0,0,0,0,0,0,0,0,0,0,0,0,0,1,0,0,0,0,1,0,1,0,0,1,0,0,0,1,0,0,0,0,1,0,0,1,0,0,0,0,0,1,0,0,0,0,0,0,0,0,0,0,0,0,0,0,0,0,0,0,1
-0.3298752851987483,-0.5416105668244071,-0.22238259044849376,-0.7075988090614065,-0.4794758203104481,1.4528515868364884,-1.474056225771061,0.914809268796044,-0.8238649762007128,-1.2101737191482849,0.461837853772224,-0.5234015300897743,-0.5224816160229381,0.3173762316651099,-0.017129973829206037,-1.7169424089578647,-1.542751982809869,-0.6515377383555188,0.017129973829195105,-0.024141160057965443,-0.9544902923500049,-0.9818700622726926,1.5687331532392639,0.233946673966352,-0.7709216009723612,0,1,0,0,0,0,1,0,0,0,0,0,0,0,0,0,1,0,0,0,0,0,0,0,0,0,0,0,0,0,0,0,0,0,0,0,0,0,0,0,0,0,0,0,0,0,0,1,0,1,0,0,1,0,0,1,0,0,1,0,1,0,0,0,0,0,1,0,0,0,0,0,0,0,0,1,0,0,0,0,0,1,0,0,0,0,0,0,0,1,0,0
0.8173960866259544,0.771915464277631,-0.22238259044849376,-0.48346007613083264,2.1334714293377703,0.4226360518322705,-1.0041387933953594,0.914809268796044,-0.8238649762007128,1.2296926501022896,1.3621065745757797,-0.8985160040362018,-0.2694909979619258,-0.7166969344915642,-0.017129973829206037,-0.7046847622166647,-1.542751982809869,-0.6515377383555188,0.017129973829195105,-0.4254581708885793,-0.9544902923500049,0.8879220276755714,0.08427078959808616,-0.5806202502766789,0.9838316637598726,0,1,0,1,1,0,0,1,0,0,0,0,0,0,0,0,0,0,0,1,0,0,0,0,0,0,0,0,0,0,1,0,0,0,0,0,0,0,0,0,0,0,0,0,0,1,0,0,0,1,0,0,1,0,1,0,0,0,0,1,0,0,0,1,0,0,0,0,0,0,0,0,0,0,0,1,0,0,0,0,0,0,0,0,0,0,0,0,1,1,0,0
0.2698347500732554,0.334073453910285,-1.0399656435679563,-0.7530821716853443,-0.4794758203104481,0.530324086850133,-1.1892577819069996,-0.6684037514614268,2.1220169410843153,1.2296926501022896,-0.4384308670313317,-0.10729093877215251,-0.10152181711813907,0.9191729103300597,0.14918045169696045,1.5552046419134318,-0.5301153022651569,-0.6515377383555188,-0.14918045169697136,-0.4824192950064729,-0.7749553489927752,-0.7948908532778661,1.2718406805110285,0.8384483561212043,1.5687494186706172,1,0,1,0,0,0,0,0,0,1,0,0,0,0,0,0,1,0,0,0,0,0,0,0,0,0,0,0,0,0,0,1,0,0,0,0,0,0,0,0,0,0,0,0,0,0,0,0,0,0,0,0,1,0,0,1,0,0,1,0,0,0,0,0,0,1,0,0,0,0,0,1,1,0,0,1,0,0,0,0,0,0,0,0,0,0,0,1,0,0,1,0
-0.27772658647944365,-0.43215006423257063,1.412783515790431,-0.1531115450730113,-0.4794758203104481,1.3810595634912468,-1.4918561285125649,1.0587377251830867,1.1400563019893057,1.2296926501022896,-1.3386995878348875,1.4485117154646696,1.472411618195863,0.6791958897004626,-1.014992526986205,-0.3624239905628152,1.4951580588242674,1.5348305111596448,1.014992526986194,-0.08886971019193542,0.840859141222292,0.8879220276755714,-1.4001915740430917,0.8789945371380657,0.39891390884912803,0,0,0,0,1,0,0,0,1,0,0,0,0,0,0,1,0,0,0,0,0,0,0,0,0,0,0,0,0,0,0,0,0,0,0,0,1,0,0,0,0,0,0,0,0,1,0,0,0,0,0,1,0,0,0,0,0,0,0,1,0,1,0,0,0,0,0,1,0,0,0,0,1,0,0,0,0,0,0,0,0,0,0,0,1,0,0,0,0,1,0,0
-1.5379868055293064,-1.1983735823754262,1.412783515790431,0.47275591503331094,-0.4794758203104481,-0.9019267788874382,-0.2031431700276867,-0.23661838230029839,1.1400563019893057,-1.2101737191482849,0.461837853772224,-0.425010848398908,0.688555440924858,-0.02166415068134062,1.6459742814324587,0.8792489285818357,-0.5301153022651569,-0.6515377383555188,-1.6459742814324694,-0.7982946196602464,-0.7749553489927752,1.2618804456652244,-0.3610679194942681,-0.190736981888709,0.39891390884912803,1,0,0,0,1,0,0,1,0,0,0,0,0,0,1,0,0,0,0,0,0,0,0,0,0,0,0,0,0,0,0,0,0,0,0,0,0,1,0,0,0,0,0,0,1,0,0,0,0,0,0,0,0,0,0,0,0,0,1,0,0,0,1,0,0,0,0,0,0,0,1,0,1,0,0,1,1,0,0,0,0,0,0,0,0,0,0,0,0,0,1,0
1.9472845588775556,1.6475994850123232,1.412783515790431,1.023596314811319,-0.4794758203104481,-0.9019267788874382,0.0852152543846755,0.6269523560219584,1.1400563019893057,0.009759465477002306,-1.3386995878348875,1.0918454943352796,-0.2114275774233329,1.032539538177154,0.6481117282754599,-0.2734138442893984,-0.023796961992800816,-0.6515377383555188,-0.6481117282754707,-0.5885741172261837,0.5416342356269089,-1.1376860697683815,0.45538638050838015,0.2865857060436181,-0.18600384606161657,1,0,0,0,1,0,0,0,0,1,0,0,0,0,0,0,0,0,0,0,0,0,0,1,0,0,0,0,0,0,0,0,0,0,1,0,0,0,0,0,0,0,0,0,0,0,1,0,0,0,0,0,1,0,1,0,0,1,0,0,1,0,0,0,0,0,0,0,0,0,1,0,0,0,1,0,0,0,0,0,0,0,0,0,1,0,0,0,0,0,0,0
-0.9122024208976505,-0.7605315720080802,-0.22238259044849376,-0.8121285910917343,0.8269978045136612,-0.9019267788874382,0.9538505081700629,0.7708808124090012,-0.8238649762007128,0.009759465477002306,-0.4384308670313317,-0.5869455120151253,-0.5867661173335231,-0.3146162310525705,-1.014992526986205,-1.7013004585667204,0.9888397185519114,1.5348305111596448,1.014992526986194,0.04317653208136333,-0.5555237515561613,-0.5663607089508563,0.9089721027320734,-0.19909276565312453,-0.7709216009723612,1,0,0,0,1,0,0,1,0,0,0,0,1,0,0,0,0,0,0,0,0,0,0,0,0,0,0,0,0,0,0,0,1,0,0,0,0,0,0,0,0,0,0,0,0,0,1,0,0,1,0,0,0,0,0,1,0,1,0,0,1,0,0,0,0,0,0,0,0,0,0,0,0,1,0,0,0,0,0,1,0,0,0,0,0,0,0,0,0,1,0,0
-0.8426708226052443,-1.4172945875590992,1.412783515790431,-1.3287130528935156,-0.4794758203104481,0.5554512950209676,0.9538505081700629,-1.3880460333966407,1.1400563019893057,1.2296926501022896,1.3621065745757797,1.4075155980934755,-0.05175317094220225,1.020885025033995,-1.5139238035647045,0.6572822039836916,0.9888397185519114,1.5348305111596448,1.5139238035646931,1.0943681862570356,0.840859141222292,-0.9818700622726926,0.08427078959808616,1.6486149282502471,2.1536671735813617,0,0,0,1,1,0,0,0,1,0,0,0,0,0,0,0,0,0,0,0,0,1,0,0,0,0,0,0,0,1,0,0,0,0,0,0,0,0,0,0,0,0,0,0,0,1,0,0,0,0,0,1,0,0,0,1,0,1,0,0,0,0,0,1,0,0,1,0,0,0,0,0,0,0,0,0,1,0,0,0,0,0,0,0,0,0,0,0,0,0,0,1
0.5914183921756342,0.2246129513184485,1.412783515790431,1.4420842269539051,-0.4794758203104481,0.2934104098108355,0.5764925700501815,1.0587377251830867,-0.8238649762007128,0.009759465477002306,-0.4384308670313317,-0.1995322028573396,1.1447680308709456,0.7284626952601813,0.8144221538016264,1.4702911969329338,-1.542751982809869,-0.6515377383555188,-0.8144221538016372,0.6309117672978106,-0.9544902923500049,0.8879220276755714,0.08427078959808616,0.016691846738537262,-0.7709216009723612,0,1,0,1,0,0,0,0,0,0,0,0,0,0,1,0,0,0,0,0,0,0,0,0,0,0,0,0,0,0,0,0,0,0,0,0,0,0,1,0,0,0,0,0,0,1,0,0,0,1,0,0,1,0,0,0,0,0,1,0,1,0,0,0,0,0,0,0,0,0,0,1,1,0,1,0,0,0,0,0,0,0,0,0,0,1,0,0,0,1,0,0
-0.46024703199701,-0.21322905904889758,-0.22238259044849376,1.9346977273728003,-0.4794758203104481,1.0364578514340868,0.9538505081700629,-1.6759029461707264,-0.8238649762007128,0.009759465477002306,-0.4384308670313317,-0.8001253223453355,-0.8024302507625827,-0.32627074419572977,-1.014992526986205,1.296367605679019,1.4951580588242674,1.5348305111596448,1.014992526986194,1.4413132149751147,-0.9544902923500049,-0.9818700622726926,1.5687331532392639,-0.8651111939371224,-0.7709216009723612,1,0,0,1,0,0,0,0,0,1,0,0,0,0,1,0,0,0,0,0,0,0,0,0,0,0,0,0,0,0,1,0,0,0,0,0,0,0,0,0,0,0,0,0,0,1,0,0,0,1,0,0,0,0,1,0,0,1,0,0,0,0,0,0,0,1,0,0,0,1,0,0,0,1,1,0,0,0,0,0,0,0,0,0,0,0,1,0,0,0,0,1
0.3915150470849663,0.4435339565021215,-0.22238259044849376,1.0737919177071056,-0.4794758203104481,-0.9019267788874382,0.9538505081700629,0.6269523560219584,-0.8238649762007128,-1.2101737191482849,-1.3386995878348875,-0.42706065426746775,-0.42501801726172844,0.2580441647544811,1.6459742814324587,-1.5750475732667695,-1.542751982809869,-0.6515377383555188,-1.6459742814324694,0.04317653208136333,-0.7749553489927752,-0.7948908532778661,1.2718406805110285,-0.34665761906821196,-1.9407571107938504,0,0,1,0,0,0,0,0,1,0,0,1,0,0,0,0,0,0,0,0,0,0,0,0,0,0,0,0,0,1,0,0,0,0,0,0,0,0,0,0,0,0,0,0,0,1,0,0,0,1,0,0,0,0,0,0,0,1,0,0,0,0,0,1,0,0,0,0,0,0,1,0,1,0,0,1,0,0,0,0,0,0,0,0,0,1,0,0,0,0,0,0
-0.23426933754668974,-0.10376855645706107,1.412783515790431,1.1628327708438764,-0.4794758203104481,-0.9019267788874382,-1.6983350003140094,1.2026661815701296,-0.8238649762007128,1.2296926501022896,-1.3386995878348875,-0.012999868818405716,-0.006131911947593489,1.1141211301792686,-0.6823716759338719,-1.3467495830341145,1.4951580588242674,1.5348305111596448,0.6823716759338609,-1.8857342619109416,-0.7749553489927752,-0.7948908532778661,1.2718406805110285,0.16566080035722433,-0.7709216009723612,0,0,0,0,0,1,0,0,0,0,0,0,0,0,0,0,0,0,0,0,0,0,0,0,0,0,0,0,0,0,0,0,0,0,0,0,0,0,0,1,0,0,0,0,1,0,0,0,0,1,0,0,0,0,0,0,0,0,1,0,0,0,0,0,1,0,1,0,0,0,0,0,0,1,0,0,0,0,1,0,0,0,0,0,0,0,0,0,0,1,0,0
-0.12128049032152963,0.11515244872661197,1.412783515790431,-1.1932054130760736,-0.4794758203104481,0.4226360518322705,-0.9578590462674496,-0.23661838230029839,-0.8238649762007128,1.2296926501022896,-0.4384308670313317,-1.3945690242276523,-1.4038013920551526,-1.7422940910895772,-0.6823716759338719,-0.6745181436051719,-1.542751982809869,-0.6515377383555188,0.6823716759338609,-0.3917993248189149,-0.7749553489927752,-0.7948908532778661,1.2718406805110285,-1.5121674918441015,-0.18600384606161657,0,1,0,1,0,0,0,1,0,0,0,0,0,1,0,0,0,0,0,0,0,0,0,0,0,0,0,1,0,0,0,0,0,0,0,0,0,0,0,0,0,0,0,0,1,0,0,0,1,0,0,0,0,1,0,0,1,0,0,0,0,0,0,1,0,0,0,1,0,0,0,0,1,0,0,1,0,0,0,0,0,0,0,0,1,0,0,0,0,0,1,0
-0.2603436869063421,-0.3226895616407341,1.412783515790431,0.09155616504188015,-0.4794758203104481,1.00774104209599,-0.9614190268157503,1.3465946379571725,1.1400563019893057,1.2296926501022896,0.461837853772224,0.710581602783173,0.7258819255568106,0.3004242125477874,1.1470430048539593,-0.49798756061939975,0.48252137827955527,-0.6515377383555188,-1.1470430048539701,0.027641680049210533,0.5416342356269089,0.5762900126841938,-0.9053707861626996,0.2993398720059679,1.5687494186706172,0,0,0,0,0,1,0,0,0,0,0,0,0,0,0,0,0,0,0,0,0,0,1,0,0,0,0,0,0,0,0,0,0,0,0,0,1,0,0,0,0,0,0,0,0,1,0,0,0,0,0,1,0,0,0,1,0,0,0,0,1,0,0,0,0,0,0,0,0,0,1,0,1,0,0,0,0,0,0,1,0,0,0,0,0,0,0,0,0,0,0,1
-0.9469682200438536,-1.1983735823754262,-0.22238259044849376,-1.9767485302787118,-0.4794758203104481,-0.9019267788874382,-1.5488158172853772,-1.244117577009598,-0.8238649762007128,0.009759465477002306,0.461837853772224,-1.3925192183590926,-1.4680858933657377,-1.8906242583661492,1.4796638559062922,1.5216861767895509,-0.023796961992800816,-0.6515377383555188,-1.4796638559063031,-1.7769902976858722,1.1999290279367514,-0.7948908532778661,-0.3610679194942681,-1.6093132497845468,-0.18600384606161657,0,1,1,0,1,0,0,0,0,0,0,1,0,0,0,0,0,0,0,0,0,0,0,0,0,1,0,0,0,0,0,0,0,0,0,0,0,0,0,0,0,0,0,0,1,0,0,0,0,0,1,0,0,1,0,0,1,0,0,0,0,0,1,0,0,0,0,0,0,0,0,1,0,1,0,0,0,0,0,0,0,0,0,1,0,0,0,0,0,0,0,1
1.4518719210441613,1.3192179772368136,-0.22238259044849376,1.1311992970189397,-0.4794758203104481,1.262602724971598,0.07453531273977321,-0.6684037514614268,-0.8238649762007128,-1.2101737191482849,1.3621065745757797,0.021846830947109406,1.592685846454377,0.7867352609759775,1.1470430048539593,-0.5050636810344413,-1.542751982809869,-0.6515377383555188,-1.1470430048539701,0.9649110859890957,-0.7749553489927752,1.2618804456652244,-0.3610679194942681,0.22048828820413405,-0.18600384606161657,1,0,0,1,0,0,0,0,0,0,0,0,0,0,0,0,0,0,0,0,0,0,1,0,0,0,0,0,0,0,0,0,1,0,0,0,0,0,0,0,0,0,0,0,1,0,0,0,0,1,0,1,0,0,0,0,0,1,0,0,1,0,0,0,0,0,0,0,0,0,0,0,0,1,0,1,0,0,0,1,0,0,0,0,0,0,0,0,0,0,1,0
-1.755273050193076,-1.1983735823754262,-0.22238259044849376,0.3448288356531918,-0.4794758203104481,-0.9019267788874382,0.9538505081700629,1.0587377251830867,-0.8238649762007128,-1.2101737191482849,0.461837853772224,-0.1995322028573396,-0.1948380286980206,0.3862438093292327,0.4818013027492934,0.36492670262539806,0.9888397185519114,1.5348305111596448,-0.48180130274930427,0.04317653208136333,-0.5555237515561613,-0.5663607089508563,0.9089721027320734,-0.016287448638715712,-0.7709216009723612,0,0,1,0,0,0,0,1,0,0,0,0,0,0,0,0,1,0,0,0,0,0,0,0,0,0,0,0,0,0,0,0,1,0,0,0,0,0,0,0,0,0,0,1,0,0,0,0,0,1,0,0,1,0,1,0,0,1,0,0,1,0,0,0,0,0,0,0,1,0,0,0,0,1,0,1,0,0,0,0,0,0,0,0,0,1,0,0,0,1,0,0
0.5653440428159818,0.5529944590939581,-1.0399656435679563,0.16941056953330427,1.2624890127883643,-0.9019267788874382,-0.5199814388264551,0.4830238996349156,1.1400563019893057,-1.2101737191482849,-0.4384308670313317,1.5878985145267301,1.6134227823610174,1.6094379387635362,0.8144221538016264,-0.11699434037795471,1.4951580588242674,1.5348305111596448,-0.8144221538016372,-1.0287282581371795,0.28844393089235454,0.3126013846145672,-0.4866762733408288,1.3098290740966974,-0.18600384606161657,0,1,0,0,0,0,0,1,0,0,0,0,0,0,0,0,0,1,0,0,0,0,0,0,0,0,0,0,1,0,0,0,0,0,0,0,0,0,0,0,0,0,0,0,0,1,0,0,0,0,0,1,0,0,0,1,0,0,0,0,0,0,0,1,0,0,1,0,0,0,0,0,1,0,1,0,0,0,1,0,0,0,0,0,0,0,0,0,0,0,0,0
-0.8948195213245489,-1.3078340849672627,-0.22238259044849376,-3.372637026807583,-0.4794758203104481,0.027779923433441316,0.9538505081700629,-0.6684037514614268,-0.8238649762007128,-1.2101737191482849,1.3621065745757797,-1.281829701456868,-1.4120961664178089,-1.790501395454463,0.6481117282754599,-0.6912773761671124,0.48252137827955527,-0.6515377383555188,-0.6481117282754707,0.7137643114692922,1.1999290279367514,-0.7948908532778661,-0.3610679194942681,-1.224366404999663,-0.18600384606161657,0,0,1,0,1,0,0,0,0,1,0,0,0,0,0,0,1,0,0,0,0,0,0,0,0,0,0,0,0,0,0,0,1,0,0,0,0,0,0,0,0,0,0,0,1,0,0,0,1,0,0,0,0,1,1,0,0,0,0,0,0,0,0,1,0,0,0,1,0,0,0,0,1,0,0,0,0,0,0,0,0,0,0,1,0,0,0,0,0,0,1,0
-0.9556596698304044,-0.9794525771917532,1.412783515790431,-0.9459971908146203,-0.4794758203104481,-0.9019267788874382,-0.918699260236141,1.0587377251830867,-0.8238649762007128,0.009759465477002306,1.3621065745757797,-0.20978123220013817,-0.20520649665134078,0.7072726713635281,-0.6823716759338719,-5.2139834637269844e-05,0.48252137827955527,-0.6515377383555188,0.6823716759338609,-1.318712162737365,-0.7749553489927752,-0.7948908532778661,1.2718406805110285,0.7605728162148488,0.39891390884912803,1,0,1,0,0,0,1,0,0,0,0,1,0,0,0,0,0,0,0,0,0,0,0,0,0,0,0,0,0,0,0,0,0,0,0,0,1,0,0,0,0,0,0,0,1,0,0,0,0,1,0,1,0,0,0,0,0,1,0,0,0,0,0,0,0,0,0,0,0,0,0,0,1,0,0,1,0,0,1,0,0,0,0,0,0,0,0,0,0,1,0,0
-0.7557563247397364,-1.1983735823754262,-1.0399656435679563,0.03427171373713748,-0.4794758203104481,0.8031337755620513,-0.2031431700276867,0.19516698686083,0.15809566289429652,-1.2101737191482849,-0.4384308670313317,-0.49060463619281885,0.5558390511223599,0.1266660165952315,0.6481117282754599,-0.16056834503899975,-0.023796961992800816,-0.6515377383555188,-0.6481117282754707,0.4315478328851831,-0.9544902923500049,0.8879220276755714,0.08427078959808616,0.0025566537345485915,-0.7709216009723612,0,1,1,0,0,0,0,0,0,0,0,0,0,0,0,0,0,0,0,0,0,0,0,1,0,0,0,0,0,0,0,0,0,0,0,0,0,0,0,0,0,0,1,0,0,0,1,0,0,0,0,1,0,0,0,1,0,1,0,0,0,0,0,1,0,0,0,0,0,0,0,1,0,1,1,0,0,0,0,0,0,0,0,0,0,0,1,0,0,0,0,0
-0.8079050234590411,-1.3078340849672627,-1.0399656435679563,0.8341232798806109,1.6979802210630675,-0.9019267788874382,0.9538505081700629,-1.3880460333966407,1.1400563019893057,0.009759465477002306,0.461837853772224,-0.01709948055552514,1.5138854900091436,1.1056451206206075,0.9807325793277929,-0.07379276310717502,0.48252137827955527,-0.6515377383555188,-0.9807325793278037,0.04317653208136333,-0.9544902923500049,0.8879220276755714,0.08427078959808616,0.47125347045388055,0.9838316637598726,0,1,1,0,1,0,0,0,1,0,0,0,0,0,0,0,0,0,0,0,0,1,0,0,0,0,0,0,0,0,0,0,0,0,0,0,0,0,0,0,0,0,1,0,1,0,0,0,0,0,0,0,1,0,0,0,0,0,0,1,0,0,0,1,0,0,0,0,1,0,0,0,0,0,0,0,0,0,0,0,1,0,0,0,0,0,0,0,0,0,0,1
0.33067489857911087,0.11515244872661197,-1.0399656435679563,-0.07275760443738831,-0.4794758203104481,-0.9019267788874382,-0.6339008163720796,-0.9562606642355124,-0.8238649762007128,0.009759465477002306,-0.4384308670313317,-1.3843199948848537,-1.3934329241018324,-1.6850810265686136,-1.1813029525123715,0.542202140391701,-1.0364336425375131,-0.6515377383555188,1.1813029525123604,-1.111580802308661,-0.9544902923500049,-0.9818700622726926,1.5687331532392639,-1.5319910101216812,-0.7709216009723612,0,1,0,0,0,0,1,0,0,0,0,0,0,0,0,0,0,0,0,0,0,0,0,1,0,0,1,0,0,0,0,0,0,0,0,0,0,0,0,0,0,0,0,0,0,0,0,0,0,0,1,0,0,1,0,0,1,0,0,1,0,0,0,0,0,1,0,0,0,0,0,1,0,1,0,0,0,0,0,0,0,0,0,0,0,1,0,0,0,0,1,0
2.051581956316165,2.4138230031551786,-1.0399656435679563,-0.8426557128528456,-0.4794758203104481,0.5877577055263263,-1.5452558367370763,1.3465946379571725,-0.8238649762007128,1.2296926501022896,1.3621065745757797,-0.30202249628532524,-0.29852270823122234,0.20083110023351755,-0.1834403993553725,1.2822153648489358,-1.542751982809869,-0.6515377383555188,0.18344039935536155,-0.699907223456612,-0.5555237515561613,-0.5663607089508563,0.9089721027320734,0.29548554675335775,0.9838316637598726,0,1,1,0,1,0,0,0,0,0,1,0,0,0,0,0,0,0,0,0,0,0,0,1,0,0,0,0,0,0,0,0,0,0,0,1,0,0,0,0,0,0,0,0,0,0,0,1,0,1,0,0,1,0,0,0,0,1,0,0,0,1,0,0,0,0,0,0,0,0,1,0,1,0,0,0,0,0,0,0,0,0,0,0,1,0,0,0,0,0,0,1
-1.598826954035162,-1.7456760953346089,-0.22238259044849376,1.8656941393919806,-0.4794758203104481,-0.9019267788874382,0.9538505081700629,1.3465946379571725,1.1400563019893057,1.2296926501022896,0.461837853772224,-0.3450684195250792,0.8503035409966527,0.42756435592770636,-0.5160612504077055,0.37125796825990887,-1.0364336425375131,-0.6515377383555188,0.5160612504076945,0.04317653208136333,-0.9544902923500049,0.8879220276755714,0.08427078959808616,-0.2769011059867446,1.5687494186706172,0,1,0,1,0,0,0,1,0,0,0,0,0,0,0,0,0,0,0,0,0,0,1,0,0,0,0,0,0,0,0,0,0,0,0,0,0,0,0,0,0,0,0,0,0,0,0,1,0,0,0,1,0,0,0,0,0,1,0,0,0,0,0,1,0,0,0,0,0,1,0,0,0,0,0,0,0,0,1,0,0,0,0,0,0,0,0,0,0,0,0,1
2.234102401833731,1.9759809927878327,-1.0399656435679563,-1.602473724686781,2.5689626376124735,-0.9019267788874382,0.9538505081700629,-0.6684037514614268,1.1400563019893057,-1.2101737191482849,-0.4384308670313317,0.4933021807158434,0.506070404946423,0.07580995924326392,-1.680234229090871,0.5570992360023146,-0.5301153022651569,-0.6515377383555188,1.6802342290908596,0.04317653208136333,0.5416342356269089,0.5762900126841938,-0.9053707861626996,0.9930029044611075,-0.18600384606161657,0,0,0,0,0,0,1,0,0,0,0,0,0,0,1,0,0,0,0,0,0,0,0,0,0,0,0,0,0,0,0,0,1,0,0,0,0,0,0,0,0,0,0,0,0,1,0,0,0,0,0,0,1,0,0,0,0,0,0,0,1,0,0,0,0,0,0,1,0,0,0,0,0,0,1,0,0,0,0,1,0,0,0,0,0,0,0,0,0,0,1,0
0.03516560583638438,-0.3226895616407341,-1.0399656435679563,-0.4217092405684244,-0.4794758203104481,-0.9019267788874382,0.9538505081700629,0.6269523560219584,1.1400563019893057,0.009759465477002306,-1.3386995878348875,0.546597133298396,-0.48722882498164943,-0.136620030320684,-0.1834403993553725,0.2319701243006709,1.4951580588242674,1.5348305111596448,0.18344039935536155,0.04317653208136333,1.1999290279367514,-0.7948908532778661,-0.3610679194942681,0.00036917455353419434,-0.18600384606161657,0,0,1,0,1,0,0,0,0,0,0,0,1,0,0,0,0,0,0,0,0,0,0,0,0,0,0,0,0,0,0,0,0,0,0,0,0,0,0,0,0,0,0,0,1,0,0,0,0,0,0,0,1,0,0,1,0,0,1,0,0,0,0,1,0,0,0,0,0,0,0,0,0,1,0,1,0,0,0,0,0,0,0,0,0,0,0,0,0,0,0,0
0.6522585406814897,0.4435339565021215,1.412783515790431,0.10180016563285701,-0.4794758203104481,-0.9019267788874382,0.9538505081700629,0.19516698686083,-0.8238649762007128,-1.2101737191482849,-0.4384308670313317,-0.20978123220013817,1.1240310949643053,0.028132405475794306,0.8144221538016264,0.9194710867304926,0.9888397185519114,1.5348305111596448,-0.8144221538016372,0.04317653208136333,-0.5555237515561613,1.718940734319244,-0.9053707861626996,0.050965353704498034,-1.355839355883106,0,1,0,1,1,0,0,0,0,0,0,0,0,0,0,0,1,0,0,0,0,0,0,0,0,0,0,0,0,1,0,0,0,0,0,0,0,0,0,0,0,0,0,0,1,0,0,0,0,1,0,0,1,0,0,0,0,0,0,1,0,0,0,1,0,0,1,0,0,0,0,0,0,1,0,0,0,0,0,0,0,0,0,1,0,0,0,0,0,0,0,0
0.3480577981522124,0.11515244872661197,-1.0399656435679563,0.3540074601827071,-0.4794758203104481,-0.9019267788874382,0.9538505081700629,-1.3880460333966407,-0.8238649762007128,0.009759465477002306,1.3621065745757797,-1.3884196066219732,-1.3975803112831606,-1.764543616181063,1.4796638559062922,-0.59072198079547,-1.542751982809869,-0.6515377383555188,-1.4796638559063031,0.04317653208136333,-0.5555237515561613,-0.5663607089508563,0.9089721027320734,-1.5975723894035074,0.39891390884912803,0,0,0,0,0,0,0,0,1,0,0,0,0,0,0,0,0,0,0,0,0,1,0,0,0,0,0,0,0,0,0,0,0,0,0,0,0,0,0,0,0,0,0,0,0,0,0,0,0,0,1,0,0,1,0,0,1,0,0,1,1,0,0,0,0,0,0,0,0,0,0,1,0,1,0,1,0,0,0,0,0,0,0,0,0,0,0,1,0,0,0,1
-0.6080016783683733,-0.9794525771917532,1.412783515790431,0.7658982359447046,-0.4794758203104481,-0.9019267788874382,0.9538505081700629,1.0587377251830867,1.1400563019893057,-1.2101737191482849,0.461837853772224,-0.4352598777417066,-0.4333127916243846,-0.04020542159091214,-1.680234229090871,-0.7750735389768144,-0.5301153022651569,-0.6515377383555188,1.6802342290908596,0.04317653208136333,-0.5555237515561613,-0.5663607089508563,0.9089721027320734,-0.43281040606107085,0.39891390884912803,0,1,1,0,0,0,0,0,0,0,1,0,0,1,0,0,0,0,0,0,0,0,0,0,0,0,0,0,0,0,1,0,0,0,0,0,0,0,0,0,0,0,0,0,0,0,1,0,0,0,0,1,0,0,0,0,0,1,0,0,0,0,0,1,0,0,0,0,1,0,0,0,1,0,0,1,0,0,0,0,0,0,0,0,0,0,1,0,0,1,0,0
-0.7122990758069826,-1.0889130797835898,-0.22238259044849376,1.5305923920599458,-0.4794758203104481,-0.9019267788874382,-0.7229003300795989,0.7708808124090012,-0.8238649762007128,-1.2101737191482849,-0.4384308670313317,-1.4519635885473243,-1.4618648125937457,-1.8424169540012634,1.4796638559062922,1.3909641628064158,-1.542751982809869,-0.6515377383555188,-1.4796638559063031,-1.176309352442631,-0.9544902923500049,-0.9818700622726926,1.5687331532392639,-1.6812743669759835,-1.355839355883106,0,1,1,0,0,0,0,0,0,1,0,0,0,0,0,0,0,0,1,0,0,0,0,0,0,0,0,0,0,0,0,0,0,0,0,0,0,0,0,1,0,0,0,0,1,0,0,0,1,0,0,0,0,1,0,0,1,0,0,0,0,0,0,1,0,0,0,0,0,0,1,0,1,0,0,0,0,0,0,1,0,0,0,0,0,0,0,0,0,1,0,0
-0.4167897830642561,-0.8699920745999167,1.412783515790431,-0.5012436611567691,-0.4794758203104481,-0.9019267788874382,0.9538505081700629,-1.244117577009598,-0.8238649762007128,1.2296926501022896,-1.3386995878348875,-0.3143213314966835,-0.31096486977520654,0.49113442761766585,1.3133534303801258,0.7351195285491482,0.9888397185519114,1.5348305111596448,-1.3133534303801366,0.04317653208136333,-0.7749553489927752,-0.7948908532778661,1.2718406805110285,0.33510395959901085,-0.7709216009723612,0,0,0,0,1,0,0,0,0,0,1,0,0,0,0,0,0,1,0,0,0,0,0,0,0,0,0,0,0,0,0,0,0,0,0,0,0,0,1,0,0,0,0,0,0,0,0,0,0,1,0,0,0,0,0,0,0,0,0,1,0,0,0,0,0,0,0,0,0,0,0,0,1,0,1,0,0,0,0,0,1,0,0,0,0,0,0,0,0,0,0,1
0.24376040071360305,0.4435339565021215,-1.0399656435679563,0.9322198295398055,3.0044538458871766,-0.9019267788874382,-0.24230295605899516,0.7708808124090012,1.1400563019893057,-1.2101737191482849,-0.4384308670313317,-0.07654385074375682,1.3936112617506298,0.6087390602440909,1.3133534303801258,0.09528927207329033,1.4951580588242674,1.5348305111596448,-1.3133534303801366,-0.8267751817191932,-0.7749553489927752,1.2618804456652244,-0.3610679194942681,0.15452662601777176,-0.18600384606161657,0,1,1,0,1,1,0,0,0,0,0,0,0,0,0,0,1,0,0,0,0,0,0,0,0,0,0,0,0,0,0,0,1,0,0,0,0,0,0,0,0,0,0,0,0,0,0,0,0,0,0,1,0,0,0,0,0,0,0,0,1,0,0,0,0,0,0,0,0,0,0,0,0,0,1,0,0,0,0,0,0,0,0,0,0,0,0,0,1,1,0,0
0.3480577981522124,0.11515244872661197,1.412783515790431,0.19776596316912853,2.5689626376124735,-0.9019267788874382,-0.6481407385652826,-0.9562606642355124,1.1400563019893057,0.009759465477002306,-0.4384308670313317,-0.37786531342203467,0.7839453460954036,0.35975627945841626,-0.6823716759338719,0.332153092282048,0.9888397185519114,1.5348305111596448,0.6823716759338609,-1.121937370330096,-0.9544902923500049,0.8879220276755714,0.08427078959808616,0.13640541524371042,0.39891390884912803,1,0,0,1,1,0,0,0,0,1,0,1,0,0,0,0,0,0,0,0,0,0,0,0,0,0,0,0,0,0,0,0,0,0,0,0,0,0,0,0,0,0,0,0,1,0,0,0,0,0,0,0,1,0,1,0,0,0,0,1,0,0,0,1,0,0,0,1,0,0,0,0,1,0,1,0,0,0,0,1,0,0,0,0,0,0,0,0,0,0,1,0
-1.0425741676959122,-0.9794525771917532,1.412783515790431,-0.9039967883916151,-0.4794758203104481,0.6918561393769267,-0.8795394742048326,-0.3805468386873412,-0.8238649762007128,0.009759465477002306,-1.3386995878348875,-0.4496085188216246,0.6387867947489212,0.21142611218184412,0.8144221538016264,-0.18365884323545098,0.48252137827955527,-0.6515377383555188,-0.8144221538016372,-0.1406525502991114,-0.9544902923500049,0.8879220276755714,0.08427078959808616,0.48223602742475874,-1.355839355883106,0,0,0,1,0,0,0,0,1,0,0,0,0,0,0,0,0,0,0,0,1,0,0,0,0,0,0,0,0,0,0,0,0,0,1,0,0,0,0,0,0,0,0,0,0,0,0,1,0,1,0,0,1,0,1,0,0,0,0,1,0,0,0,1,0,0,0,0,1,0,0,0,0,0,0,1,0,0,0,0,0,0,0,0,0,0,0,0,1,0,1,0
1.6517752661348293,1.9759809927878327,-1.0399656435679563,0.5933073139879269,-0.4794758203104481,0.9467178222525346,0.9538505081700629,-0.3805468386873412,-0.8238649762007128,0.009759465477002306,-1.3386995878348875,-1.3064273718795847,-1.314632567656599,-1.7565973572198181,-1.014992526986205,0.38764477343158393,1.4951580588242674,1.5348305111596448,1.014992526986194,1.3765846648411448,0.28844393089235454,0.3126013846145672,-0.4866762733408288,-1.5775305596476523,-1.355839355883106,0,0,1,0,0,0,1,0,0,0,0,0,1,0,0,0,0,0,0,0,0,0,0,0,0,0,0,0,0,0,0,0,0,0,0,1,0,0,0,0,0,0,0,0,0,1,0,0,0,0,1,0,0,1,0,0,1,0,0,1,0,0,0,0,0,0,0,1,0,0,0,0,0,0,0,0,1,0,0,0,0,0,0,0,0,0,0,0,0,0,1,0
0.36544069772531396,0.6624549616857945,-0.22238259044849376,1.676098176454181,-0.4794758203104481,0.3328960226507184,-0.22450305331749132,-0.3805468386873412,1.1400563019893057,1.2296926501022896,0.461837853772224,0.903263354427786,-0.3068174825938785,-0.1276142701646064,0.14918045169696045,0.40961798945723915,-0.023796961992800816,-0.6515377383555188,-0.14918045169697136,0.07683537815102771,1.6387922228099792,-0.5663607089508563,-0.9053707861626996,-0.4782763817312145,1.5687494186706172,0,0,1,0,1,0,0,1,0,0,0,0,0,0,0,0,1,0,0,0,0,0,0,0,0,0,0,0,0,0,0,0,0,1,0,0,0,0,0,0,0,0,0,0,0,0,0,1,0,0,0,0,1,0,0,0,0,1,0,0,0,0,1,0,0,0,1,0,0,0,0,0,1,0,1,0,0,0,0,0,0,0,0,0,0,0,0,1,0,0,1,0
-1.4684552072369004,-1.0889130797835898,1.412783515790431,-2.46981276672361,-0.4794758203104481,0.9682554292561072,-0.7157803689829972,1.4905230943442151,1.1400563019893057,-1.2101737191482849,-1.3386995878348875,1.6862891962175963,0.0892579932229521,0.8942746322514922,0.6481117282754599,-1.2886509101527213,-1.0364336425375131,-0.6515377383555188,-0.6481117282754707,0.1778119163600209,1.1999290279367514,-0.7948908532778661,-0.3610679194942681,3.086371699934023,-0.7709216009723612,1,0,0,1,0,0,0,1,0,0,0,0,0,0,0,1,0,0,0,0,0,0,0,0,0,0,0,0,0,0,0,0,0,0,0,0,0,0,0,0,0,1,0,0,0,0,1,0,0,0,0,1,0,0,1,0,0,1,0,0,0,0,0,1,0,0,0,0,0,0,0,1,0,0,1,0,0,1,0,0,0,0,0,0,0,0,0,0,0,0,0,1
-0.4167897830642561,-0.21322905904889758,-1.0399656435679563,-0.722309193910049,-0.4794758203104481,-0.9019267788874382,-1.2177376262934057,0.4830238996349156,1.1400563019893057,-1.2101737191482849,1.3621065745757797,-0.5787462885408865,-0.578471342970867,-0.29978321432491334,-0.6823716759338719,-1.150107920974014,1.4951580588242674,1.5348305111596448,0.6823716759338609,-1.536200091187504,-0.5555237515561613,-0.5663607089508563,0.9089721027320734,-0.21758593767917397,0.9838316637598726,0,1,0,0,1,0,0,0,0,0,0,0,0,0,0,0,0,0,0,0,1,0,0,0,0,0,0,0,0,0,0,0,0,0,0,0,0,0,1,0,0,0,0,0,1,0,0,0,0,0,0,1,0,0,0,0,0,0,0,0,0,0,1,0,0,0,0,0,0,0,0,1,0,1,0,0,0,0,0,0,0,0,0,0,1,0,0,0,0,0,0,0
-0.07782324138877574,-0.3226895616407341,1.412783515790431,0.36785734898170824,-0.4794758203104481,1.1728626957900459,-0.9436191240742464,0.33909544324787283,1.1400563019893057,1.2296926501022896,1.3621065745757797,1.046749765226966,-0.23423820692063727,0.6479406044528992,0.3154908772231269,0.04463914699720379,-0.5301153022651569,-0.6515377383555188,-0.3154908772231378,0.15968792232250928,0.840859141222292,-0.9818700622726926,0.08427078959808616,0.3030007880066677,2.1536671735813617,1,0,0,0,0,0,0,0,0,0,0,0,0,0,0,0,1,0,0,0,0,0,0,0,0,0,0,1,0,0,0,0,0,0,0,0,0,0,0,0,0,0,0,0,0,0,0,1,0,0,0,0,0,0,0,1,0,1,0,0,0,0,0,1,0,0,0,1,0,0,0,0,0,1,0,1,0,0,1,0,0,0,0,0,0,0,0,0,0,0,0,0
1.4344890214710597,1.7570599876041597,1.412783515790431,1.3650493425097592,-0.4794758203104481,1.086712267775756,0.9538505081700629,-0.8123322078484696,1.1400563019893057,1.2296926501022896,-1.3386995878348875,1.9732620178159563,0.2344165445694345,1.1538524249854933,-0.349750824881539,-1.5221628838490908,-1.0364336425375131,-0.6515377383555188,0.34975082488152803,1.477561203050138,1.1999290279367514,-0.7948908532778661,-0.3610679194942681,0.40164091206375613,0.39891390884912803,0,1,1,0,1,1,0,0,0,0,0,0,0,0,0,1,0,0,0,0,0,0,0,0,0,0,0,1,0,0,0,0,0,0,0,0,0,0,0,0,0,0,0,0,0,0,0,0,0,0,0,1,0,0,1,0,0,0,0,1,0,0,0,0,1,0,0,0,0,0,0,0,1,0,0,1,0,0,0,0,0,0,0,0,0,0,0,1,0,0,1,0
0.5827269423890834,0.11515244872661197,-0.22238259044849376,-0.019488801364308635,-0.4794758203104481,1.653869252203165,0.9538505081700629,-0.8123322078484696,-0.8238649762007128,-1.2101737191482849,-1.3386995878348875,-1.4089176653075703,-1.476380667728394,-1.8906242583661492,1.1470430048539593,0.8472201730190162,-0.023796961992800816,-0.6515377383555188,-1.1470430048539701,1.8866456398968283,0.840859141222292,-0.9818700622726926,0.08427078959808616,-1.6772669183734297,-1.9407571107938504,0,0,0,0,0,0,0,0,0,0,0,0,0,0,0,0,0,1,0,0,0,0,0,0,0,0,0,1,0,0,0,0,0,0,0,0,0,0,0,0,0,0,0,0,0,0,0,1,1,0,0,0,0,1,1,0,0,0,0,0,1,0,0,0,0,0,0,1,0,0,0,0,0,0,0,0,1,0,0,0,0,0,0,0,0,0,0,0,0,0,1,0
1.112905379368681,0.8813759668694676,1.412783515790431,-0.7105081052292441,-0.4794758203104481,2.396916693826416,0.9538505081700629,1.4905230943442151,2.1220169410843153,1.2296926501022896,-1.3386995878348875,0.739278884943009,0.7549136358261072,0.6225125757769154,0.8144221538016264,1.397667855831192,0.9888397185519114,1.5348305111596448,-0.8144221538016372,2.4225980350060996,0.28844393089235454,0.3126013846145672,-0.4866762733408288,0.9130773813006767,0.9838316637598726,0,0,0,0,1,0,0,0,1,0,0,0,1,0,0,0,0,0,0,0,0,0,0,0,0,0,0,0,0,0,0,0,0,0,0,0,1,0,0,0,0,0,0,0,1,0,0,0,0,0,0,0,0,0,0,0,0,0,0,1,0,0,0,0,0,1,0,0,0,0,0,0,0,1,1,0,0,0,0,0,0,0,1,0,0,0,0,0,0,0,0,1
-0.8426708226052443,-1.4172945875590992,-1.0399656435679563,-1.1547699228587285,-0.4794758203104481,1.35234275415315,0.9538505081700629,0.33909544324787283,1.1400563019893057,0.009759465477002306,-1.3386995878348875,0.9237614131133831,0.9415460589858702,-0.11172175224211654,-0.5160612504077055,-1.6741132590773504,1.4951580588242674,1.5348305111596448,0.5160612504076945,1.6691577114466891,1.1999290279367514,1.2618804456652244,-1.993976519499563,0.7099373789671122,-0.18600384606161657,0,1,0,0,0,0,0,1,0,0,0,1,0,0,0,0,0,0,0,0,0,0,0,0,0,0,0,0,0,0,0,0,0,0,0,0,0,0,0,1,0,0,0,0,0,0,0,1,0,0,0,1,0,0,1,0,0,0,0,0,1,0,0,0,0,0,0,0,0,0,0,0,1,0,0,0,0,0,0,0,0,0,0,0,1,0,0,0,0,0,0,0
0.11338865391534139,0.005691946134775455,1.412783515790431,0.5877755536687989,-0.4794758203104481,0.8892842035763413,0.24897435960651085,0.6269523560219584,1.1400563019893057,-1.2101737191482849,0.461837853772224,0.6941831558346953,0.7092923768314984,0.28347219343046487,-1.347613378038538,1.3395691829497987,0.9888397185519114,1.5348305111596448,1.3476133780385269,0.8225082756943618,0.5416342356269089,0.5762900126841938,-0.9053707861626996,0.10577982662878341,0.39891390884912803,0,0,0,1,0,0,0,0,0,1,0,0,0,0,0,0,0,1,0,0,0,0,0,0,0,0,0,0,0,0,0,0,0,0,0,0,0,0,0,1,0,0,0,0,1,0,0,0,0,0,0,0,0,0,1,0,0,1,0,0,1,0,0,0,0,0,1,0,0,0,0,0,0,0,1,0,0,0,0,0,1,0,0,0,0,0,0,0,0,0,0,0
0.33936634836566165,0.4435339565021215,-1.0399656435679563,0.21034559589484786,-0.4794758203104481,-0.9019267788874382,-1.7410547668936185,-0.23661838230029839,1.1400563019893057,-1.2101737191482849,-0.4384308670313317,-0.6689377467575139,-0.6697138609600845,-0.46294639832914264,0.4818013027492934,-0.5430512748415062,-0.5301153022651569,-0.6515377383555188,-0.48180130274930427,-1.9168039659752474,-0.5555237515561613,-0.5663607089508563,0.9089721027320734,-0.6119770813769752,-0.18600384606161657,1,0,0,1,0,0,0,0,0,0,0,0,0,0,0,0,1,0,0,0,0,0,0,0,0,1,0,0,0,0,0,0,0,0,0,0,0,0,0,0,0,0,0,0,0,1,0,0,0,0,0,0,0,0,0,0,0,0,0,0,0,0,0,1,0,0,0,0,0,0,1,0,1,0,0,0,0,0,0,0,0,0,1,0,0,0,0,0,0,0,1,0
0.8000131870528528,0.334073453910285,1.412783515790431,-0.15216909701864137,-0.4794758203104481,1.004151440928728,-1.3031771594526242,-0.3805468386873412,1.1400563019893057,0.009759465477002306,0.461837853772224,-0.06424501553239854,-0.05797425171419435,0.6309885853355767,1.1470430048539593,-0.14306425769652867,-1.542751982809869,-0.6515377383555188,-1.1470430048539701,-0.22350509447059294,-0.5555237515561613,-0.5663607089508563,0.9089721027320734,0.3566832826151593,0.9838316637598726,1,0,1,0,1,0,0,0,0,0,0,0,0,0,0,0,0,0,0,0,0,0,1,0,0,0,0,0,0,0,0,0,0,0,0,0,1,0,0,0,0,0,0,0,0,0,0,0,0,0,0,0,1,0,0,1,0,0,0,0,0,0,0,0,0,1,1,0,0,0,0,0,0,1,0,0,0,0,0,0,0,0,0,0,0,1,0,0,0,0,1,0
0.521886793883228,0.2246129513184485,-1.0399656435679563,0.634693076375473,-0.4794758203104481,1.09389147011028,0.9538505081700629,-1.1001891206225551,-0.8238649762007128,0.009759465477002306,-1.3386995878348875,0.7269800497316508,-0.3959863069924319,0.3173762316651099,-0.1834403993553725,-0.08980714088858474,1.4951580588242674,1.5348305111596448,0.18344039935536155,1.4827394870608555,0.840859141222292,-0.9818700622726926,0.08427078959808616,-0.03982014461060949,-1.355839355883106,0,1,0,0,1,0,0,0,0,0,1,0,0,0,0,0,0,0,0,1,0,0,0,0,0,0,0,0,0,1,0,0,0,0,0,0,0,0,0,0,0,0,0,0,0,0,1,0,0,1,0,1,0,0,1,0,0,0,1,0,0,0,1,0,0,0,0,0,0,1,0,0,0,0,1,0,0,1,0,0,0,0,0,0,0,0,0,0,0,0,0,1
-0.8339793728186935,-0.6510710694162436,1.412783515790431,-2.3026716530812315,-0.4794758203104481,-0.9019267788874382,0.9538505081700629,-0.8123322078484696,1.1400563019893057,-1.2101737191482849,-0.4384308670313317,-0.3245703608394821,0.8917774128099334,0.4699444037210127,0.9807325793277929,1.6330419664788882,-1.0364336425375131,-0.6515377383555188,-0.9807325793278037,0.04317653208136333,-0.9544902923500049,0.8879220276755714,0.08427078959808616,1.9851017856395652,-0.18600384606161657,0,0,0,0,0,0,0,1,0,0,0,1,0,0,0,0,0,0,0,0,0,0,0,0,0,0,0,0,0,0,0,1,0,0,0,0,0,0,0,0,0,0,0,1,0,0,0,0,0,0,0,0,1,0,0,0,0,0,0,1,0,0,0,0,0,1,0,0,1,0,0,0,1,0,0,1,0,0,0,0,0,0,0,0,1,0,0,0,0,0,1,0
-1.4945295565965526,-0.10376855645706107,-1.0399656435679563,-1.0229091472516745,2.1334714293377703,-0.9019267788874382,0.9538505081700629,0.4830238996349156,1.1400563019893057,1.2296926501022896,-0.4384308670313317,1.3829179276707588,-0.06419533248618645,0.6198638227898338,-1.347613378038538,-1.0972232315563353,0.48252137827955527,-0.6515377383555188,1.3476133780385269,0.04317653208136333,1.1999290279367514,-0.7948908532778661,-0.3610679194942681,1.0821205863410734,0.9838316637598726,0,0,0,0,0,1,0,0,0,0,0,0,0,0,0,0,0,1,0,0,0,0,0,0,0,0,0,0,0,0,0,0,0,0,0,0,0,0,0,0,1,0,0,0,0,1,0,0,0,0,0,0,1,0,1,0,0,0,0,1,0,0,0,1,0,0,0,0,1,0,0,0,0,1,0,1,0,1,0,0,0,0,0,0,0,0,0,0,0,0,0,0
0.4784295449504741,0.005691946134775455,-0.22238259044849376,0.6800125349899545,-0.4794758203104481,-0.9019267788874382,-2.0329731718542816,0.051238530473787215,1.1400563019893057,0.009759465477002306,1.3621065745757797,0.0669425600554231,0.07474213808830385,-0.3649425378071218,1.1470430048539593,0.8669588247030794,0.9888397185519114,1.5348305111596448,-1.1470430048539701,-2.129113610414669,0.5416342356269089,0.5762900126841938,-0.9053707861626996,-0.4481103794997724,1.5687494186706172,0,1,1,0,0,0,0,1,0,0,0,0,1,0,0,0,0,0,0,0,0,0,0,0,0,0,0,0,0,0,0,0,0,0,0,1,0,0,0,0,0,0,0,0,0,0,1,0,0,0,0,0,1,0,1,0,0,1,0,0,0,0,1,0,0,0,1,0,0,0,0,0,0,0,1,0,0,0,0,0,0,0,0,0,1,0,0,0,0,0,0,0
-0.15604628946773275,-0.6510710694162436,-0.22238259044849376,0.37662621348758396,-0.4794758203104481,0.44776326000310507,-0.38470217799102585,-1.244117577009598,-0.8238649762007128,1.2296926501022896,-0.4384308670313317,-1.3474234892507788,-1.3561064394698799,-1.849833462365092,1.3133534303801258,-1.1013199328492542,-0.5301153022651569,-0.6515377383555188,-1.3133534303801366,0.04317653208136333,0.840859141222292,0.8879220276755714,-1.4001915740430917,-1.6347441222389263,-0.18600384606161657,1,0,0,0,0,0,0,0,0,0,0,0,1,0,0,0,0,0,0,0,0,0,0,0,0,0,0,0,0,1,0,0,0,0,0,0,0,0,0,0,0,0,0,0,0,0,0,1,0,0,1,0,0,1,0,0,1,0,0,1,1,0,0,0,0,0,0,0,0,0,0,0,0,0,1,0,0,0,1,0,0,0,0,0,0,0,0,0,0,0,0,1
-0.025674542669471067,0.11515244872661197,1.412783515790431,0.2423888297434232,-0.4794758203104481,-0.9019267788874382,0.9538505081700629,0.33909544324787283,-0.8238649762007128,-1.2101737191482849,-1.3386995878348875,-1.2695308662455098,-1.2773060830246465,-1.7793766329087202,-0.349750824881539,1.3831431876108435,-0.5301153022651569,-0.6515377383555188,0.34975082488152803,0.04317653208136333,0.840859141222292,0.8879220276755714,-1.4001915740430917,-1.5666943791133652,-1.9407571107938504,0,1,1,0,0,0,0,0,0,0,1,0,0,0,0,0,0,0,0,0,0,0,0,1,0,0,0,0,0,0,0,0,0,0,0,0,0,0,0,0,0,1,0,1,0,0,0,0,0,0,1,0,0,1,1,0,0,0,0,1,0,0,0,1,0,0,0,0,0,1,0,0,0,1,0,1,0,0,0,0,0,0,1,0,0,0,0,0,0,0,0,0
2.016816157169962,2.085441495379669,1.412783515790431,0.6171143713613569,1.6979802210630675,0.7995441743947892,-0.028704123160949068,-0.23661838230029839,-0.8238649762007128,-1.2101737191482849,0.461837853772224,0.931960636587622,-0.2923016274592302,0.21195586277926046,-1.347613378038538,-0.03766730625143683,0.9888397185519114,1.5348305111596448,1.3476133780385269,0.5558266491424054,1.1999290279367514,-0.7948908532778661,-0.3610679194942681,-0.04866267969303833,-0.7709216009723612,0,1,1,0,1,0,0,0,0,0,1,0,0,0,0,0,0,0,0,0,0,0,1,0,0,0,0,0,0,0,0,0,0,0,0,0,0,0,0,0,1,0,0,0,1,0,0,0,0,1,0,1,0,0,0,0,0,0,0,1,0,0,0,0,0,1,0,0,0,0,1,0,1,0,1,0,0,1,0,0,0,0,0,0,0,0,0,0,0,0,1,0
-0.1299719401080804,-0.3226895616407341,1.412783515790431,0.5415955990046752,-0.4794758203104481,-0.9019267788874382,-0.8047798826905165,0.7708808124090012,1.1400563019893057,0.009759465477002306,1.3621065745757797,1.1943357877632652,1.2152736129535227,0.8005087765088019,0.6481117282754599,-0.7043123348263993,0.48252137827955527,-0.6515377383555188,-0.6481117282754707,-1.2358596185658834,0.5416342356269089,0.5762900126841938,-0.9053707861626996,0.5491311456439975,1.5687494186706172,0,1,1,0,0,0,0,0,1,0,0,0,0,0,0,0,0,0,1,0,0,0,0,0,1,0,0,0,0,0,0,0,0,0,0,0,0,0,0,0,0,0,0,0,0,1,0,0,0,0,0,0,1,0,0,0,0,0,0,1,0,0,0,0,0,1,0,0,0,0,1,0,1,0,0,1,0,0,0,0,1,0,0,0,0,0,0,0,0,1,0,0
-0.8600537221783459,-0.6510710694162436,-1.0399656435679563,0.22272034860874781,-0.4794758203104481,-0.9019267788874382,-0.5021815360849512,-0.524475295074384,-0.8238649762007128,-1.2101737191482849,-0.4384308670313317,1.095945106072399,-0.20935388383266884,0.6987966618048668,0.4818013027492934,0.7667758567217023,-1.0364336425375131,-0.6515377383555188,-0.48180130274930427,-1.0157825481103855,0.840859141222292,-0.9818700622726926,0.08427078959808616,0.40010022897273856,-1.355839355883106,0,0,0,1,0,0,1,0,0,0,0,0,0,0,0,0,0,0,0,0,0,0,0,0,0,0,0,0,0,0,0,0,0,0,1,0,0,0,0,0,0,0,0,1,0,0,0,0,0,1,0,0,0,0,0,1,0,0,1,0,0,0,0,0,1,0,0,0,0,1,0,0,0,1,1,0,0,0,0,0,0,0,0,0,0,0,0,0,0,0,1,0
-0.3559496345584007,-0.8699920745999167,-0.22238259044849376,-1.0316780117575506,2.1334714293377703,0.06367593510606215,0.9538505081700629,0.33909544324787283,1.1400563019893057,1.2296926501022896,-1.3386995878348875,-0.33276958431372095,0.8751878640846211,0.4529923846036901,-1.014992526986205,-0.027984194104537934,-0.5301153022651569,-0.6515377383555188,1.014992526986194,0.7396557315228802,-0.9544902923500049,0.8879220276755714,0.08427078959808616,0.8057138617611032,0.39891390884912803,1,0,0,0,1,0,0,1,0,0,0,0,0,0,0,0,0,0,1,0,0,0,0,0,0,0,0,0,0,0,0,0,0,1,0,0,0,0,0,0,0,0,0,1,0,0,0,0,0,0,0,1,0,0,0,1,0,0,0,0,0,0,0,1,0,0,0,1,0,0,0,0,0,1,0,0,0,0,0,0,0,0,0,0,0,0,1,0,0,0,0,0
0.13077155348844294,0.11515244872661197,-1.0399656435679563,-0.4978426529605641,-0.4794758203104481,1.564129223021613,0.9538505081700629,-0.8123322078484696,-0.8238649762007128,0.009759465477002306,-1.3386995878348875,-1.3925192183590926,-1.4017276984644886,-1.7380560863102466,-1.347613378038538,-0.6424893880423526,-0.023796961992800816,-0.6515377383555188,1.3476133780385269,1.8219170897628583,-0.7749553489927752,-0.7948908532778661,1.2718406805110285,-1.5482161890977826,-1.355839355883106,0,1,0,0,0,0,0,0,0,0,0,0,0,0,0,0,0,0,0,0,0,0,0,1,0,0,0,0,0,0,0,0,1,0,0,0,0,0,0,0,0,0,0,1,0,0,0,0,0,0,1,0,0,1,0,0,1,0,0,0,0,0,0,1,0,0,0,0,0,0,1,0,1,0,0,0,0,0,0,0,0,0,0,0,0,0,0,1,0,0,1,0
-1.007808368549709,-1.5267550901509357,-0.22238259044849376,-0.2557154549922354,-0.4794758203104481,-0.9019267788874382,0.9538505081700629,-0.8123322078484696,-0.8238649762007128,0.009759465477002306,0.461837853772224,-0.0027508394756071497,0.004236556005726683,0.7422362107930057,1.3133534303801258,-0.7713492650741609,0.48252137827955527,-0.6515377383555188,-1.3133534303801366,0.04317653208136333,-0.5555237515561613,-0.5663607089508563,0.9089721027320734,0.4936573685014124,-0.18600384606161657,1,0,1,0,0,0,0,1,0,0,0,0,0,0,0,1,0,0,0,0,0,0,0,0,0,0,0,0,0,0,0,0,0,0,0,1,0,0,0,0,0,0,0,0,0,0,0,0,0,1,0,1,0,0,0,0,0,0,0,0,0,0,0,1,0,0,0,0,0,1,0,0,0,1,0,1,0,0,0,0,1,0,0,0,0,0,0,0,0,0,1,0
-1.4249979583041463,0.005691946134775455,-0.22238259044849376,-0.033420642168037536,1.2624890127883643,-0.9019267788874382,-0.23162301441409283,-0.524475295074384,-0.8238649762007128,-1.2101737191482849,0.461837853772224,-1.2244351371371962,-1.2316848240300378,-1.699914043296271,1.3133534303801258,0.11875219766000689,1.4951580588242674,1.5348305111596448,-1.3133534303801366,-0.8190077557031168,0.5416342356269089,0.5762900126841938,-0.9053707861626996,-1.4922423259007631,-0.7709216009723612,1,0,0,1,0,1,0,0,0,0,0,0,0,0,0,0,0,0,0,0,0,1,0,0,0,0,0,0,0,0,0,0,0,1,0,0,0,0,0,0,0,0,0,0,0,1,0,0,1,0,0,0,0,1,1,0,0,0,0,1,0,0,0,0,1,0,0,0,0,1,0,0,0,0,1,0,0,1,0,0,0,0,0,0,0,0,0,0,0,0,1,0
0.6957157896142435,0.334073453910285,-1.0399656435679563,0.33655168317568257,-0.9149670285851512,-0.9019267788874382,0.9538505081700629,0.19516698686083,-0.8238649762007128,-1.2101737191482849,-0.4384308670313317,0.23092702954020014,2.01571933894984,1.6184436989196138,-1.5139238035647045,0.9202159415110233,-0.023796961992800816,-0.6515377383555188,1.5139238035646931,0.04317653208136333,-0.9544902923500049,0.8879220276755714,0.08427078959808616,1.0789563753866718,-1.355839355883106,0,1,0,0,1,0,0,0,0,0,0,0,0,0,0,0,1,0,0,0,0,0,0,0,0,0,0,0,0,0,0,0,0,0,1,0,0,0,0,0,0,0,0,0,0,0,0,1,0,1,0,0,1,0,0,0,0,0,0,0,0,0,0,0,0,0,0,0,0,0,0,0,0,1,1,0,0,0,1,0,0,0,0,0,0,0,0,0,0,0,0,0
-1.2598604123596817,0.11515244872661197,1.412783515790431,-1.942984304330852,-0.4794758203104481,1.4025971704948192,-0.19602320893108516,-1.6759029461707264,1.1400563019893057,-1.2101737191482849,0.461837853772224,-0.34916803126219864,0.8420087666339966,-0.18800583827006792,0.8144221538016264,-1.308017134446519,0.48252137827955527,-0.6515377383555188,-0.8144221538016372,0.8691128317908201,-0.5555237515561613,1.718940734319244,-0.9053707861626996,0.899562126298387,0.39891390884912803,0,0,1,0,1,1,0,0,0,0,0,0,0,0,0,0,0,0,0,0,1,0,0,0,0,0,0,0,0,0,0,0,1,0,0,0,0,0,0,0,0,0,0,0,1,0,0,0,0,0,0,0,0,0,0,1,0,0,0,0,0,1,0,0,0,0,0,0,0,0,0,1,1,0,0,0,0,1,0,0,0,0,0,0,0,0,0,0,0,0,0,1
-1.4336894080906972,-0.8699920745999167,1.412783515790431,0.45275962587972457,-0.4794758203104481,-0.9019267788874382,0.3949335620868423,0.33909544324787283,1.1400563019893057,0.009759465477002306,-1.3386995878348875,0.6367885915150233,0.6512289562929054,-0.3342170031569747,1.4796638559062922,-0.13263629076909908,-0.5301153022651569,-0.6515377383555188,-1.4796638559063031,-0.3633187627599681,1.1999290279367514,1.2618804456652244,-1.993976519499563,-0.21180628941806232,-0.18600384606161657,0,0,1,0,0,0,1,0,0,0,0,0,0,0,0,1,0,0,0,0,0,0,0,0,0,0,0,0,0,0,0,0,0,0,0,0,0,1,0,0,0,0,0,0,0,0,0,0,0,0,0,1,0,0,0,0,0,1,0,0,0,0,0,0,0,0,0,0,1,0,0,0,1,0,0,0,0,1,0,0,0,0,0,0,0,0,0,0,0,0,0,0
-0.4950128311432131,-0.5416105668244071,-0.22238259044849376,0.07950922034689115,-0.4794758203104481,-0.9019267788874382,-0.765620096659208,0.19516698686083,-0.8238649762007128,1.2296926501022896,0.461837853772224,1.6616915257948799,1.6880757516249225,1.6952575355449817,-1.1813029525123715,-1.2249658264173477,-0.5301153022651569,-0.6515377383555188,1.1813029525123604,-1.2073790565069367,0.28844393089235454,0.3126013846145672,-0.4866762733408288,1.4373846933469612,0.39891390884912803,0,0,0,1,1,0,1,0,0,0,0,0,0,0,0,0,0,0,0,0,0,1,0,0,0,0,0,0,0,0,1,0,0,0,0,0,0,0,0,0,0,0,0,0,0,0,0,1,0,1,0,0,1,0,1,0,0,1,0,0,1,0,0,0,0,0,1,0,0,0,0,0,0,1,1,0,0,0,0,0,0,0,0,1,0,0,0,0,0,0,0,0
-0.4167897830642561,-0.21322905904889758,-1.0399656435679563,-0.6792024394232185,-0.4794758203104481,-0.9019267788874382,-0.890219415849735,0.6269523560219584,2.1220169410843153,0.009759465477002306,0.461837853772224,-0.4291104601360275,-0.42709171085239245,0.25380615997515044,0.8144221538016264,1.2185302811135623,0.48252137827955527,-0.6515377383555188,-0.8144221538016372,-1.2979990266944945,-0.7749553489927752,-0.7948908532778661,1.2718406805110285,0.2107444126997146,1.5687494186706172,1,0,1,0,1,0,1,0,0,0,0,0,0,1,0,0,0,0,0,0,0,0,0,0,0,0,0,0,0,0,0,0,1,0,0,0,0,0,0,0,0,0,0,0,0,0,1,0,0,0,0,1,0,0,1,0,0,0,0,1,0,0,0,0,0,0,1,0,0,0,0,0,1,0,0,1,0,0,0,0,0,1,0,0,0,0,0,0,0,0,0,0
-0.7036076260204318,-0.8699920745999167,-1.0399656435679563,0.2851677762113428,-0.4794758203104481,-0.9019267788874382,-0.9898988712021565,0.19516698686083,-0.8238649762007128,0.009759465477002306,0.461837853772224,0.9401598600618608,0.9581356077111824,0.5377524801903028,0.6481117282754599,-0.4678209420079071,-1.0364336425375131,-0.6515377383555188,-0.6481117282754707,-1.3704950028445408,0.5416342356269089,0.5762900126841938,-0.9053707861626996,0.43111023570753776,-0.18600384606161657,1,0,1,0,0,0,0,0,0,0,0,0,0,0,0,0,0,0,0,1,0,0,0,0,1,0,0,0,0,0,0,0,0,0,0,0,0,0,0,0,0,0,0,0,0,0,0,1,0,1,0,0,1,0,0,1,0,1,0,0,0,0,0,1,0,0,0,0,0,1,0,0,1,0,0,0,0,0,0,0,0,0,0,1,0,0,0,0,0,0,0,0
0.2350689509270523,0.4435339565021215,1.412783515790431,-1.1634568353598769,-0.4794758203104481,-0.9019267788874382,-1.1144981903926834,0.4830238996349156,1.1400563019893057,1.2296926501022896,0.461837853772224,0.05669353071262453,1.6631914285369542,0.8497755820685206,0.8144221538016264,-0.5914668355760007,1.4951580588242674,1.5348305111596448,-0.8144221538016372,-1.461114973032099,-0.7749553489927752,1.2618804456652244,-0.3610679194942681,1.4418273344988184,1.5687494186706172,0,0,1,0,1,1,0,0,0,0,0,0,0,0,0,0,0,0,0,0,1,0,0,0,0,0,0,0,0,0,0,0,0,0,0,0,0,0,1,0,0,0,0,0,0,0,0,1,0,0,0,0,0,0,1,0,0,0,0,1,0,0,1,0,0,0,0,1,0,0,0,0,0,1,0,1,1,0,0,0,0,0,0,0,0,0,0,0,0,0,0,0
0.37413214751186474,0.005691946134775455,-1.0399656435679563,-1.844314090638563,-0.4794758203104481,-0.9019267788874382,0.9538505081700629,-1.244117577009598,-0.8238649762007128,1.2296926501022896,1.3621065745757797,-1.4007184418333314,-1.5344440882669867,-1.866255730884998,-0.349750824881539,1.1213267322543081,-0.5301153022651569,-0.6515377383555188,0.34975082488152803,0.04317653208136333,0.840859141222292,-2.8516621522209564,1.5687331532392639,-1.6110064051032793,0.9838316637598726,0,0,0,0,0,1,0,0,0,0,0,0,0,0,0,1,0,0,0,0,0,0,0,0,0,0,0,0,0,0,1,0,0,0,0,0,0,0,0,0,0,0,0,0,0,0,0,1,1,0,0,0,0,1,0,0,1,0,0,1,0,0,0,1,0,0,0,0,1,0,0,0,1,0,1,0,0,0,0,1,0,0,0,0,0,0,0,0,0,0,0,1
-0.08651469117532652,-0.43215006423257063,-1.0399656435679563,0.6549352215432436,-0.4794758203104481,-0.9019267788874382,0.9538505081700629,-0.6684037514614268,-0.8238649762007128,0.009759465477002306,-1.3386995878348875,-1.3023277601424652,-1.422464634371129,-1.7804361341035528,-0.349750824881539,-1.3631363882057896,-0.023796961992800816,-0.6515377383555188,0.34975082488152803,0.04317653208136333,0.840859141222292,-0.9818700622726926,0.08427078959808616,-1.6068859207564392,-1.355839355883106,0,0,0,1,0,0,0,0,1,0,0,0,0,0,0,0,0,0,0,0,0,0,0,0,0,0,0,0,0,0,0,0,1,0,0,0,0,0,0,0,0,0,0,1,0,0,0,0,1,0,0,0,0,1,1,0,0,0,0,0,0,0,0,0,0,1,0,0,1,0,0,0,0,1,1,0,0,0,0,0,0,0,0,0,1,0,0,0,0,0,1,0
-0.738373425166635,-1.3078340849672627,1.412783515790431,-0.650560213770847,-0.4794758203104481,0.07085513744058632,0.9538505081700629,0.6269523560219584,0.15809566289429652,0.009759465477002306,-1.3386995878348875,-0.07244423900663739,2.870081098303422,-0.13397127733360237,0.14918045169696045,0.616315191054504,0.48252137827955527,-0.6515377383555188,-0.14918045169697136,0.7448340155335978,-0.5555237515561613,4.004242177589345,-2.719713675057471,0.5798210094820603,-0.7709216009723612,1,0,1,0,1,0,1,0,0,0,0,0,0,0,0,0,0,0,0,0,0,0,0,1,0,0,0,0,0,0,0,0,0,0,0,0,0,0,0,0,0,1,0,0,1,0,0,0,0,0,0,1,0,0,0,0,0,0,1,0,0,0,1,0,0,0,0,0,1,0,0,0,0,0,1,0,0,0,0,0,0,0,0,0,0,0,0,0,0,0,0,0
0.4784295449504741,0.4435339565021215,-1.0399656435679563,-1.264749513203456,-0.4794758203104481,-0.9019267788874382,-0.44522184731213893,0.4830238996349156,-0.8238649762007128,0.009759465477002306,1.3621065745757797,-1.261331642771271,-1.4017276984644886,-1.7041520480756014,0.4818013027492934,-1.0056060935510611,-1.0364336425375131,-0.6515377383555188,-0.48180130274930427,-0.9743562760246447,0.5416342356269089,-1.1376860697683815,0.45538638050838015,-1.4481660973294015,0.39891390884912803,0,0,0,0,0,0,0,0,0,1,0,0,0,0,1,0,0,0,0,0,0,0,0,0,0,0,0,0,0,0,0,0,0,0,0,0,0,0,0,0,0,0,0,1,0,0,0,0,0,0,1,0,0,1,0,0,1,0,0,1,0,0,0,1,0,0,0,0,0,0,1,0,0,0,0,0,1,0,0,0,0,0,0,0,0,0,0,0,0,0,0,0
-0.8426708226052443,-0.8699920745999167,1.412783515790431,-0.9739018484244409,1.6979802210630675,-0.1840065454350216,-1.9902534052746723,1.3465946379571725,1.1400563019893057,0.009759465477002306,0.461837853772224,1.432113268516192,2.9509551483393195,1.0463130537099785,-0.6823716759338719,0.9790594691729474,-1.0364336425375131,-0.6515377383555188,0.6823716759338609,-1.5802155052786035,0.28844393089235454,1.894733153032329,-1.7427598118064396,1.9584450115026262,0.9838316637598726,0,0,0,0,1,0,0,0,0,0,0,0,0,0,0,1,0,0,0,0,0,0,0,0,0,0,0,0,0,0,0,0,0,0,0,0,0,0,0,0,0,0,1,0,0,1,0,0,0,0,0,0,1,0,0,1,0,0,0,1,1,0,0,0,0,0,0,0,0,0,1,0,0,1,1,0,0,0,0,0,0,1,0,0,0,0,0,0,0,0,0,1
-1.3554663600117403,0.5529944590939581,1.412783515790431,0.591422417879187,-0.4794758203104481,0.3185376179816701,-1.0254986766851641,1.634451550731258,1.1400563019893057,-1.2101737191482849,0.461837853772224,2.0552542525583446,2.086224921032417,0.7655452370793242,1.3133534303801258,0.6785105652288161,-0.5301153022651569,-0.6515377383555188,-1.3133534303801366,-0.5160781410761373,1.1999290279367514,1.2618804456652244,-1.993976519499563,0.7532865882043265,0.39891390884912803,0,0,0,0,1,1,0,0,0,0,0,0,0,0,0,0,0,0,0,0,0,1,0,0,0,0,0,0,0,0,0,0,0,0,0,0,0,0,0,0,0,0,0,0,1,0,0,0,0,0,0,1,0,0,0,0,0,0,0,1,0,0,0,0,0,0,0,0,0,0,0,0,0,1,1,0,0,0,0,0,0,0,1,0,0,0,0,0,0,0,0,1
0.5479611432428804,0.11515244872661197,-1.0399656435679563,-0.4133501360861874,1.6979802210630675,-0.9019267788874382,-0.2992626448318074,-0.9562606642355124,-0.8238649762007128,-1.2101737191482849,0.461837853772224,-1.2654312545083903,-1.4038013920551526,-1.8090426663640347,-1.347613378038538,-1.0450833969191875,0.9888397185519114,1.5348305111596448,1.3476133780385269,-0.868201453804934,1.6387922228099792,-0.5663607089508563,-0.9053707861626996,-1.5779517824988893,-0.7709216009723612,0,0,1,0,1,0,0,1,0,0,0,0,0,0,0,0,0,0,0,0,0,0,0,1,0,0,0,1,0,0,0,0,0,0,0,0,0,0,0,0,0,0,0,0,0,0,0,1,1,0,0,0,0,1,0,0,1,0,0,1,1,0,0,0,0,0,1,0,0,0,0,0,1,0,0,0,0,0,0,0,1,0,0,0,0,0,0,0,0,0,1,0
0.7130986891873451,0.8813759668694676,-1.0399656435679563,0.534834558614631,-0.4794758203104481,1.0400474526013488,-1.8086943973113332,0.4830238996349156,1.1400563019893057,-1.2101737191482849,-1.3386995878348875,1.1738377290776683,-0.1699537056100522,0.4307428595122043,-0.6823716759338719,-0.11103550213370925,0.9888397185519114,1.5348305111596448,0.6823716759338609,-0.5652718391779544,1.1999290279367514,-0.7948908532778661,-0.3610679194942681,0.14908211396992288,-0.7709216009723612,1,0,1,0,1,0,1,0,0,0,0,0,0,0,0,0,0,0,1,0,0,0,0,0,0,0,1,0,0,0,0,0,0,0,0,0,0,0,0,0,0,0,0,0,0,0,0,0,0,0,0,1,0,0,1,0,0,0,1,0,1,0,0,0,0,0,0,0,0,0,0,1,0,1,0,0,0,0,0,0,0,0,0,0,0,0,0,0,0,0,0,0
-0.2516522371197913,-0.5416105668244071,-1.0399656435679563,-1.3977576168766999,-0.4794758203104481,2.0559045829365186,-1.0788983849096756,0.33909544324787283,-0.8238649762007128,1.2296926501022896,-0.4384308670313317,-0.6873859995745513,-0.6883771032760608,-0.4963206859663714,0.6481117282754599,0.9202159415110233,-1.542751982809869,-0.6515377383555188,-0.6481117282754707,0.6982294594371394,-0.5555237515561613,-0.5663607089508563,0.9089721027320734,-0.14830374803141852,-0.18600384606161657,0,1,0,0,0,0,0,1,0,0,0,0,0,0,0,1,0,0,0,0,0,0,0,0,0,0,0,0,0,0,0,0,0,0,0,0,0,0,0,0,0,0,0,0,0,0,0,1,0,1,0,0,0,0,0,0,0,0,1,0,1,0,0,0,0,0,0,0,0,0,0,0,1,0,0,1,0,0,0,0,0,1,0,0,0,0,0,0,0,0,0,0
-0.8079050234590411,-1.0889130797835898,-1.0399656435679563,-0.06906976422463719,0.3915065962389581,-0.9019267788874382,0.9538505081700629,-1.5319744897836836,-0.8238649762007128,0.009759465477002306,-0.4384308670313317,-0.539799977038252,0.4563017587704862,0.024953901891296332,-1.5139238035647045,-1.2257106811978784,0.48252137827955527,-0.6515377383555188,1.5139238035646931,0.04317653208136333,-0.9544902923500049,0.8879220276755714,0.08427078959808616,-0.04770626911153325,-0.7709216009723612,0,0,1,0,0,0,0,0,0,0,1,0,0,0,1,0,0,0,0,0,0,0,0,0,0,0,0,0,0,0,0,0,0,0,1,0,0,0,0,0,0,0,0,0,0,1,0,0,0,1,0,0,1,0,0,0,0,1,0,0,0,0,0,1,0,0,0,0,0,0,1,0,1,0,0,1,0,0,0,0,0,0,0,1,0,0,0,0,0,0,0,1
-0.46024703199701,-0.21322905904889758,-1.0399656435679563,0.450792777766257,-0.4794758203104481,0.6774977347078784,0.9538505081700629,0.33909544324787283,1.1400563019893057,0.009759465477002306,0.461837853772224,-0.3122715256281238,-0.3088911761845425,0.49537243239699646,-1.1813029525123715,-1.448422260576553,1.4951580588242674,1.5348305111596448,1.1813029525123604,1.182399014439235,-0.7749553489927752,-0.7948908532778661,1.2718406805110285,-0.021087621175159867,0.9838316637598726,1,0,1,0,0,0,0,0,0,0,0,0,0,0,0,0,0,0,0,0,1,0,0,0,0,0,0,0,0,1,0,0,0,0,0,0,0,0,0,0,0,0,0,0,0,0,1,0,0,0,0,1,0,0,0,1,0,1,0,0,0,0,0,1,0,0,0,0,0,0,0,0,0,0,0,1,0,0,0,0,0,0,0,0,1,0,0,0,0,0,0,0
-0.4167897830642561,-0.21322905904889758,-0.22238259044849376,-0.6962894324089681,2.1334714293377703,-0.9019267788874382,-0.9614190268157503,0.7708808124090012,1.1400563019893057,0.009759465477002306,-0.4384308670313317,1.3624198689851617,-0.07456380043950663,0.9742669724613578,-1.014992526986205,1.3991575653922532,0.48252137827955527,-0.6515377383555188,1.014992526986194,-1.3497818668016706,0.840859141222292,-0.9818700622726926,0.08427078959808616,1.1167461717823337,0.39891390884912803,0,1,0,1,1,0,0,0,0,0,0,0,0,0,0,0,1,0,0,0,0,0,0,0,0,0,0,0,0,0,0,0,0,1,0,0,0,0,0,0,0,0,0,0,0,0,1,0,0,0,0,1,0,0,0,1,0,0,1,0,1,0,0,0,0,0,0,0,0,1,0,0,1,0,0,1,0,0,0,0,0,0,0,0,0,0,1,0,0,1,0,0
-0.3385667349852991,-0.3226895616407341,1.412783515790431,-0.03497773025786647,-0.4794758203104481,-0.9019267788874382,-0.459461769505342,1.2026661815701296,1.1400563019893057,1.2296926501022896,0.461837853772224,-0.5869455120151253,-0.5867661173335231,-0.0725202080333082,0.4818013027492934,-1.181764249146568,-0.5301153022651569,-0.6515377383555188,-0.48180130274930427,-0.9847128440460798,-0.7749553489927752,-0.7948908532778661,1.2718406805110285,-0.29024817244096884,1.5687494186706172,0,0,1,0,1,0,0,0,0,1,0,1,0,0,0,0,0,0,0,0,0,0,0,0,0,0,0,0,0,0,0,0,1,0,0,0,0,0,0,0,0,0,0,0,0,0,0,0,0,0,0,0,1,0,0,1,0,1,0,0,1,0,0,0,0,0,0,0,1,0,0,0,0,0,0,0,0,1,0,0,0,0,0,0,0,0,0,0,0,1,0,0
0.4262808462311694,0.2246129513184485,1.412783515790431,0.23087457307916545,-0.4794758203104481,2.0164189700966353,0.9538505081700629,-0.23661838230029839,1.1400563019893057,1.2296926501022896,0.461837853772224,-0.019149286424084856,1.5097381028278156,1.1014071158412768,1.4796638559062922,-1.529983859044663,-0.023796961992800816,-0.6515377383555188,-1.4796638559063031,2.148148982438067,-0.9544902923500049,0.8879220276755714,0.08427078959808616,0.7200044290706576,1.5687494186706172,0,1,0,0,0,0,0,0,0,0,1,0,0,0,0,0,0,0,0,0,0,1,0,0,0,0,0,0,0,0,1,0,0,0,0,0,0,0,0,0,0,0,0,0,1,0,0,0,0,0,0,1,0,0,0,0,0,0,1,0,0,0,0,1,0,0,0,0,0,0,0,1,0,0,0,1,0,0,0,0,0,0,0,0,0,0,0,1,0,0,1,0
-1.6857414519006697,-1.4172945875590992,1.412783515790431,-2.0109634922525745,-0.4794758203104481,-0.9019267788874382,0.1635348264472924,-1.244117577009598,1.1400563019893057,-1.2101737191482849,1.3621065745757797,-0.939512121407396,-0.3524387415884872,-0.8014570300781769,-0.6823716759338719,-0.8558902826643936,-1.542751982809869,-0.6515377383555188,0.6823716759338609,-0.53161299310829,-0.9544902923500049,0.8879220276755714,0.08427078959808616,-0.11469761110601752,0.9838316637598726,1,0,0,0,1,0,0,0,1,0,0,0,0,0,0,0,0,0,0,0,0,1,0,0,0,0,0,0,0,0,0,0,0,0,0,0,0,0,0,0,0,0,0,1,0,0,0,0,0,0,0,0,0,0,0,0,0,0,0,0,0,0,0,1,0,0,0,0,0,1,0,0,1,0,1,0,0,0,0,0,0,1,0,0,0,0,0,0,0,0,0,1
-0.39940688349115455,-0.6510710694162436,1.412783515790431,0.29094539254465407,-0.4794758203104481,-0.9019267788874382,-0.4203019834740335,-1.6759029461707264,-0.8238649762007128,-1.2101737191482849,-1.3386995878348875,-0.8062747399510146,-0.08285857480216276,-0.711399428517401,1.1470430048539593,-1.6175042957570185,1.4951580588242674,1.5348305111596448,-1.1470430048539701,-0.9562322819871331,-0.7749553489927752,1.2618804456652244,-0.3610679194942681,-0.7066287806902785,-1.9407571107938504,0,1,0,0,0,0,0,0,0,0,0,0,0,0,0,1,0,0,0,0,0,0,0,0,0,0,0,0,0,0,0,0,0,0,0,0,0,0,0,1,0,0,0,0,1,0,0,0,0,1,0,0,1,0,0,1,0,0,1,0,0,0,0,1,0,0,0,1,0,0,0,0,1,0,1,0,0,0,0,0,0,0,0,0,0,0,1,0,0,0,0,1
2.016816157169962,2.1949019979715056,-0.22238259044849376,0.3365926591780464,-0.4794758203104481,0.49801767634477423,0.9538505081700629,-0.23661838230029839,1.1400563019893057,1.2296926501022896,0.461837853772224,1.2640291872942955,-0.12433244661544345,0.512324451514319,1.4796638559062922,-1.1672395809262197,-1.542751982809869,-0.6515377383555188,-1.4796638559063031,1.0529419141712948,1.1999290279367514,-0.7948908532778661,-0.3610679194942681,0.2854356466159612,1.5687494186706172,0,1,0,1,1,0,0,0,0,0,1,0,0,0,0,0,0,0,0,0,1,0,0,0,0,1,0,0,0,0,0,0,0,0,0,0,0,0,0,0,0,0,0,0,0,1,0,0,0,0,0,0,1,0,0,1,0,0,0,1,0,0,0,0,0,1,0,1,0,0,0,0,1,0,0,0,0,0,0,0,0,0,0,0,0,0,0,1,0,0,1,0
-0.9817340191900567,-0.9794525771917532,1.412783515790431,0.246773261996362,3.0044538458871766,0.6739081335406163,0.9538505081700629,0.19516698686083,1.1400563019893057,1.2296926501022896,-1.3386995878348875,1.1410408351807126,1.1613575795962578,1.0897526026981177,0.6481117282754599,-1.144893937510299,-0.023796961992800816,-0.6515377383555188,-0.6481117282754707,1.179809872433876,0.28844393089235454,0.3126013846145672,-0.4866762733408288,0.8285945862942805,0.39891390884912803,0,0,1,0,0,0,0,0,0,1,0,0,0,0,0,0,1,0,0,0,0,0,0,0,0,0,0,0,0,0,0,0,1,0,0,0,0,0,0,0,0,0,0,0,0,0,1,0,0,0,0,0,1,0,1,0,0,0,1,0,0,0,0,1,0,0,0,0,1,0,0,0,0,1,1,0,0,1,0,0,0,0,0,0,0,0,0,0,0,0,0,0
0.45235519559082177,0.334073453910285,-0.22238259044849376,0.12306671085972519,-0.4794758203104481,-0.9019267788874382,-0.45234180840874044,0.33909544324787283,-0.8238649762007128,1.2296926501022896,-0.4384308670313317,0.02389663681566912,1.596833233635705,0.7904435151578917,-1.1813029525123715,1.3343551994860838,-0.023796961992800816,-0.6515377383555188,1.1813029525123604,-0.9795345600353623,-0.7749553489927752,1.2618804456652244,-0.3610679194942681,0.6056954214011824,-0.18600384606161657,0,0,0,1,0,0,0,0,1,0,0,0,0,0,0,0,0,0,0,0,0,0,0,1,0,0,1,0,0,0,0,0,0,0,0,0,0,0,0,0,0,0,0,0,0,0,0,1,0,1,0,1,0,0,1,0,0,0,0,1,0,0,0,0,0,1,0,0,1,0,0,0,0,0,1,0,0,0,0,0,0,0,0,0,1,0,0,0,0,0,0,0
0.6088012917487358,0.771915464277631,-0.22238259044849376,0.4743949551278676,-0.4794758203104481,-0.9019267788874382,0.9538505081700629,1.4905230943442151,1.1400563019893057,0.009759465477002306,1.3621065745757797,1.5715000675782524,1.596833233635705,1.19040521620722,0.6481117282754599,0.6755311461066934,-1.0364336425375131,-0.6515377383555188,-0.6481117282754707,0.04317653208136333,0.5416342356269089,0.5762900126841938,-0.9053707861626996,0.9035988125939858,1.5687494186706172,0,1,0,1,1,0,1,0,0,0,0,0,0,1,0,0,0,0,0,0,0,0,0,0,0,0,1,0,0,0,0,0,0,0,0,0,0,0,0,0,0,0,0,1,0,0,0,0,0,0,0,0,1,0,0,1,0,0,1,0,0,0,0,0,0,1,0,0,0,0,1,0,0,0,1,0,0,1,0,0,0,0,0,0,0,0,0,0,0,0,0,1
0.6174927415352865,0.6624549616857945,1.412783515790431,0.7841325569966436,-0.4794758203104481,0.5123760810138226,-1.320977062194128,-0.524475295074384,1.1400563019893057,0.009759465477002306,-0.4384308670313317,-0.425010848398908,0.688555440924858,0.5462284897489641,-1.1813029525123715,1.3797913410984555,1.4951580588242674,1.5348305111596448,1.1813029525123604,-0.5911632592315424,-1.1041027451476964,0.5762900126841938,0.45538638050838015,0.026628932502833977,0.39891390884912803,1,0,0,1,0,0,0,0,0,0,0,0,0,0,0,0,0,0,0,0,0,0,0,0,0,0,0,1,0,0,0,0,0,0,0,0,0,0,0,0,0,0,0,0,0,0,0,1,0,0,0,0,1,0,0,1,0,0,0,0,0,0,0,0,1,0,0,0,1,0,0,0,0,1,1,0,0,0,0,0,0,0,0,0,0,0,0,0,0,0,1,0
-1.7639644999796267,-0.6510710694162436,-1.0399656435679563,-1.4468058917062967,-0.4794758203104481,-0.9019267788874382,0.9538505081700629,-1.5319744897836836,1.1400563019893057,0.009759465477002306,-1.3386995878348875,-0.22412987328005615,-0.8770832200264879,-0.833771816520573,0.14918045169696045,0.8650966877517526,-1.542751982809869,-0.6515377383555188,-0.14918045169697136,0.04317653208136333,1.1999290279367514,-0.7948908532778661,-0.3610679194942681,-0.3523538725813521,-0.18600384606161657,0,0,1,0,0,0,1,0,0,0,0,0,0,0,0,0,0,0,0,0,0,0,0,1,0,0,0,0,0,0,0,0,0,0,0,0,0,0,0,0,0,0,1,1,0,0,0,0,0,0,0,1,0,0,1,0,0,0,0,1,1,0,0,0,0,0,0,0,1,0,0,0,1,0,1,0,0,0,0,0,0,0,0,0,0,0,0,1,0,0,0,1
-1.0338827179093615,-0.9794525771917532,-0.22238259044849376,0.8113815985686424,-0.4794758203104481,0.9503074234197967,-1.6769751170242049,1.0587377251830867,-0.8238649762007128,-1.2101737191482849,-0.4384308670313317,1.0139528713300106,1.0327885769750877,0.6140365662182542,0.14918045169696045,1.126540715718023,0.9888397185519114,1.5348305111596448,-0.14918045169697136,-0.5342021351136489,0.5416342356269089,0.5762900126841938,-0.9053707861626996,0.29642507852011296,-1.355839355883106,1,0,0,1,1,0,0,0,0,0,0,0,0,0,0,0,0,0,0,0,1,0,0,0,0,0,0,0,0,0,0,0,0,0,0,0,0,0,1,0,0,0,0,0,1,0,0,0,0,1,0,0,1,0,0,0,0,0,1,0,1,0,0,0,0,0,0,0,0,0,0,1,0,1,0,1,0,0,0,0,0,0,0,0,0,0,1,0,0,1,0,0
0.25245185050015384,-0.21322905904889758,1.412783515790431,1.4219240337908632,-0.4794758203104481,1.309267540146005,-0.12126361741676904,0.7708808124090012,-0.8238649762007128,-1.2101737191482849,0.461837853772224,1.2271326816602206,-0.14299568893141976,1.1898754656098038,-0.017129973829206037,1.3991575653922532,0.48252137827955527,-0.6515377383555188,0.017129973829195105,0.8561671217640262,0.5416342356269089,-1.1376860697683815,0.45538638050838015,0.26174133200043104,-0.7709216009723612,0,0,0,0,0,0,1,0,0,0,0,0,0,0,0,0,0,0,0,0,0,1,0,0,0,0,0,0,0,0,0,0,0,0,0,0,0,0,0,0,0,1,0,0,0,0,0,1,0,1,0,0,0,0,0,1,0,1,0,0,1,0,0,0,0,0,1,0,0,0,0,0,0,1,0,1,0,0,0,0,0,0,0,0,0,0,0,1,0,1,0,0
-0.538470080075967,-0.9794525771917532,1.412783515790431,1.4758484529017648,-0.4794758203104481,1.1979899039608806,-0.7122203884346965,0.19516698686083,1.1400563019893057,-1.2101737191482849,1.3621065745757797,-0.22003026154293673,1.1032941590576648,0.3491612675100897,0.8144221538016264,-0.05442653881337723,-0.5301153022651569,-0.6515377383555188,-0.8144221538016372,0.34610614670834283,-0.7749553489927752,1.2618804456652244,-0.3610679194942681,-0.17981536853454658,0.9838316637598726,1,0,1,0,1,0,0,1,0,0,0,0,0,0,0,0,0,0,0,0,0,0,0,0,0,0,0,0,0,0,0,0,0,0,0,0,0,1,0,0,0,0,0,0,0,0,0,0,0,0,0,1,0,0,0,0,0,0,1,0,0,0,0,1,0,0,0,1,0,0,0,0,0,1,0,1,0,0,0,1,0,0,0,0,0,0,0,0,0,0,0,0
0.5392696934563296,0.5529944590939581,-1.0399656435679563,1.4563848517789089,-0.4794758203104481,-0.9019267788874382,0.9538505081700629,-1.1001891206225551,-0.8238649762007128,0.009759465477002306,0.461837853772224,-0.8513704690593283,-0.8542725905291836,-0.6192228245669598,1.1470430048539593,0.28522724110861486,0.48252137827955527,-0.6515377383555188,-1.1470430048539701,0.04317653208136333,-0.7749553489927752,-0.7948908532778661,1.2718406805110285,-0.9509529562679044,-0.18600384606161657,0,0,1,0,1,0,1,0,0,0,0,0,0,0,0,1,0,0,0,0,0,0,0,0,0,0,0,0,0,0,0,0,0,0,0,1,0,0,0,0,0,0,0,0,0,0,0,0,0,1,0,0,0,0,0,1,0,0,0,1,0,0,0,0,0,1,0,0,0,0,1,0,1,0,0,1,0,1,0,0,0,0,0,0,0,0,0,0,0,0,0,1
1.2693514755265949,1.209757474644977,-1.0399656435679563,-1.5049508390606814,-0.4794758203104481,-0.9019267788874382,0.9538505081700629,0.33909544324787283,1.1400563019893057,-1.2101737191482849,0.461837853772224,0.489202568978724,-0.516260535250946,-0.4486431321989018,1.6459742814324587,-0.451434136836232,-0.023796961992800816,-0.6515377383555188,-1.6459742814324694,0.04317653208136333,1.6387922228099792,-0.5663607089508563,-0.9053707861626996,0.24073441668142437,0.39891390884912803,0,1,0,1,0,0,0,0,0,1,0,0,0,0,0,0,0,0,1,0,0,0,0,0,0,1,0,0,0,0,0,0,0,0,0,0,0,0,0,0,0,0,0,0,1,0,0,0,0,0,0,1,0,0,0,1,0,0,0,1,0,0,1,0,0,0,0,0,1,0,0,0,0,0,0,0,1,0,0,0,0,0,0,0,0,0,0,0,0,0,0,0
-0.929585320470752,-1.4172945875590992,-0.22238259044849376,-0.017726833262661286,-0.4794758203104481,-0.9019267788874382,0.9538505081700629,-1.1001891206225551,0.15809566289429652,1.2296926501022896,0.461837853772224,0.5424975215612765,-0.4893025185723135,-0.14032828450259832,-0.8486821014600384,1.3995299927825187,1.4951580588242674,1.5348305111596448,0.8486821014600274,0.04317653208136333,1.1999290279367514,-0.7948908532778661,-0.3610679194942681,-0.14283931419182952,0.9838316637598726,0,0,1,0,1,1,0,0,0,0,0,0,0,1,0,0,0,0,0,0,0,0,0,0,0,0,0,0,0,0,0,0,0,0,0,0,0,0,0,0,1,0,0,1,0,0,0,0,0,0,0,1,0,0,0,0,0,0,1,0,0,0,0,0,1,0,0,0,0,0,0,1,0,1,0,0,0,0,0,0,0,1,0,0,0,0,0,0,0,0,0,1
1.695232515067583,1.7570599876041597,1.412783515790431,-1.0688432459016148,-0.4794758203104481,-0.9019267788874382,-1.3743767704186396,1.634451550731258,1.1400563019893057,0.009759465477002306,-0.4384308670313317,2.1003499816666586,0.29870104588001956,1.2688083046248368,0.8144221538016264,1.202888330722418,0.9888397185519114,1.5348305111596448,-0.8144221538016372,-1.6501223394232911,1.1999290279367514,-0.7948908532778661,-0.3610679194942681,1.8280135867507923,0.39891390884912803,0,0,0,1,1,0,0,1,0,0,0,0,0,0,0,0,0,0,0,0,0,0,1,0,0,0,0,0,0,0,0,0,0,0,0,0,0,0,0,0,1,0,0,1,0,0,0,0,0,0,0,0,1,0,0,1,0,0,0,1,1,0,0,0,0,0,0,0,1,0,0,0,0,1,0,1,0,0,0,0,0,0,0,0,1,0,0,0,0,0,0,1
0.8782362351318099,1.1002969720531406,1.412783515790431,0.37498717339302823,-0.4794758203104481,-0.9019267788874382,-0.5449013026645604,1.3465946379571725,1.1400563019893057,-1.2101737191482849,0.461837853772224,0.9565583070103386,-0.279859465915246,0.5547044993076253,-0.349750824881539,-1.0186410522103482,-1.0364336425375131,-0.6515377383555188,0.34975082488152803,-1.046852252174691,0.840859141222292,-0.9818700622726926,0.08427078959808616,0.22742104150885775,0.39891390884912803,0,0,0,0,0,0,1,0,0,0,0,0,0,0,1,0,0,0,0,0,0,0,0,0,0,0,1,0,0,0,0,0,0,0,0,0,0,0,0,0,0,0,0,0,0,1,0,0,0,0,0,0,0,0,0,1,0,1,0,0,1,0,0,0,0,0,0,1,0,0,0,0,0,1,1,0,0,0,0,0,0,0,0,0,0,0,0,0,1,0,0,1
0.6261841913218373,0.8813759668694676,-0.22238259044849376,1.9163814543161337,-0.4794758203104481,-0.9019267788874382,0.9538505081700629,1.634451550731258,1.1400563019893057,-1.2101737191482849,-1.3386995878348875,-0.2979228845482058,0.9456934461671983,0.5250384658523108,1.4796638559062922,1.168997438208272,-1.542751982809869,-0.6515377383555188,-1.4796638559063031,0.04317653208136333,-0.9544902923500049,0.8879220276755714,0.08427078959808616,-0.22808480140738008,-0.7709216009723612,1,0,0,0,1,0,0,0,0,0,1,0,1,0,0,0,0,0,0,0,0,0,0,0,0,0,0,0,0,0,0,0,0,0,0,0,0,0,0,0,0,0,1,0,0,1,0,0,0,0,0,1,0,0,1,0,0,0,0,1,1,0,0,0,0,0,0,0,0,0,0,0,0,1,1,0,0,0,1,0,0,0,0,0,0,0,0,0,0,0,0,1
0.46104664537737255,0.11515244872661197,-1.0399656435679563,0.5061513569598959,-0.4794758203104481,-0.9019267788874382,0.9538505081700629,-0.8123322078484696,1.1400563019893057,-1.2101737191482849,0.461837853772224,0.40721033423633546,-0.5577344070642266,-0.013188141122679357,-0.5160612504077055,-1.419000496745591,1.4951580588242674,1.5348305111596448,0.5160612504076945,0.04317653208136333,0.840859141222292,-0.9818700622726926,0.08427078959808616,-0.25277375579582184,0.39891390884912803,1,0,1,0,1,0,0,0,1,0,0,1,0,0,0,0,0,0,0,0,0,0,0,0,0,0,0,0,0,0,0,0,0,0,0,0,0,0,0,0,0,0,0,0,0,0,0,0,0,0,0,0,1,0,0,0,0,0,1,0,1,0,0,0,0,0,1,0,0,0,0,0,1,0,0,1,1,0,0,0,0,0,0,0,0,0,0,0,0,0,1,0
-1.0947228664152169,-0.8699920745999167,-0.22238259044849376,1.222043094259723,1.2624890127883643,-0.9019267788874382,-0.03938406480585137,1.3465946379571725,-0.8238649762007128,0.009759465477002306,-1.3386995878348875,-0.48650502445569943,0.564133825485016,0.13514202615389276,0.6481117282754599,0.4148319729209539,-1.0364336425375131,-0.6515377383555188,-0.6481117282754707,-0.6791940874137417,-0.9544902923500049,0.8879220276755714,0.08427078959808616,-0.32353759720449404,-1.355839355883106,1,0,1,0,1,0,0,0,0,0,1,0,0,0,0,0,0,0,0,0,1,0,0,0,0,1,0,0,0,0,0,0,0,0,0,0,0,0,0,0,0,0,0,0,0,1,0,0,0,1,0,0,0,0,0,0,0,0,1,0,0,0,0,0,0,1,0,0,0,0,0,1,0,0,0,0,0,0,0,0,0,1,0,0,0,0,0,0,0,0,0,1
-0.6514589273011271,-1.1983735823754262,-0.22238259044849376,0.49799713248947824,-0.4794758203104481,-0.9019267788874382,0.9538505081700629,1.634451550731258,-0.8238649762007128,1.2296926501022896,1.3621065745757797,0.5097006276643211,-0.5058920672976258,-0.4327506142764119,-0.017129973829206037,1.634904103430215,0.9888397185519114,1.5348305111596448,0.017129973829195105,0.04317653208136333,1.6387922228099792,-0.5663607089508563,-0.9053707861626996,-0.4618395462875875,0.9838316637598726,0,1,0,1,1,0,0,0,0,1,0,0,0,0,0,0,1,0,0,0,0,0,0,0,0,0,0,0,0,0,0,0,0,0,0,0,0,0,0,0,0,0,0,1,0,0,0,0,0,1,0,0,1,0,0,0,0,1,0,0,1,0,0,0,0,0,0,0,0,0,0,1,1,0,1,0,0,0,0,0,0,0,0,0,0,0,0,1,0,0,0,1
0.6870243398276927,0.771915464277631,1.412783515790431,0.23325118121627178,-0.4794758203104481,1.0185098455977764,-1.6662951753793025,-1.244117577009598,1.1400563019893057,0.009759465477002306,1.3621065745757797,-0.07654385074375682,1.3936112617506298,0.9827429820200191,-0.1834403993553725,0.18839611963962588,0.48252137827955527,-0.6515377383555188,0.18344039935536155,-0.4772410109957553,-0.9544902923500049,0.8879220276755714,0.08427078959808616,0.6236833351475134,1.5687494186706172,0,0,0,1,0,0,0,0,0,0,1,0,0,0,0,0,0,0,0,0,0,0,0,1,0,0,0,0,0,0,0,0,0,0,0,0,0,0,1,0,0,0,0,0,0,0,0,0,0,0,0,0,0,0,0,0,0,0,0,0,1,0,0,0,0,0,0,0,0,0,1,0,1,0,0,0,0,0,0,0,0,0,0,0,1,0,0,0,0,0,0,1
-1.0338827179093615,-1.5267550901509357,-1.0399656435679563,0.0107105123778907,-0.4794758203104481,1.5031060031781576,-0.9542990657191488,-0.524475295074384,-0.8238649762007128,1.2296926501022896,0.461837853772224,-1.3310250423023011,-1.3395168907445676,-1.8101021675588673,-0.017129973829206037,-0.8871741834466823,-1.542751982809869,-0.6515377383555188,0.017129973829195105,0.3901215607994424,0.5416342356269089,0.5762900126841938,-0.9053707861626996,-1.5952953617786332,0.39891390884912803,1,0,1,0,0,0,0,1,0,0,0,0,0,0,0,0,0,0,0,0,0,0,1,0,0,0,0,0,0,0,0,0,0,0,0,0,0,0,0,0,0,0,0,0,0,0,1,0,1,0,0,0,0,1,0,0,1,0,0,0,0,0,0,1,0,0,0,0,1,0,0,0,0,0,1,0,0,0,0,0,0,0,0,0,1,0,0,0,0,0,1,0
-0.8948195213245489,-1.4172945875590992,-0.22238259044849376,0.47316567505695056,-0.4794758203104481,-0.9019267788874382,0.9538505081700629,-1.1001891206225551,-0.8238649762007128,1.2296926501022896,0.461837853772224,-1.4048180535704509,-1.414169860008473,-1.9017490209118921,-1.680234229090871,1.4330484579063996,-0.5301153022651569,-0.6515377383555188,1.6802342290908596,0.04317653208136333,0.840859141222292,0.8879220276755714,-1.4001915740430917,-1.682767446141867,0.39891390884912803,0,0,0,1,0,0,0,0,1,0,0,0,0,0,0,0,0,0,0,1,0,0,0,0,0,0,0,0,0,0,0,0,0,0,0,0,0,0,1,0,0,0,0,0,0,0,0,0,1,0,0,0,0,1,0,0,1,0,0,0,0,0,0,0,1,0,0,0,0,0,0,0,1,0,1,0,0,0,0,0,0,0,0,0,0,0,1,0,0,0,0,1
-0.9382767702573028,-0.9794525771917532,-1.0399656435679563,0.5853989455316925,2.1334714293377703,0.49442807517751214,-0.7798600188524111,1.4905230943442151,-0.8238649762007128,-1.2101737191482849,-1.3386995878348875,-1.5237067939469142,-0.14921676970341186,0.46782540133134737,-0.1834403993553725,0.05990866999808282,-1.0364336425375131,-0.6515377383555188,0.18344039935536155,-0.21055938444379896,-2.749839725922302,-0.28069802854209364,2.496522130514999,-0.22654673202868988,-1.9407571107938504,0,1,0,0,1,1,0,0,0,0,0,0,0,0,0,0,0,0,0,1,0,0,0,0,0,0,0,0,0,0,0,0,0,1,0,0,0,0,0,0,0,0,0,0,0,0,0,1,0,1,0,0,1,0,0,1,0,1,0,0,0,0,0,0,0,0,0,0,0,0,0,0,1,0,0,1,0,0,0,0,1,0,0,0,0,0,0,0,0,0,0,1
-0.7209905255935334,-0.8699920745999167,-0.22238259044849376,-0.7966806382005414,2.1334714293377703,-0.9019267788874382,0.9538505081700629,0.6269523560219584,-0.8238649762007128,-1.2101737191482849,-0.4384308670313317,-0.037597539241122274,-0.0310162350355619,0.6791958897004626,-0.5160612504077055,-0.690904948776847,1.4951580588242674,1.5348305111596448,0.5160612504076945,0.04317653208136333,-0.5555237515561613,-0.5663607089508563,0.9089721027320734,0.7174611318663021,-1.355839355883106,0,0,0,1,0,0,0,1,0,0,0,1,0,0,0,0,0,0,0,0,0,0,0,0,0,0,0,1,0,0,0,0,0,0,0,0,0,0,0,0,0,0,0,0,0,0,1,0,0,1,0,1,0,0,1,0,0,0,0,1,0,0,0,0,0,1,0,1,0,0,0,0,0,0,0,1,0,1,0,0,0,0,0,0,0,0,0,0,0,0,0,0
-0.24296078733324053,0.005691946134775455,-1.0399656435679563,0.4468590815393217,1.2624890127883643,-0.9019267788874382,-1.0610984821681717,0.33909544324787283,1.1400563019893057,1.2296926501022896,-0.4384308670313317,-0.5152023066155355,-0.514186841660282,-0.18482733468556994,0.4818013027492934,-1.1921922160739975,-0.023796961992800816,-0.6515377383555188,-0.48180130274930427,-1.4222778429517169,-0.5555237515561613,-0.5663607089508563,0.9089721027320734,-0.4605221655815724,0.9838316637598726,0,1,1,0,1,1,0,0,0,0,0,1,0,0,0,0,0,0,0,0,0,0,0,0,0,0,0,0,0,0,0,0,0,0,0,0,0,0,0,0,1,0,0,0,0,0,1,0,0,0,0,0,1,0,1,0,0,1,0,0,0,0,0,1,0,0,1,0,0,0,0,0,0,0,0,0,0,0,1,0,0,0,0,0,0,0,0,0,0,0,0,0
-0.39071543370460377,-0.21322905904889758,-0.22238259044849376,-1.4833564858149024,-0.4794758203104481,-0.9019267788874382,-0.9578590462674496,0.19516698686083,-0.8238649762007128,1.2296926501022896,-1.3386995878348875,0.07719158939822165,0.08511060604162402,0.8868581238876636,-1.014992526986205,0.460640541923591,-0.5301153022651569,-0.6515377383555188,1.014992526986194,-1.3471927247963118,-0.5555237515561613,-0.5663607089508563,0.9089721027320734,1.413663885477431,-0.7709216009723612,0,0,0,1,1,0,0,0,0,0,0,0,0,0,0,0,0,0,0,0,0,0,1,0,0,0,0,1,0,0,0,0,0,0,0,0,0,0,0,0,0,0,0,0,0,0,0,1,0,1,0,1,0,0,0,1,0,0,0,1,1,0,0,0,0,0,0,0,0,0,0,1,0,1,0,0,0,0,0,1,0,0,0,0,0,0,0,0,0,0,0,0
-0.7296819753800842,-0.9794525771917532,-1.0399656435679563,-1.2281169670901226,-0.4794758203104481,0.5195552833483468,-1.335216984387331,1.2026661815701296,-0.8238649762007128,0.009759465477002306,-0.4384308670313317,0.2616741175685958,0.2717430292013871,1.6820137706095735,-0.8486821014600384,-0.05628867576470394,0.48252137827955527,-0.6515377383555188,0.8486821014600274,-0.5963415432422601,-0.7749553489927752,-0.7948908532778661,1.2718406805110285,1.9193197132051032,-0.7709216009723612,1,0,1,0,0,0,0,0,0,0,0,0,0,0,0,0,0,0,1,0,0,0,0,0,0,0,0,0,0,0,0,0,0,0,0,1,0,0,0,0,0,0,0,0,0,0,0,0,0,1,0,0,0,0,1,0,0,0,1,0,1,0,0,0,0,0,0,1,0,0,0,0,1,0,0,1,0,0,0,0,0,0,0,0,0,1,0,0,0,1,0,0
0.0699314049825875,-0.43215006423257063,1.412783515790431,-0.54299820756559,-0.4794758203104481,0.36879203432333924,-0.797659921593915,-1.6759029461707264,1.1400563019893057,0.009759465477002306,1.3621065745757797,-0.5848957061465656,-0.5846924237428591,0.1743435703627011,-1.5139238035647045,1.599151073964742,-0.5301153022651569,-0.6515377383555188,1.5139238035646931,-0.31412506465815093,-0.9544902923500049,-0.9818700622726926,1.5687331532392639,0.04284947478269507,1.5687494186706172,1,0,0,1,1,0,0,0,1,0,0,0,0,0,0,0,0,0,1,0,0,0,0,0,0,0,0,0,0,0,0,0,0,0,0,0,0,0,0,0,0,1,0,0,0,0,1,0,0,0,0,0,0,0,0,1,0,1,0,0,1,0,0,0,0,0,1,0,0,0,0,0,1,0,1,0,0,0,0,0,0,0,0,0,0,0,1,0,0,0,0,1
0.7478644883335482,0.6624549616857945,-1.0399656435679563,-0.7022309527517349,-0.4794758203104481,-0.9019267788874382,-1.2177376262934057,1.634451550731258,1.1400563019893057,1.2296926501022896,0.461837853772224,1.132841611706474,-0.19069064151669254,0.3936603176930613,1.4796638559062922,0.5578440907828454,1.4951580588242674,1.5348305111596448,-1.4796638559063031,-1.536200091187504,1.1999290279367514,-0.7948908532778661,-0.3610679194942681,0.6476269777113565,1.5687494186706172,0,0,0,0,0,0,0,1,0,0,0,0,0,0,0,0,0,0,0,0,0,1,0,0,0,0,0,0,0,1,0,0,0,0,0,0,0,0,0,0,0,0,0,0,0,0,0,1,0,0,0,0,1,0,0,1,0,0,0,1,0,0,0,0,1,0,0,0,0,0,0,0,0,1,0,0,1,0,0,0,0,0,0,0,0,0,0,0,0,0,0,1
0.8260875364125052,0.334073453910285,1.412783515790431,0.7413536105287241,-0.4794758203104481,-0.004526487071917435,0.9538505081700629,0.19516698686083,-0.8238649762007128,0.009759465477002306,1.3621065745757797,1.1000447178095185,1.119883707782977,0.3639942842377469,-0.8486821014600384,-0.8674355317626192,-1.0364336425375131,-0.6515377383555188,0.8486821014600274,0.690462033421063,0.840859141222292,0.8879220276755714,-1.4001915740430917,0.21147836993933472,0.39891390884912803,0,1,0,0,0,0,0,0,0,0,0,0,1,0,0,0,0,0,0,0,0,0,0,0,0,0,0,0,0,0,0,0,0,0,0,1,0,0,0,0,0,0,0,0,0,0,0,1,0,1,0,1,0,0,1,0,0,0,1,0,0,0,0,1,0,0,1,0,0,0,0,0,0,1,0,0,0,1,0,0,0,0,0,0,0,0,0,0,0,0,0,0
-1.199020263853826,-1.4172945875590992,-0.22238259044849376,-1.0986327996201755,-0.4794758203104481,-0.9019267788874382,0.9538505081700629,-0.524475295074384,-0.8238649762007128,1.2296926501022896,0.461837853772224,-1.5237067939469142,0.6470815691115773,0.49855093598149447,0.4818013027492934,0.4416467450200586,-1.542751982809869,-0.6515377383555188,-0.48180130274930427,0.04317653208136333,-2.749839725922302,0.8879220276755714,1.5687331532392639,0.5998679962957368,0.39891390884912803,0,0,1,0,1,1,0,0,0,0,0,1,0,0,0,0,0,0,0,0,0,0,0,0,0,0,0,0,0,0,0,0,0,0,0,0,0,0,0,1,0,0,0,0,0,1,0,0,0,1,0,1,0,0,0,0,0,0,0,1,1,0,0,0,0,0,0,0,1,0,0,0,1,0,0,1,0,0,0,0,0,0,0,0,0,0,1,0,0,0,1,0
1.1302882789417825,0.8813759668694676,-1.0399656435679563,-0.07177418038065449,-0.4794758203104481,-0.9019267788874382,0.9538505081700629,-1.244117577009598,-0.8238649762007128,-1.2101737191482849,1.3621065745757797,-1.3269254305651819,-1.3353695035632396,-1.7804361341035528,0.9807325793277929,0.09715140902461704,0.9888397185519114,1.5348305111596448,-0.9807325793278037,0.04317653208136333,0.28844393089235454,0.3126013846145672,-0.4866762733408288,-1.5726765144788786,-0.18600384606161657,0,0,0,1,1,0,0,0,0,1,0,0,0,0,0,0,0,0,0,0,1,0,0,0,0,0,0,0,0,0,0,0,0,0,0,0,0,0,0,0,1,0,0,0,1,0,0,0,0,0,1,0,0,1,1,0,0,0,0,0,0,0,0,0,0,1,0,0,1,0,0,0,1,0,0,0,0,0,0,0,1,0,0,0,0,0,0,0,0,0,0,1
0.1046972041287906,-0.10376855645706107,-0.22238259044849376,0.5254510540732964,1.6979802210630675,-0.9019267788874382,0.9538505081700629,0.6269523560219584,-0.8238649762007128,1.2296926501022896,1.3621065745757797,1.889219977205008,0.7673557973700913,0.048792678775031136,1.1470430048539593,-1.6830515164437185,0.48252137827955527,-0.6515377383555188,-1.1470430048539701,0.04317653208136333,2.1873712164015147,0.5762900126841938,-2.2661279528337777,0.17572617846625707,0.9838316637598726,1,0,0,0,0,0,0,0,0,0,0,0,0,0,0,0,0,0,0,0,0,0,1,0,0,1,0,0,0,0,0,0,0,0,0,0,0,0,0,0,0,0,0,0,0,0,1,0,0,1,0,1,0,0,0,1,0,0,0,1,0,0,0,0,1,0,1,0,0,0,0,0,1,0,0,0,0,0,0,0,0,0,1,0,0,0,0,0,0,0,0,0
-1.0251912681228106,-1.1983735823754262,1.412783515790431,1.387709071817,-0.4794758203104481,1.818990905897221,0.9538505081700629,1.0587377251830867,-0.8238649762007128,-1.2101737191482849,0.461837853772224,0.8991637426906666,0.9166617358979018,0.49537243239699646,-0.5160612504077055,1.4326760305161341,-1.542751982809869,-0.6515377383555188,0.5160612504076945,2.005746172143333,0.5416342356269089,0.5762900126841938,-0.9053707861626996,0.02805211151090185,-0.7709216009723612,1,0,0,0,1,0,0,0,0,0,1,0,0,0,0,0,0,0,0,0,0,0,0,1,0,0,0,0,0,0,0,0,0,1,0,0,0,0,0,0,0,0,0,0,0,0,1,0,0,1,0,0,1,0,1,0,0,0,0,1,0,0,0,0,1,0,0,1,0,0,0,0,0,1,0,1,0,0,0,0,0,0,1,0,0,0,0,0,0,1,0,0
1.9559760086641065,1.8665204901959962,-0.22238259044849376,-0.526607806620027,2.1334714293377703,1.517464407847206,-0.6054209719856735,-1.6759029461707264,-0.8238649762007128,1.2296926501022896,-1.3386995878348875,-0.17493453243462304,-0.1699537056100522,-0.6149848197876291,-0.5160612504077055,0.4289842137510369,-0.5301153022651569,-0.6515377383555188,0.5160612504076945,0.6542140453460399,0.5416342356269089,0.5762900126841938,-0.9053707861626996,-0.35598184913290165,-0.7709216009723612,0,1,1,0,1,0,0,0,0,0,0,0,0,0,0,0,1,0,0,0,0,0,0,0,0,0,0,0,0,0,0,0,0,0,0,0,0,0,0,1,0,0,0,0,0,1,0,0,0,1,0,1,0,0,1,0,0,0,0,0,0,0,0,0,0,1,0,0,0,0,0,1,0,1,0,1,0,0,0,0,0,0,0,0,0,0,1,0,0,0,0,1
0.46104664537737255,0.4435339565021215,1.412783515790431,-1.3387111974703088,2.1334714293377703,0.7636481627221684,-1.691215039217408,0.051238530473787215,-0.8238649762007128,1.2296926501022896,0.461837853772224,0.6367885915150233,-0.4416075659870407,0.5033186913582414,-0.017129973829206037,0.39844516774927885,-0.5301153022651569,-0.6515377383555188,0.017129973829195105,-0.6791940874137417,0.5416342356269089,-1.1376860697683815,0.45538638050838015,0.9846242142059617,0.39891390884912803,1,0,0,1,0,0,0,0,0,0,1,0,0,0,0,1,0,0,0,0,0,0,0,0,0,0,0,0,0,0,0,0,0,0,0,0,0,0,0,0,0,0,0,0,0,0,0,0,0,1,0,0,0,0,0,1,0,0,1,0,0,0,0,0,1,0,0,0,0,0,0,0,1,0,0,1,0,0,0,0,0,0,0,1,0,0,0,0,0,0,0,0
-1.6422842029679159,-0.5416105668244071,-0.22238259044849376,2.3488421832648134,-0.4794758203104481,1.133377082950163,0.9538505081700629,1.3465946379571725,1.1400563019893057,0.009759465477002306,-1.3386995878348875,0.9975544243815329,-0.2591225300086057,0.5970845471009316,0.6481117282754599,0.5831691533208886,-1.0364336425375131,-0.6515377383555188,-0.6481117282754707,1.5112200491198022,0.840859141222292,-0.9818700622726926,0.08427078959808616,-0.27594485628891813,-0.18600384606161657,0,0,0,0,1,0,0,1,0,0,0,0,0,0,0,0,0,0,0,0,0,0,1,0,0,0,0,0,0,1,0,0,0,0,0,0,0,0,0,0,0,0,0,1,0,0,0,0,0,0,0,0,1,0,0,1,0,0,1,0,0,0,0,1,0,0,0,0,0,0,0,0,0,1,1,0,1,0,0,0,0,0,0,0,0,0,0,0,0,0,0,1
0.2263775011405015,0.005691946134775455,-0.22238259044849376,-1.4411512033800773,2.5689626376124735,1.5605396218543508,0.15997484589899164,-1.6759029461707264,-0.8238649762007128,0.009759465477002306,1.3621065745757797,1.5182051149956999,1.5429172002784401,0.3491612675100897,-0.5160612504077055,0.3053383201829433,-1.0364336425375131,-0.6515377383555188,0.5160612504076945,1.2419492805624872,1.1999290279367514,1.2618804456652244,-1.993976519499563,1.5528113409495439,0.39891390884912803,0,0,0,0,0,0,0,0,1,0,0,0,1,0,0,0,0,0,0,0,0,0,0,0,0,0,1,0,0,0,0,0,0,0,0,0,0,0,0,0,0,0,0,0,0,0,1,0,0,1,0,0,0,0,0,0,0,1,0,0,0,0,0,1,0,0,0,0,0,0,1,0,1,0,0,0,0,0,0,0,0,0,0,0,0,0,0,0,0,0,0,1
0.4002064968715171,0.4435339565021215,-0.22238259044849376,-0.05149105921052105,-0.4794758203104481,0.8174921802310997,-1.659175214282701,1.4905230943442151,-0.8238649762007128,0.009759465477002306,1.3621065745757797,1.1369412234435934,1.1572101924149298,0.053560434151778094,0.9807325793277929,-1.5519570750703182,0.48252137827955527,-0.6515377383555188,-0.9807325793278037,-0.6170546792851305,1.1999290279367514,1.2618804456652244,-1.993976519499563,0.341298970679112,0.39891390884912803,0,1,0,1,0,0,0,1,0,0,0,0,0,0,0,0,0,0,0,0,0,0,1,0,0,0,0,0,0,0,0,0,0,0,0,0,0,1,0,0,0,0,0,0,0,1,0,0,0,1,0,0,1,0,1,0,0,0,1,0,0,0,0,0,1,0,1,0,0,0,0,0,0,1,0,0,0,0,0,0,0,0,0,0,0,0,0,0,1,0,0,1
0.5740354926025326,0.5529944590939581,1.412783515790431,-0.923829173535746,-0.4794758203104481,0.792364972060265,0.9538505081700629,1.2026661815701296,1.1400563019893057,0.009759465477002306,-1.3386995878348875,-0.051946180321040265,-0.7899880892185984,-0.6780251408801722,0.3154908772231269,-0.1892452540894311,-1.0364336425375131,-0.6515377383555188,-0.3154908772231378,1.2652515586107165,1.1999290279367514,-0.7948908532778661,-0.3610679194942681,-0.3633373267678011,-0.18600384606161657,0,0,0,1,0,0,0,0,0,0,0,0,0,0,0,0,1,0,0,0,0,0,0,0,0,0,0,0,0,0,0,0,0,0,0,0,1,0,0,0,0,0,0,0,1,0,0,0,0,0,0,1,0,0,0,0,0,0,0,0,0,0,0,0,0,0,0,0,1,0,0,0,1,0,0,0,1,0,0,0,0,0,0,0,0,0,0,0,0,1,0,0
-1.207711713640377,-1.4172945875590992,-1.0399656435679563,0.11728909452641391,0.8269978045136612,-0.9019267788874382,-0.5235414193747558,-1.6759029461707264,-0.8238649762007128,0.009759465477002306,1.3621065745757797,-0.45370813055874404,0.6304920203862651,-0.07357970922814086,0.9807325793277929,-0.49053901281409296,-1.0364336425375131,-0.6515377383555188,-0.9807325793278037,-1.0313174001425383,-0.7749553489927752,1.2618804456652244,-0.3610679194942681,-0.12787352326101806,0.39891390884912803,1,0,0,0,0,0,1,0,0,0,0,0,1,0,0,0,0,0,0,0,0,0,0,0,0,0,0,1,0,0,0,0,0,0,0,0,0,0,0,0,0,0,0,0,0,0,1,0,0,1,0,1,0,0,1,0,0,1,0,0,0,0,0,0,1,0,0,0,0,0,1,0,0,0,1,0,0,0,0,0,0,1,0,0,0,0,0,0,0,0,0,1
2.3557826988454424,1.9759809927878327,-1.0399656435679563,-0.16327359365926045,-0.4794758203104481,1.517464407847206,-2.008053308016176,1.2026661815701296,-0.8238649762007128,-1.2101737191482849,0.461837853772224,-0.19133297938310076,1.1613575795962578,1.0897526026981177,-0.8486821014600384,0.9488928505614547,0.9888397185519114,1.5348305111596448,0.8486821014600274,-0.36590790476532686,-1.1041027451476964,0.5762900126841938,0.45538638050838015,0.8260045128710432,-0.7709216009723612,0,1,0,0,1,0,0,0,0,1,0,0,0,0,0,0,0,0,0,0,0,0,0,0,0,0,0,0,0,0,0,0,0,0,0,0,0,0,0,1,0,0,0,0,0,1,0,0,0,1,0,0,0,0,1,0,0,0,0,1,0,0,0,1,0,0,0,1,0,0,0,0,1,0,0,0,0,0,0,0,0,0,0,0,0,0,1,0,0,1,0,0
-1.1034143162017676,-1.3078340849672627,1.412783515790431,-1.1889029328278635,-0.4794758203104481,1.1226082794483767,-0.213823111672589,-1.5319744897836836,1.1400563019893057,-1.2101737191482849,-1.3386995878348875,-0.14623725027478707,-0.14092199534075572,0.8386508195227776,-1.680234229090871,0.3891344829926453,0.48252137827955527,-0.6515377383555188,1.6802342290908596,0.6542140453460399,-0.7749553489927752,-0.7948908532778661,1.2718406805110285,1.0465236836257656,-0.7709216009723612,1,0,0,1,0,0,1,0,0,0,0,0,0,0,0,0,0,0,0,0,0,0,0,0,0,0,0,0,0,0,0,0,0,0,0,0,0,0,0,0,0,0,0,0,0,1,0,0,0,0,0,0,0,0,1,0,0,0,0,0,1,0,0,0,0,0,0,0,0,0,0,1,0,1,1,0,0,0,0,0,0,0,0,0,0,0,0,0,1,0,0,1
0.45235519559082177,0.4435339565021215,-1.0399656435679563,-0.21814046082453198,-0.4794758203104481,1.133377082950163,-1.381496731515241,-0.09268992591325557,-0.8238649762007128,-1.2101737191482849,-1.3386995878348875,0.8335699548967558,-0.34207027363516707,0.42756435592770636,-1.347613378038538,-1.7445020358375,0.48252137827955527,-0.6515377383555188,1.3476133780385269,-0.18725710639556975,0.840859141222292,-0.9818700622726926,0.08427078959808616,0.3572283476232592,-1.9407571107938504,0,1,0,0,0,0,0,0,1,0,0,0,0,0,0,0,0,0,0,1,0,0,0,0,0,0,0,0,0,0,0,0,1,0,0,0,0,0,0,0,0,0,0,0,0,0,1,0,0,1,0,1,0,0,0,1,0,1,0,0,0,0,0,0,0,1,0,1,0,0,0,0,0,0,1,0,0,0,0,0,0,0,0,0,1,0,0,0,0,0,1,0
0.21768605135395072,-0.21322905904889758,1.412783515790431,-0.18146693870883557,-0.4794758203104481,1.4528515868364884,0.9538505081700629,0.33909544324787283,1.1400563019893057,0.009759465477002306,-0.4384308670313317,0.8253707314225169,-0.34621766081649513,0.7226354386886016,-1.680234229090871,0.6375435522996286,-0.023796961992800816,-0.6515377383555188,1.6802342290908596,1.7416536875967357,0.5416342356269089,-1.1376860697683815,0.45538638050838015,0.5260334518687475,0.39891390884912803,0,0,1,0,0,0,0,0,1,0,0,0,1,0,0,0,0,0,0,0,0,0,0,0,0,0,0,0,0,0,0,0,0,0,0,0,1,0,0,0,0,0,0,1,0,0,0,0,0,0,0,0,1,0,0,0,0,0,1,0,0,0,0,0,0,1,1,0,0,0,0,0,0,1,0,1,0,0,0,0,1,0,0,0,0,0,0,0,0,0,0,0
-0.8165964732455919,-1.1983735823754262,-0.22238259044849376,1.3010858028197,-0.4794758203104481,0.18931197596023508,0.9538505081700629,1.2026661815701296,1.1400563019893057,-1.2101737191482849,0.461837853772224,0.6982827675718147,0.7134397640128264,0.2877101982097955,0.8144221538016264,-1.562757469388013,-0.5301153022651569,-0.6515377383555188,-0.8144221538016372,0.8302757017104382,0.5416342356269089,0.5762900126841938,-0.9053707861626996,-0.0993836858779172,0.39891390884912803,0,1,1,0,1,1,0,0,0,0,0,0,0,0,0,0,0,1,0,0,0,0,0,0,0,0,0,0,0,0,0,0,0,0,0,1,0,0,0,0,0,0,0,0,1,0,0,0,0,0,0,0,1,0,1,0,0,0,0,1,1,0,0,0,0,0,0,0,0,0,0,1,0,1,1,0,0,0,0,0,0,0,0,0,0,0,1,0,0,1,0,0
-0.23426933754668974,-0.6510710694162436,-0.22238259044849376,1.4475340352683055,-0.4794758203104481,-0.9019267788874382,0.4839330757943615,1.4905230943442151,-0.8238649762007128,0.009759465477002306,1.3621065745757797,2.719391353971692,1.3272530668493805,0.549406993333462,-0.1834403993553725,-0.1248153155735269,-1.0364336425375131,-0.6515377383555188,0.18344039935536155,-0.2985902126259981,2.1873712164015147,0.5762900126841938,-2.2661279528337777,0.31133439849383326,0.39891390884912803,0,0,0,0,1,1,0,0,0,0,0,0,0,0,0,0,0,0,0,0,0,0,0,0,0,0,0,0,0,0,0,0,0,0,0,0,0,0,0,0,0,0,1,0,0,0,0,1,0,1,0,0,1,0,0,0,0,0,0,0,0,0,0,1,0,0,0,0,0,0,0,1,1,0,1,0,0,0,0,0,0,0,1,0,0,0,0,0,0,0,0,1
0.7652473879066498,0.5529944590939581,-1.0399656435679563,-0.650847045787395,-0.4794758203104481,-0.9019267788874382,0.9538505081700629,0.051238530473787215,-0.8238649762007128,0.009759465477002306,-1.3386995878348875,-0.25897657304557126,-0.2549751428272776,0.6055605566595929,-0.017129973829206037,0.6833521213022656,0.9888397185519114,1.5348305111596448,0.017129973829195105,0.04317653208136333,-0.7749553489927752,-0.7948908532778661,1.2718406805110285,0.5052469045577834,-1.355839355883106,0,1,0,1,1,0,0,0,0,0,1,0,0,0,0,0,0,0,1,0,0,0,0,0,1,0,0,0,0,0,0,0,0,0,0,0,0,0,0,0,0,0,0,0,0,0,1,0,0,1,0,0,1,0,0,1,0,0,1,0,0,0,0,1,0,0,1,0,0,0,0,0,0,0,0,1,0,0,0,0,0,0,0,0,0,1,0,0,0,0,0,0
2.1471879039682236,2.4138230031551786,1.412783515790431,1.4843304853910944,0.3915065962389581,-0.9019267788874382,-0.5627012054060643,-1.244117577009598,1.1400563019893057,1.2296926501022896,-0.4384308670313317,1.6780899727433576,0.08511060604162402,0.8868581238876636,-1.347613378038538,0.4975108535598599,-0.5301153022651569,-0.6515377383555188,1.3476133780385269,-1.059797962201485,1.1999290279367514,-0.7948908532778661,-0.3610679194942681,0.18185459007735325,0.9838316637598726,1,0,1,0,0,0,0,0,0,0,0,0,0,0,0,0,0,0,0,0,0,0,0,1,0,0,0,0,0,0,0,0,0,0,0,0,0,1,0,0,0,0,0,0,0,0,1,0,0,0,0,1,0,0,0,0,0,0,0,0,0,1,0,0,0,0,1,0,0,0,0,0,0,1,0,1,0,0,1,0,0,0,0,0,0,0,0,0,0,0,0,1
-1.2424775127865801,-1.6362155927427724,-1.0399656435679563,-1.3675173271321361,-0.4794758203104481,0.7995441743947892,0.9538505081700629,0.4830238996349156,1.1400563019893057,1.2296926501022896,-0.4384308670313317,0.3949114990249772,0.40653311259454933,0.4699444037210127,0.9807325793277929,0.8096050066022167,-1.542751982809869,-0.6515377383555188,-0.9807325793278037,1.270429842621434,0.07142366969130737,0.0865825605548866,-0.12779526235065353,1.1059971638283108,0.9838316637598726,1,0,0,0,0,1,0,0,0,0,0,0,0,0,0,0,0,0,1,0,0,0,0,0,0,0,0,0,0,0,0,0,0,0,0,0,1,0,0,0,0,0,0,0,1,0,0,0,0,0,0,1,0,0,0,0,0,0,0,0,0,0,0,1,0,0,0,0,1,0,0,0,0,1,1,0,0,0,0,0,0,0,0,0,0,0,0,1,0,0,0,0
-0.4689384817835608,-0.9794525771917532,-0.22238259044849376,0.35081133199832243,-0.4794758203104481,-0.9019267788874382,0.9538505081700629,-0.524475295074384,-0.8238649762007128,-1.2101737191482849,0.461837853772224,-1.4314655298617271,-1.4411278766871052,-1.8185781771175284,-1.014992526986205,-0.366520691855734,0.9888397185519114,1.5348305111596448,1.014992526986194,0.04317653208136333,-0.7749553489927752,-0.7948908532778661,1.2718406805110285,-1.6410339276563508,-0.7709216009723612,1,0,0,0,1,0,0,0,1,0,0,0,0,0,0,0,0,0,0,1,0,0,0,0,0,0,0,0,0,0,0,0,0,0,0,0,0,1,0,0,0,0,0,0,0,1,0,0,1,0,0,0,0,1,0,0,1,0,0,0,0,0,0,0,1,0,0,0,0,0,0,0,0,1,0,0,0,0,0,0,0,0,0,0,0,1,0,0,0,0,1,0
0.6870243398276927,0.2246129513184485,-1.0399656435679563,-0.2515768787534808,-0.4794758203104481,1.2769611296406462,-0.9792189295572541,0.19516698686083,1.1400563019893057,-1.2101737191482849,0.461837853772224,-1.5237067939469142,-0.2694909979619258,-0.07040120564364288,0.9807325793277929,-1.4651814931384934,-0.023796961992800816,-0.6515377383555188,-0.9807325793278037,0.20888162042432648,-2.749839725922302,0.0865825605548866,2.2049313090854814,-0.32640335514170127,0.39891390884912803,0,1,0,0,0,0,0,0,0,0,0,0,0,0,0,0,0,0,0,0,0,1,0,0,0,0,0,0,0,0,0,0,0,0,0,0,0,0,1,0,0,0,0,0,0,1,0,0,0,0,0,0,1,0,0,0,0,0,1,0,0,0,0,0,0,1,0,0,1,0,0,0,0,0,1,0,0,0,0,0,0,0,0,1,0,0,0,0,0,0,0,0
0.756555938120099,0.771915464277631,-0.22238259044849376,-1.072203278095455,-0.4794758203104481,-0.9019267788874382,-1.0148187350402618,-0.524475295074384,-0.8238649762007128,1.2296926501022896,0.461837853772224,-1.3966188300962121,-1.4058750856458166,-1.7793766329087202,-0.017129973829206037,-0.5698660469406108,1.4951580588242674,1.5348305111596448,0.017129973829195105,-1.3886189968820526,-0.5555237515561613,-0.5663607089508563,0.9089721027320734,-1.5494223693178064,0.39891390884912803,0,1,0,1,0,0,1,0,0,0,0,0,0,0,0,0,0,0,0,0,0,0,0,0,0,0,0,0,0,0,0,0,0,0,0,0,0,1,0,0,0,0,0,0,0,1,0,0,1,0,0,0,0,1,1,0,0,0,0,1,0,0,0,1,0,0,0,1,0,0,0,0,0,0,0,1,0,0,0,0,0,0,0,0,0,0,0,0,1,0,1,0
-0.3646410843449514,-0.8699920745999167,-0.22238259044849376,-0.8447864649757687,-0.4794758203104481,0.20008077946202132,0.9538505081700629,-0.6684037514614268,-0.8238649762007128,-1.2101737191482849,-1.3386995878348875,-1.4499137826787645,-1.3851381497391764,-1.875791241638492,1.3133534303801258,-0.5389545735485874,-0.023796961992800816,-0.6515377383555188,-1.3133534303801366,0.8380431277265146,-0.7749553489927752,1.2618804456652244,-0.3610679194942681,-1.638003676498426,-1.9407571107938504,1,0,0,0,0,0,0,0,0,1,0,0,0,0,0,0,0,0,0,0,0,0,0,0,0,0,0,0,1,0,0,0,0,0,0,0,0,0,0,0,0,0,0,0,0,0,0,1,1,0,0,0,0,1,1,0,0,0,0,0,0,0,0,0,0,0,0,0,0,0,0,0,1,0,0,0,0,1,0,0,0,0,0,0,0,0,0,0,0,0,1,0
-0.43417268263735764,-0.3226895616407341,1.412783515790431,0.23398874925882238,2.5689626376124735,1.5569500206870888,0.9538505081700629,-0.3805468386873412,-0.8238649762007128,1.2296926501022896,-1.3386995878348875,-1.4663122296272422,-1.476380667728394,-1.8906242583661492,1.6459742814324587,-0.25069577348321254,-1.0364336425375131,-0.6515377383555188,-1.6459742814324694,1.8167388057521408,-0.7749553489927752,-0.7948908532778661,1.2718406805110285,-1.6906272441818417,-0.7709216009723612,0,0,1,0,0,0,0,0,0,1,0,0,0,1,0,0,0,0,0,0,0,0,0,0,0,0,0,0,0,0,1,0,0,0,0,0,0,0,0,0,0,0,0,0,0,1,0,0,0,0,1,0,0,1,0,0,1,0,0,0,0,0,0,1,0,0,0,0,0,1,0,0,1,0,1,0,0,0,0,0,0,0,0,0,0,0,0,0,1,0,1,0
0.7391730385469975,0.8813759668694676,1.412783515790431,-0.6315063726716307,-0.4794758203104481,1.7184820732138826,-0.3953821196359282,0.4830238996349156,-0.8238649762007128,0.009759465477002306,-1.3386995878348875,-0.2938232728110864,-0.2902279338685662,0.21566411696117477,-1.5139238035647045,0.34407076877053894,0.9888397185519114,1.5348305111596448,1.5139238035646931,0.9519653759623017,-0.5555237515561613,-0.5663607089508563,0.9089721027320734,0.2118526208994358,-1.355839355883106,0,1,0,1,0,0,0,0,0,0,0,0,0,0,0,0,0,0,0,0,0,0,0,0,0,0,0,0,0,0,0,0,0,1,0,0,0,0,0,0,0,0,0,0,0,1,0,0,0,1,0,0,0,0,1,0,0,0,0,0,0,0,0,0,1,0,0,0,1,0,0,0,0,0,0,1,0,0,0,0,0,0,0,0,0,0,0,1,0,0,0,0
-1.6857414519006697,-2.183518105701955,-0.22238259044849376,-0.2893977289353674,-0.4794758203104481,-0.9019267788874382,-1.2070576846485035,-0.9562606642355124,-0.8238649762007128,-1.2101737191482849,0.461837853772224,-0.6115431824378419,0.31114320742400375,-0.12337626538527578,0.9807325793277929,-1.6979486120543323,1.4951580588242674,1.5348305111596448,-0.9807325793278037,-1.5284326651714277,-0.9544902923500049,0.8879220276755714,0.08427078959808616,-0.10110791663387958,-0.7709216009723612,1,0,1,0,0,0,0,1,0,0,0,0,1,0,0,0,0,0,0,0,0,0,0,0,0,0,0,0,0,0,0,0,0,0,0,0,0,0,0,0,0,0,1,0,0,0,0,1,0,1,0,0,1,0,1,0,0,0,0,1,0,0,0,0,0,0,0,0,1,0,0,0,1,0,1,0,0,0,0,0,0,0,0,0,0,0,0,0,0,0,1,0
0.913002034278013,0.8813759668694676,-1.0399656435679563,1.1126781439504536,-0.4794758203104481,1.5892564311924475,0.9538505081700629,0.4830238996349156,2.1220169410843153,-1.2101737191482849,-0.4384308670313317,1.6657911375319994,1.6922231388062507,0.46358739655201675,-0.5160612504077055,-1.2596015737120245,0.9888397185519114,1.5348305111596448,0.5160612504076945,1.84004108380037,1.1999290279367514,1.2618804456652244,-1.993976519499563,0.2901720856615399,0.39891390884912803,0,0,0,1,1,0,0,0,0,0,1,0,0,1,0,0,0,0,0,0,0,0,0,0,0,0,0,0,0,0,0,0,0,1,0,0,0,0,0,0,0,0,0,0,1,0,0,0,0,0,0,1,0,0,0,0,0,0,1,0,0,0,0,0,0,1,0,0,1,0,0,0,0,1,1,0,0,0,0,1,0,0,0,0,0,0,0,0,0,0,0,0
1.6691581657079309,1.9759809927878327,-0.22238259044849376,0.45066984975916535,-0.4794758203104481,-0.9019267788874382,0.15641486535069088,1.4905230943442151,1.1400563019893057,1.2296926501022896,-0.4384308670313317,0.8704664605308307,-0.32340703131919074,-0.1530422988405902,-1.680234229090871,1.2688079787993836,0.48252137827955527,-0.6515377383555188,1.6802342290908596,-0.5367912771190076,1.6387922228099792,-0.5663607089508563,-0.9053707861626996,-0.21538205383683295,0.9838316637598726,1,0,0,0,1,0,1,0,0,0,0,0,0,0,0,0,0,0,0,0,1,0,0,0,0,0,0,0,0,0,0,1,0,0,0,0,0,0,0,0,0,0,0,0,1,0,0,0,0,0,0,0,0,0,0,0,0,0,1,0,0,0,0,0,0,0,1,0,0,0,0,0,0,1,0,0,0,0,0,0,0,0,0,0,0,1,0,0,0,0,0,1
0.600109841962185,0.2246129513184485,-0.22238259044849376,0.6043708346261821,-0.4794758203104481,-0.9019267788874382,0.9538505081700629,0.6269523560219584,0.15809566289429652,0.009759465477002306,0.461837853772224,-0.7017346406544693,0.12865817144556874,-0.3098484756758236,1.6459742814324587,-1.0912643933120898,0.9888397185519114,1.5348305111596448,-1.6459742814324694,0.04317653208136333,-0.9544902923500049,0.8879220276755714,0.08427078959808616,-0.5014898313913092,0.39891390884912803,0,1,0,1,0,0,0,0,0,0,1,0,0,0,1,0,0,0,0,0,0,0,0,0,0,0,0,0,0,0,1,0,0,0,0,0,0,0,0,0,0,0,0,0,0,1,0,0,0,0,0,0,1,0,0,1,0,0,0,1,0,0,0,0,1,0,0,0,0,0,1,0,1,0,0,1,0,0,0,0,0,1,0,0,0,0,0,0,0,0,0,0
-0.6514589273011271,-0.9794525771917532,1.412783515790431,-1.3488322700541941,-0.4794758203104481,0.9467178222525346,0.9538505081700629,-0.6684037514614268,-0.8238649762007128,0.009759465477002306,1.3621065745757797,1.2476307403458178,-0.1326272209780996,0.8556028386401002,0.6481117282754599,-0.7188370030467477,-1.0364336425375131,-0.6515377383555188,-0.6481117282754707,1.3765846648411448,0.840859141222292,-0.9818700622726926,0.08427078959808616,1.4789047731665974,0.39891390884912803,0,0,0,1,0,0,0,0,0,0,1,0,0,0,0,0,0,0,0,0,0,1,0,0,0,0,0,0,0,0,0,0,0,0,0,0,0,0,0,0,0,1,0,0,0,0,0,0,0,1,0,0,0,0,0,1,0,0,1,0,0,0,0,1,0,0,0,1,0,0,0,0,0,0,1,0,0,0,0,0,0,0,0,0,0,0,1,0,0,0,1,0
-0.5558529796490685,-0.8699920745999167,1.412783515790431,1.222944566311728,2.1334714293377703,1.215937909797191,0.9538505081700629,-1.3880460333966407,-0.8238649762007128,0.009759465477002306,0.461837853772224,-1.3843199948848537,-1.3934329241018324,-1.7571271078172344,-0.5160612504077055,0.6557924944226303,-1.542751982809869,-0.6515377383555188,0.5160612504076945,1.5707703152430545,-0.5555237515561613,-0.5663607089508563,0.9089721027320734,-1.61736758378816,-0.18600384606161657,0,1,1,0,0,0,0,1,0,0,0,1,0,0,0,0,0,0,0,0,0,0,0,0,0,0,0,0,0,0,0,0,0,0,0,0,0,0,0,0,0,0,0,0,0,0,0,1,1,0,0,0,0,1,1,0,0,0,0,0,0,0,0,0,0,1,0,0,0,0,0,0,0,1,1,0,0,0,0,0,0,1,0,0,0,0,0,0,0,0,0,1
1.8690615107985986,1.5381389824204867,1.412783515790431,-2.1321295312426485,2.1334714293377703,0.7385209545513338,0.9538505081700629,0.7708808124090012,2.1220169410843153,-1.2101737191482849,-1.3386995878348875,-0.45985754816442315,0.6180498588422808,0.4651766483442657,1.1470430048539593,0.5500231155872731,-0.5301153022651569,-0.6515377383555188,-1.1470430048539701,1.2264144285303344,-1.1041027451476964,0.5762900126841938,0.45538638050838015,1.6581879955669905,-0.18600384606161657,0,0,0,1,1,1,0,0,0,0,0,0,0,0,0,0,0,0,0,0,0,0,0,1,0,0,0,0,1,0,0,0,0,0,0,0,0,0,0,0,0,0,0,0,0,0,1,0,0,0,0,0,1,0,1,0,0,0,0,1,0,0,0,1,0,0,0,0,1,0,0,0,1,0,0,1,0,0,0,0,0,0,0,0,0,0,1,0,0,1,0,0
0.9651507329973177,0.5529944590939581,-0.22238259044849376,-1.1565318909603766,2.1334714293377703,-0.9019267788874382,-1.0682184432647732,0.051238530473787215,1.1400563019893057,0.009759465477002306,-1.3386995878348875,-0.5275011418268937,-0.5266290032042661,-1.1081826259822314,0.14918045169696045,1.1950673555268458,0.9888397185519114,1.5348305111596448,-0.14918045169697136,-1.4274561269624344,0.840859141222292,0.8879220276755714,-1.4001915740430917,-0.6631083661923591,-0.18600384606161657,0,0,1,0,0,0,0,0,0,1,0,0,0,0,0,0,0,0,0,0,0,1,0,0,0,0,0,0,0,0,0,0,0,0,0,0,0,0,1,0,0,0,0,0,1,0,0,0,0,0,0,0,0,0,0,1,0,0,1,0,1,0,0,0,0,0,0,0,0,0,0,1,1,0,0,1,0,0,0,0,0,0,0,0,0,0,0,0,1,0,0,0
-1.1468715651345216,-1.0889130797835898,-1.0399656435679563,-1.1580070270454774,-0.4794758203104481,-0.9019267788874382,-2.1041727828202967,-0.3805468386873412,-0.8238649762007128,0.009759465477002306,-1.3386995878348875,-0.1667353089603842,-0.16165893124739605,0.7962707717294714,1.3133534303801258,1.0163022081994815,0.48252137827955527,-0.6515377383555188,-1.3133534303801366,-2.180896450521845,-0.7749553489927752,-0.7948908532778661,1.2718406805110285,0.9829661406236214,-1.355839355883106,0,1,0,1,0,0,0,0,0,0,0,0,1,0,0,0,0,0,0,0,0,0,0,0,0,0,0,0,0,0,0,1,0,0,0,0,0,0,0,0,0,0,0,0,0,1,0,0,0,1,0,1,0,0,0,0,0,0,0,0,0,0,0,0,0,1,0,0,0,0,0,0,1,0,0,0,0,0,0,1,0,0,0,0,0,0,0,0,0,0,1,0
-1.4945295565965526,-1.4172945875590992,1.412783515790431,0.016037392685198482,2.1334714293377703,-0.9019267788874382,-1.88701396937395,0.6269523560219584,-0.8238649762007128,0.009759465477002306,0.461837853772224,0.3416165464424246,-0.5909135045148511,-0.32203273941639915,0.6481117282754599,-1.7255082389339675,0.9888397185519114,1.5348305111596448,-0.6481117282754707,-2.0229587881949582,1.1999290279367514,-0.7948908532778661,-0.3610679194942681,-0.31137978605510447,-0.18600384606161657,0,1,0,0,1,0,0,1,0,0,0,0,0,0,0,0,0,1,0,0,0,0,0,0,0,0,0,0,0,0,0,0,0,0,0,0,0,1,0,0,0,0,0,1,0,0,0,0,0,1,0,0,1,0,0,1,0,1,0,0,0,0,0,0,1,0,0,0,0,1,0,0,1,0,1,0,0,0,0,0,0,0,0,0,0,0,0,1,0,0,0,0
0.2263775011405015,0.2246129513184485,-0.22238259044849376,0.8507595368403571,-0.4794758203104481,-0.9019267788874382,0.9538505081700629,1.0587377251830867,1.1400563019893057,1.2296926501022896,-1.3386995878348875,-0.6176926000435211,-0.6178715211934837,0.33220924839276716,0.14918045169696045,1.384632897171905,1.4951580588242674,1.5348305111596448,-0.14918045169697136,0.04317653208136333,-1.1041027451476964,-1.1376860697683815,1.81614354717946,-0.306230547811956,0.39891390884912803,1,0,0,0,1,0,0,1,0,0,0,0,0,0,0,0,0,0,0,0,0,0,0,1,0,0,0,0,0,0,0,0,0,0,0,0,0,0,0,0,1,0,0,0,0,1,0,0,0,0,0,0,1,0,1,0,0,0,0,0,1,0,0,0,0,0,0,0,0,0,0,1,1,0,1,0,1,0,0,0,0,0,0,0,0,0,0,0,0,1,0,0
-0.40809833327770534,-0.7605315720080802,1.412783515790431,-2.6195800553636914,-0.4794758203104481,-0.9019267788874382,-0.9720989684606526,0.33909544324787283,1.1400563019893057,0.009759465477002306,0.461837853772224,0.5588959685097542,-0.48100774420965736,-0.1254952677749411,1.3133534303801258,-1.0577459281882091,0.48252137827955527,-0.6515377383555188,-1.3133534303801366,-1.3575492928177468,1.1999290279367514,-0.7948908532778661,-0.3610679194942681,1.5651160544874265,0.9838316637598726,0,1,0,0,1,1,0,0,0,0,0,0,0,0,0,0,0,1,0,0,0,0,0,0,0,0,0,0,0,0,0,0,0,0,0,0,0,0,1,0,0,0,0,0,1,0,0,0,0,0,0,0,0,0,0,0,0,0,1,0,0,0,0,0,1,0,1,0,0,0,0,0,1,0,0,0,0,0,0,0,0,0,0,1,0,0,0,0,0,0,0,0
0.5305782436697788,0.2246129513184485,1.412783515790431,1.9178975664035987,2.1334714293377703,2.034366975932946,0.9538505081700629,0.914809268796044,1.1400563019893057,0.009759465477002306,1.3621065745757797,-0.6176926000435211,-0.6178715211934837,-0.13609027972326768,1.4796638559062922,0.586893427223542,-1.0364336425375131,-0.6515377383555188,-1.4796638559063031,2.161094692464861,-0.7749553489927752,-0.7948908532778661,1.2718406805110285,-0.7365084902157357,1.5687494186706172,1,0,1,0,0,0,0,0,0,0,0,0,1,0,0,0,0,0,0,0,0,0,0,0,0,0,0,0,0,0,0,0,0,0,0,0,0,0,0,0,1,0,0,0,0,1,0,0,0,0,0,0,1,0,0,1,0,0,0,1,0,0,0,1,0,0,0,0,1,0,0,0,1,0,1,0,1,0,0,0,0,0,0,0,0,0,0,0,0,1,0,0
-1.364157809798291,-0.5416105668244071,-1.0399656435679563,-0.389666006719849,-0.4794758203104481,1.4241347774983917,0.08877523493297627,1.634451550731258,-0.8238649762007128,0.009759465477002306,1.3621065745757797,0.8212711196853975,-0.34829135440715914,0.41485034158971446,1.1470430048539593,-0.2659652964840916,-0.5301153022651569,-0.6515377383555188,-1.1470430048539701,1.0917790442516768,0.840859141222292,-0.9818700622726926,0.08427078959808616,0.42262663849400134,0.39891390884912803,0,0,0,1,0,0,0,0,0,0,1,0,0,1,0,0,0,0,0,0,0,0,0,0,0,0,0,0,0,0,0,0,0,0,0,0,0,0,0,0,0,0,0,0,1,0,0,0,0,1,0,0,0,0,1,0,0,0,0,1,0,0,0,1,0,0,0,0,0,0,0,1,0,1,1,0,0,0,1,0,0,0,0,0,0,0,0,0,0,0,0,1
-0.7905221238859396,-1.0889130797835898,1.412783515790431,-0.6747770311679167,-0.4794758203104481,0.3939192424941738,-0.552021263761162,0.4830238996349156,1.1400563019893057,-1.2101737191482849,0.461837853772224,-0.3860645368962735,-0.3835441454484477,0.048792678775031136,-0.1834403993553725,-0.8111989958325525,-1.542751982809869,-0.6515377383555188,0.18344039935536155,-0.1173502722508822,-0.5555237515561613,-0.5663607089508563,0.9089721027320734,0.08047174906447933,0.39891390884912803,0,1,1,0,1,0,0,0,0,0,1,0,0,1,0,0,0,0,0,0,0,0,0,0,0,0,0,0,0,0,0,0,1,0,0,0,0,0,0,0,0,0,0,1,0,0,0,0,0,0,0,1,0,0,1,0,0,0,1,0,1,0,0,0,0,0,0,0,0,0,0,1,1,0,0,1,0,0,0,0,0,0,0,0,1,0,0,0,0,0,0,0
0.7391730385469975,0.771915464277631,1.412783515790431,-0.19396461942982715,-0.4794758203104481,-0.9019267788874382,0.9538505081700629,0.914809268796044,-0.8238649762007128,-1.2101737191482849,-0.4384308670313317,-0.23847851435997416,-0.23423820692063727,0.3157869798728609,-1.680234229090871,-0.3032080355106258,0.9888397185519114,1.5348305111596448,1.6802342290908596,0.04317653208136333,-0.5555237515561613,-0.5663607089508563,0.9089721027320734,0.1177913399918643,-1.355839355883106,0,0,1,0,1,0,0,1,0,0,0,1,0,0,0,0,0,0,0,0,0,0,0,0,0,0,0,0,1,0,0,0,0,0,0,0,0,0,0,0,0,0,0,0,0,0,1,0,0,1,0,1,0,0,1,0,0,0,0,0,0,0,0,0,0,0,0,0,0,0,0,0,0,1,0,1,0,1,0,0,0,0,0,0,0,0,0,0,0,1,0,0
0.4349722960177202,0.2246129513184485,1.412783515790431,-0.06296433987241495,-0.4794758203104481,-0.9019267788874382,0.9538505081700629,0.6269523560219584,-0.8238649762007128,1.2296926501022896,0.461837853772224,2.211039498568883,2.2438256339228837,1.368931167536523,1.4796638559062922,-1.622718279220733,1.4951580588242674,1.5348305111596448,-1.4796638559063031,0.04317653208136333,0.840859141222292,0.8879220276755714,-1.4001915740430917,1.501273869085022,0.39891390884912803,0,0,1,0,0,0,0,0,0,1,0,0,0,0,0,0,0,0,0,0,1,0,0,0,0,1,0,0,0,0,0,0,0,0,0,0,0,0,0,0,0,0,0,0,0,1,0,0,0,1,0,0,0,0,1,0,0,0,0,1,1,0,0,0,0,0,0,0,0,0,1,0,0,0,0,1,1,0,0,0,0,0,0,0,0,0,0,0,0,0,0,0
-0.773139224312838,-0.9794525771917532,-1.0399656435679563,2.0520939741453956,-0.4794758203104481,0.7636481627221684,0.9538505081700629,0.051238530473787215,1.1400563019893057,0.009759465477002306,-1.3386995878348875,-0.4045127897133109,-0.40220738776442405,0.015418391137802408,0.3154908772231269,0.19956894134758615,-1.542751982809869,-0.6515377383555188,-0.3154908772231378,1.244538422567846,-0.5555237515561613,-0.5663607089508563,0.9089721027320734,-0.6417616255929853,-0.18600384606161657,0,1,0,1,1,0,1,0,0,0,0,0,0,0,0,0,0,0,0,1,0,0,0,0,0,0,0,0,0,0,0,0,0,0,0,0,0,0,0,0,0,0,0,0,0,0,0,1,0,0,0,0,0,0,1,0,0,1,0,0,1,0,0,0,0,0,0,0,1,0,0,0,0,0,0,1,0,0,0,0,1,0,0,0,0,0,0,0,0,0,0,0
0.2785261998598062,-0.10376855645706107,-0.22238259044849376,-1.8609913236006732,-0.4794758203104481,-0.9019267788874382,-1.2711373345179173,0.6269523560219584,-0.8238649762007128,-1.2101737191482849,-0.4384308670313317,1.9015188124163662,-0.37939675826711966,0.35128026989975497,1.4796638559062922,1.2766289539949558,-1.542751982809869,-0.6515377383555188,-1.4796638559063031,-1.575037221267886,2.1873712164015147,-1.1376860697683815,-0.9053707861626996,1.605616814787888,-1.355839355883106,0,1,1,0,0,1,0,0,0,0,0,0,0,0,0,0,0,1,0,0,0,0,0,0,0,0,0,0,0,0,0,0,0,0,0,0,1,0,0,0,0,0,0,1,0,0,0,0,0,1,0,0,1,0,0,0,0,0,0,0,0,0,0,0,0,1,0,0,0,1,0,0,0,0,1,0,0,0,0,0,0,0,0,1,0,0,0,0,0,0,0,0
-1.7118158012603222,-1.9645971005182818,-0.22238259044849376,0.35367965216379615,-0.4794758203104481,-0.9019267788874382,-0.658820680210185,1.3465946379571725,-0.8238649762007128,0.009759465477002306,0.461837853772224,-0.10114152116647337,-0.09530073634614697,0.5642400100611192,-0.349750824881539,1.3958057188798652,-1.0364336425375131,-0.6515377383555188,0.34975082488152803,-1.1297047963461726,-0.5555237515561613,-0.5663607089508563,0.9089721027320734,0.1115094964705255,-0.18600384606161657,1,0,0,1,1,0,0,0,0,0,0,0,0,0,0,0,1,0,0,0,0,0,0,0,0,0,0,1,0,0,0,0,0,0,0,0,0,0,0,0,0,0,0,0,0,0,0,1,0,1,0,0,0,0,0,1,0,0,1,0,1,0,0,0,0,0,0,1,0,0,0,0,1,0,1,0,0,0,0,0,0,1,0,0,0,0,0,0,0,0,0,1
0.03516560583638438,-0.3226895616407341,1.412783515790431,-0.1925714353494537,1.6979802210630675,-0.9019267788874382,0.9538505081700629,0.4830238996349156,1.1400563019893057,-1.2101737191482849,-0.4384308670313317,0.8171715079482781,0.8337139922713405,0.10812474568565998,-1.014992526986205,0.8684485342641407,-1.542751982809869,-0.6515377383555188,1.014992526986194,0.04317653208136333,0.840859141222292,0.8879220276755714,-1.4001915740430917,0.3314443629851371,-0.18600384606161657,0,1,0,0,1,0,0,1,0,0,0,0,0,0,0,0,1,0,0,0,0,0,0,0,0,0,0,0,0,0,0,0,0,0,0,0,0,0,0,0,0,0,0,0,0,0,0,1,0,0,0,0,1,0,0,1,0,0,1,0,1,0,0,0,0,0,1,0,0,0,0,0,0,1,1,0,0,0,0,0,0,0,0,0,1,0,0,0,0,0,0,0
-0.6775332766607794,-0.6510710694162436,-0.22238259044849376,-0.46997897135310723,0.3915065962389581,0.4154568494977463,-1.659175214282701,1.3465946379571725,-0.8238649762007128,0.009759465477002306,0.461837853772224,-0.1359882209319885,-0.13055352738743556,0.14255853451772135,0.6481117282754599,-0.7873636428555707,1.4951580588242674,1.5348305111596448,-0.6481117282754707,-0.9070385838853159,-0.28123425476039365,-0.28069802854209364,0.45538638050838015,0.1488670074086632,-0.18600384606161657,0,1,0,1,0,0,0,1,0,0,0,0,0,0,0,0,0,0,1,0,0,0,0,0,0,0,0,0,0,0,0,0,0,0,0,0,0,0,0,0,1,0,0,0,0,1,0,0,0,1,0,0,0,0,0,0,0,0,0,0,0,0,0,0,0,1,0,0,0,1,0,0,0,1,1,0,0,0,0,0,0,0,0,0,0,0,1,0,0,0,0,1
-1.3554663600117403,-0.43215006423257063,-1.0399656435679563,-0.6817429515697812,-0.4794758203104481,-0.9019267788874382,-0.8617395714633288,-1.5319744897836836,-0.8238649762007128,-1.2101737191482849,0.461837853772224,0.460505286818888,-0.5307763903855942,-0.21449336814088438,-0.017129973829206037,-0.8525384361520055,0.48252137827955527,-0.6515377383555188,0.017129973829195105,-1.2772858906516242,1.1999290279367514,-0.7948908532778661,-0.3610679194942681,0.025634248219387017,-0.7709216009723612,0,0,0,0,0,0,0,1,0,0,0,0,0,1,0,0,0,0,0,0,0,0,0,0,0,0,0,0,0,0,0,0,1,0,0,0,0,0,0,0,0,0,0,0,0,0,1,0,0,1,0,1,0,0,0,0,0,0,0,0,0,0,0,0,0,1,0,0,0,0,0,0,0,1,0,0,0,0,0,0,0,0,0,0,0,1,0,0,0,0,0,1
0.8087046368394036,0.9908364694613041,-0.22238259044849376,0.8536278570058308,0.8269978045136612,1.0687642619394455,-0.35266235305631893,0.7708808124090012,1.1400563019893057,-1.2101737191482849,-1.3386995878348875,-0.3512178371307584,-0.34829135440715914,0.11183299986757428,1.3133534303801258,-1.0041163839899998,1.4951580588242674,1.5348305111596448,-1.3133534303801366,0.5144003770566647,-0.5555237515561613,-0.5663607089508563,0.9089721027320734,-0.3501759874521473,-0.7709216009723612,1,0,1,0,1,0,0,0,0,0,1,0,0,1,0,0,0,0,0,0,0,0,0,0,0,0,0,0,0,0,0,0,1,0,0,0,0,0,0,0,0,0,0,0,1,0,0,0,0,0,0,0,1,0,0,1,0,1,0,0,1,0,0,0,0,0,0,0,0,0,0,0,1,0,0,0,0,0,0,0,0,0,0,0,0,0,0,1,0,1,0,0
-0.382023983918053,-0.3226895616407341,-0.22238259044849376,-0.5647564648208256,-0.4794758203104481,-0.9019267788874382,-0.3491023725080182,-0.9562606642355124,1.1400563019893057,1.2296926501022896,-0.4384308670313317,-0.46395715990154257,0.6097550844796247,-0.09212098013771237,-0.349750824881539,-1.3973997081102012,-0.023796961992800816,-0.6515377383555188,0.34975082488152803,-0.9044494418799571,-0.7749553489927752,1.2618804456652244,-0.3610679194942681,0.09940197261380979,0.9838316637598726,0,1,0,0,0,0,1,0,0,0,0,0,0,0,0,0,0,0,0,1,0,0,0,0,0,1,0,0,0,0,0,0,0,0,0,0,0,0,0,0,0,0,0,0,0,0,0,0,0,0,0,1,0,0,0,1,0,1,0,0,1,0,0,0,0,0,1,0,0,0,0,0,0,0,0,0,0,0,0,0,0,0,0,0,0,1,0,0,0,0,1,0
1.7560726635734385,2.085441495379669,1.412783515790431,-0.5710667691848672,-0.4794758203104481,-0.9019267788874382,-0.566261185954365,0.4830238996349156,1.1400563019893057,0.009759465477002306,0.461837853772224,0.7146812145202924,-0.40220738776442405,0.5939060435164336,0.6481117282754599,-0.23468139570180285,-0.023796961992800816,-0.6515377383555188,-0.6481117282754707,-1.0623871042068438,0.5416342356269089,-1.1376860697683815,0.45538638050838015,0.604311772372798,0.9838316637598726,0,1,1,0,1,0,0,0,1,0,0,0,0,1,0,0,0,0,0,0,0,0,0,0,0,0,0,0,0,0,0,0,0,0,0,0,0,0,0,0,0,1,0,0,0,1,0,0,0,0,0,0,0,0,0,1,0,0,1,0,0,0,0,0,0,1,0,0,1,0,0,0,1,0,1,0,0,0,0,0,0,0,0,0,0,0,0,0,1,0,0,0
-0.40809833327770534,-0.8699920745999167,-1.0399656435679563,0.005834368096585492,2.5689626376124735,0.5590408961882296,-0.5271013999230566,-1.3880460333966407,2.1220169410843153,1.2296926501022896,0.461837853772224,-0.5459493946439311,0.443859597226502,-0.2404511474142845,0.9807325793277929,1.5727087292559028,0.9888397185519114,1.5348305111596448,-0.9807325793278037,0.01987425403313414,-0.7749553489927752,1.2618804456652244,-0.3610679194942681,-0.237464058487752,2.1536671735813617,1,0,0,1,1,0,1,0,0,0,0,0,0,0,1,0,0,0,0,0,0,0,0,0,0,0,0,0,0,0,0,0,0,0,0,0,0,0,1,0,0,0,0,0,0,1,0,0,0,0,0,1,0,0,0,0,0,0,1,0,0,1,0,0,0,0,0,0,0,0,0,0,0,0,0,0,0,0,0,0,0,0,0,0,0,0,0,0,0,0,0,1
-0.5037042809297639,-0.8699920745999167,1.412783515790431,-0.7116964092977972,-0.4794758203104481,1.302088337811481,-1.0931383071028786,-1.244117577009598,-0.8238649762007128,1.2296926501022896,-1.3386995878348875,-1.4048180535704509,-1.414169860008473,-1.7942096496363773,1.6459742814324587,0.5924798380775221,-0.023796961992800816,-0.6515377383555188,-1.6459742814324694,0.1441530702903565,-0.5555237515561613,-0.5663607089508563,0.9089721027320734,-1.5814292393935738,-0.7709216009723612,0,1,1,0,0,0,0,0,0,0,1,0,0,0,0,0,1,0,0,0,0,0,0,0,0,0,0,0,0,0,0,0,0,0,0,0,0,0,0,0,0,1,0,1,0,0,0,0,0,0,1,0,0,1,1,0,0,0,0,0,0,0,0,1,0,0,0,0,1,0,0,0,0,1,0,0,0,0,0,0,0,0,0,0,0,0,0,0,0,0,0,1
1.782147012933091,1.9759809927878327,-0.22238259044849376,-0.2647301755122952,2.1334714293377703,1.09389147011028,0.9538505081700629,1.0587377251830867,-0.8238649762007128,0.009759465477002306,-1.3386995878348875,-0.2712754082569296,0.9996094795244632,0.9038101430049861,1.1470430048539593,0.879621355972101,-1.0364336425375131,-0.6515377383555188,-1.1470430048539701,1.4827394870608555,-1.1041027451476964,0.5762900126841938,0.45538638050838015,0.7206505629467396,-1.355839355883106,1,0,0,0,1,0,1,0,0,0,0,0,0,0,0,0,0,0,0,0,1,0,0,0,0,0,0,0,0,0,0,1,0,0,0,0,0,0,0,0,0,0,0,0,0,0,1,0,0,1,0,0,1,0,0,0,0,0,1,0,1,0,0,0,0,0,0,0,0,0,1,0,0,0,1,0,0,0,0,0,1,0,0,0,0,0,0,0,0,1,0,0
0.4175893964446186,0.771915464277631,-0.22238259044849376,-0.05894869164075195,-0.4794758203104481,-0.9019267788874382,-0.07142388974055829,0.7708808124090012,-0.8238649762007128,-1.2101737191482849,0.461837853772224,1.546902397155536,0.018752411140374924,0.7681939900664059,-0.349750824881539,-0.4830904650087861,1.4951580588242674,1.5348305111596448,0.34975082488152803,-0.7024963654619708,1.1999290279367514,-0.7948908532778661,-0.3610679194942681,0.6713032502978605,-0.7709216009723612,1,0,0,0,1,0,0,0,0,1,0,0,0,0,0,0,0,0,0,0,0,0,0,0,0,0,0,0,0,0,1,0,0,0,0,0,0,0,0,0,0,0,0,0,0,0,0,1,0,1,0,0,0,0,1,0,0,1,0,0,0,0,0,0,1,0,0,1,0,0,0,0,0,1,0,1,0,0,0,0,0,0,1,0,0,0,0,0,0,1,0,0
-1.7205072510468729,-1.3078340849672627,-1.0399656435679563,-0.7404205869548963,-0.4794758203104481,-0.9019267788874382,-0.7335802717245011,-0.6684037514614268,-0.8238649762007128,-1.2101737191482849,-0.4384308670313317,-1.4048180535704509,-1.4743069741377297,-1.8863862535868186,1.6459742814324587,1.3004643069719377,-1.0364336425375131,-0.6515377383555188,-1.6459742814324694,-1.1840767784587074,0.840859141222292,-0.9818700622726926,0.08427078959808616,-1.6567739991954658,-1.355839355883106,0,1,1,0,0,0,1,0,0,0,0,0,0,0,0,0,0,0,0,1,0,0,0,0,0,0,0,0,0,0,1,0,0,0,0,0,0,0,0,0,0,0,0,0,0,0,1,0,0,0,1,0,0,1,0,0,1,0,0,1,0,0,0,0,0,1,1,0,0,0,0,0,1,0,0,1,0,0,0,0,0,0,0,0,0,1,0,0,0,0,1,0
-0.8774366217514473,-0.6510710694162436,-0.22238259044849376,-1.174069619972129,2.1334714293377703,-0.9019267788874382,0.9538505081700629,1.3465946379571725,-0.8238649762007128,0.009759465477002306,-1.3386995878348875,1.104144329546638,-0.20520649665134078,1.046842804307395,-0.5160612504077055,1.2270961110896652,-0.5301153022651569,-0.6515377383555188,0.5160612504076945,0.04317653208136333,0.5416342356269089,-1.1376860697683815,0.45538638050838015,1.4428882174971775,-1.355839355883106,1,0,0,0,1,0,0,0,1,0,0,1,0,0,0,0,0,0,0,0,0,0,0,0,0,0,0,0,0,0,0,1,0,0,0,0,0,0,0,0,0,0,0,0,0,1,0,0,0,1,0,1,0,0,1,0,0,0,0,0,1,0,0,0,0,0,1,0,0,0,0,0,0,0,0,1,0,0,1,0,0,0,0,0,0,0,0,0,0,0,0,1
1.4344890214710597,1.5381389824204867,1.412783515790431,0.8339593758711554,-0.4794758203104481,-0.9019267788874382,0.9538505081700629,-0.23661838230029839,0.15809566289429652,0.009759465477002306,1.3621065745757797,-0.07039443313807768,1.4060534232946138,0.995456996358011,1.1470430048539593,0.9183538045596965,-1.542751982809869,-0.6515377383555188,-1.1470430048539701,0.04317653208136333,-0.9544902923500049,0.8879220276755714,0.08427078959808616,0.39177656319589066,0.9838316637598726,0,1,1,0,0,0,0,0,0,1,0,0,0,0,0,0,0,0,1,0,0,0,0,0,0,0,0,0,0,0,0,0,0,0,0,0,0,0,0,0,0,1,0,1,0,0,0,0,0,0,0,0,0,0,0,1,0,0,0,1,0,0,0,0,0,1,0,0,0,0,0,1,0,1,0,0,0,0,0,0,0,0,1,0,0,0,0,0,0,0,1,0
0.49581244452357565,0.771915464277631,-0.22238259044849376,-0.04423830679210951,-0.4794758203104481,-0.9019267788874382,0.9538505081700629,-0.09268992591325557,-0.8238649762007128,0.009759465477002306,-1.3386995878348875,0.35801499339090237,0.36920662796259673,0.17911132573944807,0.4818013027492934,1.2799808005073439,-0.023796961992800816,-0.6515377383555188,-0.48180130274930427,0.04317653208136333,0.28844393089235454,0.3126013846145672,-0.4866762733408288,0.16781270929847603,-1.355839355883106,0,0,0,1,1,0,0,0,1,0,0,0,0,0,0,0,0,0,0,0,0,0,0,1,0,0,0,0,0,0,0,0,0,0,0,0,0,0,0,0,0,0,0,0,0,1,0,0,0,1,0,0,0,0,0,1,0,1,0,0,1,0,0,0,0,0,1,0,0,0,0,0,0,1,1,0,0,0,0,0,1,0,0,0,0,0,0,0,0,0,1,0
-0.39071543370460377,-0.6510710694162436,1.412783515790431,0.8455555845401409,-0.4794758203104481,1.5820772288579235,-0.3597823141529205,1.634451550731258,1.1400563019893057,1.2296926501022896,-1.3386995878348875,0.1489347947978116,-0.6883771032760608,-0.28018244222050914,-0.1834403993553725,-0.731127106925504,-1.0364336425375131,-0.6515377383555188,0.18344039935536155,0.8794693998122554,0.840859141222292,-0.9818700622726926,0.08427078959808616,-0.5314494413257368,0.39891390884912803,1,0,0,0,0,1,0,0,0,0,0,0,1,0,0,0,0,0,0,0,0,0,0,0,0,0,0,0,0,0,0,0,0,0,0,0,0,0,0,1,0,0,0,0,0,0,0,0,0,0,0,1,0,0,0,0,0,0,0,0,1,0,0,0,0,0,1,0,0,0,0,0,0,1,0,0,0,0,0,0,0,0,0,1,0,0,0,0,0,0,0,1
1.2172027768072902,1.3192179772368136,1.412783515790431,0.5820798893402163,-0.4794758203104481,-0.9019267788874382,0.9538505081700629,0.33909544324787283,-0.8238649762007128,-1.2101737191482849,0.461837853772224,0.019797025078549694,1.588538459273049,1.181929206648559,-0.1834403993553725,1.3317482077542264,-1.542751982809869,-0.6515377383555188,0.18344039935536155,0.04317653208136333,-0.9544902923500049,0.8879220276755714,0.08427078959808616,0.6276342114061157,-0.7709216009723612,1,0,0,0,1,0,0,0,0,0,0,0,0,0,0,0,0,0,0,0,0,1,0,0,0,0,0,0,0,0,0,0,0,0,0,0,0,0,0,1,0,0,0,0,1,0,0,0,0,1,0,0,1,0,1,0,0,0,0,0,0,0,0,0,0,0,0,0,1,0,0,0,1,0,0,0,1,0,0,0,0,0,0,0,0,0,0,0,0,0,0,0
2.0255076069565128,2.304362500563342,-0.22238259044849376,0.05422702688836088,-0.4794758203104481,0.8497985907364584,0.9538505081700629,-0.23661838230029839,-0.8238649762007128,0.009759465477002306,1.3621065745757797,0.05054411310694539,1.65074926699297,1.2454992783385184,1.1470430048539593,0.5570992360023146,0.9888397185519114,1.5348305111596448,-1.1470430048539701,1.3066778306964573,-0.9544902923500049,0.8879220276755714,0.08427078959808616,0.9243959121854468,0.39891390884912803,0,1,0,1,0,1,0,0,0,0,0,1,0,0,0,0,0,0,0,0,0,0,0,0,0,0,0,0,0,1,0,0,0,0,0,0,0,0,0,0,0,0,0,0,0,0,1,0,0,1,0,0,0,0,1,0,0,0,1,0,0,0,0,1,0,0,0,0,0,0,1,0,0,0,0,0,0,0,1,0,0,0,0,0,0,0,0,0,0,0,1,0
-1.207711713640377,-0.9794525771917532,-1.0399656435679563,0.8164216468594031,1.2624890127883643,-0.9019267788874382,-1.4064165953533465,-0.8123322078484696,1.1400563019893057,1.2296926501022896,1.3621065745757797,1.7477833722743878,0.1203633970829126,0.9498984449802067,-1.014992526986205,-1.0253447452351243,1.4951580588242674,1.5348305111596448,1.014992526986194,-1.6734246174715204,1.1999290279367514,-0.7948908532778661,-0.3610679194942681,0.44863918220179955,2.1536671735813617,1,0,0,0,0,1,0,0,0,0,0,0,0,0,0,0,0,0,0,0,0,0,0,1,0,0,0,0,0,0,0,0,0,0,0,0,0,0,0,1,0,0,0,0,0,0,0,1,0,0,0,0,1,0,0,1,0,1,0,0,0,0,0,0,0,1,0,1,0,0,0,0,1,0,0,0,0,0,0,0,0,1,0,0,0,0,0,0,0,0,1,0
0.6609499904680405,0.2246129513184485,1.412783515790431,-0.47571561168405463,-0.4794758203104481,0.14982636312035216,-1.3494569065805342,-0.23661838230029839,1.1400563019893057,-1.2101737191482849,1.3621065745757797,0.4523060633446492,0.4645965331331423,-0.22190987650471297,-1.014992526986205,0.9824113156853355,0.9888397185519114,1.5348305111596448,1.014992526986194,-0.8733797378156515,0.840859141222292,0.8879220276755714,-1.4001915740430917,0.11064109110131366,0.9838316637598726,0,1,0,1,1,0,0,0,1,0,0,0,0,0,0,0,0,0,0,0,0,0,0,0,0,0,0,0,0,0,0,1,0,0,0,0,0,0,0,0,0,0,0,0,0,0,0,0,0,0,0,1,0,0,1,0,0,0,0,1,0,0,0,0,0,1,0,0,0,0,0,0,1,0,0,1,0,0,0,0,0,0,0,0,0,0,0,1,0,0,1,0
0.5653440428159818,0.6624549616857945,-1.0399656435679563,0.3034430732656457,-0.4794758203104481,1.0651746607721835,-1.3280970232907294,-0.9562606642355124,1.1400563019893057,-1.2101737191482849,-1.3386995878348875,-1.0727495028637775,-0.6220189083748117,-1.076927340734668,0.4818013027492934,0.7384713750615363,1.4951580588242674,1.5348305111596448,-0.48180130274930427,-0.19761367441700495,-0.9544902923500049,0.8879220276755714,0.08427078959808616,-1.038666395342842,-0.7709216009723612,1,0,0,1,0,0,1,0,0,0,0,0,0,0,0,0,1,0,0,0,0,0,0,0,0,0,0,0,0,0,0,0,0,0,0,0,0,0,0,0,1,0,0,0,0,0,0,1,0,0,0,0,1,0,0,1,0,0,0,1,0,0,0,0,1,0,0,1,0,0,0,0,1,0,0,0,0,0,0,0,0,0,0,0,0,0,1,0,0,0,1,0
0.6174927415352865,0.11515244872661197,1.412783515790431,-0.2696472957959643,-0.4794758203104481,-0.9019267788874382,-0.658820680210185,0.7708808124090012,-0.8238649762007128,0.009759465477002306,1.3621065745757797,0.08744061874102023,0.0954790739949442,-0.5519444986950859,-0.6823716759338719,1.381281050659517,-1.0364336425375131,-0.6515377383555188,0.6823716759338609,-1.1297047963461726,0.840859141222292,0.8879220276755714,-1.4001915740430917,-0.30295570098656993,0.39891390884912803,0,1,1,0,1,0,0,0,0,1,0,0,0,1,0,0,0,0,0,0,0,0,0,0,0,0,0,1,0,0,0,0,0,0,0,0,0,0,0,0,0,0,0,0,0,0,1,0,0,1,0,1,0,0,1,0,0,1,0,0,0,1,0,0,0,0,0,0,0,0,1,0,1,0,0,1,0,0,1,0,0,0,0,0,0,0,0,0,0,1,0,0
0.5305782436697788,0.6624549616857945,-1.0399656435679563,-1.163333907352785,-0.4794758203104481,-0.9019267788874382,0.9538505081700629,-1.244117577009598,-0.8238649762007128,1.2296926501022896,1.3621065745757797,-1.4642624237586825,-1.414169860008473,-1.8863862535868186,-1.680234229090871,0.44239159980058923,-1.542751982809869,-0.6515377383555188,1.6802342290908596,0.04317653208136333,-0.9544902923500049,0.8879220276755714,0.08427078959808616,-1.6439957573982462,0.9838316637598726,0,1,1,0,0,1,0,0,0,0,0,0,0,1,0,0,0,0,0,0,0,0,0,0,0,0,0,0,0,1,0,0,0,0,0,0,0,0,0,0,0,0,0,0,0,0,1,0,0,0,1,0,0,1,0,0,1,0,0,0,0,0,0,0,0,0,0,0,0,0,0,1,0,0,0,0,0,0,0,0,1,0,0,0,0,0,0,0,0,0,0,1
0.6870243398276927,0.4435339565021215,1.412783515790431,-0.38720744657801404,-0.4794758203104481,-0.9019267788874382,-0.8403796881735242,-0.3805468386873412,-0.8238649762007128,-1.2101737191482849,1.3621065745757797,-1.2572320310341516,-1.3996540048738246,-1.8026856591950386,0.14918045169696045,0.6170600458350347,0.9888397185519114,1.5348305111596448,-0.14918045169697136,-1.2617510386194715,1.6387922228099792,-0.5663607089508563,-0.9053707861626996,-1.5727558263309382,-0.18600384606161657,1,0,0,0,0,0,0,0,0,0,0,0,0,0,0,0,0,0,0,0,0,0,0,0,0,0,0,0,0,0,0,0,0,0,0,0,0,1,0,0,0,0,0,1,0,0,0,0,1,0,0,0,0,1,1,0,0,0,0,0,0,0,0,0,0,1,0,0,0,1,0,0,1,0,0,0,0,1,0,0,0,0,0,0,0,0,0,0,0,0,1,0
-1.0425741676959122,-1.0889130797835898,-0.22238259044849376,-0.570534081154136,-0.4794758203104481,-0.9019267788874382,-0.11058367577186673,-0.8123322078484696,-0.8238649762007128,1.2296926501022896,-1.3386995878348875,-1.3966188300962121,-1.2773060830246465,-1.746532095868908,-0.017129973829206037,-0.15349222462395826,-0.023796961992800816,-0.6515377383555188,0.017129973829195105,-0.7309769275209176,-0.9544902923500049,0.8879220276755714,0.08427078959808616,-1.5293162393365387,-0.7709216009723612,0,1,1,0,0,0,1,0,0,0,0,0,0,0,0,0,1,0,0,0,0,0,0,0,0,0,0,0,0,0,0,0,0,0,0,0,0,0,0,0,0,1,0,1,0,0,0,0,1,0,0,0,0,1,0,0,1,0,0,1,0,0,0,1,0,0,0,0,0,0,0,0,0,1,0,1,0,1,0,0,0,0,0,0,0,0,0,0,0,0,1,0
0.37413214751186474,0.5529944590939581,1.412783515790431,-0.6347025008560153,-0.4794758203104481,1.3954179681602952,0.9538505081700629,1.4905230943442151,1.1400563019893057,1.2296926501022896,0.461837853772224,0.8499684018452335,0.866893089721965,0.4445163750450289,0.4818013027492934,1.3663839550489032,-0.5301153022651569,-0.6515377383555188,-0.48180130274930427,1.7002274155109949,0.5416342356269089,0.5762900126841938,-0.9053707861626996,0.7838534722061932,1.5687494186706172,0,1,1,0,0,1,0,0,0,0,0,0,0,0,1,0,0,0,0,0,0,0,0,0,0,0,0,1,0,0,0,0,0,0,0,0,0,0,0,0,0,0,0,1,0,0,0,0,0,0,0,0,0,0,1,0,0,1,0,0,1,0,0,0,0,0,0,0,0,0,1,0,0,0,0,0,0,0,1,0,0,0,0,0,0,0,0,0,0,0,0,1
-1.285934761719334,-1.0889130797835898,-0.22238259044849376,1.093091614820506,-0.4794758203104481,-0.9019267788874382,0.9538505081700629,-0.23661838230029839,1.1400563019893057,0.009759465477002306,0.461837853772224,0.09154023047813965,1.7336970106195313,1.7477028446891982,-1.680234229090871,-0.5884874164538779,0.9888397185519114,1.5348305111596448,1.6802342290908596,0.04317653208136333,-1.1041027451476964,0.5762900126841938,0.45538638050838015,0.7434144879858872,0.9838316637598726,0,0,0,0,1,0,0,0,0,1,0,0,0,0,0,0,0,0,0,1,0,0,0,0,0,0,0,0,0,0,0,0,0,0,0,1,0,0,0,0,0,0,0,0,0,1,0,0,0,0,0,0,0,0,0,0,0,1,0,0,0,0,1,0,0,0,0,0,1,0,0,0,1,0,0,1,0,0,0,0,0,0,1,0,0,0,0,0,0,0,1,0
0.05254850540948594,0.005691946134775455,-0.22238259044849376,-1.1143675845279155,-0.4794758203104481,-0.9019267788874382,0.9538505081700629,-1.1001891206225551,-0.8238649762007128,0.009759465477002306,0.461837853772224,-1.3638219361992567,-1.3726959881951921,-1.6787240193996176,-1.347613378038538,0.6200394649571574,0.48252137827955527,-0.6515377383555188,1.3476133780385269,0.04317653208136333,-0.7749553489927752,-0.7948908532778661,1.2718406805110285,-1.4554823868109479,-0.18600384606161657,0,1,0,1,1,0,0,0,0,0,0,1,0,0,0,0,0,0,0,0,0,0,0,0,0,0,0,0,0,0,0,0,0,0,0,0,1,0,0,0,0,0,0,0,0,0,1,0,0,0,1,0,0,1,1,0,0,0,0,0,0,0,0,0,0,0,0,0,0,0,1,0,0,1,1,0,0,0,0,1,0,0,0,0,0,0,0,0,0,0,0,1
-0.8339793728186935,-0.7605315720080802,1.412783515790431,0.002433359900381472,1.2624890127883643,1.391828366993033,-0.6018609914373727,1.634451550731258,-0.8238649762007128,0.009759465477002306,1.3621065745757797,-0.3819649251591541,0.7756505717327474,0.35128026989975497,-1.014992526986205,-0.629826856773331,1.4951580588242674,1.5348305111596448,1.014992526986194,0.5661832171638407,-0.9544902923500049,0.8879220276755714,0.08427078959808616,0.2018693268104277,0.39891390884912803,0,1,0,1,0,0,1,0,0,0,0,0,0,0,0,0,1,0,0,0,0,0,0,0,1,0,0,0,0,0,0,0,0,0,0,0,0,0,0,0,0,0,0,0,0,0,1,0,0,1,0,0,0,0,0,1,0,0,1,0,0,0,0,0,0,1,0,0,0,1,0,0,0,0,0,0,0,0,0,0,0,0,0,0,0,0,1,0,0,0,0,1
1.0781395802224778,1.1002969720531406,-1.0399656435679563,0.7297983778621023,-0.4794758203104481,-0.9019267788874382,0.9538505081700629,1.0587377251830867,-0.8238649762007128,-1.2101737191482849,0.461837853772224,0.30676984667690954,0.3173642881959959,0.8291153087692837,-0.017129973829206037,0.057301678266225425,-1.542751982809869,-0.6515377383555188,0.017129973829195105,0.04317653208136333,-0.28123425476039365,-0.28069802854209364,0.45538638050838015,0.24482334724431717,-0.7709216009723612,0,1,0,1,0,0,0,0,0,1,0,0,0,0,0,0,0,0,0,0,0,0,0,1,0,0,1,0,0,0,0,0,0,0,0,0,0,0,0,0,0,0,0,0,0,0,0,1,0,1,0,1,0,0,0,1,0,0,0,1,1,0,0,0,0,0,0,0,0,0,1,0,1,0,0,1,0,0,0,0,0,0,0,1,0,0,0,0,0,1,0,0
-0.15604628946773275,-0.21322905904889758,1.412783515790431,1.5226430476013475,-0.4794758203104481,-0.9019267788874382,0.9538505081700629,1.4905230943442151,-0.8238649762007128,0.009759465477002306,0.461837853772224,0.7556773318914867,-0.3814704518577837,0.05250093295694544,0.6481117282754599,-0.9575629602068321,-0.5301153022651569,-0.6515377383555188,-0.6481117282754707,0.04317653208136333,1.1999290279367514,-0.7948908532778661,-0.3610679194942681,-0.3905370550201417,-0.18600384606161657,0,1,1,0,0,0,0,1,0,0,0,0,0,0,0,0,0,0,1,0,0,0,0,0,0,0,0,0,0,0,0,1,0,0,0,0,0,0,0,0,0,0,0,0,0,0,1,0,0,1,0,1,0,0,0,1,0,0,0,0,1,0,0,0,0,0,0,1,0,0,0,0,0,1,0,1,0,0,0,0,0,0,1,0,0,0,0,0,0,0,0,1
0.6348756411083881,0.5529944590939581,-1.0399656435679563,0.6388316526142277,-0.4794758203104481,-0.9019267788874382,0.9538505081700629,-0.8123322078484696,-0.8238649762007128,0.009759465477002306,1.3621065745757797,-1.318726207090943,-1.4307594087337852,-1.8238756830916918,-0.017129973829206037,0.0852337325361261,1.4951580588242674,1.5348305111596448,0.017129973829195105,0.04317653208136333,1.1999290279367514,-0.7948908532778661,-0.3610679194942681,-1.6334355347855016,0.39891390884912803,1,0,0,1,1,0,1,0,0,0,0,0,0,0,0,0,0,0,1,0,0,0,0,0,0,1,0,0,0,0,0,0,0,0,0,0,0,0,0,0,0,0,0,0,0,0,1,0,0,0,1,0,0,1,0,0,1,0,0,1,0,0,0,0,0,0,0,0,0,0,1,0,0,0,0,0,0,0,0,0,0,0,1,0,0,0,0,0,0,0,1,0
-0.5732358792221701,-0.6510710694162436,-1.0399656435679563,0.43624629692706907,1.6979802210630675,1.140556285284687,-1.071778423813074,-0.8123322078484696,-0.8238649762007128,1.2296926501022896,-1.3386995878348875,1.497707056310103,1.5221802643717999,1.5045473204751032,0.3154908772231269,0.6971319347420833,-1.0364336425375131,-0.6515377383555188,-0.3154908772231378,0.04317653208136333,0.28844393089235454,0.3126013846145672,-0.4866762733408288,1.0771241768629167,-0.7709216009723612,0,0,1,0,0,0,0,1,0,0,0,0,0,1,0,0,0,0,0,0,0,0,0,0,0,0,0,0,0,0,0,0,0,0,0,0,1,0,0,0,0,0,0,0,0,1,0,0,0,1,0,0,1,0,1,0,0,0,1,0,1,0,0,0,0,0,0,0,0,0,0,1,0,0,1,0,0,1,0,0,0,0,0,0,0,0,0,0,0,0,1,0
0.03516560583638438,0.2246129513184485,-0.22238259044849376,-0.49878510101493406,-0.4794758203104481,-0.9019267788874382,0.9538505081700629,0.914809268796044,-0.8238649762007128,1.2296926501022896,0.461837853772224,-0.10319132703503309,1.3396952283933647,0.5605317558792049,-1.5139238035647045,-1.686775790346372,-1.0364336425375131,-0.6515377383555188,1.5139238035646931,0.04317653208136333,-0.7749553489927752,1.2618804456652244,-0.3610679194942681,0.7025462412022022,0.39891390884912803,1,0,0,0,0,1,0,0,0,0,0,0,0,0,0,0,0,0,0,0,0,0,1,0,0,0,0,0,1,0,0,0,0,0,0,0,0,0,0,0,0,0,0,0,0,0,0,0,0,1,0,1,0,0,0,0,0,0,0,0,0,0,0,1,0,0,0,0,1,0,0,0,0,0,1,0,0,0,0,0,0,0,0,0,0,0,0,0,1,1,0,0
-0.4950128311432131,-0.21322905904889758,-0.22238259044849376,0.2064118996679126,-0.4794758203104481,-0.9019267788874382,0.9538505081700629,1.4905230943442151,-0.8238649762007128,0.009759465477002306,-1.3386995878348875,1.2476307403458178,2.671006513599675,0.4974914347866618,-1.680234229090871,1.2662009870675262,-0.5301153022651569,-0.6515377383555188,1.6802342290908596,0.04317653208136333,0.5416342356269089,2.2902660951367695,-2.2661279528337777,0.7432193503063513,-1.355839355883106,1,0,1,0,1,0,0,0,1,0,0,0,0,0,0,0,0,0,0,1,0,0,0,0,0,0,0,0,0,0,0,0,0,0,0,0,0,0,0,0,0,1,0,0,1,0,0,0,0,1,0,0,0,0,0,1,0,0,0,0,0,0,0,1,0,0,0,0,1,0,0,0,1,0,0,0,0,0,0,0,0,0,0,0,0,0,0,1,0,0,0,1
-1.7031243514737713,-1.9645971005182818,-1.0399656435679563,-0.9609124556750825,-0.4794758203104481,-0.9019267788874382,0.9538505081700629,1.3465946379571725,-0.8238649762007128,-1.2101737191482849,-1.3386995878348875,1.354220645510923,1.3770217130253175,1.3376758822889596,1.1470430048539593,-1.4487946879668183,-0.023796961992800816,-0.6515377383555188,-1.1470430048539701,0.04317653208136333,0.28844393089235454,0.3126013846145672,-0.4866762733408288,1.8487200419268774,-1.9407571107938504,1,0,0,1,1,0,1,0,0,0,0,0,0,0,0,1,0,0,0,0,0,0,0,0,0,0,0,0,0,0,0,0,0,1,0,0,0,0,0,0,0,0,0,0,0,0,0,0,0,1,0,0,0,0,0,0,0,0,1,0,0,0,0,0,0,1,1,0,0,0,0,0,1,0,1,0,0,0,0,0,0,0,0,0,0,0,0,1,0,0,0,1
0.8087046368394036,0.9908364694613041,-0.22238259044849376,1.1563175864680146,-0.4794758203104481,-0.9019267788874382,-0.9934588517504572,0.051238530473787215,-0.8238649762007128,-1.2101737191482849,-1.3386995878348875,-0.2815244375997281,0.9788725436178228,0.23791364205266058,-0.1834403993553725,1.2162957167719703,1.4951580588242674,1.5348305111596448,0.18344039935536155,-1.3730841448498996,-0.7749553489927752,1.2618804456652244,-0.3610679194942681,-0.1780232142258681,-1.9407571107938504,1,0,0,0,0,0,0,0,1,0,0,0,0,0,0,0,0,1,0,0,0,0,0,0,0,0,0,0,0,0,0,0,0,0,1,0,0,0,0,0,0,0,0,0,0,0,0,1,0,1,0,0,1,0,1,0,0,1,0,0,0,0,0,1,0,0,0,0,1,0,0,0,1,0,1,0,0,0,0,0,1,0,0,0,0,0,0,0,0,0,0,0
-0.4689384817835608,-0.8699920745999167,-0.22238259044849376,0.401949382948479,-0.4794758203104481,0.9933826374269418,0.9538505081700629,-0.8123322078484696,1.1400563019893057,-1.2101737191482849,1.3621065745757797,-0.19543259112022018,1.1530628052336016,0.3936603176930613,-0.8486821014600384,0.9913495730517037,0.48252137827955527,-0.6515377383555188,0.8486821014600274,1.4102435109108091,-0.7749553489927752,1.2618804456652244,-0.3610679194942681,0.16522605551870315,0.9838316637598726,1,0,0,1,1,0,0,0,0,1,0,0,0,0,0,0,1,0,0,0,0,0,0,0,0,0,0,0,0,0,0,0,0,0,0,0,0,0,0,0,0,0,0,0,0,0,0,0,0,0,0,0,0,0,0,0,0,0,0,0,1,0,0,0,0,0,0,0,0,0,0,0,1,0,0,1,0,0,0,0,0,0,0,0,0,0,1,0,0,0,1,0
-1.7378901506199744,-0.5416105668244071,-1.0399656435679563,0.10868413402999372,-0.4794758203104481,-0.9019267788874382,0.9538505081700629,-1.6759029461707264,2.1220169410843153,-1.2101737191482849,-1.3386995878348875,-0.2774248258626087,0.987167317980479,0.5674185136456172,-1.5139238035647045,-0.17025145718589865,-0.023796961992800816,-0.6515377383555188,1.5139238035646931,0.04317653208136333,-0.9544902923500049,0.8879220276755714,0.08427078959808616,0.33941264936781024,-0.18600384606161657,0,1,0,1,0,1,0,0,0,0,0,0,0,1,0,0,0,0,0,0,0,0,0,0,1,0,0,0,0,0,0,0,0,0,0,0,0,0,0,0,0,0,0,0,1,0,0,0,0,0,0,0,1,0,0,0,0,0,0,1,0,0,0,0,0,1,0,0,0,1,0,0,1,0,1,0,0,0,1,0,0,0,0,0,0,0,0,0,0,0,0,1
0.05254850540948594,-0.43215006423257063,-0.22238259044849376,0.3682261330029831,-0.4794758203104481,0.7098041452132372,-2.299971712976839,-0.09268992591325557,-0.8238649762007128,-1.2101737191482849,0.461837853772224,-0.33071977844516126,-0.3275544185005188,0.4572303893830208,1.3133534303801258,1.3671288098294339,0.9888397185519114,1.5348305111596448,-1.3133534303801366,-1.1607745004104781,-0.7749553489927752,-0.7948908532778661,1.2718406805110285,-0.02194648001987594,-0.7709216009723612,0,0,0,1,1,0,0,0,0,1,0,0,0,0,1,0,0,0,0,0,0,0,0,0,0,0,0,0,0,1,0,0,0,0,0,0,0,0,0,0,0,0,0,1,0,0,0,0,0,1,0,0,0,0,0,1,0,0,0,0,0,0,0,0,0,1,0,0,0,0,0,0,0,0,1,0,0,1,0,0,0,0,0,0,0,0,0,0,0,0,1,0
-0.9817340191900567,-0.8699920745999167,-0.22238259044849376,0.3359780191425884,1.2624890127883643,1.3810595634912468,0.9538505081700629,1.0587377251830867,-0.8238649762007128,0.009759465477002306,-1.3386995878348875,-0.14418744440622736,-0.1388483017500917,0.4863666722409189,0.9807325793277929,0.3351325114041707,-0.5301153022651569,-0.6515377383555188,-0.9807325793278037,1.6898708474895594,-0.5555237515561613,-0.5663607089508563,0.9089721027320734,0.060270740584523405,-1.355839355883106,1,0,0,0,0,0,1,0,0,0,0,0,0,0,0,0,0,0,1,0,0,0,0,0,0,0,0,0,0,0,0,0,0,0,0,0,0,1,0,0,0,0,0,0,0,1,0,0,0,1,0,0,1,0,1,0,0,0,0,1,0,0,0,0,0,0,0,1,0,0,0,0,1,0,0,0,0,0,0,0,0,0,0,0,1,0,0,0,0,1,0,0
-0.3211838354121975,-0.3226895616407341,-0.22238259044849376,-1.2578245688039555,-0.4794758203104481,-0.9019267788874382,-0.413182022377432,1.4905230943442151,1.1400563019893057,-1.2101737191482849,-1.3386995878348875,0.2616741175685958,0.2717430292013871,0.7591882299103283,0.4818013027492934,1.0859461301791005,-1.542751982809869,-0.6515377383555188,-0.48180130274930427,-0.9510539979764155,-0.28123425476039365,-0.28069802854209364,0.45538638050838015,1.2026016796666714,-0.7709216009723612,0,0,0,0,0,0,0,0,0,1,0,0,0,1,0,0,0,0,0,0,0,0,0,0,0,0,0,1,0,0,0,0,0,0,0,0,0,0,0,0,0,0,0,0,1,0,0,0,0,0,0,1,0,0,0,0,0,0,0,0,0,0,0,0,0,0,0,0,0,0,0,1,1,0,0,0,0,0,0,0,0,0,0,1,0,0,0,0,0,0,0,1
2.286251100553036,2.085441495379669,1.412783515790431,-1.1432556661944706,-0.4794758203104481,2.048725380601994,0.9538505081700629,-1.3880460333966407,-0.8238649762007128,1.2296926501022896,1.3621065745757797,-0.3819649251591541,0.7756505717327474,0.056209187138859744,1.4796638559062922,-0.13822270162307923,0.9888397185519114,1.5348305111596448,-1.4796638559063031,2.1714512604862963,-0.7749553489927752,1.2618804456652244,-0.3610679194942681,0.5366252161025963,0.9838316637598726,1,0,0,1,1,0,0,0,0,1,0,0,0,0,0,0,0,0,0,0,0,0,0,1,0,0,1,0,0,0,0,0,0,0,0,0,0,0,0,0,0,0,0,0,0,1,0,0,0,1,0,0,0,0,0,1,0,1,0,0,1,0,0,0,0,0,1,0,0,0,0,0,0,1,0,0,0,0,0,0,0,0,0,0,1,0,0,0,0,0,0,1
0.521886793883228,0.8813759668694676,1.412783515790431,-0.30709936195657517,3.875436262436583,-0.9019267788874382,-1.445576381384655,0.6269523560219584,2.1220169410843153,0.009759465477002306,0.461837853772224,-0.3614668664735569,-0.35865982236047933,0.6940289064281199,-0.6823716759338719,-0.4134465430291671,-0.023796961992800816,-0.6515377383555188,0.6823716759338609,-1.701905179530467,-0.9544902923500049,-0.9818700622726926,1.5687331532392639,0.36620750603330304,1.5687494186706172,1,0,1,0,0,0,0,1,0,0,0,0,0,0,0,0,0,0,0,0,0,0,0,1,0,0,0,0,0,0,0,0,0,0,0,0,0,0,0,0,1,0,0,0,1,0,0,0,0,0,0,0,0,0,0,1,0,0,0,0,0,1,0,0,0,0,0,0,0,0,0,0,0,1,0,1,0,0,0,1,0,0,0,0,0,0,0,0,0,0,0,0
0.5740354926025326,0.6624549616857945,-1.0399656435679563,-0.28222692852168363,-0.4794758203104481,2.0846213922746153,-0.9436191240742464,1.634451550731258,1.1400563019893057,-1.2101737191482849,-1.3386995878348875,0.5015014041900823,-1.5344440882669867,0.3459827639255917,-0.017129973829206037,-0.1996732210168607,-1.0364336425375131,-0.6515377383555188,0.017129973829195105,0.8173299916836442,0.840859141222292,-2.8516621522209564,1.5687331532392639,0.08070614928719971,-0.7709216009723612,0,1,0,1,0,0,0,0,0,0,1,0,0,0,0,0,0,0,1,0,0,0,0,0,0,0,0,0,0,0,0,0,0,0,0,0,0,0,0,0,0,0,1,1,0,0,0,0,0,0,0,0,1,0,0,1,0,0,1,0,0,0,0,0,1,0,1,0,0,0,0,0,1,0,0,1,0,0,0,0,0,0,0,0,0,1,0,0,0,0,0,1
0.9216934840645638,0.9908364694613041,-0.22238259044849376,-1.6851223214547826,-0.4794758203104481,-0.9019267788874382,0.9538505081700629,1.3465946379571725,-0.8238649762007128,0.009759465477002306,-1.3386995878348875,-0.26717579651981016,-0.26326991718993376,0.26387142132606073,-0.017129973829206037,-0.04735041839833573,-0.5301153022651569,-0.6515377383555188,0.017129973829195105,0.04317653208136333,-0.5555237515561613,-0.5663607089508563,0.9089721027320734,0.8731986474927913,-1.355839355883106,0,1,0,0,0,0,0,0,0,1,0,0,0,0,0,0,0,0,1,0,0,0,0,0,0,0,0,0,0,0,0,0,0,0,0,0,0,0,0,0,0,0,0,0,1,0,0,0,0,1,0,0,0,0,0,0,0,0,0,1,0,0,0,0,0,0,0,0,1,0,0,0,0,1,0,0,1,0,0,0,0,0,0,0,0,0,0,0,0,0,0,1
-0.5297786302894162,-0.5416105668244071,-1.0399656435679563,0.7615957556964945,-0.4794758203104481,1.5354124136835163,0.9538505081700629,-0.23661838230029839,-0.8238649762007128,1.2296926501022896,1.3621065745757797,0.87456607226795,-0.32133333772852674,0.1600403042324602,-1.014992526986205,-1.6402223665632043,-1.0364336425375131,-0.6515377383555188,1.014992526986194,1.801203953719988,1.1999290279367514,-0.7948908532778661,-0.3610679194942681,-0.13033234706310218,0.9838316637598726,0,0,0,0,1,1,0,0,0,0,0,0,0,0,0,0,0,0,1,0,0,0,0,0,0,0,0,0,0,0,0,1,0,0,0,0,0,0,0,0,0,0,0,0,0,0,0,1,0,1,0,0,0,0,1,0,0,0,1,0,1,0,0,0,0,0,1,0,0,0,0,0,1,0,0,1,0,0,0,1,0,0,0,0,0,0,0,0,0,0,1,0
-0.5037042809297639,-0.7605315720080802,1.412783515790431,0.08204973249345389,-0.4794758203104481,-0.9019267788874382,0.9538505081700629,0.051238530473787215,-0.8238649762007128,-1.2101737191482849,1.3621065745757797,-0.15853608548614534,-0.15336415688473992,0.46040889296751875,-1.680234229090871,1.1157403214003279,-1.542751982809869,-0.6515377383555188,1.6802342290908596,0.04317653208136333,-0.5555237515561613,-0.5663607089508563,0.9089721027320734,0.12943837077389378,-0.18600384606161657,0,1,0,0,1,0,0,0,0,0,0,0,0,0,0,0,0,0,1,0,0,0,0,0,0,0,0,0,0,0,0,0,0,0,0,0,0,0,0,1,0,0,0,0,0,1,0,0,0,1,0,1,0,0,0,0,0,1,0,0,0,0,0,0,0,0,0,0,0,0,1,0,1,0,1,0,0,0,0,0,0,1,0,0,0,0,0,0,0,0,0,0
-0.8861280715379981,-1.1983735823754262,-1.0399656435679563,-0.7416498670258134,-0.4794758203104481,1.0795330654412318,0.9538505081700629,-0.8123322078484696,-0.8238649762007128,0.009759465477002306,-1.3386995878348875,-0.019149286424084856,-0.012352992719585593,1.1014071158412768,-1.5139238035647045,0.3388567853068241,1.4951580588242674,1.5348305111596448,1.5139238035646931,1.4723829190394202,-0.7749553489927752,-0.7948908532778661,1.2718406805110285,0.9940070806675899,-1.355839355883106,0,1,1,0,1,0,0,0,1,0,0,0,0,0,0,0,1,0,0,0,0,0,0,0,0,0,0,0,0,0,0,0,0,0,0,0,0,0,1,0,0,0,0,0,0,0,0,1,0,1,0,0,1,0,0,1,0,0,0,1,0,0,1,0,0,0,0,0,1,0,0,0,0,0,0,0,0,0,0,1,0,0,0,0,0,0,0,0,0,0,1,0
-1.2424775127865801,-1.7456760953346089,-1.0399656435679563,-0.5928660024424657,-0.4794758203104481,1.0579954584376592,0.9538505081700629,-0.8123322078484696,-0.8238649762007128,0.009759465477002306,0.461837853772224,-0.5705470650666477,-0.5701765686082109,-0.28495019759725615,-1.347613378038538,-0.6812218366299482,-0.5301153022651569,-0.6515377383555188,1.3476133780385269,1.4568480670072674,-0.5555237515561613,-0.5663607089508563,0.9089721027320734,-0.24875467575433274,-0.18600384606161657,0,0,0,0,1,0,0,1,0,0,0,0,0,1,0,0,0,0,0,0,0,0,0,0,0,0,1,0,0,0,0,0,0,0,0,0,0,0,0,0,0,0,0,0,1,0,0,0,0,1,0,0,1,0,0,0,0,1,0,0,0,0,1,0,0,0,0,0,0,0,1,0,1,0,1,0,0,0,0,0,0,0,0,0,0,0,1,0,0,0,1,0
0.443663745804271,0.5529944590939581,1.412783515790431,-1.8088698485937829,2.1334714293377703,1.5569500206870888,0.9538505081700629,-0.6684037514614268,-0.8238649762007128,1.2296926501022896,0.461837853772224,-1.3925192183590926,-1.2690113086619903,-1.7719601245448915,-0.017129973829206037,-0.2562821843371927,-0.023796961992800816,-0.6515377383555188,0.017129973829195105,1.8167388057521408,-0.7749553489927752,1.2618804456652244,-0.3610679194942681,-1.4583269241087398,0.39891390884912803,0,1,0,1,0,0,0,0,0,0,1,0,0,0,0,0,0,0,1,0,0,0,0,0,0,0,0,0,1,0,0,0,0,0,0,0,0,0,0,0,0,0,0,1,0,0,0,0,1,0,0,0,0,1,0,0,1,0,0,1,0,0,0,0,0,0,0,1,0,0,0,0,1,0,0,0,0,0,0,0,0,0,0,1,0,0,0,0,0,0,1,0
0.06123995519603672,0.11515244872661197,-0.22238259044849376,1.3089941712759336,-0.4794758203104481,-0.9019267788874382,0.9538505081700629,-1.244117577009598,-0.8238649762007128,0.009759465477002306,-0.4384308670313317,-1.4048180535704509,-1.4743069741377297,-1.8863862535868186,-0.1834403993553725,1.4613529395665654,-1.542751982809869,-0.6515377383555188,0.18344039935536155,0.04317653208136333,0.840859141222292,-0.9818700622726926,0.08427078959808616,-1.6949879178638043,-0.7709216009723612,0,0,0,1,0,0,0,0,0,0,1,0,0,0,0,0,0,1,0,0,0,0,0,0,0,0,0,0,0,0,0,0,0,0,0,0,0,0,0,0,1,0,0,0,0,1,0,0,0,0,1,0,0,1,0,0,1,0,0,1,0,0,0,0,0,1,0,0,0,1,0,0,0,0,0,0,1,0,0,0,0,0,0,0,0,0,0,0,0,0,0,1
-1.2424775127865801,-1.0889130797835898,-0.22238259044849376,-0.5783195216032787,-0.4794758203104481,-0.9019267788874382,-1.3957366537084441,-0.23661838230029839,-0.8238649762007128,1.2296926501022896,-0.4384308670313317,-1.4027682477018912,-1.4120961664178089,-1.7592461102068997,0.8144221538016264,0.9287817714871262,-0.023796961992800816,-0.6515377383555188,-0.8144221538016372,-1.6656571914554439,-0.7749553489927752,-0.7948908532778661,1.2718406805110285,-1.562386762368887,-0.18600384606161657,1,0,1,0,1,0,0,1,0,0,0,0,0,0,0,1,0,0,0,0,0,0,0,0,0,0,0,0,0,0,0,0,0,0,0,0,0,1,0,0,0,0,0,0,0,0,1,0,1,0,0,0,0,1,0,0,1,0,0,0,0,0,0,0,1,0,0,1,0,0,0,0,0,1,0,1,0,0,0,0,0,0,0,0,1,0,0,0,0,0,1,0
-0.8339793728186935,-0.8699920745999167,1.412783515790431,-0.3307015393181858,-0.4794758203104481,-0.9019267788874382,0.9538505081700629,0.33909544324787283,-0.8238649762007128,-1.2101737191482849,0.461837853772224,-0.21798045567437702,-0.21350127101399693,0.352869521692004,0.14918045169696045,-0.5140019384008094,-0.023796961992800816,-0.6515377383555188,-0.14918045169697136,0.04317653208136333,-0.5555237515561613,-0.5663607089508563,0.9089721027320734,0.20265701530416694,-0.7709216009723612,1,0,0,1,1,0,0,0,0,1,0,0,0,0,0,0,0,0,0,0,1,0,0,0,0,0,0,0,0,0,0,0,0,0,0,0,0,0,0,0,0,0,1,1,0,0,0,0,0,1,0,1,0,0,0,1,0,1,0,0,1,0,0,0,0,0,1,0,0,0,0,0,0,0,0,0,0,0,0,1,0,0,0,0,0,0,0,0,0,0,0,0
0.8608533355587084,1.209757474644977,-1.0399656435679563,-1.8982385097494652,-0.4794758203104481,1.0579954584376592,-0.6659406413067865,0.7708808124090012,1.1400563019893057,-1.2101737191482849,1.3621065745757797,1.276328022505654,1.2982213565800842,0.8852688720954146,0.4818013027492934,0.010748254483057653,-0.5301153022651569,-0.6515377383555188,-0.48180130274930427,0.278788454569014,0.5416342356269089,0.5762900126841938,-0.9053707861626996,2.4183839178017243,0.9838316637598726,0,1,0,0,1,0,0,0,1,0,0,0,0,0,0,0,0,0,0,0,0,0,1,0,0,1,0,0,0,0,0,0,0,0,0,0,0,0,0,0,0,0,0,0,0,1,0,0,0,0,0,0,0,0,0,1,0,0,1,0,0,0,0,0,0,1,0,1,0,0,0,0,0,0,0,0,0,0,0,1,0,0,0,0,0,0,0,0,0,1,0,0
-0.4515555822104592,-0.6510710694162436,-1.0399656435679563,-1.2862209384421437,-0.4794758203104481,-0.9019267788874382,0.9538505081700629,0.6269523560219584,-0.8238649762007128,-1.2101737191482849,-1.3386995878348875,-0.21183103806869788,2.4470476058079593,0.3639942842377469,-0.6823716759338719,0.3042210380121473,0.48252137827955527,-0.6515377383555188,0.6823716759338609,0.04317653208136333,-0.9544902923500049,2.7577141176238347,-1.4001915740430917,1.2555274227617823,-1.9407571107938504,1,0,1,0,0,0,0,0,0,0,1,0,0,0,0,0,0,0,0,0,0,0,0,1,0,0,0,0,0,0,0,1,0,0,0,0,0,0,0,0,0,0,0,0,0,0,0,1,0,1,0,0,1,0,0,0,0,1,0,0,0,0,0,1,0,0,0,1,0,0,0,0,0,1,1,0,0,0,0,0,0,0,0,0,0,0,1,0,0,0,0,0
-0.7296819753800842,-0.5416105668244071,-0.22238259044849376,-0.8182749914463204,-0.4794758203104481,1.8943725304097248,0.9538505081700629,-1.244117577009598,-0.8238649762007128,1.2296926501022896,-0.4384308670313317,-1.4048180535704509,-1.414169860008473,-1.8710234862617452,-0.5160612504077055,0.03495603485030489,-1.0364336425375131,-0.6515377383555188,0.5160612504076945,2.0601181542558678,0.28844393089235454,0.3126013846145672,-0.4866762733408288,-1.6323239511367582,-0.18600384606161657,1,0,0,1,0,0,0,1,0,0,0,0,0,0,0,0,0,0,0,0,1,0,0,0,0,0,0,0,0,0,0,0,0,0,0,0,1,0,0,0,0,0,0,1,0,0,0,0,1,0,0,0,0,1,1,0,0,0,0,0,0,0,0,0,1,0,1,0,0,0,0,0,0,0,1,0,0,0,0,0,0,0,1,0,0,0,0,0,0,0,0,1
-0.5210871805028654,-0.3226895616407341,1.412783515790431,-0.002975472411654049,2.1334714293377703,-0.0547809034135866,0.3984935426351431,-0.6684037514614268,-0.8238649762007128,-1.2101737191482849,-1.3386995878348875,-1.3720211596734955,-1.2275374368487098,-1.7348775827257485,1.4796638559062922,1.1324995539622684,-0.5301153022651569,-0.6515377383555188,-1.4796638559063031,0.25030789251006724,-0.7749553489927752,1.2618804456652244,-0.3610679194942681,-1.537903070022144,-1.9407571107938504,1,0,0,1,0,0,0,0,0,0,0,0,0,0,0,0,0,0,0,0,0,1,0,0,0,0,0,0,0,0,0,0,0,0,0,0,0,0,1,0,0,0,0,0,1,0,0,0,1,0,0,0,0,1,1,0,0,0,0,0,0,0,0,0,0,0,0,0,0,0,0,0,0,0,1,0,0,0,0,1,0,0,0,0,0,0,0,0,0,0,1,0
1.8256042618658448,1.4286784798286503,-1.0399656435679563,0.3225788663695907,-0.4794758203104481,0.6774977347078784,-1.5737356811234826,0.19516698686083,-0.8238649762007128,0.009759465477002306,-0.4384308670313317,-0.275375019994049,-0.2715646915525899,0.24903840459840348,-1.014992526986205,-0.14641610420891674,-0.5301153022651569,-0.6515377383555188,1.014992526986194,-0.6558918093655124,-0.5555237515561613,-0.5663607089508563,0.9089721027320734,-0.11039198624371573,-0.7709216009723612,1,0,0,1,0,0,1,0,0,0,0,0,0,0,1,0,0,0,0,0,0,0,0,0,0,0,0,0,1,0,0,0,0,0,0,0,0,0,0,0,0,0,0,0,0,0,1,0,0,1,0,1,0,0,0,1,0,0,0,1,0,0,0,1,0,0,0,0,1,0,0,0,0,1,1,0,0,0,1,0,0,0,0,0,0,0,0,0,0,0,0,0
-0.3559496345584007,-0.21322905904889758,-1.0399656435679563,-0.3173843385499159,2.1334714293377703,-0.9019267788874382,-1.442016400836354,1.2026661815701296,-0.8238649762007128,1.2296926501022896,1.3621065745757797,-0.511102694878416,0.5143651793090791,-0.17741082632174135,-0.017129973829206037,-0.2871936577292161,0.48252137827955527,-0.6515377383555188,0.017129973829195105,-1.6993160375251082,-0.7749553489927752,1.2618804456652244,-0.3610679194942681,-0.07590049656929382,0.9838316637598726,1,0,1,0,0,0,0,1,0,0,0,0,0,0,0,0,0,0,1,0,0,0,0,0,0,0,0,0,0,0,1,0,0,0,0,0,0,0,0,0,0,0,0,0,0,1,0,0,0,1,0,1,0,0,0,1,0,1,0,0,1,0,0,0,0,0,0,0,0,0,0,1,0,1,0,1,0,0,0,0,0,0,1,0,0,0,0,0,0,1,0,0
1.2867343750996965,1.5381389824204867,-1.0399656435679563,2.199402702643643,-0.4794758203104481,-0.9019267788874382,0.9538505081700629,1.634451550731258,-0.8238649762007128,1.2296926501022896,0.461837853772224,1.038550541752727,-0.23838559410196533,0.6394645948942379,0.6481117282754599,-1.559405622875625,-0.023796961992800816,-0.6515377383555188,-0.6481117282754707,0.04317653208136333,0.840859141222292,-0.9818700622726926,0.08427078959808616,-0.22050543961626826,0.39891390884912803,0,0,1,0,1,0,0,0,0,0,0,0,0,0,0,0,0,0,0,0,0,0,1,0,0,0,0,0,0,0,0,1,0,0,0,0,0,0,0,0,0,0,0,0,0,0,0,1,0,1,0,0,0,0,1,0,0,1,0,0,0,0,0,0,0,0,0,0,0,0,1,0,0,1,0,0,0,0,1,0,0,0,0,0,0,0,0,0,0,0,0,1
-1.5379868055293064,-0.7605315720080802,-1.0399656435679563,-1.0163120108710852,-0.4794758203104481,0.45853206350489134,0.9538505081700629,-0.09268992591325557,-0.8238649762007128,0.009759465477002306,-1.3386995878348875,0.9975544243815329,-0.2591225300086057,0.2712879296898893,1.3133534303801258,-1.7061420146401698,1.4951580588242674,1.5348305111596448,-1.3133534303801366,1.024461352112348,1.1999290279367514,-0.7948908532778661,-0.3610679194942681,0.6990717547222646,-1.355839355883106,0,1,0,0,0,0,0,0,0,0,1,0,0,0,0,0,0,0,0,0,0,0,0,0,0,0,0,0,0,0,0,0,0,0,0,0,0,0,0,0,0,0,1,0,1,0,0,0,0,1,0,0,0,0,0,1,0,0,0,0,0,0,0,1,0,0,0,0,0,0,0,0,0,0,1,0,0,0,0,1,0,0,0,0,0,0,0,0,0,0,1,0
0.3046005492194585,0.005691946134775455,-1.0399656435679563,0.5754008009548989,-0.4794758203104481,-0.9019267788874382,0.9538505081700629,-1.6759029461707264,2.1220169410843153,-1.2101737191482849,1.3621065745757797,-0.09089249182367481,1.3645795514813333,0.9530769485647047,0.3154908772231269,1.5734535840364334,-1.0364336425375131,-0.6515377383555188,-0.3154908772231378,0.04317653208136333,-0.9544902923500049,0.8879220276755714,0.08427078959808616,0.45778259579483155,1.5687494186706172,0,0,0,0,0,0,0,0,0,1,0,0,0,0,0,0,0,1,0,0,0,0,0,0,0,0,0,0,0,0,0,0,0,0,0,0,0,0,1,0,0,0,0,0,0,0,0,0,0,0,0,1,0,0,0,0,0,0,0,0,0,0,0,0,0,1,0,0,1,0,0,0,1,0,0,0,0,1,0,0,0,0,0,0,0,0,0,0,0,0,0,1
-1.485838106810002,-0.7605315720080802,-1.0399656435679563,0.599781522361424,1.6979802210630675,1.6215628416978063,-0.8368197076252234,-1.3880460333966407,-0.8238649762007128,-1.2101737191482849,-0.4384308670313317,-0.246677737834213,1.0493781257004,-0.029080659045169224,1.1470430048539593,-0.8253512366626355,-1.542751982809869,-0.6515377383555188,-1.1470430048539701,0.561004933153123,-0.5555237515561613,1.718940734319244,-0.9053707861626996,-0.15430477676868382,-1.355839355883106,0,1,0,0,0,0,0,0,0,0,1,0,0,0,0,0,0,1,0,0,0,0,0,0,0,0,0,0,0,0,0,0,0,0,0,0,0,0,0,0,0,0,0,0,0,0,0,0,0,1,0,1,0,0,1,0,0,0,0,0,1,0,0,0,0,0,0,0,0,1,0,0,0,1,1,0,0,0,0,0,0,0,0,0,0,0,0,1,0,0,0,1
-1.007808368549709,-0.9794525771917532,-0.22238259044849376,0.7436072906587397,-0.4794758203104481,0.6344225207007334,-0.8688595325599303,-1.244117577009598,-0.8238649762007128,1.2296926501022896,-1.3386995878348875,1.346021422036684,-1.5344440882669867,0.21566411696117477,-0.349750824881539,1.3034437260940603,-0.5301153022651569,-0.6515377383555188,0.34975082488152803,-0.17431139636877577,2.1873712164015147,-2.8516621522209564,0.45538638050838015,-0.19589722178851388,-0.7709216009723612,1,0,0,0,0,1,0,0,0,0,0,0,0,0,0,0,0,0,0,0,0,0,0,1,0,0,0,0,0,0,0,0,0,0,0,0,0,0,1,0,0,0,0,0,0,0,0,0,0,1,0,0,1,0,0,1,0,1,0,0,0,0,0,1,0,0,0,0,0,1,0,0,0,0,0,1,0,0,1,0,0,0,0,0,0,0,0,0,0,0,0,1
-0.8948195213245489,-0.6510710694162436,-0.22238259044849376,0.2345214372895536,-0.4794758203104481,-0.46758503764872617,0.9538505081700629,-1.244117577009598,-0.8238649762007128,0.009759465477002306,-1.3386995878348875,-1.3638219361992567,-1.4535700382310894,-1.8440062057935123,-1.347613378038538,1.4233653457595006,-1.0364336425375131,-0.6515377383555188,1.3476133780385269,0.35646271472977803,0.840859141222292,-0.9818700622726926,0.08427078959808616,-1.6445832934586897,-1.355839355883106,0,0,0,1,0,1,0,0,0,0,0,0,0,0,0,0,0,0,1,0,0,0,0,0,0,1,0,0,0,0,0,0,0,0,0,0,0,0,0,0,0,0,0,0,0,0,1,0,1,0,0,0,0,1,0,0,1,0,0,0,1,0,0,0,0,0,0,1,0,0,0,0,0,1,0,0,1,0,0,0,0,0,0,0,0,0,0,0,0,0,0,1
-1.598826954035162,-0.21322905904889758,-1.0399656435679563,0.9249670771213939,-0.4794758203104481,0.2826416063090492,-0.598301010889072,0.4830238996349156,1.1400563019893057,1.2296926501022896,-0.4384308670313317,-0.14008783266910793,-0.13470091456876362,0.49378318060474746,-0.349750824881539,-1.2923751840553745,1.4951580588242674,1.5348305111596448,0.34975082488152803,-0.23127252048666935,-0.5555237515561613,-0.5663607089508563,0.9089721027320734,-0.11299663612205992,0.9838316637598726,0,0,1,0,0,0,0,0,0,0,0,0,0,0,0,0,0,0,0,0,0,0,0,1,0,0,0,0,0,0,0,0,0,0,0,0,0,0,1,0,0,0,0,0,0,0,0,0,0,0,0,1,0,0,0,1,0,0,1,0,1,0,0,0,0,0,0,0,0,0,0,0,1,0,0,0,0,0,0,0,0,0,0,0,0,0,1,0,0,0,0,0
-0.6775332766607794,-0.9794525771917532,1.412783515790431,-0.34688706025192945,-0.4794758203104481,0.7672377638894304,-0.566261185954365,1.634451550731258,-0.8238649762007128,1.2296926501022896,1.3621065745757797,-0.6156427941749614,-0.6157978276028195,0.1028272397114967,0.9807325793277929,-1.449539542747349,0.9888397185519114,1.5348305111596448,-0.9807325793278037,0.1415639282849977,-0.9544902923500049,-0.9818700622726926,1.5687331532392639,-0.08866251683913061,0.9838316637598726,0,0,1,0,0,0,0,0,0,0,0,0,0,0,0,0,1,0,0,0,0,0,0,0,0,1,0,0,0,0,0,0,0,0,0,0,0,0,0,0,0,0,0,1,0,0,0,0,0,1,0,0,1,0,1,0,0,0,1,0,1,0,0,0,0,0,0,0,1,0,0,0,1,0,0,0,0,0,1,0,0,0,0,0,0,0,0,0,0,0,0,1
0.521886793883228,0.4435339565021215,1.412783515790431,0.3971551906719015,-0.4794758203104481,-0.9019267788874382,0.6512521615644976,-0.3805468386873412,1.1400563019893057,1.2296926501022896,-1.3386995878348875,2.022457358661389,2.0530458235817926,1.198351475168465,0.3154908772231269,-1.6197388600986105,-0.023796961992800816,-0.6515377383555188,-0.3154908772231378,-0.17690053837413458,0.840859141222292,0.8879220276755714,-1.4001915740430917,1.0774441006748878,0.39891390884912803,0,0,0,1,1,0,0,0,0,0,0,0,0,0,0,0,0,0,0,0,0,0,0,0,0,0,0,0,0,0,0,0,0,0,0,0,0,0,0,0,0,1,0,1,0,0,0,0,0,0,0,0,0,0,1,0,0,0,0,1,0,0,0,0,0,1,0,0,0,0,0,1,0,1,0,0,0,0,0,0,1,0,0,0,0,0,0,0,0,0,1,0
-1.0947228664152169,-1.6362155927427724,-1.0399656435679563,-0.3314800833631003,-0.4794758203104481,-0.9019267788874382,0.9538505081700629,1.2026661815701296,-0.8238649762007128,-1.2101737191482849,-0.4384308670313317,-1.3843199948848537,-1.3934329241018324,-1.6850810265686136,-0.349750824881539,1.3354724816568797,-1.0364336425375131,-0.6515377383555188,0.34975082488152803,0.04317653208136333,-0.9544902923500049,-0.9818700622726926,1.5687331532392639,-1.5188213460542053,-1.355839355883106,1,0,0,0,1,0,0,0,0,1,0,0,1,0,0,0,0,0,0,0,0,0,0,0,0,0,0,0,0,0,0,0,0,0,0,0,0,0,0,0,0,0,1,0,0,0,0,0,0,0,1,0,0,1,1,0,0,0,0,1,1,0,0,0,0,0,1,0,0,0,0,0,1,0,0,1,0,0,0,1,0,0,0,0,0,0,0,0,0,1,0,0
-0.7036076260204318,-1.1983735823754262,1.412783515790431,2.37502584877535,-0.4794758203104481,0.4621216646721534,-0.5128614777298535,-0.9562606642355124,-0.8238649762007128,1.2296926501022896,-0.4384308670313317,1.2025350112375042,-0.15543785047540395,1.161268933349322,0.9807325793277929,-1.4823131530906992,-0.023796961992800816,-0.6515377383555188,-0.9807325793278037,-0.039676012090118236,0.5416342356269089,-1.1376860697683815,0.45538638050838015,-0.012485354761143241,-0.18600384606161657,0,0,0,0,1,0,0,0,0,1,0,0,0,0,0,0,0,0,0,0,0,0,0,1,0,0,0,0,0,0,0,0,0,0,0,1,0,0,0,0,0,0,0,0,0,1,0,0,0,1,0,0,1,0,0,0,0,0,0,0,0,0,0,0,0,0,0,0,0,0,1,0,1,0,0,1,0,0,0,0,0,0,0,0,0,0,0,0,1,0,1,0
1.2432771261669426,1.3192179772368136,-1.0399656435679563,0.9194353168022659,3.4399450541618797,-0.9019267788874382,0.5230928618256699,0.4830238996349156,-0.8238649762007128,-1.2101737191482849,0.461837853772224,0.24527567062011812,2.0447510492191365,2.1052844979452203,-1.347613378038538,0.7135187399137584,-0.5301153022651569,-0.6515377383555188,1.3476133780385269,-0.27010965056705133,-1.1041027451476964,0.5762900126841938,0.45538638050838015,1.0623235471946846,-0.7709216009723612,0,1,0,1,0,0,0,0,1,0,0,0,0,0,0,0,0,0,1,0,0,0,0,0,0,1,0,0,0,0,0,0,0,0,0,0,0,0,0,0,0,0,0,0,0,0,1,0,0,1,0,0,1,0,0,1,0,0,1,0,0,0,0,0,0,0,0,1,0,0,0,0,0,1,1,0,0,0,0,0,0,0,1,0,0,0,0,0,0,0,0,0
-0.3559496345584007,-0.10376855645706107,1.412783515790431,0.809332798450447,-0.4794758203104481,0.9538970245870588,0.9538505081700629,0.19516698686083,-0.8238649762007128,1.2296926501022896,1.3621065745757797,1.7354845370630296,0.1141423163109205,0.9387736824344638,-1.680234229090871,0.6003008132730944,0.9888397185519114,1.5348305111596448,1.6802342290908596,1.3817629488518623,1.1999290279367514,-0.7948908532778661,-0.3610679194942681,0.44290996334859406,0.9838316637598726,1,0,0,1,0,0,0,0,0,0,1,0,0,0,0,0,0,1,0,0,0,0,0,0,0,0,0,0,0,0,0,0,0,0,0,0,0,0,0,0,0,0,1,0,1,0,0,0,0,1,0,0,1,0,1,0,0,0,0,0,1,0,0,0,0,0,0,1,0,0,0,0,0,1,1,0,0,0,0,0,0,0,0,0,0,0,0,0,0,0,0,0
0.5827269423890834,0.5529944590939581,-1.0399656435679563,0.3454434756886508,-0.4794758203104481,-0.9019267788874382,0.9538505081700629,0.6269523560219584,-0.8238649762007128,1.2296926501022896,0.461837853772224,-0.10319132703503309,1.3396952283933647,0.9276489198887209,-1.347613378038538,-0.8249788092723702,0.9888397185519114,1.5348305111596448,1.3476133780385269,0.04317653208136333,-0.9544902923500049,0.8879220276755714,0.08427078959808616,0.5313472613360692,0.39891390884912803,0,1,1,0,0,0,1,0,0,0,0,0,0,0,0,0,0,0,0,0,0,0,1,0,0,0,0,0,0,0,0,0,0,0,0,0,0,0,0,0,0,0,0,0,1,0,0,0,0,1,0,1,0,0,1,0,0,0,1,0,0,0,0,1,0,0,0,0,0,0,1,0,0,0,0,0,0,0,0,0,0,0,0,0,0,0,0,0,1,0,0,0
1.7908384627196416,1.6475994850123232,1.412783515790431,-2.222440640452701,-0.4794758203104481,-0.9019267788874382,0.34865381495893233,-1.6759029461707264,-0.8238649762007128,-1.2101737191482849,0.461837853772224,0.5097006276643211,0.5226599536717352,0.09276197836058644,-0.6823716759338719,-1.1571840413890555,-1.542751982809869,-0.6515377383555188,0.6823716759338609,-0.39697760882963246,0.5416342356269089,0.5762900126841938,-0.9053707861626996,1.607286715300211,-0.7709216009723612,0,0,0,0,1,0,0,0,1,0,0,0,0,0,0,0,0,0,0,0,1,0,0,0,0,1,0,0,0,0,0,0,0,0,0,0,0,0,0,0,0,0,0,0,0,1,0,0,0,1,0,0,1,0,1,0,0,0,0,0,0,0,0,0,0,1,0,0,1,0,0,0,0,1,0,0,0,0,0,0,0,1,0,0,0,0,0,0,0,0,0,1
2.1211135546085713,1.9759809927878327,1.412783515790431,0.49070340406870283,-0.4794758203104481,0.4836592716757259,-0.8368197076252234,-0.23661838230029839,1.1400563019893057,1.2296926501022896,-0.4384308670313317,-0.29997269041676555,-0.2964490146405583,-0.11172175224211654,1.3133534303801258,-0.42536421951765807,-0.5301153022651569,-0.6515377383555188,-1.3133534303801366,-0.25975308254561613,-0.28123425476039365,-0.28069802854209364,0.45538638050838015,-0.3680870876971156,0.9838316637598726,0,0,0,0,0,0,0,0,0,0,1,0,0,0,0,0,0,0,0,0,0,0,1,0,0,0,0,0,0,0,0,0,0,1,0,0,0,0,0,0,0,0,0,0,0,1,0,0,0,0,0,0,0,0,0,0,0,0,0,1,0,0,0,1,0,0,0,0,0,0,0,0,0,0,1,0,0,0,0,0,0,0,0,0,0,0,1,0,0,0,1,0
0.12208010370189216,0.2246129513184485,-1.0399656435679563,-1.4021420491296377,-0.4794758203104481,0.45853206350489134,-1.641375311541197,0.33909544324787283,1.1400563019893057,1.2296926501022896,-1.3386995878348875,1.6288946318979245,0.06022628295365561,1.249737283117849,1.3133534303801258,-1.6186215779278144,-0.023796961992800816,-0.6515377383555188,-1.3133534303801366,-0.8630231697942163,0.840859141222292,-0.9818700622726926,0.08427078959808616,1.9795679534069945,0.39891390884912803,0,0,0,0,1,0,0,1,0,0,0,0,0,0,0,0,0,0,0,1,0,0,0,0,0,0,0,0,0,0,0,0,1,0,0,0,0,0,0,0,0,0,0,0,0,0,0,1,0,0,0,0,1,0,0,1,0,0,0,1,1,0,0,0,0,0,0,0,0,0,0,1,0,0,0,0,0,0,0,0,0,0,0,0,0,1,0,0,0,0,0,0
-1.398923608944494,-0.10376855645706107,-0.22238259044849376,1.413933713329901,-0.4794758203104481,1.4097763728293433,0.9538505081700629,-1.5319744897836836,1.1400563019893057,1.2296926501022896,0.461837853772224,-0.1195897739835108,-0.11396397866212328,0.5308657224238905,0.14918045169696045,-1.637987802221612,1.4951580588242674,1.5348305111596448,-0.14918045169697136,1.71058398353243,-0.5555237515561613,-0.5663607089508563,0.9089721027320734,-0.2141819412248703,1.5687494186706172,0,1,0,1,1,0,0,0,0,0,1,0,0,0,0,1,0,0,0,0,0,0,0,0,0,0,0,0,0,0,0,0,0,0,0,0,0,0,0,1,0,0,0,0,1,0,0,0,0,0,0,0,0,0,0,1,0,0,1,0,0,0,0,1,0,0,1,0,0,0,0,0,0,1,1,0,0,0,0,0,0,0,0,0,1,0,0,0,0,0,0,1
-1.485838106810002,-0.6510710694162436,-0.22238259044849376,-0.6540431739717798,2.1334714293377703,0.7313417522168096,-1.2034977041002026,0.6269523560219584,-0.8238649762007128,1.2296926501022896,-0.4384308670313317,0.14483518306069218,0.15354249453353716,1.4404474981877273,-1.1813029525123715,0.6055147967368091,-0.5301153022651569,-0.6515377383555188,1.1813029525123604,-0.3477839107278153,-0.7749553489927752,-0.7948908532778661,1.2718406805110285,1.2361364813419542,-0.18600384606161657,0,0,0,1,0,0,0,0,0,0,0,0,0,0,0,1,0,0,0,0,0,0,0,0,0,0,0,0,0,0,1,0,0,0,0,0,0,0,0,0,0,0,0,0,0,0,1,0,0,1,0,1,0,0,0,0,0,0,0,1,0,0,0,0,1,0,0,0,0,0,0,1,1,0,1,0,0,1,0,0,0,0,0,0,0,0,0,0,0,0,0,0
-0.6775332766607794,-0.5416105668244071,1.412783515790431,-0.7301356103615556,-0.4794758203104481,1.0544058572703972,0.9538505081700629,-1.3880460333966407,1.1400563019893057,-1.2101737191482849,-0.4384308670313317,0.653187038463501,-0.4333127916243846,0.24109214563715856,0.3154908772231269,-0.7750735389768144,-1.542751982809869,-0.6515377383555188,-0.3154908772231378,1.4542589250019087,0.840859141222292,-0.9818700622726926,0.08427078959808616,0.4223190720306286,-0.18600384606161657,1,0,0,0,0,0,0,0,0,1,0,0,0,0,0,0,0,0,0,0,0,0,0,1,0,0,0,1,0,0,0,0,0,0,0,0,0,0,0,0,0,0,0,0,0,0,0,1,0,0,0,0,1,0,0,0,0,1,0,0,0,0,0,1,0,0,0,0,1,0,0,0,0,0,0,1,0,0,1,0,0,0,0,0,0,0,0,0,0,0,0,1
1.7995299125061923,1.8665204901959962,-0.22238259044849376,1.388569567866642,-0.4794758203104481,-0.9019267788874382,0.9538505081700629,1.634451550731258,1.1400563019893057,-1.2101737191482849,-1.3386995878348875,-0.804224934082455,-0.8065776379439108,-0.3358062549492237,0.3154908772231269,1.2870569209223852,-1.0364336425375131,-0.6515377383555188,-0.3154908772231378,0.04317653208136333,-0.9544902923500049,-0.9818700622726926,1.5687331532392639,-0.7945105268108642,-0.7709216009723612,0,0,1,0,0,1,0,0,0,0,0,0,0,0,0,0,0,0,0,0,1,0,0,0,0,0,0,0,0,0,0,1,0,0,0,0,0,0,0,0,0,0,0,0,1,0,0,0,0,0,0,0,1,0,0,0,0,0,0,0,0,0,0,0,1,0,0,0,0,0,0,1,1,0,1,0,0,0,0,0,0,0,0,0,0,0,0,0,1,0,0,1
0.18292025220774763,-0.21322905904889758,-0.22238259044849376,-0.1580286653566804,1.6979802210630675,0.8785154000745551,0.9538505081700629,1.0587377251830867,1.1400563019893057,1.2296926501022896,0.461837853772224,0.4441068398704103,0.4563017587704862,0.024953901891296332,1.6459742814324587,0.16456076666264396,0.9888397185519114,1.5348305111596448,-1.6459742814324694,1.3273909667393275,0.5416342356269089,0.5762900126841938,-0.9053707861626996,0.14315183844989893,1.5687494186706172,0,1,0,0,0,0,1,0,0,0,0,0,0,0,1,0,0,0,0,0,0,0,0,0,0,0,0,0,0,0,0,0,0,0,0,0,0,0,0,0,0,0,1,1,0,0,0,0,0,0,0,0,0,0,1,0,0,1,0,0,0,0,0,0,0,1,0,0,0,1,0,0,1,0,0,0,0,0,0,0,0,0,0,0,0,0,0,0,1,1,0,0
-1.4684552072369004,-0.43215006423257063,1.412783515790431,-0.5695096810950383,-0.4794758203104481,-0.9019267788874382,-0.8937793963980357,1.634451550731258,1.1400563019893057,1.2296926501022896,0.461837853772224,-0.3122715256281238,0.9166617358979018,-0.1307927737491044,-1.5139238035647045,-0.07416519049744036,0.9888397185519114,1.5348305111596448,1.5139238035646931,-1.3005881686998533,-0.5555237515561613,1.718940734319244,-0.9053707861626996,0.1554894411438412,1.5687494186706172,0,0,0,0,0,0,0,0,0,0,1,0,0,0,0,0,0,0,0,0,1,0,0,0,0,0,0,0,0,0,0,0,0,0,1,0,0,0,0,0,0,0,0,1,0,0,0,0,0,0,0,0,1,0,1,0,0,1,0,0,0,0,0,0,0,0,0,1,0,0,0,0,0,0,0,0,0,0,0,0,0,0,0,0,0,0,0,0,1,0,0,1
2.2254109520471808,1.9759809927878327,1.412783515790431,1.2742055452689762,-0.4794758203104481,1.3415739506513638,0.9538505081700629,-0.23661838230029839,-0.8238649762007128,1.2296926501022896,1.3621065745757797,-0.3286699725766015,0.8834826384472773,0.15262379586863162,1.4796638559062922,0.58465886288195,1.4951580588242674,1.5348305111596448,-1.4796638559063031,1.6613902854306126,-0.7749553489927752,1.2618804456652244,-0.3610679194942681,-0.2669565316087628,0.9838316637598726,0,1,0,0,0,0,0,1,0,0,0,0,1,0,0,0,0,0,0,0,0,0,0,0,0,0,0,0,0,0,0,0,0,0,0,0,0,0,0,1,0,0,0,0,0,0,0,0,0,1,0,0,0,0,0,0,0,0,1,0,1,0,0,0,0,0,0,0,0,0,1,0,1,0,0,0,0,0,0,0,0,0,0,0,1,0,0,0,0,0,1,0
-0.07782324138877574,-0.10376855645706107,1.412783515790431,0.15785533686668266,2.1334714293377703,0.4621216646721534,-0.8368197076252234,0.051238530473787215,1.1400563019893057,0.009759465477002306,0.461837853772224,-0.051946180321040265,-1.5344440882669867,1.0335990393719867,-0.349750824881539,1.1928327911852536,0.9888397185519114,1.5348305111596448,0.34975082488152803,-0.2752879345777689,-0.5555237515561613,-2.8516621522209564,2.723314991626845,0.2489376720763305,0.9838316637598726,0,0,0,1,1,0,0,0,1,0,0,0,0,0,0,0,0,0,0,0,0,0,1,0,0,0,0,0,0,0,0,0,0,0,0,0,0,0,0,0,0,1,0,0,0,0,1,0,0,0,0,0,0,0,1,0,0,0,0,0,0,0,0,0,0,1,0,0,0,0,0,1,0,1,0,0,0,0,0,1,0,0,0,0,0,0,0,0,0,0,0,0
1.3562659733921028,1.3192179772368136,-0.22238259044849376,-0.4273229528922802,-0.4794758203104481,-0.9019267788874382,-1.2675773539696165,0.4830238996349156,1.1400563019893057,1.2296926501022896,-1.3386995878348875,1.567400455841133,1.592685846454377,1.1861672114278894,-0.8486821014600384,0.7611894458677222,-0.023796961992800816,-0.6515377383555188,0.8486821014600274,-1.5724480792625273,0.5416342356269089,0.5762900126841938,-0.9053707861626996,1.4114100031524577,0.39891390884912803,0,0,1,0,1,0,0,0,0,0,1,1,0,0,0,0,0,0,0,0,0,0,0,0,0,0,0,0,0,0,0,0,0,1,0,0,0,0,0,0,0,0,0,1,0,0,0,0,0,0,0,0,1,0,0,1,0,0,0,0,0,0,0,0,0,1,0,0,0,0,1,0,0,0,0,1,0,1,0,0,0,0,0,0,0,0,0,0,0,0,0,0
0.834778986199056,1.1002969720531406,-0.22238259044849376,0.7572522994459205,-0.4794758203104481,-0.9019267788874382,0.9538505081700629,-1.244117577009598,-0.8238649762007128,0.009759465477002306,-1.3386995878348875,-1.281829701456868,-1.2897482445686308,-1.7592461102068997,-0.6823716759338719,0.826364239164157,1.4951580588242674,1.5348305111596448,0.6823716759338609,0.04317653208136333,0.5416342356269089,0.5762900126841938,-0.9053707861626996,-1.5777203741797303,-1.355839355883106,0,0,0,0,0,0,0,0,0,0,1,0,0,0,1,0,0,0,0,0,0,0,0,0,0,0,0,0,0,0,0,0,0,0,1,0,0,0,0,0,0,0,0,0,0,0,0,1,0,0,1,0,0,1,0,0,1,0,0,0,0,0,0,1,0,0,1,0,0,0,0,0,0,0,0,0,0,0,0,0,0,0,0,0,1,0,0,0,0,0,0,1
0.35674924793876317,0.334073453910285,-0.22238259044849376,1.3085024592475671,2.5689626376124735,-0.9019267788874382,-1.4989760896091664,1.0587377251830867,-0.8238649762007128,1.2296926501022896,0.461837853772224,-1.4027682477018912,-1.2897482445686308,-1.7592461102068997,0.9807325793277929,-0.05107469230098915,0.48252137827955527,-0.6515377383555188,-0.9807325793278037,-1.740742309610849,-0.9544902923500049,0.8879220276755714,0.08427078959808616,-1.6099515299581677,0.39891390884912803,0,0,0,1,1,0,0,1,0,0,0,0,0,1,0,0,0,0,0,0,0,0,0,0,0,0,0,0,1,0,0,0,0,0,0,0,0,0,0,0,0,0,0,0,1,0,0,0,1,0,0,0,0,1,1,0,0,0,0,1,0,0,1,0,0,0,0,0,0,0,0,1,1,0,1,0,0,0,0,0,0,0,0,0,0,0,0,1,0,1,0,0
-0.5037042809297639,-0.3226895616407341,1.412783515790431,-0.09197534954606111,-0.4794758203104481,0.3364856238179805,-1.2034977041002026,0.6269523560219584,1.1400563019893057,0.009759465477002306,-0.4384308670313317,-0.37786531342203467,-0.3752493710857916,0.35975627945841626,1.6459742814324587,-1.5176937551659067,-0.023796961992800816,-0.6515377383555188,-1.6459742814324694,-0.6325895313172832,-0.7749553489927752,-0.7948908532778661,1.2718406805110285,0.0621293765086564,0.39891390884912803,0,1,0,1,0,0,0,0,0,1,0,0,0,0,0,0,0,1,0,0,0,0,0,0,0,0,0,0,0,0,0,0,1,0,0,0,0,0,0,0,0,0,0,0,1,0,0,0,0,0,0,0,1,0,0,1,0,0,0,1,0,0,0,0,0,0,0,1,0,0,0,0,0,0,0,0,0,0,0,0,0,0,0,0,1,0,0,0,0,0,0,0
-1.1903288140672754,-1.0889130797835898,-0.22238259044849376,2.479145870782039,-0.4794758203104481,1.2661923261388601,-1.459816303577858,0.6269523560219584,-0.8238649762007128,-1.2101737191482849,1.3621065745757797,-0.2159306498058173,-0.2114275774233329,0.6945586570255362,-1.1813029525123715,0.8431234717260975,-0.023796961992800816,-0.6515377383555188,1.1813029525123604,-0.14841997631518777,-0.7749553489927752,-0.7948908532778661,1.2718406805110285,-0.3855678168447046,-0.18600384606161657,0,0,1,0,1,0,1,0,0,0,0,0,0,0,0,0,0,0,0,0,0,0,0,0,0,0,0,0,0,0,0,0,0,0,0,0,0,1,0,0,0,0,0,0,0,0,0,0,0,1,0,1,0,0,0,0,0,0,1,0,0,0,0,1,0,0,1,0,0,0,0,0,0,0,0,1,0,0,0,0,0,0,0,0,0,1,0,0,0,0,0,0
1.5300949691231183,1.8665204901959962,-0.22238259044849376,1.28850617009398,-0.4794758203104481,1.4672099915055368,0.9538505081700629,-0.23661838230029839,-0.8238649762007128,-1.2101737191482849,-0.4384308670313317,-0.03349792750400284,-0.026868847854233834,0.30148371374262006,-1.5139238035647045,-0.381790214856613,-1.542751982809869,-0.6515377383555188,1.5139238035646931,1.7520102556181707,-0.28123425476039365,-0.28069802854209364,0.45538638050838015,-0.2739303542542364,-1.355839355883106,0,1,0,0,1,0,0,0,1,0,0,0,0,0,1,0,0,0,0,0,0,0,0,0,0,0,0,0,0,1,0,0,0,0,0,0,0,0,0,0,0,0,0,0,1,0,0,0,0,1,0,0,1,0,0,1,0,0,0,1,0,0,0,0,1,0,0,0,1,0,0,0,1,0,0,1,0,0,0,0,0,0,0,0,0,1,0,0,0,0,1,0
1.6083180172020752,1.5381389824204867,1.412783515790431,-1.9051224781466014,-0.4794758203104481,-0.9019267788874382,0.9538505081700629,-0.8123322078484696,-0.8238649762007128,0.009759465477002306,0.461837853772224,-1.3945690242276523,-1.2731586958433185,-1.775668378726806,-0.6823716759338719,0.5179943600244538,-0.023796961992800816,-0.6515377383555188,0.6823716759338609,0.04317653208136333,-0.7749553489927752,1.2618804456652244,-0.3610679194942681,-1.4539936758894734,-0.18600384606161657,0,0,0,1,1,0,0,0,0,1,0,1,0,0,0,0,0,0,0,0,0,0,0,0,0,0,0,0,1,0,0,0,0,0,0,0,0,0,0,0,0,0,0,0,0,0,1,0,0,0,1,0,0,1,1,0,0,0,0,1,0,0,0,0,0,0,0,0,0,0,1,0,0,0,0,0,0,0,0,0,0,0,0,1,0,0,0,0,0,0,1,0
0.9825336325704193,0.771915464277631,-0.22238259044849376,-0.9982825698309661,-0.4794758203104481,0.6667289312060921,0.9538505081700629,0.914809268796044,-0.8238649762007128,1.2296926501022896,-0.4384308670313317,2.37502396805366,2.4097211211760063,1.517261334813095,-1.014992526986205,0.3455604783316003,-1.542751982809869,-0.6515377383555188,1.014992526986194,1.1746315884231584,0.840859141222292,0.8879220276755714,-1.4001915740430917,2.4165629396817123,-0.18600384606161657,1,0,1,0,1,0,0,0,1,0,0,0,0,0,0,0,0,0,0,0,0,1,0,0,0,0,0,0,0,0,0,0,0,0,0,0,0,0,0,0,0,0,1,0,1,0,0,0,0,1,0,0,0,0,0,0,0,1,0,0,0,0,0,0,0,1,0,0,0,0,0,0,0,0,0,0,0,0,0,0,0,0,0,1,0,0,0,0,0,1,0,0
0.521886793883228,0.5529944590939581,-1.0399656435679563,-0.8578168337274915,2.1334714293377703,-0.9019267788874382,0.9538505081700629,1.2026661815701296,1.1400563019893057,-1.2101737191482849,0.461837853772224,1.0795466591239213,-0.217648658195325,0.6818446426875443,-1.014992526986205,-1.0905195385315591,0.48252137827955527,-0.6515377383555188,1.014992526986194,0.04317653208136333,0.840859141222292,-0.9818700622726926,0.08427078959808616,0.9313815378142702,0.39891390884912803,0,0,0,0,1,1,0,0,0,0,0,0,0,1,0,0,0,0,0,0,0,0,0,0,0,0,0,0,0,0,0,0,0,0,0,0,0,0,0,0,1,0,0,0,0,0,0,1,0,0,0,1,0,0,0,0,0,1,0,0,0,0,0,1,0,0,0,0,0,0,0,1,0,0,0,0,0,0,0,0,1,0,0,0,0,0,0,0,0,1,0,0
-1.598826954035162,-1.9645971005182818,-0.22238259044849376,0.5486024954089036,-0.4794758203104481,-0.9019267788874382,-0.5128614777298535,0.33909544324787283,-0.8238649762007128,-1.2101737191482849,-1.3386995878348875,1.054948988701205,-0.2300908197393092,0.32320348823668954,0.14918045169696045,-0.4108395512973097,-0.5301153022651569,-0.6515377383555188,-0.14918045169697136,-1.0235499741264618,1.1999290279367514,-0.7948908532778661,-0.3610679194942681,0.059736038160027434,-1.9407571107938504,0,1,1,0,0,0,0,0,0,1,0,0,0,0,0,0,0,0,1,0,0,0,0,0,0,0,0,0,0,0,0,0,0,0,0,0,0,1,0,0,0,0,0,0,1,0,0,0,0,1,0,1,0,0,1,0,0,1,0,0,0,0,1,0,0,0,0,0,0,1,0,0,0,0,1,0,0,0,0,0,0,0,0,0,0,0,0,0,0,0,0,0
-0.7644477745262872,-0.9794525771917532,-1.0399656435679563,-1.2495474163264462,-0.4794758203104481,-0.9019267788874382,-0.30994258647670975,-0.524475295074384,1.1400563019893057,-1.2101737191482849,1.3621065745757797,-0.16468550309182448,-0.15958523765673202,0.44928413042177584,-0.1834403993553725,0.026762632264467366,0.9888397185519114,1.5348305111596448,0.18344039935536155,-0.8759688798210103,-0.5555237515561613,-0.5663607089508563,0.9089721027320734,0.7691189705494871,0.9838316637598726,1,0,0,1,1,0,0,1,0,0,0,0,0,0,0,1,0,0,0,0,0,0,0,0,0,0,0,0,0,0,0,0,1,0,0,0,0,0,0,0,0,0,0,1,0,0,0,0,0,0,0,0,0,0,0,0,0,0,1,0,0,0,0,0,0,1,0,0,0,0,1,0,0,0,1,0,0,0,0,0,0,0,0,0,0,0,0,0,1,0,1,0
0.15684590284809527,0.11515244872661197,-0.22238259044849376,-0.12139611924334692,-0.4794758203104481,0.8785154000745551,-0.797659921593915,0.7708808124090012,0.15809566289429652,1.2296926501022896,-1.3386995878348875,1.8174767718054181,0.1556161881242012,1.0129387660727498,1.3133534303801258,-1.4823131530906992,-0.023796961992800816,-0.6515377383555188,-1.3133534303801366,0.05353310010279853,1.1999290279367514,-0.7948908532778661,-0.3610679194942681,0.9201543859051138,-0.18600384606161657,0,0,0,0,1,0,0,1,0,0,0,1,0,0,0,0,0,0,0,0,0,0,0,0,0,0,0,1,0,0,0,0,0,0,0,0,0,0,0,0,0,0,0,0,0,0,1,0,0,0,0,1,0,0,1,0,0,0,1,0,1,0,0,0,0,0,0,0,0,0,0,1,0,1,1,0,0,1,0,0,0,0,0,0,0,0,0,0,0,1,0,0
2.042890506529614,1.8665204901959962,-1.0399656435679563,0.10036600555012062,-0.4794758203104481,0.8533881919037205,-0.5021815360849512,-0.3805468386873412,-0.8238649762007128,1.2296926501022896,-1.3386995878348875,1.5510020088926553,-0.4975972929349696,-0.42003659993842,0.6481117282754599,0.6457369548854661,0.48252137827955527,-0.6515377383555188,-0.6481117282754707,0.25030789251006724,3.1748134048662777,-0.7948908532778661,-1.993976519499563,-0.19229069728398068,-0.7709216009723612,0,1,0,0,1,0,1,0,0,0,0,1,0,0,0,0,0,0,0,0,0,0,0,0,0,0,0,0,0,0,0,0,0,0,0,0,0,0,0,0,0,1,0,0,0,1,0,0,0,1,0,1,0,0,1,0,0,0,0,0,0,0,0,0,0,0,0,0,0,0,0,1,0,0,1,0,0,0,0,0,0,0,1,0,0,0,0,0,0,0,1,0
-1.199020263853826,-1.1983735823754262,1.412783515790431,0.8865725629064122,-0.4794758203104481,-0.9019267788874382,-0.17466332564128056,-1.6759029461707264,-0.8238649762007128,1.2296926501022896,-0.4384308670313317,0.27602275864851383,0.28625888433603536,-0.381364806327028,-1.680234229090871,1.0997259436189182,-1.0364336425375131,-0.6515377383555188,1.6802342290908596,-0.777581483617376,0.840859141222292,0.8879220276755714,-1.4001915740430917,-0.4459087140296549,-0.18600384606161657,1,0,0,0,1,0,0,0,0,0,0,0,0,0,0,0,0,0,0,0,0,0,0,0,0,0,0,0,0,0,0,1,0,0,0,0,0,0,0,0,0,0,0,0,0,0,0,0,0,1,0,0,0,0,0,1,0,0,1,0,1,0,0,0,0,0,0,0,0,0,0,1,1,0,1,0,0,0,0,0,0,0,0,0,1,0,0,0,0,0,0,1
-0.6601503770876779,-1.0889130797835898,-0.22238259044849376,2.5488460508030455,-0.4794758203104481,-0.9019267788874382,-1.7517347085385209,-1.3880460333966407,-0.8238649762007128,-1.2101737191482849,-1.3386995878348875,-0.42296104253034833,-0.4208706300804004,0.550996245125711,-0.349750824881539,-1.180646966975772,0.48252137827955527,-0.6515377383555188,0.34975082488152803,-1.9245713919913237,-0.9544902923500049,-0.9818700622726926,1.5687331532392639,-0.5004061849682192,-1.9407571107938504,0,1,0,1,1,0,1,0,0,0,0,0,0,0,0,0,0,1,0,0,0,0,0,0,0,0,0,0,0,0,0,0,1,0,0,0,0,0,0,0,0,0,0,0,0,0,0,0,0,1,0,1,0,0,0,1,0,1,0,0,0,0,0,0,1,0,0,0,0,0,1,0,0,0,1,0,0,0,1,0,0,0,0,0,0,0,0,0,0,0,0,1
-1.1729459144941738,-1.6362155927427724,-1.0399656435679563,0.6641957980774866,-0.4794758203104481,-0.9019267788874382,0.9538505081700629,1.634451550731258,1.1400563019893057,-1.2101737191482849,-1.3386995878348875,1.0713474356496826,-0.22179604537665307,0.3380365049643468,1.1470430048539593,1.3131268382409593,-0.5301153022651569,-0.6515377383555188,-1.1470430048539701,0.04317653208136333,1.1999290279367514,-0.7948908532778661,-0.3610679194942681,0.034654136174220064,-0.7709216009723612,1,0,0,1,0,0,1,0,0,0,0,1,0,0,0,0,0,0,0,0,0,0,0,0,0,0,0,0,0,0,0,0,0,0,0,0,0,0,0,0,0,0,1,0,1,0,0,0,0,0,0,1,0,0,1,0,0,0,0,1,1,0,0,0,0,0,0,0,0,0,0,1,1,0,0,0,0,0,0,1,0,0,0,0,0,0,0,0,0,0,0,1
0.7826302874797514,0.771915464277631,-1.0399656435679563,1.1325515050969484,-0.4794758203104481,-0.9019267788874382,0.9538505081700629,-0.524475295074384,-0.8238649762007128,-1.2101737191482849,1.3621065745757797,0.9278610248505026,0.9456934461671983,0.20824760859734615,1.3133534303801258,-1.1218034393138478,-1.542751982809869,-0.6515377383555188,-1.3133534303801366,0.04317653208136333,0.840859141222292,0.8879220276755714,-1.4001915740430917,-0.03476151543971956,-0.18600384606161657,0,0,0,0,1,1,0,0,0,0,0,0,0,0,0,0,0,0,0,1,0,0,0,0,0,0,0,0,0,0,0,1,0,0,0,0,0,0,0,0,0,0,0,0,0,1,0,0,0,1,0,0,1,0,0,1,0,0,1,0,0,0,0,1,0,0,0,0,1,0,0,0,0,0,0,1,0,0,0,0,0,0,0,1,0,0,0,0,0,0,1,0
-1.6075184038217127,-1.0889130797835898,-1.0399656435679563,0.19645473109348283,-0.4794758203104481,-0.9019267788874382,0.9538505081700629,-0.8123322078484696,1.1400563019893057,-1.2101737191482849,0.461837853772224,0.854068013582353,0.871040476903293,0.7560097263258303,-0.017129973829206037,-0.08831743132752337,1.4951580588242674,1.5348305111596448,0.017129973829195105,0.04317653208136333,0.28844393089235454,0.3126013846145672,-0.4866762733408288,0.56986346218167,0.39891390884912803,0,1,1,0,1,0,0,1,0,0,0,0,0,0,0,0,0,0,0,0,0,0,0,1,0,0,0,0,0,1,0,0,0,0,0,0,0,0,0,0,0,0,0,1,0,0,0,0,0,0,0,0,0,0,0,1,0,0,0,0,1,0,0,0,0,0,1,0,0,0,0,0,0,0,1,0,0,0,0,1,0,0,0,0,0,0,0,0,0,0,1,0
-0.11258904053497885,-0.6510710694162436,1.412783515790431,1.2096273655434582,-0.4794758203104481,0.7133937463804992,-0.12838357851337057,-1.244117577009598,-0.8238649762007128,0.009759465477002306,-0.4384308670313317,-1.4724616472329215,-1.482601748500386,-1.9165820376395495,-0.017129973829206037,-0.8141784149546752,0.9888397185519114,1.5348305111596448,0.017129973829195105,0.42119126486374797,-0.5555237515561613,-0.5663607089508563,0.9089721027320734,-1.718300757396243,-0.7709216009723612,0,1,0,1,1,0,1,0,0,0,0,1,0,0,0,0,0,0,0,0,0,0,0,0,0,0,0,0,0,0,0,0,0,0,0,1,0,0,0,0,0,0,0,0,0,0,1,0,0,0,1,0,0,1,1,0,0,0,0,0,0,0,0,0,0,1,0,0,0,0,0,0,0,1,0,0,0,0,0,0,0,0,0,0,0,0,0,1,0,0,0,1
-1.7378901506199744,0.005691946134775455,-0.22238259044849376,0.2891834244430058,2.1334714293377703,1.4025971704948192,0.9538505081700629,0.33909544324787283,1.1400563019893057,0.009759465477002306,1.3621065745757797,-0.5992443472264837,0.33602753051197215,0.14096928272547238,0.3154908772231269,0.7317676820367601,-1.0364336425375131,-0.6515377383555188,-0.3154908772231378,1.7054056995217124,-1.1041027451476964,0.5762900126841938,0.45538638050838015,-0.12126692208519906,1.5687494186706172,0,0,0,0,0,0,1,0,0,0,0,0,0,0,0,0,1,0,0,0,0,0,0,0,0,0,0,0,0,0,0,0,0,0,0,0,0,0,1,0,0,0,0,0,0,0,1,0,0,0,0,0,0,0,1,0,0,0,0,0,0,0,0,0,1,0,0,0,1,0,0,0,0,1,1,0,0,0,0,0,0,0,1,0,0,0,0,0,0,0,0,0
0.8173960866259544,1.1002969720531406,-1.0399656435679563,-1.612348941256483,-0.4794758203104481,-0.9019267788874382,-1.5986555449615878,0.6269523560219584,1.1400563019893057,-1.2101737191482849,0.461837853772224,0.8499684018452335,0.866893089721965,0.4445163750450289,0.3154908772231269,0.5258153352200259,0.9888397185519114,1.5348305111596448,-0.3154908772231378,-1.8132382857608953,0.5416342356269089,0.5762900126841938,-0.9053707861626996,1.4919566193190887,0.39891390884912803,0,1,1,0,1,0,0,0,1,0,0,0,0,0,0,0,1,0,0,0,0,0,0,0,0,0,0,1,0,0,0,0,0,0,0,0,0,0,0,0,0,0,0,0,0,0,0,1,0,0,0,0,1,0,0,0,0,0,1,0,1,0,0,0,0,0,0,0,0,1,0,0,0,0,0,0,0,0,0,0,0,0,0,0,0,1,0,0,0,0,0,0
0.2350689509270523,0.4435339565021215,1.412783515790431,0.30848312155640634,-0.4794758203104481,-0.9019267788874382,0.9538505081700629,0.051238530473787215,-0.8238649762007128,0.009759465477002306,0.461837853772224,0.5875932506695902,0.6014603101169685,0.4461056268372779,1.6459742814324587,-1.1083960532642956,-0.5301153022651569,-0.6515377383555188,-1.6459742814324694,0.04317653208136333,0.28844393089235454,0.3126013846145672,-0.4866762733408288,0.2640476475861893,-0.18600384606161657,1,0,0,0,0,0,0,0,0,1,0,0,0,0,0,0,0,0,0,0,0,0,0,0,0,0,0,0,0,0,0,0,0,0,0,0,0,0,1,0,0,0,0,1,0,0,0,0,0,1,0,1,0,0,1,0,0,0,0,1,1,0,0,0,0,0,0,0,1,0,0,0,1,0,0,0,0,0,1,0,0,0,0,0,0,0,0,0,0,0,0,0
1.1650540780879857,0.8813759668694676,1.412783515790431,0.9409477180433173,-0.4794758203104481,-0.9019267788874382,-1.0468585599749687,-1.5319744897836836,1.1400563019893057,1.2296926501022896,1.3621065745757797,1.104144329546638,-0.20520649665134078,0.36770253841966116,1.4796638559062922,-0.8167854066865327,-0.5301153022651569,-0.6515377383555188,-1.4796638559063031,-1.4119212749302816,1.1999290279367514,-0.7948908532778661,-0.3610679194942681,-0.02583535419003936,2.1536671735813617,0,1,1,0,0,0,0,0,0,0,0,1,0,0,0,0,0,0,0,0,0,0,0,0,0,1,0,0,0,0,0,0,0,0,0,0,0,0,0,0,0,0,0,0,0,1,0,0,0,0,0,1,0,0,0,0,0,0,1,0,0,1,0,0,0,0,0,0,0,1,0,0,0,0,1,0,0,0,0,1,0,0,0,0,0,0,0,0,0,0,0,1
0.49581244452357565,0.771915464277631,-0.22238259044849376,-1.5810842514528216,-0.4794758203104481,-0.9019267788874382,-0.8047798826905165,1.0587377251830867,-0.8238649762007128,-1.2101737191482849,1.3621065745757797,1.2189334581859819,1.2401579360414912,0.8259368051847857,1.3133534303801258,0.19100311137148326,-1.0364336425375131,-0.6515377383555188,-1.3133534303801366,-1.2358596185658834,0.5416342356269089,0.5762900126841938,-0.9053707861626996,1.9670058392390914,-0.18600384606161657,1,0,0,0,1,0,0,0,0,0,1,0,0,0,0,0,0,0,0,1,0,0,0,0,0,0,0,1,0,0,0,0,0,0,0,0,0,0,0,0,0,0,0,0,0,0,1,0,0,1,0,1,0,0,1,0,0,0,1,0,0,0,0,1,0,0,0,0,0,0,0,1,1,0,1,0,0,0,1,0,0,0,0,0,0,0,0,0,0,1,0,0
1.0172994317166224,0.5529944590939581,1.412783515790431,0.36121923659875477,2.1334714293377703,-0.9019267788874382,-0.43810188621553736,-0.6684037514614268,-0.8238649762007128,0.009759465477002306,0.461837853772224,-1.417116888781809,-1.5344440882669867,-1.7889121436622142,-1.014992526986205,-0.8391310501024533,-0.023796961992800816,-0.6515377383555188,1.014992526986194,-0.9691779920139271,-0.5555237515561613,-2.8516621522209564,2.723314991626845,-1.6358556621697633,-0.18600384606161657,0,0,0,1,1,0,0,0,0,0,0,0,0,0,0,0,1,0,0,0,0,0,0,0,0,0,0,0,0,0,0,0,0,1,0,0,0,0,0,0,0,0,0,0,0,0,0,0,0,0,1,0,0,1,0,0,1,0,0,1,1,0,0,0,0,0,0,0,1,0,0,0,1,0,0,0,0,0,0,0,0,0,0,0,0,0,0,0,0,0,1,0
-1.7726559497661776,-0.7605315720080802,-0.22238259044849376,0.4943092922767262,-0.4794758203104481,1.302088337811481,-0.5093014971815527,-0.8123322078484696,2.1220169410843153,0.009759465477002306,-0.4384308670313317,-0.1667353089603842,-0.16165893124739605,-0.6065088102289679,-0.5160612504077055,-1.23278680161292,0.9888397185519114,1.5348305111596448,0.5160612504076945,0.5687723591691994,0.5416342356269089,0.5762900126841938,-0.9053707861626996,-0.6060446599544073,0.9838316637598726,0,1,0,1,1,1,0,0,0,0,0,0,0,0,0,0,0,0,0,0,0,0,1,0,0,0,0,0,0,0,0,0,0,0,0,0,0,0,0,0,0,0,0,0,0,0,0,1,0,0,0,1,0,0,1,0,0,0,0,0,1,0,0,0,0,0,0,0,0,0,0,1,1,0,0,0,0,0,0,0,0,0,0,0,0,0,0,0,0,0,1,0
1.7473812137868878,2.085441495379669,-1.0399656435679563,-0.0759127566194091,-0.4794758203104481,-0.9019267788874382,-0.7157803689829972,-0.09268992591325557,-0.8238649762007128,-1.2101737191482849,-1.3386995878348875,-0.3389190019194001,-0.33584919286317494,0.7464742155723364,-1.347613378038538,-1.3947927163783438,-1.0364336425375131,-0.6515377383555188,1.3476133780385269,-1.1711310684319134,-0.9544902923500049,-0.9818700622726926,1.5687331532392639,0.30820365401905736,-1.9407571107938504,0,0,1,0,1,0,0,0,1,0,0,0,0,1,0,0,0,0,0,0,0,0,0,0,0,0,0,0,0,0,0,1,0,0,0,0,0,0,0,0,0,0,0,1,0,0,0,0,0,1,0,0,0,0,0,0,0,0,0,1,1,0,0,0,0,0,0,0,0,0,0,0,1,0,1,0,0,0,0,0,0,0,0,1,0,0,0,0,0,0,1,0
0.8695447853452591,1.1002969720531406,-0.22238259044849376,1.1041141594563963,-0.4794758203104481,-0.9019267788874382,0.9538505081700629,-1.3880460333966407,-0.8238649762007128,0.009759465477002306,-0.4384308670313317,1.210734234711743,-0.1512904632940759,0.8174607956261245,1.3133534303801258,0.047246138729061186,-0.5301153022651569,-0.6515377383555188,-1.3133534303801366,0.04317653208136333,0.840859141222292,-0.9818700622726926,0.08427078959808616,0.1751258460447768,-0.7709216009723612,1,0,0,0,0,0,0,0,0,0,1,0,1,0,0,0,0,0,0,0,0,0,0,0,0,0,0,1,0,0,0,0,0,0,0,0,0,0,0,0,0,0,0,0,0,1,0,0,0,1,0,0,1,0,1,0,0,0,1,0,0,0,0,0,0,0,0,0,1,0,0,0,0,1,0,1,0,0,0,0,0,0,0,0,0,1,0,0,0,0,0,1
-1.7639644999796267,-1.0889130797835898,-1.0399656435679563,-1.6465229272279815,-0.4794758203104481,0.9718450304233692,0.9538505081700629,0.4830238996349156,-0.8238649762007128,1.2296926501022896,1.3621065745757797,0.09359003634669937,3.3739886408347823,0.916524157342978,-0.349750824881539,-0.5940738273078581,-0.023796961992800816,-0.6515377383555188,0.34975082488152803,1.3947086588786564,-0.9544902923500049,2.7577141176238347,-1.4001915740430917,2.346269583771173,0.9838316637598726,0,1,0,1,0,0,0,1,0,0,0,0,1,0,0,0,0,0,0,0,0,0,0,0,0,0,0,0,0,0,0,0,0,0,0,0,1,0,0,0,0,0,0,0,1,0,0,0,0,1,0,0,1,0,1,0,0,0,0,1,0,0,0,1,0,0,0,0,0,1,0,0,1,0,0,1,0,0,0,0,0,1,0,0,0,0,0,0,0,0,0,0
-1.5466782553158573,0.005691946134775455,-0.22238259044849376,-1.9899837790422539,-0.4794758203104481,-0.9019267788874382,-0.9578590462674496,-1.6759029461707264,-0.8238649762007128,-1.2101737191482849,0.461837853772224,0.51789985113856,-0.5017446801162977,-0.16257780959408413,1.6459742814324587,1.3708530837320874,-0.5301153022651569,-0.6515377383555188,-1.6459742814324694,-1.3471927247963118,1.1999290279367514,-0.7948908532778661,-0.3610679194942681,0.8461568119493416,-0.7709216009723612,1,0,1,0,1,0,0,0,0,1,0,0,0,0,0,0,0,0,0,0,0,0,1,0,0,0,0,0,0,0,0,0,0,0,0,0,0,0,0,0,1,0,0,0,0,0,0,0,0,1,0,0,1,0,0,0,0,0,0,1,0,0,0,0,0,1,1,0,0,0,0,0,0,0,1,0,0,0,0,0,0,0,0,1,0,0,0,0,0,0,0,1
-0.016983092882920287,-0.10376855645706107,1.412783515790431,-0.5067344454735323,-0.4794758203104481,-0.9019267788874382,-0.3811421974427251,0.051238530473787215,-0.8238649762007128,0.009759465477002306,-0.4384308670313317,-0.08064346248087624,1.3853164873879735,0.9742669724613578,-0.017129973829206037,-0.9449004289378103,-0.5301153022651569,-0.6515377383555188,0.017129973829195105,-0.9277517199281863,-0.9544902923500049,0.8879220276755714,0.08427078959808616,0.9985611454397615,-0.7709216009723612,0,0,0,0,0,0,0,0,0,0,0,1,0,0,0,0,0,0,0,0,0,0,0,0,0,0,0,0,0,0,0,1,0,0,0,0,0,0,0,0,0,0,0,0,0,0,0,0,0,1,0,0,1,0,0,0,0,0,1,0,0,0,0,0,0,1,0,1,0,0,0,0,0,1,0,0,0,0,0,0,0,0,0,0,1,0,0,0,0,0,0,0
0.7391730385469975,0.9908364694613041,-1.0399656435679563,-0.34024894786897686,3.0044538458871766,-0.9019267788874382,-0.566261185954365,-1.5319744897836836,-0.8238649762007128,0.009759465477002306,-1.3386995878348875,0.23502664127731956,-1.5344440882669867,-0.1911843418545659,-1.014992526986205,0.8691933890446714,0.48252137827955527,-0.6515377383555188,1.014992526986194,-1.0623871042068438,1.1999290279367514,-2.8516621522209564,1.2718406805110285,-0.29272678494097704,-1.355839355883106,0,0,0,1,0,0,0,0,0,0,1,0,0,0,0,1,0,0,0,0,0,0,0,0,0,1,0,0,0,0,0,0,0,0,0,0,0,0,0,0,0,0,0,0,0,1,0,0,0,1,0,0,0,0,0,1,0,0,1,0,0,0,0,1,0,0,0,0,0,0,0,1,1,0,1,0,0,0,0,0,0,0,0,0,0,0,0,0,0,0,0,1
-1.2424775127865801,-1.4172945875590992,1.412783515790431,-0.27915372834439056,2.1334714293377703,-0.9019267788874382,-0.9614190268157503,0.6269523560219584,0.15809566289429652,0.009759465477002306,-1.3386995878348875,0.9278610248505026,-0.2943753210498943,-0.10854324865761858,1.6459742814324587,-1.283064499298741,0.9888397185519114,1.5348305111596448,-1.6459742814324694,-1.3497818668016706,1.6387922228099792,-0.5663607089508563,-0.9053707861626996,0.061765950268198706,-0.7709216009723612,0,1,0,0,0,0,0,1,0,0,0,0,0,0,1,0,0,0,0,0,0,0,0,0,0,0,0,0,0,0,0,0,0,0,0,0,0,0,0,1,0,0,0,0,0,0,0,1,0,0,0,1,0,0,0,0,0,1,0,0,0,0,0,0,1,0,0,1,0,0,0,0,0,1,0,0,0,0,0,0,1,0,0,0,0,0,0,0,0,0,0,0
1.1302882789417825,0.771915464277631,-0.22238259044849376,-1.555146441956468,2.1334714293377703,-0.9019267788874382,0.9538505081700629,-1.3880460333966407,-0.8238649762007128,1.2296926501022896,-0.4384308670313317,1.0877458825981603,-0.21350127101399693,0.015418391137802408,-1.1813029525123715,-1.4938584021889247,0.9888397185519114,1.5348305111596448,1.1813029525123604,0.04317653208136333,1.6387922228099792,-0.5663607089508563,-0.9053707861626996,0.8773378552069948,-0.18600384606161657,0,0,0,0,1,0,0,0,1,0,0,0,0,0,0,0,0,0,0,0,0,1,0,0,0,0,0,0,0,0,0,0,0,0,0,0,0,0,1,0,0,0,0,0,1,0,0,0,0,1,0,1,0,0,1,0,0,0,0,1,0,0,0,0,0,1,0,1,0,0,0,0,0,0,0,0,0,0,0,0,0,0,1,0,0,0,0,0,0,0,0,1
-1.6683585523275681,-1.6362155927427724,-0.22238259044849376,-0.46080034682359194,-0.4794758203104481,0.9431282210852726,0.9538505081700629,0.19516698686083,1.1400563019893057,1.2296926501022896,-0.4384308670313317,-0.3081719138910044,-0.3047437890032144,0.18970633768777465,0.9807325793277929,0.9846458800269274,-0.5301153022651569,-0.6515377383555188,-0.9807325793278037,1.3739955228357859,-0.5555237515561613,-0.5663607089508563,0.9089721027320734,0.11705650313922272,0.9838316637598726,0,0,0,1,0,0,0,0,0,0,1,0,0,0,0,0,0,0,0,0,0,0,1,0,0,0,0,0,0,0,0,0,0,0,0,0,1,0,0,0,0,0,0,0,1,0,0,0,0,0,0,1,0,0,1,0,0,0,0,1,1,0,0,0,0,0,0,0,0,0,1,0,0,0,1,0,0,0,0,0,0,0,0,0,1,0,0,0,0,0,0,0
-1.0251912681228106,-1.0889130797835898,1.412783515790431,0.6255144518459578,-0.4794758203104481,1.7615572872210277,-1.4704962452227601,-1.6759029461707264,-0.8238649762007128,1.2296926501022896,0.461837853772224,0.460505286818888,1.476559005377191,0.04190592100861886,-0.017129973829206037,-1.7080041515914965,0.48252137827955527,-0.6515377383555188,0.017129973829195105,0.20111419440825007,0.28844393089235454,1.894733153032329,-1.7427598118064396,0.03584292246983743,0.39891390884912803,0,0,0,0,1,0,1,0,0,0,0,0,0,0,0,0,0,0,0,1,0,0,0,0,0,0,0,0,0,0,0,0,0,0,0,0,0,0,0,0,0,0,1,0,0,0,0,0,0,1,0,0,0,0,1,0,0,0,0,1,1,0,0,0,0,0,0,0,0,1,0,0,0,0,0,1,0,0,0,0,0,0,0,0,0,0,0,0,0,0,0,1
-1.0512656174824628,-1.6362155927427724,-0.22238259044849376,-0.761236396155761,-0.4794758203104481,-0.9019267788874382,0.9538505081700629,-1.6759029461707264,1.1400563019893057,-1.2101737191482849,-0.4384308670313317,-0.261026378914131,1.0203464154311035,0.27499618387180363,-0.349750824881539,-0.522195340986647,0.48252137827955527,-0.6515377383555188,0.34975082488152803,0.04317653208136333,-0.7749553489927752,1.2618804456652244,-0.3610679194942681,0.5588866766792241,-0.18600384606161657,1,0,0,1,0,0,1,0,0,0,0,0,0,0,0,0,1,0,0,0,0,0,0,0,0,1,0,0,0,0,0,0,0,0,0,0,0,0,0,0,0,0,0,0,0,0,1,0,0,0,0,0,0,0,0,1,0,1,0,0,1,0,0,0,0,0,0,0,0,0,0,0,1,0,0,0,0,0,0,0,0,1,0,0,0,0,0,0,0,0,0,1
-0.6775332766607794,-0.9794525771917532,1.412783515790431,-1.3943156326781314,-0.4794758203104481,1.0831226666084939,-1.1251781320375855,0.6269523560219584,1.1400563019893057,1.2296926501022896,-1.3386995878348875,-0.2569267671770116,1.0286411897937597,0.9371844306422148,-0.5160612504077055,0.45579898585014156,-0.5301153022651569,-0.6515377383555188,0.5160612504076945,-0.037086870084759437,-1.1041027451476964,0.5762900126841938,0.45538638050838015,1.5094923392438677,0.39891390884912803,0,0,0,1,1,1,0,0,0,0,0,0,0,0,0,0,0,0,0,0,0,1,0,0,0,0,0,0,0,0,0,0,1,0,0,0,0,0,0,0,0,0,0,0,0,0,1,0,0,0,0,1,0,0,0,1,0,0,0,1,1,0,0,0,0,0,0,0,1,0,0,0,0,1,0,0,0,0,0,0,0,0,0,1,0,0,0,0,0,0,0,0
0.04385705562293516,-0.10376855645706107,-1.0399656435679563,-0.26595945558321227,-0.4794758203104481,0.4836592716757259,-0.9293792018810434,-0.524475295074384,-0.8238649762007128,1.2296926501022896,-1.3386995878348875,0.3006204290712304,0.31114320742400375,1.2910578297163227,1.6459742814324587,-1.083815845506783,0.9888397185519114,1.5348305111596448,-1.6459742814324694,-0.3270707746849449,-0.5555237515561613,-0.5663607089508563,0.9089721027320734,0.9523151805398404,-0.7709216009723612,0,1,1,0,1,0,1,0,0,0,0,0,0,0,0,0,0,0,1,0,0,0,0,0,0,0,0,0,0,0,0,0,0,0,0,0,0,0,1,0,0,0,0,0,0,0,0,0,0,1,0,1,0,0,0,1,0,0,0,1,0,0,0,0,0,1,0,0,0,0,0,0,0,0,1,0,1,0,0,0,0,0,0,0,0,0,0,0,0,0,1,0
0.6870243398276927,0.9908364694613041,-0.22238259044849376,0.8943170273531911,-0.4794758203104481,-0.9019267788874382,-0.690860505144892,-0.3805468386873412,-0.8238649762007128,1.2296926501022896,1.3621065745757797,-1.3556227127250178,-1.3644012138325359,-1.748651098258573,-0.349750824881539,-0.11624948559742403,-1.0364336425375131,-0.6515377383555188,0.34975082488152803,-1.1530070743944019,-0.28123425476039365,-0.28069802854209364,0.45538638050838015,-1.596561792658522,0.9838316637598726,0,1,0,1,0,0,0,1,0,0,0,0,0,0,0,0,0,0,0,0,0,1,0,0,0,0,0,0,0,0,0,0,0,0,0,0,1,0,0,0,0,0,0,0,0,0,0,0,1,0,0,0,0,1,0,0,1,0,0,1,1,0,0,0,0,0,0,1,0,0,0,0,1,0,0,0,0,0,0,0,0,0,0,0,0,0,0,0,1,0,1,0
-0.08651469117532652,-0.5416105668244071,-0.22238259044849376,-0.2579691351222501,-0.4794758203104481,-0.9019267788874382,0.9538505081700629,-0.09268992591325557,-0.8238649762007128,1.2296926501022896,-0.4384308670313317,0.8868649074793084,-0.3151122569565346,0.17116506677820312,-1.347613378038538,-0.3136360024380554,0.9888397185519114,1.5348305111596448,1.3476133780385269,0.04317653208136333,1.1999290279367514,-0.7948908532778661,-0.3610679194942681,0.2232212053587636,-0.18600384606161657,0,0,1,0,1,0,0,1,0,0,0,0,0,0,0,0,0,1,0,0,0,0,0,0,0,0,0,0,0,0,0,0,0,1,0,0,0,0,0,0,0,0,0,1,0,0,0,0,0,1,0,1,0,0,0,1,0,0,0,0,0,0,0,0,0,1,0,0,1,0,0,0,1,0,0,1,0,0,0,0,0,0,0,0,1,0,0,0,0,0,1,0
-0.1734291890408343,-0.10376855645706107,-0.22238259044849376,0.7421731305760023,-0.4794758203104481,-0.9019267788874382,0.9538505081700629,-0.8123322078484696,1.1400563019893057,-1.2101737191482849,0.461837853772224,0.9237614131133831,-0.2964490146405583,-0.11172175224211654,1.3133534303801258,1.0088536603941747,-1.542751982809869,-0.6515377383555188,-1.3133534303801366,0.04317653208136333,1.6387922228099792,-0.5663607089508563,-0.9053707861626996,-0.2596261522186407,0.39891390884912803,0,0,1,0,0,1,0,0,0,0,0,0,0,0,0,0,0,0,0,0,0,0,0,1,0,0,0,0,1,0,0,0,0,0,0,0,0,0,0,0,0,0,0,1,0,0,0,0,0,0,0,0,1,0,1,0,0,0,0,0,0,0,1,0,0,0,0,0,0,1,0,0,1,0,0,0,0,0,0,1,0,0,0,0,0,0,0,0,0,0,1,0
2.390548497991645,2.304362500563342,1.412783515790431,0.19842157920695044,-0.4794758203104481,-0.9019267788874382,0.9538505081700629,0.914809268796044,-0.8238649762007128,-1.2101737191482849,-1.3386995878348875,-0.48855483032425917,0.5599864383036879,0.39842807306980826,-0.6823716759338719,0.6166876184447694,0.48252137827955527,-0.6515377383555188,0.6823716759338609,0.04317653208136333,-1.1041027451476964,0.5762900126841938,0.45538638050838015,0.10847716181917834,-1.9407571107938504,0,0,0,0,0,1,0,0,0,0,0,0,0,0,0,0,0,1,0,0,0,0,0,0,0,0,0,0,0,1,0,0,0,0,0,0,0,0,0,0,0,0,0,0,0,0,0,0,0,1,0,1,0,0,0,1,0,0,0,0,1,0,0,0,0,0,0,0,0,0,0,0,0,0,0,0,0,0,0,0,0,1,0,0,0,0,0,0,0,1,0,0
0.6957157896142435,0.9908364694613041,-0.22238259044849376,-0.3589749809492823,-0.4794758203104481,-0.9019267788874382,-0.5555812443094628,-0.09268992591325557,-0.8238649762007128,-1.2101737191482849,1.3621065745757797,-0.19133297938310076,-0.8604936713011756,-0.6319368389049516,-0.6823716759338719,1.4993405333736303,0.9888397185519114,1.5348305111596448,0.6823716759338609,-1.0546196781907675,0.840859141222292,-0.9818700622726926,0.08427078959808616,-0.5352984024855019,-0.18600384606161657,0,1,1,0,0,0,0,1,0,0,0,0,0,0,0,0,0,0,0,0,0,0,1,0,0,0,0,0,0,0,0,0,0,0,0,1,0,0,0,0,0,0,0,0,1,0,0,0,0,1,0,0,1,0,0,1,0,0,1,0,1,0,0,0,0,0,0,0,0,1,0,0,1,0,0,1,0,0,0,0,0,0,0,1,0,0,0,0,0,0,1,0
-1.207711713640377,-1.3078340849672627,-0.22238259044849376,-0.37466878985465857,-0.4794758203104481,0.6416017230352575,-0.5591412248577635,0.7708808124090012,-0.8238649762007128,0.009759465477002306,0.461837853772224,-0.7919260988710967,-0.05382686453286628,-0.30719972268874196,-0.1834403993553725,0.04426671960693845,0.9888397185519114,1.5348305111596448,0.18344039935536155,0.056122242108157326,-1.1041027451476964,0.5762900126841938,0.45538638050838015,-0.2841142989061581,-0.18600384606161657,1,0,0,0,0,1,0,0,0,0,0,0,0,0,0,0,0,0,0,0,0,0,0,0,0,0,0,0,0,0,0,1,0,0,0,0,0,0,0,0,0,0,0,0,0,0,0,1,0,1,0,0,0,0,0,1,0,0,0,0,0,0,0,0,0,1,0,0,0,0,0,0,1,0,0,1,0,0,1,0,0,0,0,0,0,0,0,0,0,1,0,0
0.15684590284809527,0.005691946134775455,-0.22238259044849376,-0.09705637383918568,-0.4794758203104481,2.2497430459686707,-0.8688595325599303,1.3465946379571725,1.1400563019893057,0.009759465477002306,-1.3386995878348875,1.481308609361625,1.5055907156464876,1.0971691110619461,-1.014992526986205,-1.3456323008633186,-1.542751982809869,-0.6515377383555188,1.014992526986194,0.9908025060426837,0.5416342356269089,0.5762900126841938,-0.9053707861626996,1.119927546986654,-0.18600384606161657,0,0,1,0,1,0,1,0,0,0,0,1,0,0,0,0,0,0,0,0,0,0,0,0,0,0,0,0,0,0,0,0,0,1,0,0,0,0,0,0,0,0,0,0,0,1,0,0,0,0,0,0,0,0,0,0,0,1,0,0,0,0,0,1,0,0,0,0,0,0,0,1,1,0,0,0,0,0,0,0,0,0,1,0,0,0,0,0,0,0,0,1
-0.06913179160222496,0.2246129513184485,1.412783515790431,2.230544464440212,-0.4794758203104481,-0.9019267788874382,-1.844294202794341,-1.6759029461707264,1.1400563019893057,0.009759465477002306,-1.3386995878348875,-0.5438995887753714,-0.5432185519295784,0.016477892332635066,0.6481117282754599,0.07517819299896185,-0.5301153022651569,-0.6515377383555188,-0.6481117282754707,-1.9918890841306525,-0.7749553489927752,-0.7948908532778661,1.2718406805110285,-0.6994336872665131,-0.18600384606161657,0,0,1,0,1,0,0,1,0,0,0,0,0,0,0,0,0,0,0,0,1,0,0,0,0,0,0,1,0,0,0,0,0,0,0,0,0,0,0,0,0,0,0,0,1,0,0,0,0,0,0,1,0,0,1,0,0,0,0,0,0,0,0,1,0,0,0,1,0,0,0,0,0,0,0,0,0,0,0,0,0,0,1,0,0,0,0,0,0,0,0,1
0.4262808462311694,0.4435339565021215,-1.0399656435679563,-0.2843576806446067,2.5689626376124735,0.7600585615549064,-0.22094307276919053,-0.3805468386873412,-0.8238649762007128,-1.2101737191482849,-0.4384308670313317,-1.3925192183590926,-1.4017276984644886,-1.8736722392488268,1.4796638559062922,1.4304414661745422,-1.542751982809869,-0.6515377383555188,-1.4796638559063031,0.3875324187940836,0.5416342356269089,0.5762900126841938,-0.9053707861626996,-1.6458304059025795,-1.355839355883106,0,0,0,1,0,0,0,0,0,0,0,0,0,0,0,0,0,0,0,0,0,0,1,0,0,0,0,0,0,0,0,1,0,0,0,0,0,0,0,0,0,0,0,0,0,0,1,0,0,0,1,0,0,1,0,0,1,0,0,1,1,0,0,0,0,0,0,0,0,1,0,0,0,0,1,0,0,0,1,0,0,0,0,0,0,0,0,0,0,0,1,0
0.6609499904680405,0.4435339565021215,-0.22238259044849376,1.2413018153707587,-0.4794758203104481,-0.9019267788874382,-0.8830994547531333,-1.5319744897836836,-0.8238649762007128,-1.2101737191482849,0.461837853772224,1.346021422036684,-0.08285857480216276,0.9573149533440354,-0.1834403993553725,-1.4156486502332029,-1.0364336425375131,-0.6515377383555188,0.18344039935536155,-1.292820742683777,0.840859141222292,-0.9818700622726926,0.08427078959808616,0.227725534566601,-0.7709216009723612,1,0,0,0,1,0,0,1,0,0,0,0,0,0,0,0,0,0,0,0,0,0,0,1,0,0,0,0,0,0,0,0,0,1,0,0,0,0,0,0,0,0,0,0,0,1,0,0,0,1,0,0,0,0,0,1,0,1,0,0,1,0,0,0,0,0,0,0,0,0,1,0,0,0,1,0,0,0,0,0,0,0,0,0,0,0,0,0,0,0,0,1
-1.7291987008334238,-1.4172945875590992,1.412783515790431,-0.48919671646178003,-0.4794758203104481,0.228797588800118,0.9538505081700629,1.4905230943442151,-0.8238649762007128,0.009759465477002306,1.3621065745757797,1.760082207485746,1.7876130439767963,0.9610232075259496,-0.349750824881539,-1.6972037572738017,1.4951580588242674,1.5348305111596448,0.34975082488152803,0.858756263769385,0.840859141222292,0.8879220276755714,-1.4001915740430917,1.3691256196035744,0.39891390884912803,0,0,1,0,0,0,0,0,0,0,1,0,0,0,1,0,0,0,0,0,0,0,0,0,0,0,0,0,0,0,0,0,0,0,0,0,0,0,0,1,0,0,0,1,0,0,0,0,0,1,0,1,0,0,0,1,0,0,0,0,0,0,0,0,0,1,0,0,0,0,0,1,0,1,1,0,1,0,0,0,0,0,0,0,0,0,0,0,0,0,0,1
0.13946300327499372,0.334073453910285,-0.22238259044849376,0.10372603774396078,-0.4794758203104481,0.3005896121453597,-0.8083398632388172,1.2026661815701296,2.1220169410843153,-1.2101737191482849,0.461837853772224,-0.6340910469919988,-0.6344610699187959,0.05991744132077404,-0.017129973829206037,1.0259853203463805,0.48252137827955527,-0.6515377383555188,0.017129973829195105,-0.3710861887760445,-0.9544902923500049,-0.9818700622726926,1.5687331532392639,-0.264895703283672,0.9838316637598726,1,0,0,0,1,1,0,0,0,0,0,0,0,0,1,0,0,0,0,0,0,0,0,0,0,0,0,0,0,0,0,0,0,1,0,0,0,0,0,0,0,0,0,0,1,0,0,0,0,0,0,1,0,0,1,0,0,1,0,0,0,0,0,1,0,0,0,0,1,0,0,0,0,0,0,1,0,0,0,0,0,1,0,0,0,0,0,0,0,1,0,0
-1.0338827179093615,-0.9794525771917532,-0.22238259044849376,-1.8851261889930147,-0.4794758203104481,1.6969444662103101,-1.7873345140215287,-0.3805468386873412,1.1400563019893057,1.2296926501022896,-0.4384308670313317,-0.425010848398908,0.688555440924858,0.2622821695338117,-0.1834403993553725,0.03048690616712079,0.48252137827955527,-0.6515377383555188,0.18344039935536155,-0.07592400016514142,-0.9544902923500049,0.8879220276755714,0.08427078959808616,1.2288777214861903,0.9838316637598726,0,1,0,0,0,0,0,0,1,0,0,0,1,0,0,0,0,0,0,0,0,0,0,0,0,0,0,0,0,0,0,0,0,0,0,0,0,0,0,0,0,1,0,0,0,1,0,0,0,0,0,1,0,0,0,1,0,1,0,0,0,0,0,1,0,0,0,0,1,0,0,0,0,1,0,1,0,0,0,0,1,0,0,0,0,0,0,0,0,0,1,0
0.5392696934563296,0.771915464277631,-1.0399656435679563,0.05578411497818888,-0.4794758203104481,-0.9019267788874382,-0.6766205829516888,-0.9562606642355124,-0.8238649762007128,0.009759465477002306,0.461837853772224,-1.425316112256048,-1.48467544209105,-1.9330043061594555,-0.1834403993553725,1.6114411778434983,-0.023796961992800816,-0.6515377383555188,0.18344039935536155,-1.1426505063729666,1.6387922228099792,-0.5663607089508563,-0.9053707861626996,-1.7081237985695015,-0.18600384606161657,0,1,1,0,0,0,0,0,0,0,0,0,0,0,0,0,0,0,0,0,0,0,1,0,0,0,0,0,0,0,0,0,0,0,0,0,0,0,0,1,0,0,0,0,0,1,0,0,1,0,0,0,0,1,1,0,0,0,0,1,0,0,0,0,0,0,0,0,0,1,0,0,0,0,1,0,0,0,0,0,0,0,0,0,0,0,0,1,0,0,1,0
-1.4163065085175957,-1.4172945875590992,-0.22238259044849376,0.5192636777163464,-0.4794758203104481,0.7744169662239546,0.9538505081700629,0.051238530473787215,-0.8238649762007128,0.009759465477002306,-0.4384308670313317,-1.4150670829132495,-1.314632567656599,-1.7285205755567525,-1.347613378038538,-0.5512446774273437,0.9888397185519114,1.5348305111596448,1.3476133780385269,1.2523058485839225,-1.2306978975149736,0.3126013846145672,0.7694072651247837,-1.5749222586875389,-0.7709216009723612,0,0,0,0,0,0,0,1,0,0,0,0,0,0,0,0,0,0,0,1,0,0,0,0,0,0,0,0,0,0,0,1,0,0,0,0,0,0,0,0,0,0,0,0,0,1,0,0,0,0,1,0,0,1,0,0,1,0,0,1,0,0,0,1,0,0,0,0,0,0,1,0,0,1,1,0,0,0,0,0,0,0,1,0,0,0,0,0,0,0,0,0
0.9738421827838685,0.6624549616857945,1.412783515790431,0.1406863918762052,1.6979802210630675,1.1908107016263563,0.9538505081700629,-0.8123322078484696,1.1400563019893057,1.2296926501022896,-1.3386995878348875,-0.05399598618959998,1.4392325207452386,1.029361034592656,1.3133534303801258,-1.6100557479517115,-0.023796961992800816,-0.6515377383555188,-1.3133534303801366,1.552646321205543,-0.9544902923500049,0.8879220276755714,0.08427078959808616,0.7037640764409037,0.39891390884912803,0,0,0,0,0,0,1,0,0,0,0,0,0,0,0,0,0,0,0,1,0,0,0,0,0,0,0,0,0,0,0,0,0,0,1,0,0,0,0,0,0,0,0,0,0,0,0,0,0,0,0,0,1,0,0,0,0,0,0,0,0,0,0,0,1,0,0,0,0,0,0,1,0,0,0,1,0,0,0,0,0,0,0,0,0,0,1,0,0,0,1,0
0.7044072394007943,0.8813759668694676,-0.22238259044849376,-0.16278188163089305,-0.4794758203104481,1.0759434642739696,0.9538505081700629,-0.524475295074384,-0.8238649762007128,0.009759465477002306,-0.4384308670313317,-1.462212617890123,-1.4722332805470657,-1.898040766729978,1.3133534303801258,1.4002748475630493,-1.0364336425375131,-0.6515377383555188,-1.3133534303801366,1.4697937770340614,-0.5555237515561613,-0.5663607089508563,0.9089721027320734,-1.6870761925188176,-0.7709216009723612,1,0,0,0,0,0,0,0,0,1,0,0,0,0,0,0,0,0,0,0,0,1,0,0,1,0,0,0,0,0,0,0,0,0,0,0,0,0,0,0,0,0,0,0,1,0,0,0,0,0,1,0,0,1,0,0,1,0,0,1,0,0,0,1,0,0,1,0,0,0,0,0,0,0,0,0,0,0,0,0,1,0,0,0,0,0,0,0,0,0,1,0
1.5214035193365676,1.6475994850123232,-1.0399656435679563,-0.021496625480140138,-0.4794758203104481,0.5841681043590642,0.9538505081700629,0.33909544324787283,-0.8238649762007128,-1.2101737191482849,-0.4384308670313317,-0.22617967914861586,-0.22179604537665307,1.3440328894579554,0.8144221538016264,0.021921076191017918,1.4951580588242674,1.5348305111596448,-0.8144221538016372,1.115081322299906,-1.1041027451476964,-1.1376860697683815,1.81614354717946,0.6878148179299147,-1.355839355883106,0,0,0,0,0,0,0,0,0,0,0,0,0,0,0,0,1,0,0,0,0,0,0,0,0,0,0,0,0,0,0,0,0,0,1,0,0,0,0,0,0,0,0,1,0,0,0,0,0,1,0,0,0,0,0,1,0,0,0,0,0,0,0,0,0,1,0,0,0,0,1,0,1,0,0,0,0,0,0,0,0,0,1,0,0,0,0,0,0,0,0,0
-1.6422842029679159,-0.5416105668244071,1.412783515790431,1.3522238537698568,-0.4794758203104481,0.3005896121453597,-1.1429780347790894,-0.23661838230029839,-0.8238649762007128,0.009759465477002306,1.3621065745757797,-0.11549016224639137,1.3148109053053965,0.9022208912127371,0.8144221538016264,-0.4335576221034956,-1.0364336425375131,-0.6515377383555188,-0.8144221538016372,-0.6144655372797716,-0.9544902923500049,0.8879220276755714,0.08427078959808616,0.15691593741665277,0.39891390884912803,1,0,1,0,0,0,1,0,0,0,0,0,0,0,0,0,0,0,0,0,0,1,0,0,0,0,0,0,0,0,0,0,0,0,0,0,0,0,0,0,0,1,0,0,1,0,0,0,0,1,0,0,0,0,0,0,0,0,0,1,0,0,0,0,0,1,0,0,0,1,0,0,0,1,1,0,0,1,0,0,0,0,0,0,0,0,0,0,0,0,1,0
1.304117274672798,0.9908364694613041,1.412783515790431,1.1051385595154941,1.6979802210630675,-0.9019267788874382,0.9538505081700629,0.051238530473787215,-0.8238649762007128,1.2296926501022896,1.3621065745757797,1.5592012323668942,1.584391072091721,1.1776912018692283,-1.680234229090871,-0.1680168928443066,0.9888397185519114,1.5348305111596448,1.6802342290908596,0.04317653208136333,0.5416342356269089,0.5762900126841938,-0.9053707861626996,0.6236265455458154,0.9838316637598726,0,0,0,1,0,0,0,0,0,1,0,0,0,0,0,0,0,0,0,0,0,1,0,0,0,0,0,0,0,0,0,1,0,0,0,0,0,0,0,0,0,0,0,0,0,0,1,0,0,1,0,0,0,0,1,0,0,0,0,1,0,0,0,1,0,0,1,0,0,0,0,0,1,0,0,1,0,0,1,0,0,0,0,0,0,0,0,0,0,0,0,0
1.1998198772341886,1.5381389824204867,-0.22238259044849376,-0.9341141501290867,-0.4794758203104481,-0.9019267788874382,0.9538505081700629,0.051238530473787215,-0.8238649762007128,-1.2101737191482849,-1.3386995878348875,1.4936074445729834,-0.008205605538257523,1.1098831253999382,-0.8486821014600384,-0.5136295110105441,-1.542751982809869,-0.6515377383555188,0.8486821014600274,0.04317653208136333,0.840859141222292,-0.9818700622726926,0.08427078959808616,1.4190302724393065,-1.9407571107938504,1,0,0,0,0,1,0,0,0,0,0,0,0,0,0,0,0,0,0,1,0,0,0,0,0,0,0,0,0,0,1,0,0,0,0,0,0,0,0,0,0,0,0,1,0,0,0,0,0,1,0,0,0,0,0,0,0,0,0,0,0,0,0,1,0,0,0,0,0,0,0,1,1,0,0,0,0,0,0,0,0,0,0,0,0,0,0,0,0,0,0,0
-0.30380093583909595,-0.10376855645706107,-0.22238259044849376,1.2273699745670306,-0.4794758203104481,-0.06554970691537285,0.9538505081700629,0.051238530473787215,1.1400563019893057,0.009759465477002306,1.3621065745757797,-0.17288472656606332,1.1986840642282104,1.1326624010888402,1.1470430048539593,-0.3981770200282881,1.4951580588242674,1.5348305111596448,-1.1470430048539701,0.6464466193299634,-1.1041027451476964,0.5762900126841938,0.45538638050838015,0.28638336077507986,1.5687494186706172,0,0,0,0,1,0,0,0,0,0,1,0,1,0,0,0,0,0,0,0,0,0,0,0,0,0,0,0,0,0,0,0,0,0,0,0,0,0,0,1,0,0,0,0,0,1,0,0,0,0,0,0,0,0,0,1,0,0,1,0,0,0,0,0,1,0,0,0,0,0,1,0,0,0,0,1,0,0,0,0,0,0,0,1,0,0,0,0,0,0,0,0
1.1737455278745363,1.1002969720531406,1.412783515790431,1.288137386072705,-0.4794758203104481,2.6445991743675,-1.3708167898703387,0.19516698686083,-0.8238649762007128,-1.2101737191482849,1.3621065745757797,-1.2695308662455098,-1.4058750856458166,-1.746532095868908,0.6481117282754599,1.0814770014959165,1.4951580588242674,1.5348305111596448,-0.6481117282754707,0.9105391038765609,0.840859141222292,-0.9818700622726926,0.08427078959808616,-1.6008925013698976,-0.18600384606161657,1,0,0,1,1,0,0,1,0,0,0,0,0,0,0,0,0,0,0,0,0,0,0,0,0,0,0,0,0,0,0,0,0,0,0,0,1,0,0,0,0,0,0,1,0,0,0,0,0,0,1,0,0,1,1,0,0,0,0,0,0,0,0,1,0,0,1,0,0,0,0,0,0,0,0,0,0,0,0,0,0,0,0,1,0,0,0,0,0,0,0,0
0.4784295449504741,0.334073453910285,1.412783515790431,-0.35188613254032625,-0.4794758203104481,1.431313979832916,-0.797659921593915,0.7708808124090012,1.1400563019893057,0.009759465477002306,0.461837853772224,-0.3573672547364375,0.8254192179086843,0.40213632725172255,0.14918045169696045,0.8155638448464622,-1.542751982809869,-0.6515377383555188,-0.14918045169697136,0.4522609689280535,-0.9544902923500049,0.8879220276755714,0.08427078959808616,0.39385272308089525,0.9838316637598726,0,1,0,0,0,0,0,0,0,0,1,1,0,0,0,0,0,0,0,0,0,0,0,0,0,0,0,0,0,0,0,0,0,0,0,0,0,0,0,0,1,0,0,0,0,0,0,1,0,0,0,1,0,0,0,1,0,1,0,0,0,0,0,0,0,1,0,0,1,0,0,0,0,0,0,1,0,0,0,0,0,0,0,0,1,0,0,0,0,1,0,0
-1.207711713640377,-1.7456760953346089,-0.22238259044849376,-0.6410947572247847,-0.4794758203104481,-0.9019267788874382,-1.6057755060581893,0.33909544324787283,-0.8238649762007128,0.009759465477002306,-1.3386995878348875,-0.1810839500403022,-0.1761747863820443,0.07263145565876594,-0.017129973829206037,0.2882066602307376,-0.023796961992800816,-0.6515377383555188,0.017129973829195105,-1.818416569771613,-0.28123425476039365,-0.28069802854209364,0.45538638050838015,0.1570244234721215,-1.355839355883106,0,1,1,0,0,1,0,0,0,0,0,0,0,0,0,0,0,0,0,0,0,1,0,0,0,0,0,0,0,0,1,0,0,0,0,0,0,0,0,0,0,0,0,0,0,0,0,1,0,1,0,0,1,0,0,0,0,0,1,0,1,0,0,0,0,0,0,0,0,0,0,0,0,0,0,1,0,0,0,0,0,0,0,0,0,0,0,0,0,0,0,0
0.4349722960177202,0.771915464277631,1.412783515790431,0.8851793788260397,-0.4794758203104481,-0.9019267788874382,-2.271491868590433,-1.244117577009598,1.1400563019893057,0.009759465477002306,1.3621065745757797,-0.3389190019194001,0.8627457025406369,0.44027837026569827,-0.1834403993553725,-0.33821621019556797,0.9888397185519114,1.5348305111596448,0.18344039935536155,-2.3025861247737085,-0.9544902923500049,0.8879220276755714,0.08427078959808616,-0.023986085340732325,1.5687494186706172,0,0,1,0,1,0,0,0,1,0,0,0,0,0,0,0,0,0,0,0,0,0,1,0,1,0,0,0,0,0,0,0,0,0,0,0,0,0,0,0,0,0,0,0,0,0,0,0,0,0,0,0,0,0,0,0,0,0,0,0,0,0,0,0,0,1,0,0,0,0,0,0,1,0,0,1,0,0,0,0,0,0,0,0,0,0,0,0,1,0,0,1
2.051581956316165,1.7570599876041597,-1.0399656435679563,0.07873067630197668,-0.4794758203104481,-0.9019267788874382,-1.0468585599749687,0.914809268796044,1.1400563019893057,1.2296926501022896,-0.4384308670313317,-0.2651259906512504,-0.2611962235992697,0.592846542321601,-1.680234229090871,-1.4644366383579628,0.48252137827955527,-0.6515377383555188,1.6802342290908596,-1.4119212749302816,-0.7749553489927752,-0.7948908532778661,1.2718406805110285,0.17711929213338687,0.9838316637598726,0,0,1,0,0,0,0,0,0,0,0,0,0,0,0,0,0,0,1,0,0,0,0,0,0,0,0,0,0,0,0,0,0,0,0,0,0,0,1,0,0,0,0,0,1,0,0,0,0,0,0,0,1,0,1,0,0,0,0,1,1,0,0,0,0,0,0,0,0,0,1,0,0,1,0,0,0,0,0,0,0,0,0,0,1,0,0,0,0,1,0,0
2.3818570482050947,2.632744008338852,-0.22238259044849376,0.14707864824497455,-0.4794758203104481,0.8067233767293134,0.9538505081700629,-0.9562606642355124,-0.8238649762007128,0.009759465477002306,1.3621065745757797,-1.3310250423023011,-1.4369804895057772,-1.8350004456374347,0.3154908772231269,-0.996667836184693,0.9888397185519114,1.5348305111596448,-0.3154908772231378,1.2756081266321515,1.1999290279367514,-0.7948908532778661,-0.3610679194942681,-1.6295123137184366,0.39891390884912803,0,0,1,0,1,0,1,0,0,0,0,0,0,0,0,0,0,0,0,0,0,0,0,0,0,0,0,0,0,0,0,0,0,0,0,0,1,0,0,0,0,0,0,0,0,1,0,0,1,0,0,0,0,1,1,0,0,0,0,0,0,0,0,0,1,0,0,0,1,0,0,0,0,1,0,0,0,0,0,1,0,0,0,0,0,0,0,0,0,0,1,0
0.2263775011405015,0.5529944590939581,1.412783515790431,-1.0122553866370585,-0.4794758203104481,0.7277521510495476,-0.4487818278604397,1.0587377251830867,-0.8238649762007128,-1.2101737191482849,0.461837853772224,1.239431516871579,1.2608948719481314,0.4900749264228332,1.6459742814324587,0.22712856822722147,-1.0364336425375131,-0.6515377383555188,-1.6459742814324694,0.19852505240289128,0.840859141222292,0.8879220276755714,-1.4001915740430917,1.2050835261060961,-0.7709216009723612,1,0,1,0,0,1,0,0,0,0,0,0,0,0,0,0,0,0,0,1,0,0,0,0,0,0,0,0,0,0,0,0,0,1,0,0,0,0,0,0,0,0,0,0,1,0,0,0,0,1,0,0,0,0,0,1,0,1,0,0,0,0,0,1,0,0,0,0,0,0,1,0,0,0,0,1,0,1,0,0,0,0,0,0,0,0,0,0,0,1,0,0
-0.5732358792221701,-0.9794525771917532,-1.0399656435679563,-0.6692862468511535,1.2624890127883643,0.09239274444415882,-1.6235754087996932,-1.6759029461707264,-0.8238649762007128,1.2296926501022896,0.461837853772224,-0.10319132703503309,1.3396952283933647,1.2947660838982369,0.9807325793277929,0.0021824245069547834,-1.0364336425375131,-0.6515377383555188,-0.9807325793278037,-1.1141699443140198,-1.1041027451476964,0.5762900126841938,0.45538638050838015,1.3117660334865426,0.39891390884912803,0,1,0,1,0,0,0,0,0,0,1,0,0,0,0,0,0,1,0,0,0,0,0,0,0,0,0,0,0,0,0,0,0,0,0,0,0,0,1,0,0,0,0,0,0,0,0,1,0,1,0,0,0,0,0,0,0,0,1,0,0,0,0,0,1,0,0,1,0,0,0,0,1,0,0,0,0,0,0,0,0,0,0,0,0,0,0,0,1,0,0,1
0.3046005492194585,0.2246129513184485,-0.22238259044849376,0.2828731200789642,2.5689626376124735,0.9431282210852726,0.7295717336271145,1.4905230943442151,-0.8238649762007128,-1.2101737191482849,0.461837853772224,-1.1834390197660019,-1.3623275202418719,-1.5695953963318539,1.3133534303801258,-1.592179233218975,-0.5301153022651569,-0.6515377383555188,-1.3133534303801366,1.2108795764981817,0.28844393089235454,-1.2695303838031946,0.7694072651247837,-1.44665205829133,-0.7709216009723612,0,1,1,0,0,0,0,1,0,0,0,0,0,0,1,0,0,0,0,0,0,0,0,0,0,0,0,0,0,0,0,0,0,0,0,0,1,0,0,0,0,0,0,0,1,0,0,0,1,0,0,0,0,1,0,0,1,0,0,1,0,0,0,0,0,0,0,0,0,0,0,0,1,0,0,1,0,0,0,0,0,0,0,1,0,0,0,0,0,0,0,1
-0.9643511196169552,-0.8699920745999167,1.412783515790431,-0.9802531287908469,-0.4794758203104481,-0.9019267788874382,0.9538505081700629,1.3465946379571725,1.1400563019893057,0.009759465477002306,1.3621065745757797,0.267823535174275,0.2779641099733792,-0.3887813146908566,1.4796638559062922,-0.8000261741245923,-1.0364336425375131,-0.6515377383555188,-1.4796638559063031,0.04317653208136333,0.840859141222292,0.8879220276755714,-1.4001915740430917,0.14157861863067037,1.5687494186706172,0,0,0,0,0,0,0,0,1,0,0,0,0,0,0,0,0,0,0,1,0,0,0,0,0,0,0,0,0,0,0,0,0,0,0,0,1,0,0,0,0,0,0,0,0,0,0,0,0,0,0,1,0,0,0,0,0,0,0,1,0,0,0,0,0,0,0,0,0,0,0,0,0,1,0,0,0,0,0,0,0,0,0,0,0,1,0,0,0,0,0,1
-1.4510723076637988,-1.5267550901509357,-0.22238259044849376,-0.1443836565694986,-0.4794758203104481,0.8677465965727689,0.9538505081700629,-1.1001891206225551,1.1400563019893057,-1.2101737191482849,-1.3386995878348875,-0.3614668664735569,0.8171244435460281,-0.20707685977705576,-1.5139238035647045,-0.14716095898944742,0.9888397185519114,1.5348305111596448,1.5139238035646931,1.319623540723251,-0.5555237515561613,1.718940734319244,-0.9053707861626996,-0.08052496161440793,-0.7709216009723612,0,1,0,0,0,0,0,0,0,1,0,0,0,0,0,0,0,0,0,0,1,0,0,0,0,0,0,0,0,0,0,0,1,0,0,0,0,0,0,0,0,0,0,1,0,0,0,0,0,0,0,1,0,0,1,0,0,0,0,0,0,0,0,1,0,0,0,0,0,1,0,0,0,1,0,1,0,0,0,0,0,0,0,0,0,0,1,0,0,0,0,1
0.4349722960177202,0.11515244872661197,-1.0399656435679563,2.7513904304878394,-0.4794758203104481,-0.9019267788874382,0.9538505081700629,-0.23661838230029839,-0.8238649762007128,-1.2101737191482849,-0.4384308670313317,-1.5237067939469142,-0.41257585571774424,-0.003122879771769105,-1.5139238035647045,1.0405099885667288,-0.5301153022651569,-0.6515377383555188,1.5139238035646931,0.04317653208136333,-2.749839725922302,-0.28069802854209364,2.496522130514999,-0.8656852353349033,-1.355839355883106,1,0,0,0,1,0,0,0,1,0,0,0,0,0,0,0,0,0,0,1,0,0,0,0,0,0,0,0,0,0,0,0,0,0,0,0,0,0,0,0,0,0,1,0,0,0,0,0,0,1,0,0,0,0,1,0,0,1,0,0,0,0,0,0,1,0,0,0,0,0,0,0,0,1,1,0,0,0,0,0,0,1,0,0,0,0,0,0,0,0,1,0
-0.6340760277280255,-1.0889130797835898,-0.22238259044849376,-1.1396907539888106,-0.4794758203104481,1.4564411880037504,0.9538505081700629,-0.9562606642355124,-0.8238649762007128,0.009759465477002306,1.3621065745757797,1.6083965732123273,0.04985781500033544,0.8238178027951204,-0.349750824881539,-1.5493500833384608,-1.0364336425375131,-0.6515377383555188,0.34975082488152803,1.7442428296020944,1.1999290279367514,-0.7948908532778661,-0.3610679194942681,1.3936899410086687,0.39891390884912803,1,0,1,0,0,0,0,0,0,0,0,0,0,0,0,0,0,0,0,0,0,1,0,0,0,0,0,0,0,0,0,0,0,0,0,0,1,0,0,0,0,0,0,0,0,1,0,0,0,1,0,0,0,0,0,0,0,1,0,0,0,0,0,1,0,0,0,1,0,0,0,0,1,0,0,0,0,0,0,0,0,0,0,0,0,0,1,0,0,0,1,0
0.2263775011405015,0.4435339565021215,1.412783515790431,-0.14450658457659019,-0.4794758203104481,0.8246713825656238,0.9538505081700629,0.19516698686083,-0.8238649762007128,-1.2101737191482849,0.461837853772224,1.2886268577170121,1.3106635181240682,0.5345739766058049,-0.5160612504077055,-0.06150265922841873,-0.5301153022651569,-0.6515377383555188,0.5160612504076945,1.2885538366589455,0.840859141222292,0.8879220276755714,-1.4001915740430917,0.7317886894484072,-0.7709216009723612,1,0,0,0,1,0,0,0,1,0,0,0,0,0,0,0,0,0,0,1,0,0,0,0,0,1,0,0,0,0,0,0,0,0,0,0,0,0,0,0,0,0,0,0,0,0,0,1,0,1,0,0,1,0,0,1,0,0,0,0,0,0,0,0,1,0,0,1,0,0,0,0,1,0,1,0,1,0,0,0,0,0,0,0,0,0,0,0,0,0,0,0
0.9477678334242161,1.209757474644977,1.412783515790431,-0.003221328425838202,-0.4794758203104481,-0.9019267788874382,0.9538505081700629,0.914809268796044,1.1400563019893057,1.2296926501022896,-0.4384308670313317,1.3050253046654898,-0.1035955107088031,0.549406993333462,-1.680234229090871,-0.324063969365485,-1.542751982809869,-0.6515377383555188,1.6802342290908596,0.04317653208136333,1.1999290279367514,-0.7948908532778661,-0.3610679194942681,0.4540010827536436,0.9838316637598726,0,1,0,0,1,0,0,0,1,0,0,1,0,0,0,0,0,0,0,0,0,0,0,0,0,0,0,0,0,0,0,0,0,0,0,0,0,1,0,0,0,0,0,0,0,0,1,0,0,0,0,0,1,0,0,0,0,0,1,0,0,1,0,0,0,0,0,0,0,1,0,0,0,1,0,1,0,0,0,0,1,0,0,0,0,0,0,0,0,1,0,0
0.05254850540948594,-0.10376855645706107,-1.0399656435679563,-1.0526167489655074,-0.4794758203104481,-0.9019267788874382,0.9538505081700629,-0.8123322078484696,-0.8238649762007128,0.009759465477002306,0.461837853772224,-1.2285347488743155,-1.3851381497391764,-1.6660100050616258,0.4818013027492934,0.4207908111651994,-1.0364336425375131,-0.6515377383555188,-0.48180130274930427,0.04317653208136333,0.5416342356269089,-1.1376860697683815,0.45538638050838015,-1.4262109128882263,-0.18600384606161657,1,0,1,0,1,0,0,1,0,0,0,0,0,0,0,0,0,0,0,0,0,0,1,0,0,0,0,0,0,0,0,0,1,0,0,0,0,0,0,0,0,0,0,0,1,0,0,0,0,0,1,0,0,1,1,0,0,0,0,1,0,0,0,0,1,0,0,0,0,0,0,1,1,0,0,0,0,0,0,0,0,0,0,0,0,0,0,0,0,0,1,0
-0.8948195213245489,-1.0889130797835898,-1.0399656435679563,0.5100850531868312,-0.4794758203104481,0.17495357129118674,-0.9329391824293441,-1.6759029461707264,1.1400563019893057,1.2296926501022896,-0.4384308670313317,0.9811559774330552,0.9996094795244632,0.2564549129622321,-1.5139238035647045,-1.697576184664067,0.9888397185519114,1.5348305111596448,1.5139238035646931,-0.5523261291511604,0.840859141222292,0.8879220276755714,-1.4001915740430917,0.19896509119057101,0.9838316637598726,0,1,1,0,1,0,0,0,0,0,1,1,0,0,0,0,0,0,0,0,0,0,0,0,0,0,0,0,0,0,1,0,0,0,0,0,0,0,0,0,0,0,0,0,0,1,0,0,0,0,0,1,0,0,1,0,0,0,0,0,0,0,0,1,0,0,0,0,0,0,0,0,1,0,1,0,0,1,0,0,0,0,0,0,0,0,0,0,0,0,0,1
-0.44286413242390843,-0.21322905904889758,-1.0399656435679563,-1.0065187463061114,-0.4794758203104481,0.9754346315906314,-1.0254986766851641,-0.9562606642355124,1.1400563019893057,-1.2101737191482849,1.3621065745757797,-0.6525392998090362,-0.6531243122347722,-0.20813636097188842,-1.014992526986205,-0.5158640753521362,0.48252137827955527,-0.6515377383555188,1.014992526986194,-0.042265154095477035,-0.7749553489927752,-0.7948908532778661,1.2718406805110285,-0.06999458415168998,0.9838316637598726,1,0,0,1,1,0,1,0,0,0,0,0,0,0,0,0,0,0,0,0,0,0,0,1,1,0,0,0,0,0,0,0,0,0,0,0,0,0,0,0,0,0,0,0,0,0,1,0,0,0,0,0,1,0,0,1,0,0,0,0,0,0,0,0,0,0,0,0,0,0,0,0,1,0,0,0,0,0,0,0,0,0,0,0,0,0,0,0,1,0,1,0
1.1563626283014348,1.5381389824204867,-1.0399656435679563,-0.2071179161886416,-0.4794758203104481,-0.9019267788874382,-0.27790276154200283,-0.524475295074384,-0.8238649762007128,-1.2101737191482849,-0.4384308670313317,1.4280136567790727,-0.041384702988882076,1.4234954790704049,-0.6823716759338719,0.24090838166703912,1.4951580588242674,1.5348305111596448,0.6823716759338609,-0.8526666017727811,0.5416342356269089,-1.1376860697683815,0.45538638050838015,1.1319336664730084,-1.355839355883106,0,1,0,0,1,0,0,0,0,0,0,1,0,0,0,0,0,0,0,0,0,0,0,0,1,0,0,0,0,0,0,0,0,0,0,0,0,0,0,0,0,0,0,0,0,0,0,1,0,1,0,1,0,0,1,0,0,1,0,0,0,0,0,1,0,0,0,0,0,0,0,0,0,1,0,0,0,0,0,0,0,0,0,0,0,0,0,0,0,0,1,0
1.3562659733921028,1.3192179772368136,-0.22238259044849376,1.1071873596336894,-0.4794758203104481,-0.9019267788874382,-0.21738309222088978,-0.9562606642355124,-0.8238649762007128,1.2296926501022896,0.461837853772224,-1.3515231009878983,-1.3602538266512079,-1.8535417165470063,0.6481117282754599,0.02750748704499805,0.48252137827955527,-0.6515377383555188,-0.6481117282754707,-0.8086511876816815,0.840859141222292,0.8879220276755714,-1.4001915740430917,-1.654304204487077,0.39891390884912803,0,0,0,1,1,0,0,0,0,1,0,0,0,0,0,1,0,0,0,0,0,0,0,0,0,0,0,0,1,0,0,0,0,0,0,0,0,0,0,0,0,0,0,1,0,0,0,0,0,0,1,0,0,1,1,0,0,0,0,1,0,0,0,1,0,0,0,1,0,0,0,0,0,1,1,0,0,0,0,1,0,0,0,0,0,0,0,0,0,0,1,0
1.9472845588775556,1.5381389824204867,-0.22238259044849376,0.9835627605017814,-0.4794758203104481,-0.9019267788874382,0.9538505081700629,-0.3805468386873412,-0.8238649762007128,1.2296926501022896,0.461837853772224,-1.3945690242276523,-1.2731586958433185,-1.7422940910895772,1.3133534303801258,-1.658471308686206,-1.542751982809869,-0.6515377383555188,-1.3133534303801366,0.04317653208136333,-0.9544902923500049,0.8879220276755714,0.08427078959808616,-1.5891516768825722,0.39891390884912803,0,0,0,0,0,0,1,0,0,0,0,0,0,0,0,0,0,0,0,0,0,0,1,0,0,0,0,1,0,0,0,0,0,0,0,0,0,0,0,0,0,0,0,0,0,0,1,0,1,0,0,0,0,1,0,0,1,0,0,1,0,0,0,0,0,0,0,0,0,0,0,1,0,1,0,0,0,0,0,0,0,1,0,0,0,0,0,0,0,0,1,0
0.00039980669018126864,0.11515244872661197,-1.0399656435679563,-0.0008447202887309367,-0.4794758203104481,-0.9019267788874382,0.9538505081700629,-0.23661838230029839,1.1400563019893057,0.009759465477002306,0.461837853772224,0.18583130043188645,0.19501636634681785,-0.6838523974517519,1.3133534303801258,1.492264412958589,-0.5301153022651569,-0.6515377383555188,-1.3133534303801366,0.04317653208136333,1.1999290279367514,1.2618804456652244,-1.993976519499563,-0.4293921273812063,0.9838316637598726,0,0,0,0,0,0,0,1,0,0,0,0,0,0,0,0,0,0,0,0,0,1,0,0,0,0,0,0,0,0,0,0,0,1,0,0,0,0,0,0,0,0,0,1,0,0,0,0,0,0,0,0,1,0,1,0,0,0,1,0,0,0,0,1,0,0,0,0,1,0,0,0,0,1,0,1,0,0,0,0,0,0,0,0,0,1,0,0,0,0,1,0
1.391031772538306,1.3192179772368136,-1.0399656435679563,0.04894112258341604,-0.4794758203104481,-0.9019267788874382,0.9538505081700629,0.6269523560219584,-0.8238649762007128,1.2296926501022896,-0.4384308670313317,1.3583202572480424,1.3811691002066455,0.597614297698348,1.4796638559062922,1.3231823777781235,0.9888397185519114,1.5348305111596448,-1.4796638559063031,0.04317653208136333,0.840859141222292,0.8879220276755714,-1.4001915740430917,0.6982622609946629,-0.18600384606161657,0,0,0,0,1,0,0,0,0,1,0,0,0,0,0,0,0,0,0,0,0,0,0,1,0,1,0,0,0,0,0,0,0,0,0,0,0,0,0,0,0,0,0,0,0,0,0,1,0,1,0,1,0,0,0,0,0,0,1,0,1,0,0,0,0,0,0,0,0,1,0,0,0,1,0,0,0,0,0,0,0,0,0,0,0,0,0,0,1,0,0,0
-0.16473773925428353,-0.43215006423257063,1.412783515790431,0.6768573828079336,-0.4794758203104481,-0.9019267788874382,0.9538505081700629,-0.524475295074384,-0.8238649762007128,1.2296926501022896,1.3621065745757797,-1.33922426577654,-1.4411278766871052,-1.8185781771175284,0.9807325793277929,0.26325402508295964,0.9888397185519114,1.5348305111596448,-0.9807325793278037,0.04317653208136333,0.840859141222292,-0.9818700622726926,0.08427078959808616,-1.6358019037201086,0.9838316637598726,1,0,0,1,1,1,0,0,0,0,0,0,0,0,0,0,0,1,0,0,0,0,0,0,0,0,0,0,0,0,0,0,0,0,0,0,0,0,0,0,1,0,0,0,0,1,0,0,0,0,1,0,0,1,0,0,1,0,0,1,0,0,0,0,0,1,0,0,0,0,0,0,1,0,0,1,0,0,0,0,1,0,0,0,0,0,0,0,0,0,1,0
-1.2250946132134786,-1.4172945875590992,-1.0399656435679563,0.9983141213527877,2.1334714293377703,-0.9019267788874382,-0.3455423919597174,-0.9562606642355124,-0.8238649762007128,-1.2101737191482849,0.461837853772224,-1.3474234892507788,-1.3561064394698799,-1.8270541866761898,-0.1834403993553725,0.8658415425322833,0.48252137827955527,-0.6515377383555188,0.18344039935536155,-0.9018602998745983,0.5416342356269089,0.5762900126841938,-0.9053707861626996,-1.6375115711584671,-0.7709216009723612,0,0,0,1,1,0,0,0,0,0,1,0,1,0,0,0,0,0,0,0,0,0,0,0,0,0,0,0,0,0,0,0,0,0,0,0,0,1,0,0,0,0,0,0,0,1,0,0,0,0,1,0,0,1,1,0,0,0,0,1,0,0,0,0,0,0,0,0,0,1,0,0,0,0,0,1,0,0,0,0,0,0,0,0,0,0,0,0,0,0,1,0
0.05254850540948594,-0.43215006423257063,-1.0399656435679563,0.7245944255618862,-0.4794758203104481,-0.9019267788874382,0.25965430125141314,-0.09268992591325557,1.1400563019893057,1.2296926501022896,-0.4384308670313317,-0.9641097918301126,-0.9683257380157054,-0.9969350005248023,0.14918045169696045,-1.6521400430516953,1.4951580588242674,1.5348305111596448,-0.14918045169697136,-0.4617061589636025,-0.5555237515561613,-0.5663607089508563,0.9089721027320734,-1.0811446708035872,0.9838316637598726,0,0,0,0,0,1,0,0,0,0,0,0,0,1,0,0,0,0,0,0,0,0,0,0,0,0,0,0,0,0,0,0,0,0,0,0,0,0,0,0,0,0,1,1,0,0,0,0,0,0,0,0,1,0,0,1,0,1,0,0,0,0,0,0,0,1,0,0,0,0,1,0,0,0,1,0,0,0,0,0,0,0,0,0,0,1,0,0,0,0,1,0
-0.08651469117532652,-0.10376855645706107,1.412783515790431,-0.10307984618668019,-0.4794758203104481,0.7672377638894304,0.9538505081700629,0.4830238996349156,1.1400563019893057,0.009759465477002306,-1.3386995878348875,-0.5234015300897743,0.4894808562211107,0.05885794012594139,0.9807325793277929,-1.2275728181492052,-0.023796961992800816,-0.6515377383555188,-0.9807325793278037,1.2471275645732047,-0.9544902923500049,0.8879220276755714,0.08427078959808616,-0.007028872831482207,-0.18600384606161657,1,0,0,0,0,0,0,0,0,0,1,0,1,0,0,0,0,0,0,0,0,0,0,0,0,0,0,0,0,0,0,0,0,0,0,1,0,0,0,0,0,0,0,1,0,0,0,0,0,0,0,1,0,0,1,0,0,0,0,0,0,0,0,0,0,1,0,0,0,0,0,0,1,0,1,0,0,0,0,0,0,0,0,0,0,0,0,1,0,0,0,0
0.7826302874797514,1.1002969720531406,-1.0399656435679563,-0.495711900837641,-0.4794758203104481,-0.08708731391894535,0.9538505081700629,1.634451550731258,1.1400563019893057,0.009759465477002306,-0.4384308670313317,-0.7242825052086261,-0.7257035879080134,-0.14986379525609222,0.8144221538016264,0.823012392651769,-0.5301153022651569,-0.6515377383555188,-0.8144221538016372,0.6309117672978106,-0.9544902923500049,-0.9818700622726926,1.5687331532392639,-0.24312438036406914,0.39891390884912803,1,0,0,1,1,0,0,0,0,1,0,0,0,0,1,0,0,0,0,0,0,0,0,0,0,0,1,0,0,0,0,0,0,0,0,0,0,0,0,0,0,0,0,0,0,1,0,0,0,0,0,0,1,0,0,1,0,0,0,1,0,0,0,0,0,1,1,0,0,0,0,0,0,1,0,1,0,0,1,0,0,0,0,0,0,0,0,0,0,0,0,1
0.5914183921756342,0.2246129513184485,1.412783515790431,-1.2730266656809652,1.6979802210630675,0.4836592716757259,-0.5698211665026658,1.634451550731258,-0.8238649762007128,-1.2101737191482849,-1.3386995878348875,1.924066676970523,0.20953222148146608,1.1093533748025217,0.6481117282754599,1.4762500351771792,-0.5301153022651569,-0.6515377383555188,-0.6481117282754707,-0.06556743214370622,1.1999290279367514,-0.7948908532778661,-0.3610679194942681,1.8333635972118598,-1.9407571107938504,0,1,1,0,1,0,0,0,1,0,0,0,0,0,0,0,0,0,0,0,1,0,0,0,0,0,0,0,1,0,0,0,0,0,0,0,0,0,0,0,0,0,0,0,0,0,0,1,0,1,0,0,0,0,1,0,0,1,0,0,1,0,0,0,0,0,0,0,0,0,0,0,0,0,0,0,0,0,0,0,1,0,0,0,0,0,0,0,0,0,0,1
-1.5379868055293064,-1.3078340849672627,1.412783515790431,-0.564018896778275,-0.4794758203104481,-0.9019267788874382,-1.0326186377817657,1.634451550731258,-0.8238649762007128,0.009759465477002306,1.3621065745757797,-0.12163957985207051,-0.11603767225278731,0.5271574682419762,0.4818013027492934,-0.04250886232488628,-0.023796961992800816,-0.6515377383555188,-0.48180130274930427,-1.4015647069088466,-0.5555237515561613,-0.5663607089508563,0.9089721027320734,0.45693555975899536,0.39891390884912803,1,0,0,0,0,1,0,0,0,0,0,0,0,0,0,0,0,0,0,0,0,0,0,0,0,0,0,0,0,0,1,0,0,0,0,0,0,0,0,0,0,0,0,0,0,1,0,0,0,1,0,0,0,0,0,1,0,1,0,0,1,0,0,0,0,0,0,0,0,1,0,0,1,0,1,0,0,0,0,0,1,0,0,0,0,0,0,0,0,0,0,1
0.40889794665806783,0.005691946134775455,1.412783515790431,-0.10008859801411486,-0.4794758203104481,-0.9019267788874382,-0.17466332564128056,-0.23661838230029839,-0.8238649762007128,-1.2101737191482849,-1.3386995878348875,-0.39016414863339294,-0.3876915326297758,-0.2515759099600274,-1.347613378038538,0.37758923389441973,-0.023796961992800816,-0.6515377383555188,1.3476133780385269,-0.777581483617376,-0.28123425476039365,-0.28069802854209364,0.45538638050838015,-0.3191862005509482,-1.9407571107938504,1,0,0,1,0,0,0,0,0,0,0,0,0,0,0,0,0,1,0,0,0,0,0,0,0,0,0,0,0,0,0,0,0,1,0,0,0,0,0,0,0,0,0,1,0,0,0,0,0,1,0,1,0,0,1,0,0,0,0,1,1,0,0,0,0,0,0,1,0,0,0,0,0,1,1,0,0,0,0,1,0,0,0,0,0,0,0,0,0,0,1,0
-0.2081949881870374,-0.6510710694162436,1.412783515790431,-1.0282360275589821,-0.4794758203104481,1.1836314992918322,-0.7905399604973135,0.051238530473787215,2.1220169410843153,1.2296926501022896,1.3621065745757797,0.8417691783709946,-0.337922886453839,0.1303742707771458,-0.5160612504077055,-0.9724600558174458,1.4951580588242674,1.5348305111596448,0.5160612504076945,0.278788454569014,1.1999290279367514,-0.7948908532778661,-0.3610679194942681,0.5527916027898885,2.7385849284921067,1,0,0,1,0,0,0,1,0,0,0,0,0,0,0,0,0,0,0,0,1,0,0,0,0,0,0,0,0,0,0,0,0,1,0,0,0,0,0,0,0,0,0,0,0,1,0,0,0,0,0,1,0,0,1,0,0,0,0,0,0,0,0,0,1,0,1,0,0,0,0,0,1,0,0,1,0,0,0,0,0,0,1,0,0,0,0,0,0,0,0,0
1.6343923665617277,1.209757474644977,1.412783515790431,-0.6041344030925402,-0.4794758203104481,1.5533604195198267,-1.4242164980948502,-1.1001891206225551,-0.8238649762007128,1.2296926501022896,0.461837853772224,1.883070559599329,1.9120346594166382,1.9527163258893174,-0.5160612504077055,1.4177789349055205,-0.5301153022651569,-0.6515377383555188,0.5160612504076945,0.08460280416710411,0.28844393089235454,0.3126013846145672,-0.4866762733408288,2.178018779352412,0.39891390884912803,0,1,0,0,0,0,0,0,0,0,1,0,0,1,0,0,0,0,0,0,0,0,0,0,0,0,0,0,0,0,0,1,0,0,0,0,0,0,0,0,0,0,0,1,0,0,0,0,0,1,0,0,1,0,1,0,0,0,1,0,0,0,0,0,0,1,0,0,0,0,0,1,0,0,0,1,0,0,0,0,0,0,0,0,0,1,0,0,0,0,0,1
-0.5297786302894162,-0.9794525771917532,-1.0399656435679563,0.5572074559053247,1.6979802210630675,-0.9019267788874382,-1.3850567120635418,0.6269523560219584,-0.8238649762007128,1.2296926501022896,-1.3386995878348875,0.7023823793089341,-0.4084284685364162,0.0042936285920595,0.8144221538016264,1.3805361958789861,-1.542751982809869,-0.6515377383555188,-0.8144221538016372,-1.6578897654393676,1.1999290279367514,-0.7948908532778661,-0.3610679194942681,-0.19380752811912302,-0.7709216009723612,1,0,0,0,0,0,1,0,0,0,0,0,0,1,0,0,0,0,0,0,0,0,0,0,0,0,0,0,0,0,1,0,0,0,0,0,0,0,0,0,0,0,0,0,0,0,1,0,0,1,0,1,0,0,1,0,0,1,0,0,0,0,0,1,0,0,0,0,0,0,1,0,0,0,0,1,0,0,0,0,0,0,0,0,0,0,0,1,0,0,0,0
1.4518719210441613,1.6475994850123232,1.412783515790431,0.2522640463131252,-0.4794758203104481,0.34366482615250465,-1.9297337359535593,0.914809268796044,1.1400563019893057,0.009759465477002306,0.461837853772224,-0.4209112366617886,-0.4187969364897363,-0.869265106547467,0.8144221538016264,-1.3940478615978131,1.4951580588242674,1.5348305111596448,-0.8144221538016372,-1.1555962163997606,0.5416342356269089,0.5762900126841938,-0.9053707861626996,-0.7827537691016733,0.9838316637598726,1,0,0,0,1,0,1,0,0,0,0,0,1,0,0,0,0,0,0,0,0,0,0,0,0,0,0,0,0,0,0,0,0,0,0,1,0,0,0,0,0,0,0,0,0,0,0,1,0,0,0,0,0,0,0,0,0,0,0,0,0,0,0,1,0,0,1,0,0,0,0,0,1,0,1,0,0,0,0,0,1,0,0,0,0,0,0,0,0,1,0,0
0.7652473879066498,0.334073453910285,-0.22238259044849376,1.3596405101977238,-0.4794758203104481,-0.9019267788874382,-0.9614190268157503,0.4830238996349156,1.1400563019893057,0.009759465477002306,-0.4384308670313317,1.9445647356561202,0.21990068943478625,1.1278946457120933,0.3154908772231269,-0.6946292226795004,-0.023796961992800816,-0.6515377383555188,-0.3154908772231378,-1.3497818668016706,1.1999290279367514,-0.7948908532778661,-0.3610679194942681,0.38555680536426634,0.39891390884912803,1,0,1,0,1,0,0,1,0,0,0,0,0,0,0,0,1,0,0,0,0,0,0,0,0,0,0,1,0,0,0,0,0,0,0,0,0,0,0,0,0,0,0,0,1,0,0,0,0,0,0,1,0,0,0,1,0,0,1,0,0,0,0,0,0,1,0,0,0,0,1,0,0,1,0,0,0,0,1,0,0,0,0,0,0,0,0,0,0,0,0,0
-0.3385667349852991,-0.43215006423257063,-1.0399656435679563,-1.4603279724863862,2.1334714293377703,-0.9019267788874382,-0.8225797854320204,-0.524475295074384,-0.8238649762007128,0.009759465477002306,1.3621065745757797,-0.09499210356079424,-0.08907965557415486,0.9446009390060435,0.4818013027492934,-1.4726300409438002,-1.0364336425375131,-0.6515377383555188,-0.48180130274930427,-1.2488053285926775,-0.7749553489927752,-0.7948908532778661,1.2718406805110285,1.3671232649203735,0.39891390884912803,0,0,1,0,1,1,0,0,0,0,0,0,1,0,0,0,0,0,0,0,0,0,0,0,0,0,0,1,0,0,0,0,0,0,0,0,0,0,0,0,0,0,0,0,0,1,0,0,0,1,0,0,0,0,0,1,0,0,1,0,0,0,0,1,0,0,0,0,0,0,0,1,0,0,0,1,0,1,0,0,0,0,0,0,0,0,0,0,0,0,1,0
-0.39940688349115455,-0.6510710694162436,-0.22238259044849376,2.0005871391739642,0.8269978045136612,-0.9019267788874382,0.9538505081700629,-1.1001891206225551,1.1400563019893057,-1.2101737191482849,-0.4384308670313317,-0.7775774577911787,-0.024795154263569798,-0.6594838699706007,-1.1813029525123715,-1.6111730301225076,0.9888397185519114,1.5348305111596448,1.1813029525123604,0.04317653208136333,-0.7749553489927752,1.2618804456652244,-0.3610679194942681,-0.9300689980970758,-0.18600384606161657,0,1,0,0,1,0,0,1,0,0,0,0,0,0,0,0,0,0,0,1,0,0,0,0,0,0,0,0,0,0,0,0,0,0,0,1,0,0,0,0,0,0,0,0,0,0,1,0,0,0,0,1,0,0,0,1,0,0,0,0,0,0,0,0,0,1,0,0,0,0,0,1,0,0,0,0,0,0,0,0,0,0,0,0,0,0,0,0,1,0,0,1
0.3219834487925601,0.005691946134775455,-0.22238259044849376,0.017020816741932298,-0.4794758203104481,-0.9019267788874382,-1.0005788128470587,1.2026661815701296,1.1400563019893057,-1.2101737191482849,0.461837853772224,-0.5623478415924088,-0.5618817942455547,-0.5185702110578572,0.8144221538016264,-0.42908849342031147,1.4951580588242674,1.5348305111596448,-0.8144221538016372,-1.3782624288606173,-0.28123425476039365,-0.28069802854209364,0.45538638050838015,-0.568688275529657,0.39891390884912803,0,1,1,0,0,0,0,1,0,0,0,0,0,0,0,0,0,0,0,0,0,0,0,0,0,0,0,0,0,0,0,0,0,0,0,0,1,0,0,0,0,0,0,0,0,1,0,0,0,0,0,0,1,0,1,0,0,0,0,1,0,0,0,1,0,0,0,0,0,1,0,0,0,0,0,1,0,0,0,0,0,0,1,0,0,0,0,0,0,1,0,0
-0.8774366217514473,-0.6510710694162436,1.412783515790431,-0.9640266318547395,-0.4794758203104481,1.5928460323597096,-0.7442602133694034,-1.5319744897836836,1.1400563019893057,1.2296926501022896,1.3621065745757797,1.4239140450419532,1.4475272951078946,0.6569463646089768,1.4796638559062922,1.001777539979133,-1.542751982809869,-0.6515377383555188,-1.4796638559063031,0.6076094892495815,0.840859141222292,0.8879220276755714,-1.4001915740430917,1.367526336116688,2.1536671735813617,0,1,0,1,0,0,0,0,0,1,0,0,0,0,0,0,0,1,0,0,0,0,0,0,0,0,0,0,0,0,0,0,0,0,0,0,1,0,0,0,0,0,0,0,0,0,0,1,0,0,0,0,1,0,0,0,0,0,0,0,1,0,0,0,0,0,0,0,1,0,0,0,0,0,1,0,0,0,0,1,0,0,0,0,0,0,0,0,0,0,0,1
1.7213068644272354,1.6475994850123232,1.412783515790431,0.11753495054059714,-0.4794758203104481,0.8210817813983617,-1.8798940082773485,1.0587377251830867,-0.8238649762007128,-1.2101737191482849,0.461837853772224,0.019797025078549694,1.588538459273049,0.3841248069395674,1.3133534303801258,-0.1955765197239419,0.9888397185519114,1.5348305111596448,-1.3133534303801366,-0.7749923416120171,-0.5555237515561613,1.718940734319244,-0.9053707861626996,0.36397405366095575,-0.7709216009723612,0,1,1,0,1,0,0,1,0,0,0,0,0,0,1,0,0,0,0,0,0,0,0,0,0,1,0,0,0,0,0,0,0,0,0,0,0,0,0,0,0,0,0,1,0,0,0,0,0,1,0,1,0,0,0,0,0,0,1,0,1,0,0,0,0,0,0,0,0,0,0,1,0,0,0,1,0,0,0,0,0,0,0,1,0,0,0,0,0,1,0,0
-0.8861280715379981,-0.7605315720080802,-1.0399656435679563,1.150048258106337,0.8269978045136612,-0.9019267788874382,0.9538505081700629,-0.09268992591325557,-0.8238649762007128,0.009759465477002306,-1.3386995878348875,0.41950916944769373,-0.5515133262922345,-0.2515759099600274,-0.1834403993553725,-1.7072592968109659,-0.5301153022651569,-0.6515377383555188,0.18344039935536155,0.04317653208136333,1.1999290279367514,-0.7948908532778661,-0.3610679194942681,-0.525108769573211,-1.355839355883106,0,1,0,0,1,0,0,1,0,0,0,0,0,0,0,0,0,0,0,0,0,0,1,0,0,0,0,0,1,0,0,0,0,0,0,0,0,0,0,0,0,0,0,0,0,0,0,1,0,1,0,0,1,0,0,1,0,0,1,0,0,1,0,0,0,0,0,0,1,0,0,0,0,0,0,0,0,0,1,0,0,0,0,0,0,0,0,0,0,0,1,0
-0.19081208861393587,0.11515244872661197,-0.22238259044849376,-0.9587817035521594,-0.4794758203104481,0.8928738047436034,-1.071778423813074,0.19516698686083,-0.8238649762007128,-1.2101737191482849,0.461837853772224,-0.06629482140095826,1.41434819765727,0.6272803311536624,0.4818013027492934,-1.331852487423501,-1.0364336425375131,-0.6515377383555188,-0.48180130274930427,-0.1354742662883938,-0.7749553489927752,1.2618804456652244,-0.3610679194942681,1.0462960831999681,-0.7709216009723612,1,0,0,0,1,0,0,0,0,0,1,0,0,0,0,0,0,1,0,0,0,0,0,0,0,0,0,0,0,0,0,0,0,0,0,0,0,0,0,1,0,0,0,0,0,0,0,0,0,1,0,0,0,0,0,1,0,0,1,0,0,0,0,1,0,0,0,0,1,0,0,0,0,1,1,0,1,0,0,0,0,0,0,0,0,0,0,0,0,0,0,0
0.678332890041142,0.771915464277631,1.412783515790431,1.239334967257291,-0.4794758203104481,0.9323594175834863,-1.719694883603814,-1.3880460333966407,-0.8238649762007128,1.2296926501022896,0.461837853772224,1.3214237516139675,-0.09530073634614697,0.5642400100611192,1.1470430048539593,1.4323036031258687,-1.0364336425375131,-0.6515377383555188,-1.1470430048539701,-0.5782175492047484,1.1999290279367514,-0.7948908532778661,-0.3610679194942681,0.030395417901037735,0.39891390884912803,0,1,0,0,1,0,0,0,1,0,0,0,0,0,0,0,0,1,0,0,0,0,0,0,0,0,0,0,0,0,1,0,0,0,0,0,0,0,0,0,0,0,0,0,0,0,0,1,0,1,0,0,0,0,1,0,0,0,0,1,1,0,0,0,0,0,0,0,0,0,0,1,1,0,0,0,0,1,0,0,0,0,0,0,0,0,0,0,0,0,0,1
0.15684590284809527,0.005691946134775455,-1.0399656435679563,2.054798390301413,-0.4794758203104481,1.6610484545376893,0.9538505081700629,-0.3805468386873412,1.1400563019893057,1.2296926501022896,-0.4384308670313317,-0.4988038596670577,0.5392495023970475,0.10971399747790897,-1.5139238035647045,-0.2845866659973587,0.9888397185519114,1.5348305111596448,1.5139238035646931,1.8918239239075458,-0.9544902923500049,0.8879220276755714,0.08427078959808616,-0.5068391509549806,0.9838316637598726,0,1,0,1,1,0,1,0,0,0,0,0,0,0,0,0,0,0,0,0,0,0,0,1,0,1,0,0,0,0,0,0,0,0,0,0,0,0,0,0,0,0,0,1,0,0,0,0,0,0,0,1,0,0,0,0,0,0,1,0,0,0,0,1,0,0,0,0,0,1,0,0,0,1,1,0,0,0,0,0,0,0,0,0,0,1,0,0,0,0,1,0
1.8342957116523955,1.4286784798286503,-0.22238259044849376,-1.1592363071163945,-0.4794758203104481,0.9072322094126517,0.9538505081700629,0.4830238996349156,0.15809566289429652,0.009759465477002306,1.3621065745757797,0.08744061874102023,0.0954790739949442,-0.13556052912585134,-0.349750824881539,-1.7724340901074007,-1.542751982809869,-0.6515377383555188,0.34975082488152803,1.348104102782198,0.28844393089235454,0.3126013846145672,-0.4866762733408288,0.35362605996217816,0.9838316637598726,1,0,1,0,1,0,0,0,0,0,1,0,0,0,0,0,1,0,0,0,0,0,0,0,0,0,0,0,0,0,0,0,0,0,0,0,0,1,0,0,0,0,0,1,0,0,0,0,0,0,0,1,0,0,0,1,0,0,0,1,0,0,0,0,0,1,0,0,0,0,0,0,0,1,0,1,0,0,0,0,0,0,0,0,0,0,0,1,0,0,0,0
-1.3293920106520878,-0.5416105668244071,-1.0399656435679563,0.7145962809850925,-0.4794758203104481,-0.9019267788874382,0.9538505081700629,1.634451550731258,-0.8238649762007128,1.2296926501022896,1.3621065745757797,-0.20773142633157846,2.4594897673519434,0.031310909060292276,0.3154908772231269,-1.6108006027322421,-0.023796961992800816,-0.6515377383555188,-0.3154908772231378,0.04317653208136333,-0.7749553489927752,3.318651744608314,-1.993976519499563,0.04461774914389648,0.9838316637598726,0,1,0,1,1,0,0,0,0,0,1,0,0,0,0,0,1,0,0,0,0,0,0,0,0,0,0,1,0,0,0,0,0,0,0,0,0,0,0,0,0,0,0,0,0,0,1,0,0,1,0,0,1,0,0,0,0,1,0,0,1,0,0,0,0,0,0,0,0,0,0,1,1,0,0,0,0,0,0,0,0,1,0,0,0,0,0,0,0,0,0,1
0.443663745804271,0.6624549616857945,-1.0399656435679563,-0.26280430340119143,-0.4794758203104481,-0.9019267788874382,-0.47726167224684585,0.6269523560219584,-0.8238649762007128,1.2296926501022896,-1.3386995878348875,0.9852555891701745,1.0037568667057912,0.2601631671441464,0.14918045169696045,1.5306244341559192,1.4951580588242674,1.5348305111596448,-0.14918045169697136,-0.9976585540728738,0.840859141222292,0.8879220276755714,-1.4001915740430917,0.5153415707402689,-0.7709216009723612,0,0,0,1,1,0,1,0,0,0,0,0,0,0,0,0,0,0,0,0,0,1,0,0,0,0,0,0,0,0,0,0,0,0,0,0,0,0,0,0,0,0,0,0,0,1,0,0,0,1,0,0,0,0,0,1,0,0,1,0,0,0,0,0,0,0,0,0,0,0,1,0,0,0,0,1,0,0,0,0,1,0,0,0,0,0,0,0,0,0,0,0
-0.5297786302894162,-0.8699920745999167,-1.0399656435679563,-0.37934005412414445,-0.4794758203104481,0.45135286117036716,0.9538505081700629,1.3465946379571725,2.1220169410843153,1.2296926501022896,-1.3386995878348875,-0.1052411329035928,1.3355478412120367,0.9234109151093903,-1.014992526986205,-1.6789548151507998,0.9888397185519114,1.5348305111596448,1.014992526986194,1.0192830681016305,-0.9544902923500049,0.8879220276755714,0.08427078959808616,0.8783615776479696,0.9838316637598726,0,0,1,0,1,0,0,0,0,0,0,0,0,0,0,0,0,0,0,0,1,0,0,0,0,0,0,0,0,0,0,0,0,0,0,1,0,0,0,0,0,0,0,0,0,0,0,0,0,0,0,0,1,0,0,0,0,0,1,0,0,0,0,0,0,0,0,0,0,0,0,0,0,1,1,0,1,0,0,0,0,0,0,0,0,0,0,0,0,0,0,1
-0.6427674775145763,-1.1983735823754262,-0.22238259044849376,-1.037742460107409,-0.4794758203104481,-0.9019267788874382,-0.41674200292573277,1.3465946379571725,0.15809566289429652,1.2296926501022896,-0.4384308670313317,1.1574392821291903,1.1779471283215701,1.1088236242051055,0.8144221538016264,1.385750179342701,0.48252137827955527,-0.6515377383555188,-0.8144221538016372,-0.9536431399817743,0.28844393089235454,0.3126013846145672,-0.4866762733408288,1.6639335335094048,0.39891390884912803,0,1,0,1,0,0,0,1,0,0,0,0,0,0,1,0,0,0,0,0,0,0,0,0,0,0,0,0,0,0,0,0,0,0,0,1,0,0,0,0,0,0,0,0,1,0,0,0,0,0,0,0,0,0,1,0,0,0,0,0,0,0,0,1,0,0,0,1,0,0,0,0,0,1,0,0,0,0,0,0,1,0,0,0,0,0,0,0,0,0,0,1
0.33067489857911087,0.2246129513184485,1.412783515790431,-0.42150436055660506,2.1334714293377703,-0.9019267788874382,-1.075338404361375,-1.244117577009598,1.1400563019893057,-1.2101737191482849,-0.4384308670313317,1.0139528713300106,1.0327885769750877,0.28612094641754654,0.6481117282754599,1.5492458036691863,-0.023796961992800816,-0.6515377383555188,-0.6481117282754707,-1.4326344109731521,0.840859141222292,0.8879220276755714,-1.4001915740430917,0.6194146985621779,-0.18600384606161657,0,1,1,0,1,0,0,0,0,1,0,0,0,0,0,0,0,0,0,0,1,0,0,0,0,0,0,0,0,0,0,0,0,0,0,0,0,1,0,0,0,0,0,0,0,0,1,0,0,0,0,1,0,0,1,0,0,1,0,0,1,0,0,0,0,0,0,0,0,1,0,0,0,0,1,0,0,0,0,0,0,0,0,0,0,0,0,1,0,0,0,1
-0.9382767702573028,-1.3078340849672627,-0.22238259044849376,1.5353456083341583,-0.4794758203104481,-0.9019267788874382,0.9538505081700629,-1.1001891206225551,-0.8238649762007128,0.009759465477002306,0.461837853772224,-1.3863698007534135,-1.3955066176924964,-1.7608353619991486,0.3154908772231269,-0.9583078149873627,0.48252137827955527,-0.6515377383555188,-0.3154908772231378,0.04317653208136333,-0.5555237515561613,-0.5663607089508563,0.9089721027320734,-1.627077626573627,-0.18600384606161657,0,0,0,0,0,0,1,0,0,0,0,0,0,0,0,0,0,0,1,0,0,0,0,0,0,0,0,0,0,0,0,1,0,0,0,0,0,0,0,0,0,0,0,0,0,0,0,1,1,0,0,0,0,1,0,0,1,0,0,1,0,0,0,0,0,1,0,0,0,0,0,0,1,0,0,0,0,0,0,0,0,0,0,0,1,0,0,0,0,0,0,1
-0.2081949881870374,-0.43215006423257063,-0.22238259044849376,-0.016087793168104617,-0.4794758203104481,-0.9019267788874382,-1.0326186377817657,0.7708808124090012,-0.8238649762007128,0.009759465477002306,1.3621065745757797,-1.3146265953538234,-1.4286857151431211,-1.8201674289097776,-0.8486821014600384,-0.46335181332472297,-1.0364336425375131,-0.6515377383555188,0.8486821014600274,-1.4015647069088466,1.1999290279367514,-0.7948908532778661,-0.3610679194942681,-1.6118508123336335,0.39891390884912803,0,0,0,1,1,0,0,0,1,0,0,0,0,0,0,0,1,0,0,0,0,0,0,0,0,0,0,0,0,0,0,0,0,0,0,0,0,0,0,0,0,0,1,0,0,0,0,1,0,0,1,0,0,1,1,0,0,0,0,0,0,1,0,0,0,0,0,0,0,0,0,1,1,0,0,0,0,0,1,0,0,0,0,0,0,0,0,0,0,1,0,0
-0.4689384817835608,-0.9794525771917532,-0.22238259044849376,1.7244908352459554,-0.4794758203104481,0.5375032891846572,0.9538505081700629,-0.6684037514614268,-0.8238649762007128,0.009759465477002306,1.3621065745757797,-1.419166694650369,-1.4286857151431211,-1.8201674289097776,1.3133534303801258,1.068814470226895,0.9888397185519114,1.5348305111596448,-1.3133534303801366,1.0814224762302416,-0.5555237515561613,-0.5663607089508563,0.9089721027320734,-1.6660667835071246,0.39891390884912803,1,0,0,0,1,1,0,0,0,0,0,0,0,0,0,0,0,0,0,0,0,1,0,0,0,0,0,0,0,0,0,0,0,0,0,0,0,0,0,0,0,0,1,0,0,1,0,0,0,0,1,0,0,1,0,0,1,0,0,1,0,0,0,0,0,1,0,0,0,0,0,1,0,1,0,1,0,0,0,0,0,0,0,0,0,0,0,0,1,0,1,0
2.251485301406833,2.1949019979715056,-0.22238259044849376,-1.13370825764368,-0.4794758203104481,0.9538970245870588,0.9538505081700629,0.33909544324787283,0.15809566289429652,0.009759465477002306,0.461837853772224,-0.039647345109681986,1.4682642310145348,0.6754876355185483,-1.014992526986205,1.0274750299074418,-0.023796961992800816,-0.6515377383555188,1.014992526986194,1.3817629488518623,-0.7749553489927752,1.2618804456652244,-0.3610679194942681,1.223198089472653,0.39891390884912803,0,0,1,0,0,0,0,1,0,0,0,0,0,1,0,0,0,0,0,0,0,0,0,0,0,0,0,0,0,0,0,0,0,0,0,0,0,0,0,0,0,0,1,1,0,0,0,0,0,0,0,0,0,0,0,0,0,0,1,0,0,0,0,1,0,0,1,0,0,0,0,0,1,0,0,0,0,0,1,0,0,0,0,0,0,0,0,0,0,0,0,0
2.3297083494857898,2.7422045109306885,-1.0399656435679563,-1.0947400793956041,-0.4794758203104481,-0.9019267788874382,0.9538505081700629,0.19516698686083,-0.8238649762007128,1.2296926501022896,1.3621065745757797,1.3829179276707588,-0.06419533248618645,0.6198638227898338,-0.5160612504077055,-1.4260766171606325,0.9888397185519114,1.5348305111596448,0.5160612504076945,0.04317653208136333,1.1999290279367514,-0.7948908532778661,-0.3610679194942681,1.1327892760173952,0.9838316637598726,1,0,1,0,1,0,0,0,0,1,0,0,0,0,0,0,0,1,0,0,0,0,0,0,0,0,0,0,0,0,0,0,0,0,0,0,0,0,0,1,0,0,0,1,0,0,0,0,0,1,0,0,0,0,0,0,0,1,0,0,1,0,0,0,0,0,0,0,0,1,0,0,0,0,0,0,0,0,0,0,0,0,0,1,0,0,0,0,0,0,0,0
-1.1207972157748691,-1.5267550901509357,-0.22238259044849376,0.5468405273072553,-0.4794758203104481,-0.9019267788874382,0.9538505081700629,1.634451550731258,0.15809566289429652,1.2296926501022896,1.3621065745757797,-0.18928317351454105,-0.18446956074470044,0.7496527191568344,0.9807325793277929,-1.3393010352288077,1.4951580588242674,1.5348305111596448,-0.9807325793278037,0.04317653208136333,-0.7749553489927752,-0.7948908532778661,1.2718406805110285,0.1245723930611854,1.5687494186706172,0,0,0,1,0,0,0,0,0,0,0,0,0,0,0,0,0,0,1,0,0,0,0,0,0,0,0,0,0,0,0,0,0,1,0,0,0,0,0,0,0,0,0,0,0,0,0,0,0,0,0,0,1,0,0,1,0,0,1,0,0,0,0,0,0,1,0,0,0,0,0,1,1,0,0,1,0,0,0,0,0,0,0,0,0,1,0,0,0,0,0,1
-0.0952061409618773,0.11515244872661197,-1.0399656435679563,-0.09242608557206462,-0.4794758203104481,-0.9019267788874382,0.9538505081700629,1.634451550731258,1.1400563019893057,1.2296926501022896,-0.4384308670313317,-1.5237067939469142,1.4267903592012543,0.6384050936994053,-1.014992526986205,-0.4037634308822682,0.9888397185519114,1.5348305111596448,1.014992526986194,0.04317653208136333,-2.749839725922302,1.718940734319244,0.9089721027320734,0.33739131333932043,0.9838316637598726,0,1,0,0,0,1,0,0,0,0,0,0,0,0,0,1,0,0,0,0,0,0,0,0,0,0,0,0,1,0,0,0,0,0,0,0,0,0,0,0,0,0,0,0,0,0,0,0,0,0,0,0,1,0,0,1,0,0,0,0,0,0,1,0,0,0,0,1,0,0,0,0,1,0,0,1,0,0,0,0,1,0,0,0,0,0,0,0,0,0,0,1
-1.398923608944494,0.4435339565021215,-1.0399656435679563,0.26218023888519115,-0.4794758203104481,-0.9019267788874382,0.9538505081700629,0.6269523560219584,-0.8238649762007128,1.2296926501022896,-0.4384308670313317,-0.03349792750400284,2.988281632971272,0.6866123980642912,-1.5139238035647045,0.5746033233447857,-1.542751982809869,-0.6515377383555188,1.5139238035646931,0.04317653208136333,-0.9544902923500049,2.7577141176238347,-1.4001915740430917,0.6818780241800962,-0.18600384606161657,0,0,0,1,0,0,0,0,0,0,0,1,0,0,0,0,0,0,0,0,0,0,0,0,0,0,0,0,0,0,0,0,0,0,0,0,0,0,0,0,0,0,1,1,0,0,0,0,0,1,0,1,0,0,0,0,0,0,0,0,0,0,0,0,0,1,0,0,0,0,0,0,1,0,1,0,0,0,0,0,0,1,0,0,0,0,0,0,0,0,0,0
0.4262808462311694,0.2246129513184485,-0.22238259044849376,0.7321749859992087,-0.4794758203104481,0.4118672483304842,0.9538505081700629,0.7708808124090012,-0.8238649762007128,1.2296926501022896,-1.3386995878348875,-0.23437890262285474,-0.2300908197393092,0.32320348823668954,-1.680234229090871,-0.3058150272424832,1.4951580588242674,1.5348305111596448,1.6802342290908596,0.9908025060426837,-0.5555237515561613,-0.5663607089508563,0.9089721027320734,-0.1755648625483753,-0.7709216009723612,1,0,0,0,0,1,0,0,0,0,0,0,0,0,0,0,1,0,0,0,0,0,0,0,0,0,1,0,0,0,0,0,0,0,0,0,0,0,0,0,0,0,0,1,0,0,0,0,0,1,0,1,0,0,0,1,0,0,0,1,0,0,0,1,0,0,0,0,0,1,0,0,0,0,1,0,0,0,1,0,0,0,0,0,0,0,0,0,0,1,0,0
-0.4515555822104592,-0.9794525771917532,-1.0399656435679563,0.7872877091786644,-0.4794758203104481,1.2015795051281426,0.9538505081700629,-0.3805468386873412,-0.8238649762007128,0.009759465477002306,-0.4384308670313317,0.052593918975505104,0.06022628295365561,1.6571154925310059,-0.8486821014600384,-1.0529043721147597,-0.5301153022651569,-0.6515377383555188,0.8486821014600274,1.5604137472216195,-0.9544902923500049,-0.9818700622726926,1.5687331532392639,0.5938249267056257,-0.7709216009723612,1,0,0,1,0,0,0,1,0,0,0,0,1,0,0,0,0,0,0,0,0,0,0,0,0,0,0,0,0,0,0,0,0,0,0,0,0,1,0,0,0,0,0,0,0,0,0,1,0,1,0,0,1,0,0,0,0,1,0,0,0,0,0,0,1,0,0,0,0,1,0,0,0,1,1,0,0,0,0,0,0,0,0,0,0,0,0,1,0,0,1,0
-0.382023983918053,-0.10376855645706107,-1.0399656435679563,1.9551857285547543,-0.4794758203104481,-0.9019267788874382,-0.6054209719856735,0.19516698686083,1.1400563019893057,1.2296926501022896,-0.4384308670313317,-0.0027508394756071497,1.5429172002784401,0.3491612675100897,-1.5139238035647045,-1.0432212599678607,0.48252137827955527,-0.6515377383555188,1.5139238035646931,-1.0908676662657906,-0.5555237515561613,1.718940734319244,-0.9053707861626996,-0.21312614901151083,0.9838316637598726,0,1,1,0,1,0,1,0,0,0,0,0,0,0,0,0,0,0,0,0,0,1,0,0,0,0,0,0,0,0,0,0,0,0,0,0,0,0,0,0,1,0,0,0,0,0,0,1,0,0,0,0,1,0,0,0,0,1,0,0,0,0,0,1,0,0,0,1,0,0,0,0,0,0,0,1,0,0,0,0,0,0,0,1,0,0,0,0,0,0,0,0
-1.285934761719334,-0.3226895616407341,-1.0399656435679563,1.1336578571607738,-0.4794758203104481,-0.9019267788874382,-0.07142388974055829,0.19516698686083,-0.8238649762007128,0.009759465477002306,0.461837853772224,-1.5237067939469142,-0.18654325433536448,0.7454147143775037,-0.6823716759338719,-1.0577459281882091,-1.0364336425375131,-0.6515377383555188,0.6823716759338609,-0.7024963654619708,-2.749839725922302,-0.5663607089508563,2.723314991626845,-0.22787096913391525,-0.18600384606161657,1,0,0,0,1,0,0,1,0,0,0,0,0,0,1,0,0,0,0,0,0,0,0,0,0,0,0,0,0,0,0,1,0,0,0,0,0,0,0,0,0,0,0,0,0,1,0,0,0,1,0,1,0,0,0,0,0,0,0,1,0,0,0,0,0,0,0,0,0,0,0,1,0,1,0,1,0,0,0,0,1,0,0,0,0,0,0,0,0,0,0,0
0.7130986891873451,0.2246129513184485,-1.0399656435679563,-0.6131491236126001,-0.4794758203104481,0.7313417522168096,-1.2711373345179173,-1.244117577009598,-0.8238649762007128,1.2296926501022896,-1.3386995878348875,-1.4212165005189286,-1.4307594087337852,-1.7973881532208753,-0.349750824881539,0.06549508085206296,-0.023796961992800816,-0.6515377383555188,0.34975082488152803,-0.39697760882963246,-0.7749553489927752,-0.7948908532778661,1.2718406805110285,-1.5937534827369246,-0.7709216009723612,0,0,0,0,0,1,0,0,0,0,0,0,0,0,0,0,0,0,0,1,0,0,0,0,0,0,0,0,0,0,0,0,1,0,0,0,0,0,0,0,0,0,0,0,1,0,0,0,1,0,0,0,0,1,0,0,1,0,0,1,0,0,0,0,0,1,1,0,0,0,0,0,1,0,0,0,0,0,0,1,0,0,0,0,0,0,0,0,0,0,0,1
-1.746581600406525,-1.0889130797835898,-1.0399656435679563,-1.0682695818685197,1.6979802210630675,-0.9019267788874382,0.9538505081700629,-1.244117577009598,-0.8238649762007128,1.2296926501022896,-0.4384308670313317,-1.4212165005189286,-1.3270747292005833,-1.8238756830916918,0.4818013027492934,1.2524211736277084,-1.542751982809869,-0.6515377383555188,-0.48180130274930427,0.04317653208136333,-0.7749553489927752,1.2618804456652244,-0.3610679194942681,-1.573292600911648,-0.18600384606161657,0,0,0,0,0,0,0,1,0,0,0,0,0,0,0,0,0,0,1,0,0,0,0,0,0,0,0,0,1,0,0,0,0,0,0,0,0,0,0,0,0,0,0,0,0,0,1,0,1,0,0,0,0,1,0,0,1,0,0,1,0,0,1,0,0,0,0,0,0,0,0,1,1,0,1,0,0,0,0,0,0,0,0,1,0,0,0,0,0,0,0,1
0.7130986891873451,0.2246129513184485,-0.22238259044849376,0.17391792979333373,2.1334714293377703,1.657458853370427,-1.5488158172853772,0.6269523560219584,1.1400563019893057,0.009759465477002306,1.3621065745757797,-0.28357424346828786,0.9747251564364947,-0.08629372356613275,0.3154908772231269,0.42190809333599544,1.4951580588242674,1.5348305111596448,-0.3154908772231378,0.06906795213495132,-0.5555237515561613,1.718940734319244,-0.9053707861626996,-0.07508814804582006,1.5687494186706172,0,0,1,0,0,0,1,0,0,0,0,0,0,0,0,0,0,0,0,0,0,1,0,0,0,0,0,1,0,0,0,0,0,0,0,0,0,0,0,0,0,0,0,0,1,0,0,0,0,0,0,0,0,0,0,0,0,0,0,0,1,0,0,0,0,0,1,0,0,0,0,0,1,0,0,1,0,0,0,0,0,0,0,0,0,1,0,0,0,0,0,0
0.3046005492194585,-0.10376855645706107,-0.22238259044849376,0.08327901256437092,1.6979802210630675,-0.9019267788874382,0.9538505081700629,0.051238530473787215,1.1400563019893057,0.009759465477002306,1.3621065745757797,-0.11344035637783166,-0.10774289789013117,0.5419904849696334,-0.349750824881539,1.5660050362311266,-0.023796961992800816,-0.6515377383555188,0.34975082488152803,0.04317653208136333,-0.5555237515561613,-0.5663607089508563,0.9089721027320734,0.19195686750738175,1.5687494186706172,0,1,1,0,0,0,0,0,0,1,0,0,0,0,0,1,0,0,0,0,0,0,0,0,0,0,1,0,0,0,0,0,0,0,0,0,0,0,0,0,0,0,0,0,1,0,0,0,0,0,0,0,0,0,0,0,0,0,0,1,0,0,0,0,0,1,0,0,0,1,0,0,0,0,1,0,0,0,0,0,0,0,0,0,0,1,0,0,0,0,0,0
-1.2164031634269277,-1.0889130797835898,1.412783515790431,-0.22178732503492016,-0.4794758203104481,-0.9019267788874382,-1.2319775484866087,-1.1001891206225551,-0.8238649762007128,0.009759465477002306,0.461837853772224,-0.6279416293863196,-0.6282399891468038,-0.15728030361992085,0.3154908772231269,-1.326266076569521,-1.542751982809869,-0.6515377383555188,-0.3154908772231378,-1.5465566592089393,-0.7749553489927752,-0.7948908532778661,1.2718406805110285,-0.30140543355960087,-0.18600384606161657,0,1,1,0,1,0,1,0,0,0,0,0,0,1,0,0,0,0,0,0,0,0,0,0,0,0,0,0,0,1,0,0,0,0,0,0,0,0,0,0,0,0,0,0,1,0,0,0,0,1,0,0,1,0,1,0,0,0,0,0,0,0,0,0,1,0,0,1,0,0,0,0,1,0,0,0,0,0,0,0,0,0,0,0,1,0,0,0,0,0,0,1
-0.9208938706842013,-0.8699920745999167,-1.0399656435679563,-2.3949905864071153,-0.4794758203104481,-0.9019267788874382,0.01401564341866015,-1.244117577009598,-0.8238649762007128,1.2296926501022896,-1.3386995878348875,-0.06424501553239854,-0.05797425171419435,0.6309885853355767,-1.347613378038538,1.6326695390886228,0.9888397185519114,1.5348305111596448,1.3476133780385269,-0.6403569573333596,-0.5555237515561613,-0.5663607089508563,0.9089721027320734,2.094938836766329,-0.7709216009723612,1,0,0,0,1,0,0,0,0,1,0,0,0,0,0,0,1,0,0,0,0,0,0,0,0,0,1,0,0,0,0,0,0,0,0,0,0,0,0,0,0,0,0,0,0,0,0,1,0,1,0,0,0,0,1,0,0,0,1,0,0,0,0,0,0,0,0,0,0,0,1,0,1,0,1,0,0,0,0,0,1,0,0,0,0,0,0,0,0,0,0,1
-1.633592753181365,-0.43215006423257063,-0.22238259044849376,0.41641391178293824,-0.4794758203104481,1.226706713298977,-0.16398338399637824,-1.6759029461707264,-0.8238649762007128,1.2296926501022896,-0.4384308670313317,0.5260990746127988,0.5392495023970475,-0.1551613012302555,0.4818013027492934,1.5302520067656538,-1.0364336425375131,-0.6515377383555188,-0.48180130274930427,0.7655471515764682,0.840859141222292,0.8879220276755714,-1.4001915740430917,-0.13281791029577047,-0.18600384606161657,0,0,1,0,1,0,0,1,0,0,0,0,0,0,0,0,0,0,0,0,0,1,0,0,0,0,0,0,1,0,0,0,0,0,0,0,0,0,0,0,0,0,0,0,0,1,0,0,0,1,0,1,0,0,0,1,0,0,1,0,0,0,0,1,0,0,0,1,0,0,0,0,0,0,1,0,0,0,0,0,0,0,0,0,0,0,0,0,1,0,0,1
-1.164254464707623,-1.3078340849672627,-0.22238259044849376,-1.014631994774165,1.2624890127883643,0.74928975805312,0.9538505081700629,1.0587377251830867,-0.8238649762007128,1.2296926501022896,1.3621065745757797,-1.5237067939469142,-1.420390940780465,-1.8053344121821202,-0.8486821014600384,-0.3374713554150373,-1.0364336425375131,-0.6515377383555188,0.8486821014600274,1.2341818545464107,-2.749839725922302,-0.28069802854209364,2.496522130514999,-1.600086908914828,0.9838316637598726,1,0,1,0,0,0,0,0,0,1,0,0,0,0,0,0,0,0,0,0,0,0,0,0,0,0,0,0,0,0,0,0,0,0,0,0,0,0,0,0,0,1,0,0,0,1,0,0,0,0,1,0,0,1,0,0,1,0,0,1,0,0,0,0,0,1,1,0,0,0,0,0,0,0,1,0,0,0,0,0,0,0,0,0,0,0,0,1,0,1,0,0
-1.1207972157748691,-1.3078340849672627,-0.22238259044849376,-0.47247850749730613,-0.4794758203104481,-0.9019267788874382,0.9538505081700629,0.4830238996349156,0.15809566289429652,-1.2101737191482849,-0.4384308670313317,-0.29997269041676555,0.9415460589858702,0.8370615677305286,0.4818013027492934,1.1213267322543081,0.9888397185519114,1.5348305111596448,-0.48180130274930427,0.04317653208136333,-1.1041027451476964,0.5762900126841938,0.45538638050838015,0.7718547902883084,-0.7709216009723612,0,1,0,0,1,0,0,1,0,0,0,1,0,0,0,0,0,0,0,0,0,0,0,0,0,0,0,0,0,0,0,0,0,0,0,1,0,0,0,0,0,0,0,0,1,0,0,0,0,0,0,0,1,0,1,0,0,0,0,1,0,0,0,1,0,0,0,1,0,0,0,0,1,0,0,1,0,0,0,0,0,0,0,0,0,0,0,1,0,0,0,0
0.36544069772531396,0.5529944590939581,-0.22238259044849376,0.5760973929950857,-0.4794758203104481,-0.9019267788874382,0.9538505081700629,-0.8123322078484696,-0.8238649762007128,0.009759465477002306,-1.3386995878348875,-0.11753996811495108,-0.11189028507145925,0.5345739766058049,-1.347613378038538,0.9317611906092489,0.9888397185519114,1.5348305111596448,1.3476133780385269,0.04317653208136333,-0.5555237515561613,-0.5663607089508563,0.9089721027320734,0.01719947484852567,-1.355839355883106,0,1,0,0,1,0,1,0,0,0,0,0,0,0,0,0,1,0,0,0,0,0,0,0,0,0,0,0,0,0,0,0,0,0,0,0,0,0,1,0,0,0,0,1,0,0,0,0,0,1,0,1,0,0,1,0,0,0,1,0,1,0,0,0,0,0,0,0,0,0,0,0,0,0,0,0,0,0,0,0,0,0,0,0,0,0,0,0,0,0,1,0
-0.8165964732455919,-1.3078340849672627,-0.22238259044849376,1.6728610722674324,-0.4794758203104481,-0.9019267788874382,-1.4028566148050456,-1.244117577009598,-0.8238649762007128,-1.2101737191482849,1.3621065745757797,-0.3450684195250792,-0.34207027363516707,0.42756435592770636,0.8144221538016264,-1.0156616330882253,-0.023796961992800816,-0.6515377383555188,-0.8144221538016372,-1.6708354754661616,-0.7749553489927752,-0.7948908532778661,1.2718406805110285,-0.3747327118521948,-0.18600384606161657,0,1,0,1,0,0,0,0,0,0,0,0,0,0,0,0,0,0,1,0,0,0,0,0,0,0,0,0,0,0,0,0,1,0,0,0,0,0,0,0,0,0,0,0,0,1,0,0,0,1,0,0,1,0,0,1,0,0,0,0,0,0,0,1,0,0,0,0,0,0,0,1,1,0,1,0,1,0,0,0,0,0,0,0,0,0,0,0,0,0,0,1
0.2785261998598062,0.005691946134775455,-0.22238259044849376,-0.4303142010648446,1.2624890127883643,-0.9019267788874382,-1.320977062194128,0.7708808124090012,-0.8238649762007128,-1.2101737191482849,-1.3386995878348875,-1.3453736833822192,-1.1736214034914447,-1.6866702783608627,-0.349750824881539,0.7053253373279208,-0.023796961992800816,-0.6515377383555188,0.34975082488152803,-1.6112852093429093,-0.7749553489927752,1.2618804456652244,-0.3610679194942681,-1.470388116309407,-1.9407571107938504,1,0,1,0,0,0,0,0,0,1,0,0,0,1,0,0,0,0,0,0,0,0,0,0,0,0,0,0,0,0,0,0,0,0,0,0,0,0,1,0,0,0,0,0,0,0,0,1,1,0,0,0,0,1,1,0,0,0,0,1,1,0,0,0,0,0,0,0,0,0,0,1,0,1,1,0,0,0,0,0,0,0,0,0,0,0,0,0,0,1,0,0
0.5479611432428804,0.771915464277631,1.412783515790431,1.1866808042196704,-0.4794758203104481,-0.9019267788874382,0.9538505081700629,-1.1001891206225551,2.1220169410843153,1.2296926501022896,-0.4384308670313317,1.6370938553721632,0.06437367013498368,0.8497755820685206,-1.5139238035647045,-0.3490166045132629,-1.0364336425375131,-0.6515377383555188,1.5139238035646931,0.04317653208136333,1.1999290279367514,-0.7948908532778661,-0.3610679194942681,0.24763841977813314,1.5687494186706172,0,1,0,0,0,0,0,0,1,0,0,0,0,0,0,0,0,0,0,0,0,0,0,0,0,0,0,0,0,0,0,0,0,0,0,0,0,1,0,0,0,0,0,0,0,0,0,1,0,0,0,0,0,0,0,1,0,0,0,1,0,0,0,0,1,0,0,0,0,0,1,0,0,0,1,0,0,0,0,0,0,0,0,0,0,0,0,0,1,0,0,1
2.251485301406833,1.9759809927878327,-1.0399656435679563,-0.7897556938010407,-0.4794758203104481,-0.9019267788874382,0.9538505081700629,0.33909544324787283,-0.8238649762007128,1.2296926501022896,-1.3386995878348875,-0.1708349206975036,-0.16580631842872412,0.43815936787603293,-1.680234229090871,1.4375175865895835,-1.0364336425375131,-0.6515377383555188,1.6802342290908596,0.04317653208136333,-0.5555237515561613,-0.5663607089508563,0.9089721027320734,0.49019565681213706,-0.7709216009723612,0,0,1,0,1,0,0,0,0,1,0,0,0,0,0,0,0,0,1,0,0,0,0,0,0,0,0,0,0,0,1,0,0,0,0,0,0,0,0,0,0,0,0,0,0,0,0,1,0,1,0,0,0,0,1,0,0,0,0,1,1,0,0,0,0,0,0,0,0,0,0,1,0,0,0,1,0,0,0,1,0,0,0,0,0,0,0,0,0,0,0,0
0.8608533355587084,0.771915464277631,-0.22238259044849376,-2.2424779056086517,-0.4794758203104481,-0.9019267788874382,0.9538505081700629,-1.244117577009598,1.1400563019893057,0.009759465477002306,-1.3386995878348875,0.5219994628756794,-0.4996709865256337,0.10547599269857834,0.14918045169696045,-0.3940803187353693,-0.023796961992800816,-0.6515377383555188,-0.14918045169697136,0.04317653208136333,0.840859141222292,-0.9818700622726926,0.08427078959808616,1.36553542259518,-0.18600384606161657,1,0,0,0,1,0,0,0,0,1,0,0,0,0,0,0,1,0,0,0,0,0,0,0,0,0,0,0,0,0,0,0,0,0,1,0,0,0,0,0,0,0,0,0,0,0,0,0,0,0,0,1,0,0,1,0,0,1,0,0,1,0,0,0,0,0,0,0,0,1,0,0,0,0,0,0,0,0,0,0,0,0,0,0,0,0,0,1,0,0,0,1
-0.5819273290087209,-0.9794525771917532,-1.0399656435679563,-0.8885898115027859,-0.4794758203104481,1.09389147011028,-1.1714578791654957,-1.1001891206225551,1.1400563019893057,1.2296926501022896,-0.4384308670313317,-0.14418744440622736,1.2567474847668034,0.8428888243021083,-0.017129973829206037,-1.3337146243748277,-1.542751982809869,-0.6515377383555188,0.017129973829195105,-0.06297829013834742,-0.9544902923500049,0.8879220276755714,0.08427078959808616,1.1142068819550823,0.9838316637598726,0,0,1,0,1,0,0,0,1,0,0,0,0,1,0,0,0,0,0,0,0,0,0,0,0,0,0,0,0,0,0,0,0,0,1,0,0,0,0,0,0,0,0,0,0,0,1,0,0,0,0,0,0,0,1,0,0,0,1,0,0,0,0,0,0,1,1,0,0,0,0,0,1,0,1,0,0,0,1,0,0,0,0,0,0,0,0,0,0,0,0,1
-1.285934761719334,0.334073453910285,-1.0399656435679563,0.34003464337661526,-0.4794758203104481,-0.9019267788874382,0.9538505081700629,0.19516698686083,-0.8238649762007128,0.009759465477002306,0.461837853772224,0.767976167102845,0.7839453460954036,0.06362569550268835,-1.1813029525123715,0.7701277032340904,-0.5301153022651569,-0.6515377383555188,1.1813029525123604,0.04317653208136333,0.840859141222292,0.8879220276755714,-1.4001915740430917,0.08680104528575557,-0.18600384606161657,0,0,1,0,0,0,0,0,0,0,0,0,0,0,0,0,0,0,0,0,0,0,0,0,0,0,0,0,1,0,0,0,0,0,0,0,0,0,0,0,0,0,0,1,0,0,0,0,0,1,0,1,0,0,0,1,0,0,1,0,1,0,0,0,0,0,1,0,0,0,0,0,1,0,0,1,0,1,0,0,0,0,0,0,0,0,0,0,0,0,0,0
-1.1207972157748691,-1.3078340849672627,-0.22238259044849376,-0.21986145292381637,-0.4794758203104481,1.176452296957308,-2.253691965848929,1.634451550731258,1.1400563019893057,-1.2101737191482849,0.461837853772224,-0.16468550309182448,1.2152736129535227,1.151733422595828,-0.349750824881539,1.2904087674347735,-0.5301153022651569,-0.6515377383555188,0.34975082488152803,-0.7905271936441699,-1.1041027451476964,0.5762900126841938,0.45538638050838015,0.9085557362164246,0.39891390884912803,1,0,1,0,1,0,1,0,0,0,0,0,0,0,0,1,0,0,0,0,0,0,0,0,0,1,0,0,0,0,0,0,0,0,0,0,0,0,0,0,0,0,0,1,0,0,0,0,0,0,0,0,0,0,1,0,0,0,0,1,0,0,0,1,0,0,0,0,0,1,0,0,0,0,0,1,0,0,0,0,0,0,0,0,0,0,0,0,1,0,0,1
-0.6340760277280255,-0.6510710694162436,1.412783515790431,-0.7180476896642027,-0.4794758203104481,-0.9019267788874382,-1.3672568093220379,-1.244117577009598,-0.8238649762007128,-1.2101737191482849,-0.4384308670313317,-1.4232663063874884,-1.4328331023244492,-1.801626158000206,0.8144221538016264,1.5410524010833486,-0.5301153022651569,-0.6515377383555188,-0.8144221538016372,-1.6449440554125736,-0.7749553489927752,-0.7948908532778661,1.2718406805110285,-1.5931657022059695,-1.355839355883106,0,0,0,0,1,0,0,0,1,0,0,0,0,0,0,0,0,0,0,0,0,1,0,0,0,0,0,0,0,0,0,0,0,0,0,0,0,0,0,0,0,0,1,0,0,0,0,1,1,0,0,0,0,1,1,0,0,0,0,1,1,0,0,0,0,0,0,0,1,0,0,0,1,0,0,0,0,0,0,0,0,0,0,0,0,0,0,1,0,0,0,1
-0.44286413242390843,-0.5416105668244071,-1.0399656435679563,-1.085930238887364,-0.4794758203104481,0.7349313533840718,-1.2319775484866087,-1.6759029461707264,1.1400563019893057,0.009759465477002306,-1.3386995878348875,1.37471870419652,1.3977586489319578,0.6124473144260052,-0.8486821014600384,1.0915325410330807,0.48252137827955527,-0.6515377383555188,0.8486821014600274,-0.36590790476532686,0.840859141222292,0.8879220276755714,-1.4001915740430917,1.4078341741827685,-0.18600384606161657,0,0,1,0,1,0,1,0,0,0,0,0,0,0,0,0,0,0,0,0,0,0,1,0,0,0,0,0,0,0,0,0,0,0,0,0,1,0,0,0,0,0,0,0,1,0,0,0,0,0,0,0,1,0,0,1,0,0,1,0,0,0,0,0,0,1,0,0,0,0,0,1,1,0,0,0,0,0,0,0,0,0,0,0,1,0,0,0,0,0,0,1
0.443663745804271,0.4435339565021215,-1.0399656435679563,-1.1161295526295638,-0.4794758203104481,1.818990905897221,0.9538505081700629,0.33909544324787283,0.15809566289429652,1.2296926501022896,0.461837853772224,0.007498189867191416,1.5636541361850804,0.7607774817025773,0.3154908772231269,-0.7084090361193182,-1.0364336425375131,-0.6515377383555188,-0.3154908772231378,2.005746172143333,-0.7749553489927752,1.2618804456652244,-0.3610679194942681,1.3050177021248233,0.9838316637598726,1,0,0,1,0,0,0,1,0,0,0,0,0,0,0,0,0,0,0,0,0,0,0,1,0,1,0,0,0,0,0,0,0,0,0,0,0,0,0,0,0,0,0,0,0,0,1,0,0,0,0,0,1,0,0,0,0,1,0,0,0,0,0,1,0,0,1,0,0,0,0,0,1,0,1,0,0,0,0,0,0,0,0,0,1,0,0,0,0,0,0,0
-0.8774366217514473,-1.4172945875590992,-1.0399656435679563,0.40330159102648766,-0.4794758203104481,1.477978795007323,0.9538505081700629,0.33909544324787283,0.15809566289429652,1.2296926501022896,0.461837853772224,-0.6914856113116707,-0.6925244904573888,-0.28865845177917043,0.8144221538016264,-1.6636852921499208,1.4951580588242674,1.5348305111596448,-0.8144221538016372,1.7597776816342472,-0.7749553489927752,-0.7948908532778661,1.2718406805110285,-0.560474151009345,0.9838316637598726,0,0,0,0,1,0,0,0,1,0,0,0,0,0,0,0,0,0,0,0,0,0,1,0,0,0,0,0,0,0,0,0,0,0,0,0,0,0,0,0,1,0,0,0,0,0,0,0,0,0,0,0,0,0,1,0,0,0,0,1,1,0,0,0,0,0,0,0,0,0,0,0,0,0,1,0,0,0,0,0,0,0,0,0,0,0,0,0,1,0,0,0
-0.929585320470752,-1.1983735823754262,-0.22238259044849376,-1.7459716849651852,-0.4794758203104481,-0.9019267788874382,-0.20670315057598745,1.4905230943442151,-0.8238649762007128,0.009759465477002306,-1.3386995878348875,0.5383979098241571,0.5516916639410318,-0.6769656396853396,0.14918045169696045,-1.095733521995274,-1.0364336425375131,-0.6515377383555188,-0.14918045169697136,-0.8008837616656052,1.6387922228099792,1.718940734319244,-2.719713675057471,0.43649664419597284,-1.355839355883106,0,1,0,0,1,0,0,1,0,0,0,0,0,0,1,0,0,0,0,0,0,0,0,0,0,0,0,0,0,0,0,0,0,0,0,0,0,0,0,0,0,1,0,0,0,0,0,0,0,1,0,1,0,0,0,1,0,0,0,0,0,0,0,1,0,0,0,0,0,0,0,1,1,0,1,0,0,0,0,0,0,0,1,0,0,0,0,0,0,0,0,1
0.08731430455568906,-0.3226895616407341,1.412783515790431,-1.1021977118258355,2.5689626376124735,-0.9019267788874382,0.9538505081700629,0.7708808124090012,1.1400563019893057,-1.2101737191482849,1.3621065745757797,-0.646389882203357,0.2406376253414266,-0.19542234663389652,0.14918045169696045,0.22899070517854817,0.9888397185519114,1.5348305111596448,-0.14918045169697136,0.04317653208136333,-0.9544902923500049,0.8879220276755714,0.08427078959808616,0.15870058097624323,0.9838316637598726,0,0,0,0,0,0,0,0,0,0,0,0,0,0,0,0,1,0,0,0,0,0,0,0,0,0,0,0,0,0,0,0,0,0,1,0,0,0,0,0,0,0,0,0,0,1,0,0,0,0,0,0,0,0,1,0,0,0,0,0,1,0,0,0,0,0,0,0,0,0,0,1,0,0,1,0,0,0,0,0,0,0,0,0,0,1,0,0,0,1,0,0
2.0341990567430632,1.9759809927878327,-1.0399656435679563,-0.561847168652988,-0.4794758203104481,-0.9019267788874382,0.9538505081700629,0.33909544324787283,-0.8238649762007128,-1.2101737191482849,-1.3386995878348875,-0.689435805443111,-0.6904507968667248,-0.2844204469998398,-0.8486821014600384,1.4017645571241106,-0.023796961992800816,-0.6515377383555188,0.8486821014600274,0.04317653208136333,-0.7749553489927752,-0.7948908532778661,1.2718406805110285,-0.3008073462448097,-1.9407571107938504,0,1,0,1,0,0,0,0,1,0,0,0,0,0,0,0,1,0,0,0,0,0,0,0,0,0,0,0,1,0,0,0,0,0,0,0,0,0,0,0,0,0,0,0,0,0,0,0,0,1,0,0,1,0,1,0,0,0,0,1,0,0,0,1,0,0,0,1,0,0,0,0,1,0,0,0,0,0,0,0,0,0,0,0,0,0,0,0,1,0,0,0
-1.01649981833626,-1.3078340849672627,-1.0399656435679563,-0.8523670254130912,-0.4794758203104481,-0.9019267788874382,0.9538505081700629,-1.3880460333966407,-0.8238649762007128,1.2296926501022896,-0.4384308670313317,-0.232329096754295,-0.881230607207816,-0.674316886698258,-1.5139238035647045,-0.25330276521506995,0.48252137827955527,-0.6515377383555188,1.5139238035646931,0.04317653208136333,0.840859141222292,-0.9818700622726926,0.08427078959808616,-0.43526610115839093,-0.18600384606161657,0,1,0,0,0,0,0,0,0,1,0,0,0,0,0,0,0,0,0,0,0,0,0,1,0,0,0,0,0,0,0,0,0,0,0,0,0,1,0,0,0,0,0,0,0,1,0,0,0,1,0,0,1,0,1,0,0,0,0,1,1,0,0,0,0,0,0,0,0,0,1,0,1,0,0,1,0,0,0,0,1,0,0,0,0,0,0,0,0,0,0,1
-1.5379868055293064,-1.1983735823754262,-0.22238259044849376,-0.745501611248021,-0.4794758203104481,-0.9019267788874382,0.9538505081700629,-1.1001891206225551,-0.8238649762007128,1.2296926501022896,-1.3386995878348875,-1.4417145592045257,-1.4514963446404254,-1.882148248807488,1.1470430048539593,1.3038161534843258,0.48252137827955527,-0.6515377383555188,-1.1470430048539701,0.04317653208136333,-0.28123425476039365,-0.28069802854209364,0.45538638050838015,-1.656257170836212,-0.7709216009723612,0,1,0,1,1,0,0,0,1,0,0,0,0,0,0,0,0,0,0,0,1,0,0,0,0,0,0,1,0,0,0,0,0,0,0,0,0,0,0,0,0,0,0,0,0,0,0,1,1,0,0,0,0,1,0,0,1,0,0,1,0,0,0,0,0,1,0,0,0,0,1,0,1,0,1,0,0,0,0,0,0,0,1,0,0,0,0,0,0,0,0,1
0.017782706263282825,0.334073453910285,-0.22238259044849376,-0.10508767030251169,-0.4794758203104481,-0.9019267788874382,-1.687655058669107,-1.3880460333966407,-0.8238649762007128,0.009759465477002306,-0.4384308670313317,-0.051946180321040265,1.4433799079265666,1.0335990393719867,-1.347613378038538,1.1231888692056347,0.9888397185519114,1.5348305111596448,1.3476133780385269,-1.8779668358948653,-0.9544902923500049,0.8879220276755714,0.08427078959808616,0.8282993651417206,-0.7709216009723612,0,0,0,1,1,0,1,0,0,0,0,0,0,0,0,0,1,0,0,0,0,0,0,0,0,0,0,0,0,0,0,0,0,0,0,0,0,0,0,0,0,0,1,0,0,0,1,0,0,1,0,1,0,0,0,0,0,1,0,0,0,0,0,0,1,0,0,1,0,0,0,0,1,0,0,0,0,0,0,0,0,0,0,0,0,1,0,0,0,0,0,1
-0.6688418268742287,-0.8699920745999167,-1.0399656435679563,-0.005679888567672276,-0.4794758203104481,1.1872211004590942,0.9538505081700629,-0.23661838230029839,-0.8238649762007128,0.009759465477002306,-1.3386995878348875,-1.4089176653075703,-1.302190406112615,-1.7719601245448915,-1.5139238035647045,-0.06261994139921476,-1.0364336425375131,-0.6515377383555188,1.5139238035646931,1.5500571792001843,-0.9544902923500049,0.8879220276755714,0.08427078959808616,-1.5778929495912482,-1.355839355883106,0,1,0,1,1,0,0,0,0,0,0,0,0,0,0,0,0,0,0,0,0,1,0,0,0,0,0,0,0,0,0,0,0,0,0,0,0,0,1,0,0,0,0,1,0,0,0,0,1,0,0,0,0,1,1,0,0,0,0,0,0,0,0,1,0,0,0,0,0,0,1,0,0,1,0,0,0,0,0,0,0,0,0,0,1,0,0,0,0,0,1,0
1.895135860158251,2.304362500563342,-0.22238259044849376,1.2256489824677463,-0.4794758203104481,0.6631393300388301,-1.459816303577858,-0.09268992591325557,-0.8238649762007128,0.009759465477002306,-0.4384308670313317,1.653492302320641,0.07266844449763982,1.2751653117938326,-1.014992526986205,-1.1866058052200175,0.9888397185519114,1.5348305111596448,1.014992526986194,-0.5833958332154661,0.840859141222292,-0.9818700622726926,0.08427078959808616,0.44798767663943845,-0.7709216009723612,1,0,0,0,0,0,0,0,1,0,0,0,0,0,0,0,1,0,0,0,0,0,0,0,0,0,0,0,0,0,0,0,0,1,0,0,0,0,0,0,0,0,0,0,0,1,0,0,0,1,0,0,0,0,0,0,0,0,0,0,0,0,0,0,0,0,0,0,0,1,0,0,0,1,0,0,0,0,0,0,0,0,0,1,0,0,0,0,0,0,1,0
0.8608533355587084,1.209757474644977,1.412783515790431,-1.7222056035941187,1.6979802210630675,-0.9019267788874382,0.9538505081700629,-1.5319744897836836,2.1220169410843153,0.009759465477002306,0.461837853772224,0.9647575304845775,-0.27571207873391795,0.8847391214979983,0.8144221538016264,0.6677101709111213,-1.0364336425375131,-0.6515377383555188,-0.8144221538016372,0.04317653208136333,0.5416342356269089,-1.1376860697683815,0.45538638050838015,1.7599440339657462,1.5687494186706172,0,0,0,0,1,0,0,0,0,1,0,0,0,0,0,0,0,0,0,0,0,1,0,0,0,0,0,1,0,0,0,0,0,0,0,0,0,0,0,0,0,0,0,1,0,0,0,0,0,0,0,0,1,0,0,0,0,1,0,0,0,0,0,1,0,0,0,0,0,0,0,1,0,1,0,0,0,0,0,1,0,0,0,0,0,0,0,0,0,0,0,1
0.20899460156739996,0.11515244872661197,-1.0399656435679563,0.797285853755458,-0.4794758203104481,0.6667289312060921,0.9538505081700629,1.2026661815701296,-0.8238649762007128,-1.2101737191482849,0.461837853772224,-1.2982281484053457,-1.306337793293943,-1.8053344121821202,0.8144221538016264,0.6677101709111213,1.4951580588242674,1.5348305111596448,-0.8144221538016372,1.1746315884231584,0.840859141222292,0.8879220276755714,-1.4001915740430917,-1.6078850720552096,-0.7709216009723612,1,0,0,0,1,0,0,0,0,0,0,0,0,1,0,0,0,0,0,0,0,0,0,0,0,0,0,0,0,0,0,0,0,0,0,0,0,0,0,0,0,0,0,0,0,0,0,0,1,0,0,0,0,1,0,0,1,0,0,1,0,0,0,0,0,1,0,0,1,0,0,0,1,0,0,0,0,0,0,0,0,0,0,0,0,0,0,1,0,1,0,0
0.3046005492194585,0.005691946134775455,1.412783515790431,-2.586922181479657,-0.4794758203104481,0.6846769370424026,-0.36334229470122126,-0.23661838230029839,-0.8238649762007128,1.2296926501022896,1.3621065745757797,1.7518829840115073,0.12243709067357664,1.376877426497768,1.4796638559062922,1.551107940620513,0.9888397185519114,1.5348305111596448,-1.4796638559063031,0.22959475646719688,0.840859141222292,-0.9818700622726926,0.08427078959808616,3.931655271907657,0.9838316637598726,1,0,1,0,0,0,0,1,0,0,0,0,0,0,0,0,0,0,0,0,1,0,0,0,0,0,0,0,0,0,0,0,0,1,0,0,0,0,0,0,0,0,0,0,0,0,0,1,0,1,0,0,0,0,0,0,0,1,0,0,0,0,0,1,0,0,0,0,0,0,1,0,0,0,0,1,0,1,0,0,0,0,0,0,0,0,0,0,0,0,1,0
1.0955224797955794,0.8813759668694676,1.412783515790431,-0.5045627173482453,-0.4794758203104481,-0.9019267788874382,-1.0539785210715702,1.2026661815701296,0.15809566289429652,-1.2101737191482849,0.461837853772224,0.7310796614687701,-0.3939126134017679,0.32161423644444054,-1.014992526986205,-1.661823155198594,1.4951580588242674,1.5348305111596448,1.014992526986194,-1.4170995589409994,0.840859141222292,-0.9818700622726926,0.08427078959808616,0.3903541569788857,-0.18600384606161657,0,0,0,0,0,0,1,0,0,0,0,0,1,0,0,0,0,0,0,0,0,0,0,0,0,0,0,0,1,0,0,0,0,0,0,0,0,0,0,0,0,0,0,0,0,0,0,1,0,0,0,0,1,0,0,1,0,0,1,0,1,0,0,0,0,0,0,0,0,1,0,0,1,0,0,1,0,0,0,0,1,0,0,0,0,0,0,0,0,1,0,0
-0.6601503770876779,-0.43215006423257063,-1.0399656435679563,0.45153034580880663,-0.4794758203104481,-0.9019267788874382,0.9538505081700629,-0.23661838230029839,1.1400563019893057,1.2296926501022896,-0.4384308670313317,1.7641818192228655,1.7917604311581243,0.964731461707864,0.4818013027492934,-0.34417504843981345,-0.023796961992800816,-0.6515377383555188,-0.48180130274930427,0.04317653208136333,0.840859141222292,0.8879220276755714,-1.4001915740430917,0.8438350594347103,0.9838316637598726,1,0,0,1,0,0,0,0,1,0,0,0,0,0,0,0,1,0,0,0,0,0,0,0,0,0,0,0,0,0,0,0,0,0,1,0,0,0,0,0,0,0,0,0,1,0,0,0,0,0,0,0,0,0,1,0,0,1,0,0,1,0,0,0,0,0,1,0,0,0,0,0,1,0,0,0,0,0,1,0,0,0,0,0,0,0,0,0,0,0,1,0
-0.4950128311432131,-0.21322905904889758,-0.22238259044849376,0.7518844431362489,2.1334714293377703,-0.9019267788874382,-0.7691800772075088,-1.3880460333966407,0.15809566289429652,0.009759465477002306,0.461837853772224,0.4769037337673657,-0.5224816160229381,0.05885794012594139,-0.1834403993553725,-1.0178961974298175,-0.023796961992800816,-0.6515377383555188,0.18344039935536155,-1.2099681985122954,0.840859141222292,-0.9818700622726926,0.08427078959808616,-0.2635338388753192,0.39891390884912803,0,1,0,1,0,0,0,0,0,0,0,0,0,0,0,0,0,0,0,1,0,0,0,0,0,0,0,0,0,0,0,0,0,0,0,0,0,0,0,0,0,1,0,0,0,0,0,0,0,0,0,1,0,0,0,1,0,0,1,0,0,0,0,1,0,0,0,0,0,0,0,1,0,0,0,0,0,0,0,0,0,0,0,0,0,0,0,0,0,0,0,1
0.7217901389738959,0.6624549616857945,-0.22238259044849376,-0.10537450231905877,-0.4794758203104481,-0.9019267788874382,-0.9898988712021565,1.0587377251830867,-0.8238649762007128,-1.2101737191482849,0.461837853772224,-0.4209112366617886,-0.4187969364897363,0.27075817909247296,0.14918045169696045,-0.7422999286334643,0.9888397185519114,1.5348305111596448,-0.14918045169697136,-1.3704950028445408,-0.7749553489927752,-0.7948908532778661,1.2718406805110285,-0.0022644897109555845,-0.7709216009723612,0,1,0,1,1,0,0,0,0,1,0,0,0,0,0,0,0,0,0,0,0,0,0,1,0,0,0,0,0,0,0,0,1,0,0,0,0,0,0,0,0,0,0,1,0,0,0,0,0,1,0,0,0,0,1,0,0,1,0,0,0,0,0,0,1,0,0,0,0,0,0,1,0,0,0,0,0,0,0,0,0,0,0,0,0,0,0,0,0,1,0,0
-0.538470080075967,-1.0889130797835898,1.412783515790431,0.21009973988066463,-0.4794758203104481,-0.9019267788874382,-0.7727400577558096,-0.23661838230029839,-0.8238649762007128,0.009759465477002306,0.461837853772224,-0.5951447354893642,0.34432230487462834,0.1505047934789663,-1.680234229090871,-1.0830709907262523,-0.023796961992800816,-0.6515377383555188,1.6802342290908596,-1.2125573405176542,-1.1041027451476964,0.5762900126841938,0.45538638050838015,-0.0893757376166647,-0.18600384606161657,0,1,0,0,0,0,0,0,1,0,0,0,1,0,0,0,0,0,0,0,0,0,0,0,0,0,0,0,0,0,1,0,0,0,0,0,0,0,0,0,0,0,0,0,0,0,0,0,0,1,0,1,0,0,0,0,0,0,0,1,1,0,0,0,0,0,1,0,0,0,0,0,0,1,0,0,0,0,0,0,0,0,0,1,0,0,0,0,0,0,1,0
-0.3646410843449514,-0.43215006423257063,1.412783515790431,-0.5397201273764777,-0.4794758203104481,-0.9019267788874382,0.9538505081700629,0.33909544324787283,-0.8238649762007128,-1.2101737191482849,1.3621065745757797,0.5015014041900823,-0.5100394544789538,0.08428596880192518,-0.6823716759338719,0.24388780078916186,0.48252137827955527,-0.6515377383555188,0.6823716759338609,0.04317653208136333,0.840859141222292,-0.9818700622726926,0.08427078959808616,0.1845120027875216,-0.18600384606161657,0,0,0,1,0,0,0,0,0,1,0,0,0,0,0,1,0,0,0,0,0,0,0,0,0,0,1,0,0,0,0,0,0,0,0,0,0,0,0,0,0,0,0,0,0,0,0,0,0,1,0,0,1,0,0,0,0,0,0,1,0,0,0,0,0,1,0,0,0,0,0,0,0,1,0,1,0,0,0,0,0,0,0,0,0,0,0,1,0,0,0,0
-0.5558529796490685,-0.43215006423257063,-0.22238259044849376,1.0832983502555318,-0.4794758203104481,-0.9019267788874382,-0.5733811470509665,-0.9562606642355124,-0.8238649762007128,-1.2101737191482849,0.461837853772224,-1.417116888781809,-1.480528054909722,-1.8991002679248106,-1.347613378038538,-0.8350343488095344,-0.5301153022651569,-0.6515377383555188,1.3476133780385269,-1.0675653882175615,0.840859141222292,-0.9818700622726926,0.08427078959808616,-1.7008214625504747,-0.7709216009723612,0,1,0,0,0,0,1,0,0,0,0,0,1,0,0,0,0,0,0,0,0,0,0,0,0,0,0,0,1,0,0,0,0,0,0,0,0,0,0,0,0,0,0,0,0,0,0,1,1,0,0,0,0,1,0,0,1,0,0,0,0,0,0,1,0,0,1,0,0,0,0,0,1,0,0,1,0,0,1,0,0,0,0,0,0,0,0,0,0,0,1,0
-0.8513622723917951,-1.1983735823754262,1.412783515790431,1.445239379135926,-0.4794758203104481,-0.9019267788874382,0.9538505081700629,-0.524475295074384,-0.8238649762007128,1.2296926501022896,-0.4384308670313317,-1.5237067939469142,-1.2814534702059746,-1.7830848870906344,-1.014992526986205,1.5950543726718234,1.4951580588242674,1.5348305111596448,1.014992526986194,0.04317653208136333,-2.749839725922302,1.718940734319244,0.9089721027320734,-1.6386518411720115,-0.18600384606161657,0,1,0,0,1,0,1,0,0,0,0,0,1,0,0,0,0,0,0,0,0,0,0,0,0,0,0,0,0,0,0,0,0,0,0,0,0,1,0,0,0,0,0,0,0,1,0,0,0,0,1,0,0,1,1,0,0,0,0,1,0,0,0,0,0,1,0,1,0,0,0,0,0,1,0,1,0,0,0,0,0,0,0,0,0,1,0,0,0,0,1,0
0.7652473879066498,0.6624549616857945,-0.22238259044849376,0.4200197999909625,-0.4794758203104481,-0.9019267788874382,0.9538505081700629,-1.1001891206225551,-0.8238649762007128,-1.2101737191482849,0.461837853772224,-1.3863698007534135,-1.2565691471180063,-1.7253420719722545,-1.347613378038538,1.4896574212267315,0.48252137827955527,-0.6515377383555188,1.3476133780385269,0.04317653208136333,-0.9544902923500049,0.8879220276755714,0.08427078959808616,-1.5569759616045389,-0.7709216009723612,0,0,0,1,1,0,0,0,0,1,0,0,1,0,0,0,0,0,0,0,0,0,0,0,0,0,0,0,0,0,1,0,0,0,0,0,0,0,0,0,0,0,0,0,0,0,1,0,0,0,1,0,0,1,0,0,1,0,0,1,0,0,0,0,0,1,0,0,1,0,0,0,0,0,1,0,0,0,0,0,0,0,0,0,0,0,1,0,0,0,0,1
-1.477146657023451,-0.5416105668244071,-1.0399656435679563,0.16170708108888923,-0.4794758203104481,-0.9019267788874382,0.9538505081700629,-1.1001891206225551,1.1400563019893057,0.009759465477002306,-1.3386995878348875,-0.48240541271858,-0.48100774420965736,0.14361803571255402,-1.347613378038538,1.3391967555595332,-1.0364336425375131,-0.6515377383555188,1.3476133780385269,0.04317653208136333,-0.7749553489927752,-0.7948908532778661,1.2718406805110285,-0.18553419518409162,-0.18600384606161657,0,1,0,1,0,0,0,0,0,0,1,0,0,0,0,0,0,0,1,0,0,0,0,0,0,0,0,0,1,0,0,0,0,0,0,0,0,0,0,0,0,0,0,0,0,0,0,0,0,0,0,0,1,0,0,0,0,0,0,0,0,0,0,0,0,0,1,0,0,0,0,0,1,0,0,0,1,0,0,0,0,0,0,0,0,0,0,0,0,0,0,1
0.7478644883335482,0.9908364694613041,-1.0399656435679563,-0.3908133347860383,1.6979802210630675,0.7241625498822855,0.9538505081700629,1.2026661815701296,0.15809566289429652,0.009759465477002306,-0.4384308670313317,-0.45985754816442315,-0.45819711471235297,-0.3596450318329585,1.4796638559062922,-1.519183464726968,0.48252137827955527,-0.6515377383555188,-1.4796638559063031,1.2160578605088992,-0.28123425476039365,-0.28069802854209364,0.45538638050838015,-0.32520839745563146,-0.18600384606161657,0,0,1,0,1,0,0,0,0,0,0,0,0,0,0,0,0,0,0,0,0,0,0,0,0,0,0,0,0,0,0,0,0,0,0,0,0,0,0,0,0,1,0,1,0,0,0,0,0,0,0,0,1,0,1,0,0,1,0,0,0,0,0,0,1,0,0,0,0,1,0,0,1,0,1,0,0,0,0,0,0,0,0,0,1,0,0,0,0,1,0,0
-0.19081208861393587,-0.10376855645706107,1.412783515790431,0.7566376594104616,-0.4794758203104481,1.0292786490995625,-1.8336142611494386,0.914809268796044,-0.8238649762007128,1.2296926501022896,1.3621065745757797,0.1468849889292519,1.8456764645153891,1.444685502967058,-0.017129973829206037,-0.9832604501351406,-0.023796961992800816,-0.6515377383555188,0.017129973829195105,-0.5911632592315424,-0.9544902923500049,0.8879220276755714,0.08427078959808616,0.7486965764981942,0.9838316637598726,0,1,0,1,0,0,0,0,0,1,0,1,0,0,0,0,0,0,0,0,0,0,0,0,0,0,0,0,0,0,0,0,0,0,0,1,0,0,0,0,0,0,0,0,0,0,0,0,0,1,0,0,1,0,0,1,0,0,0,1,1,0,0,0,0,0,0,0,0,0,1,0,1,0,0,1,0,0,0,1,0,0,0,0,0,0,0,0,0,1,0,0
1.3736488729652043,1.7570599876041597,-0.22238259044849376,-0.6491260536881107,-0.4794758203104481,0.6918561393769267,-1.5915355838649863,-1.6759029461707264,1.1400563019893057,-1.2101737191482849,1.3621065745757797,-1.5237067939469142,-1.5344440882669867,0.09329172895800276,-1.1813029525123715,-0.9199477937900324,-1.0364336425375131,-0.6515377383555188,1.1813029525123604,-0.6584809513708713,-2.749839725922302,-2.8516621522209564,4.537657880521618,-0.30951504113180545,0.9838316637598726,0,1,0,0,0,0,0,1,0,0,0,0,0,0,0,0,0,1,0,0,0,0,0,0,0,0,0,0,0,0,0,0,0,0,0,0,0,0,0,0,0,0,0,0,0,0,1,0,0,0,0,1,0,0,0,1,0,0,0,1,1,0,0,0,0,0,0,1,0,0,0,0,0,0,0,0,0,0,0,0,0,0,0,0,0,0,1,0,0,0,0,1
-0.5297786302894162,-0.7605315720080802,-0.22238259044849376,0.8523576009325499,-0.4794758203104481,1.9661645537549663,0.9538505081700629,-1.5319744897836836,-0.8238649762007128,1.2296926501022896,-1.3386995878348875,-0.36351667234211665,-0.36073351595114334,0.6892611510513729,-1.680234229090871,0.21148661783607708,-0.023796961992800816,-0.6515377383555188,1.6802342290908596,2.111900994363044,-0.9544902923500049,-0.9818700622726926,1.5687331532392639,-0.050994107099290815,-0.7709216009723612,0,0,0,1,0,0,1,0,0,0,0,0,0,1,0,0,0,0,0,0,0,0,0,0,0,0,0,0,0,0,0,0,1,0,0,0,0,0,0,0,0,0,0,0,0,0,0,0,0,1,0,1,0,0,0,0,0,0,0,0,0,0,0,1,0,0,0,0,0,0,0,1,1,0,0,0,0,0,0,0,0,0,0,0,0,1,0,0,0,0,0,1
-0.18212063882738508,-0.10376855645706107,-1.0399656435679563,1.17713339566888,-0.4794758203104481,-0.17682734310049744,0.9538505081700629,0.7708808124090012,-0.8238649762007128,-1.2101737191482849,-0.4384308670313317,0.4113099459734549,-0.5556607134735626,-0.008950136343348724,-0.6823716759338719,-1.6804445247118611,0.9888397185519114,1.5348305111596448,0.6823716759338609,0.5661832171638407,0.840859141222292,-0.9818700622726926,0.08427078959808616,-0.4115857671837571,-1.355839355883106,0,0,1,0,0,0,0,0,0,1,0,0,0,0,0,0,0,0,0,1,0,0,0,0,0,0,0,0,0,0,0,0,0,0,0,0,1,0,0,0,0,0,0,1,0,0,0,0,0,1,0,0,1,0,0,0,0,0,0,1,0,0,0,0,0,0,0,1,0,0,0,0,0,0,0,1,1,0,0,0,0,0,0,0,0,0,0,0,0,1,0,0
0.4349722960177202,0.11515244872661197,-1.0399656435679563,0.5510610555507386,1.6979802210630675,-0.9019267788874382,-1.6947750197657085,1.634451550731258,-0.8238649762007128,1.2296926501022896,0.461837853772224,0.4687045102931269,-0.5266290032042661,0.050381930567280124,0.6481117282754599,0.9354854645119023,0.9888397185519114,1.5348305111596448,-0.6481117282754707,-1.8831451199055829,0.840859141222292,-0.9818700622726926,0.08427078959808616,-0.21662048481116603,0.39891390884912803,0,0,1,0,1,1,0,0,0,0,0,1,0,0,0,0,0,0,0,0,0,0,0,0,0,0,1,0,0,0,0,0,0,0,0,0,0,0,0,0,0,0,0,0,0,0,0,1,0,1,0,0,0,0,1,0,0,0,1,0,1,0,0,0,0,0,0,0,0,0,1,0,1,0,1,0,0,0,0,0,0,0,0,0,0,0,0,0,1,0,0,1
0.3915150470849663,0.4435339565021215,1.412783515790431,-0.4418284577291033,-0.4794758203104481,-0.9019267788874382,-1.5808556422200841,-1.1001891206225551,1.1400563019893057,1.2296926501022896,-0.4384308670313317,-0.35326764299931807,-0.3503650479978232,0.41061233681038384,1.4796638559062922,1.556694351474493,-1.542751982809869,-0.6515377383555188,-1.4796638559063031,-1.8002925757341013,-0.7749553489927752,-0.7948908532778661,1.2718406805110285,0.24127403463751593,0.9838316637598726,0,1,0,0,0,0,0,0,1,0,0,0,0,0,0,0,0,0,0,0,0,0,0,0,0,0,0,0,0,0,0,0,1,0,0,0,0,0,0,0,0,0,0,1,0,0,0,0,0,0,0,1,0,0,0,1,0,1,0,0,0,0,0,1,0,0,0,0,0,0,0,0,0,1,0,1,0,0,0,0,0,1,0,0,0,0,0,0,0,0,0,1
-0.30380093583909595,-0.3226895616407341,-1.0399656435679563,1.47453722082612,-0.4794758203104481,0.918001012914438,-1.0966982876511795,-1.6759029461707264,1.1400563019893057,1.2296926501022896,1.3621065745757797,1.3624198689851617,-0.07456380043950663,0.9742669724613578,-0.1834403993553725,0.4338257698244864,-1.542751982809869,-0.6515377383555188,0.18344039935536155,-0.1354742662883938,0.840859141222292,-0.9818700622726926,0.08427078959808616,0.16817177391450985,2.1536671735813617,1,0,1,0,1,0,1,0,0,0,0,0,0,1,0,0,0,0,0,0,0,0,0,0,0,0,0,0,0,0,0,0,0,0,0,0,0,0,0,0,0,0,1,0,0,0,1,0,0,0,0,0,0,0,0,1,0,0,0,0,1,0,0,0,0,0,0,0,0,0,0,1,0,0,1,0,0,0,0,1,0,0,0,0,0,0,0,0,0,0,0,1
0.2698347500732554,0.11515244872661197,-1.0399656435679563,0.5840467374536839,-0.4794758203104481,-0.9019267788874382,0.9538505081700629,-0.09268992591325557,-0.8238649762007128,0.009759465477002306,0.461837853772224,-0.12368938572063022,1.2982213565800842,0.523449214060062,-0.349750824881539,0.8595102768977725,0.9888397185519114,1.5348305111596448,0.34975082488152803,0.04317653208136333,-0.7749553489927752,1.2618804456652244,-0.3610679194942681,0.2051028830590246,-0.18600384606161657,0,0,0,1,1,1,0,0,0,0,0,0,1,0,0,0,0,0,0,0,0,0,0,0,0,0,1,0,0,0,0,0,0,0,0,0,0,0,0,0,0,0,0,0,0,0,0,0,0,1,0,0,1,0,1,0,0,0,0,0,1,0,0,0,0,0,0,0,0,0,1,0,0,0,0,0,0,0,0,0,0,0,0,0,0,0,1,0,0,0,1,0
-0.7992135736724904,-0.7605315720080802,-0.22238259044849376,-0.07165125237356287,-0.4794758203104481,1.1728626957900459,-0.9578590462674496,-1.1001891206225551,-0.8238649762007128,-1.2101737191482849,0.461837853772224,-1.4294157239931675,-1.3436642779258956,-1.814340172338198,1.1470430048539593,0.29491035325551374,-0.5301153022651569,-0.6515377383555188,-1.1470430048539701,0.14933135430107408,-0.9544902923500049,0.8879220276755714,0.08427078959808616,-1.6113521812256282,-0.7709216009723612,0,1,0,1,1,0,0,0,0,0,0,0,0,0,0,0,0,1,0,0,0,0,0,0,0,0,0,0,0,0,0,0,0,0,0,0,0,0,0,0,0,0,0,0,1,0,0,0,1,0,0,0,0,1,0,0,1,0,0,0,1,0,0,0,0,0,0,0,0,0,0,0,1,0,1,0,0,0,0,0,0,1,0,0,0,0,0,0,0,0,0,1
-1.633592753181365,-0.7605315720080802,-0.22238259044849376,-1.1798882123078036,-0.4794758203104481,0.9215906140817001,-1.4028566148050456,-1.6759029461707264,1.1400563019893057,-1.2101737191482849,0.461837853772224,-0.1708349206975036,1.2028314514095386,0.08852397358125581,-1.680234229090871,-0.06448207835054147,-1.0364336425375131,-0.6515377383555188,1.6802342290908596,-0.35555133674389167,-0.5555237515561613,1.718940734319244,-0.9053707861626996,0.7131027396969218,0.39891390884912803,0,0,0,0,1,0,0,0,1,0,0,0,0,0,0,0,0,0,0,0,0,0,1,0,0,0,0,0,1,0,0,0,0,0,0,0,0,0,0,0,0,0,0,1,0,0,0,0,0,0,0,0,1,0,0,1,0,0,0,0,0,0,0,0,0,1,1,0,0,0,0,0,1,0,1,0,0,0,0,1,0,0,0,0,0,0,0,0,0,0,0,1
-0.6601503770876779,-0.8699920745999167,-1.0399656435679563,-0.8657661781860898,-0.4794758203104481,-0.9019267788874382,-0.05362398699905444,-1.3880460333966407,1.1400563019893057,-1.2101737191482849,0.461837853772224,-1.5237067939469142,1.6880757516249225,0.8720251071600064,1.3133534303801258,1.1544727699879236,-1.542751982809869,-0.6515377383555188,-1.3133534303801366,-0.6895506554351768,-2.749839725922302,1.718940734319244,0.9089721027320734,0.9395171918467927,0.39891390884912803,0,0,0,0,0,0,1,0,0,0,0,0,0,0,0,0,0,0,0,0,0,0,0,1,0,0,0,0,0,1,0,0,0,0,0,0,0,0,0,0,0,0,0,0,1,0,0,0,0,0,0,0,1,0,0,0,0,0,0,0,1,0,0,0,0,0,0,0,0,0,0,1,0,0,1,0,0,0,0,0,1,0,0,0,0,0,0,0,0,0,0,1
-0.8774366217514473,-1.3078340849672627,-0.22238259044849376,1.1511136341677983,-0.4794758203104481,-0.9019267788874382,-1.7090149419589118,-0.09268992591325557,1.1400563019893057,0.009759465477002306,-0.4384308670313317,0.0689923659239828,1.6880757516249225,0.8720251071600064,0.4818013027492934,-0.7881084976361014,0.48252137827955527,-0.6515377383555188,-0.48180130274930427,-1.8935016879270181,-0.7749553489927752,1.2618804456652244,-0.3610679194942681,0.27491712964917703,0.39891390884912803,1,0,0,0,0,1,0,0,0,0,0,0,0,0,0,1,0,0,0,0,0,0,0,0,0,1,0,0,0,0,0,0,0,0,0,0,0,0,0,0,0,0,0,0,0,0,0,0,0,0,0,0,0,0,1,0,0,0,0,1,1,0,0,0,0,0,0,0,0,0,0,1,0,1,0,0,0,0,0,0,0,0,1,0,0,0,0,0,0,0,1,0
1.3215001742458996,1.6475994850123232,-1.0399656435679563,-1.410009441583508,-0.4794758203104481,1.1979899039608806,-0.612540933082275,1.634451550731258,1.1400563019893057,1.2296926501022896,-0.4384308670313317,1.038550541752727,1.057672900063056,0.30837047150903235,0.3154908772231269,-0.8242339544918396,0.9888397185519114,1.5348305111596448,-0.3154908772231378,0.41860212285838916,0.840859141222292,0.8879220276755714,-1.4001915740430917,1.282519998269829,0.9838316637598726,0,1,0,1,1,1,0,0,0,0,0,0,0,0,0,0,0,0,0,1,0,0,0,0,0,0,0,0,0,0,0,0,0,0,0,0,0,0,0,0,0,0,1,0,0,0,0,1,0,0,0,0,0,0,0,0,0,0,1,0,0,0,0,1,0,0,0,0,1,0,0,0,0,0,1,0,1,0,0,0,0,0,0,0,0,0,0,0,0,0,0,1
-0.8252879230321427,-1.0889130797835898,1.412783515790431,-1.020819371131115,2.1334714293377703,-0.9019267788874382,0.9538505081700629,0.7708808124090012,1.1400563019893057,0.009759465477002306,1.3621065745757797,1.8707717243879707,1.8995924978726542,1.0611460704376359,-1.680234229090871,-0.6234955911388201,0.9888397185519114,1.5348305111596448,1.6802342290908596,0.04317653208136333,0.840859141222292,0.8879220276755714,-1.4001915740430917,1.894092061763896,1.5687494186706172,0,1,0,0,0,0,1,0,0,0,0,0,0,0,0,0,0,0,0,0,0,0,0,0,0,0,0,0,0,0,0,0,0,0,0,1,0,0,0,0,0,0,0,0,0,0,0,0,0,0,0,0,1,0,1,0,0,0,0,1,1,0,0,0,0,0,0,0,0,0,1,0,0,0,0,1,0,0,0,0,0,0,1,0,0,0,0,0,0,1,0,0
-1.755273050193076,-2.0740576031101186,-0.22238259044849376,-0.2721878079425261,1.2624890127883643,-0.9019267788874382,-0.9934588517504572,1.4905230943442151,-0.8238649762007128,0.009759465477002306,1.3621065745757797,-0.6976350289173499,0.13695294580822487,-0.08788297535838174,-0.8486821014600384,-0.1460436768186514,1.4951580588242674,1.5348305111596448,0.8486821014600274,-1.3730841448498996,-1.1041027451476964,0.5762900126841938,0.45538638050838015,-0.12715411324949644,0.39891390884912803,1,0,0,1,0,0,1,0,0,0,0,0,1,0,0,0,0,0,0,0,0,0,0,0,0,0,0,0,0,0,0,0,1,0,0,0,0,0,0,0,0,0,0,0,1,0,0,0,0,1,0,0,1,0,1,0,0,0,1,0,0,0,0,0,0,1,1,0,0,0,0,0,0,0,0,1,1,0,0,0,0,0,0,0,0,0,0,0,0,0,0,1
-0.0517488920291234,-0.5416105668244071,-0.22238259044849376,1.3112478514059493,-0.4794758203104481,-0.9019267788874382,-1.0076987739436603,0.914809268796044,-0.8238649762007128,0.009759465477002306,-0.4384308670313317,0.42360878118481315,0.43556482286384585,2.0168161481766935,-0.6823716759338719,-0.1672720380637759,-0.5301153022651569,-0.6515377383555188,0.6823716759338609,-1.3834407128713349,-0.7749553489927752,-0.7948908532778661,1.2718406805110285,0.6696192202010257,-0.7709216009723612,0,1,1,0,1,0,0,0,0,0,0,0,0,0,0,1,0,0,0,0,0,0,0,0,0,0,0,0,0,0,0,0,0,0,1,0,0,0,0,0,0,0,0,0,1,0,0,0,0,1,0,0,1,0,0,0,0,0,1,0,0,0,0,0,0,1,0,1,0,0,0,0,0,1,0,1,0,0,0,0,1,0,0,0,0,0,0,0,0,1,0,0
-0.8426708226052443,-0.7605315720080802,-1.0399656435679563,-0.3425026279989916,1.2624890127883643,2.045135779434732,0.9538505081700629,-0.524475295074384,-0.8238649762007128,0.009759465477002306,1.3621065745757797,-1.3638219361992567,-1.4535700382310894,-1.8646664790927492,0.8144221538016264,-0.023142638031088486,-1.0364336425375131,-0.6515377383555188,-0.8144221538016372,2.1688621184809374,1.1999290279367514,-0.7948908532778661,-0.3610679194942681,-1.642164103926042,0.39891390884912803,0,1,0,0,1,0,0,0,0,0,0,0,0,0,0,0,1,0,0,0,0,0,0,0,0,0,0,0,0,0,0,0,0,0,0,0,0,0,0,0,0,0,1,0,1,0,0,0,0,0,1,0,0,1,0,0,1,0,0,1,0,0,0,1,0,0,0,0,0,0,0,0,1,0,0,0,0,0,0,0,1,0,0,0,0,0,0,0,0,0,1,0
0.4175893964446186,0.005691946134775455,-1.0399656435679563,0.22870284495387846,3.4399450541618797,-0.9019267788874382,-0.23162301441409283,0.4830238996349156,1.1400563019893057,-1.2101737191482849,1.3621065745757797,0.9114625779020249,-0.3026700954125504,0.19341459186968896,0.8144221538016264,-0.2711792799478064,0.9888397185519114,1.5348305111596448,-0.8144221538016372,-0.8190077557031168,1.1999290279367514,-0.7948908532778661,-0.3610679194942681,0.0607283527970323,0.9838316637598726,0,0,0,1,1,0,1,0,0,0,0,0,0,0,0,0,0,0,0,0,0,0,0,1,0,0,0,0,0,1,0,0,0,0,0,0,0,0,0,0,0,0,0,0,1,0,0,0,0,0,0,0,0,0,1,0,0,0,1,0,0,0,0,0,0,0,0,0,0,0,1,0,1,0,0,0,0,0,0,0,0,0,1,0,0,0,0,0,0,0,0,0
0.8608533355587084,0.4435339565021215,-0.22238259044849376,-2.3987194026222305,2.5689626376124735,0.6380121218679955,-1.2355375290349095,1.2026661815701296,-0.8238649762007128,1.2296926501022896,-1.3386995878348875,-0.1523866678804662,-0.14714307611274782,0.47153365551326165,1.3133534303801258,0.40924556206697377,-0.023796961992800816,-0.6515377383555188,-1.3133534303801366,-0.4384038809153733,-0.5555237515561613,-0.5663607089508563,0.9089721027320734,1.866023205485054,-0.7709216009723612,0,1,0,1,0,0,0,0,0,0,0,0,0,0,0,0,1,0,0,0,0,0,0,0,0,0,0,1,0,0,0,0,0,0,0,0,0,0,0,0,0,0,0,0,1,0,0,0,0,1,0,1,0,0,1,0,0,1,0,0,0,0,0,0,0,0,0,0,0,0,0,1,1,0,1,0,0,0,0,0,0,0,0,0,1,0,0,0,0,1,0,0
-0.8948195213245489,-0.7605315720080802,-1.0399656435679563,-1.4803242616399732,-0.4794758203104481,0.9862034350924176,-0.12838357851337057,-1.1001891206225551,-0.8238649762007128,-1.2101737191482849,1.3621065745757797,0.26372392343715556,-0.6303136827374678,-0.3924895688727709,0.8144221538016264,-0.0015418493956986387,0.9888397185519114,1.5348305111596448,-0.8144221538016372,0.6179660572710166,1.1999290279367514,-0.7948908532778661,-0.3610679194942681,0.20042495522612314,-0.18600384606161657,0,0,1,0,1,0,0,1,0,0,0,0,0,0,0,0,0,0,0,0,0,1,0,0,0,0,0,0,0,0,0,0,0,0,0,0,0,0,0,0,0,1,0,0,1,0,0,0,0,1,0,0,0,0,1,0,0,0,0,0,0,0,0,1,0,0,1,0,0,0,0,0,1,0,0,1,0,0,0,0,0,0,0,0,0,0,1,0,0,0,0,1
2.1037306550354695,1.9759809927878327,1.412783515790431,0.47861548337134996,-0.4794758203104481,0.6308329195334713,-1.3565768676771357,-0.23661838230029839,1.1400563019893057,-1.2101737191482849,-1.3386995878348875,-0.23642870849141445,1.0701150616070403,0.31949523405477526,1.1470430048539593,1.2524211736277084,0.9888397185519114,1.5348305111596448,-1.1470430048539701,-0.53161299310829,-0.7749553489927752,1.2618804456652244,-0.3610679194942681,0.07962689206678233,-0.7709216009723612,1,0,0,0,1,1,0,0,0,0,0,0,0,0,0,0,0,0,0,0,0,0,0,0,0,0,0,0,0,0,0,0,0,0,0,0,0,0,0,0,1,0,0,0,0,0,1,0,0,0,0,0,0,0,0,1,0,0,0,1,0,0,0,1,0,0,0,0,0,1,0,0,0,0,0,0,0,0,0,0,0,0,1,0,0,0,0,0,0,0,1,0
1.0955224797955794,0.9908364694613041,-0.22238259044849376,1.5130136870458295,-0.4794758203104481,-0.9019267788874382,0.9538505081700629,-0.23661838230029839,-0.8238649762007128,0.009759465477002306,1.3621065745757797,0.9155621896391443,-0.30059640182188635,0.19712284605160324,0.14918045169696045,0.5034696918041054,-0.023796961992800816,-0.6515377383555188,-0.14918045169697136,0.04317653208136333,1.1999290279367514,-0.7948908532778661,-0.3610679194942681,-0.2911276142673597,0.39891390884912803,0,1,1,0,1,1,0,0,0,0,0,0,0,0,1,0,0,0,0,0,0,0,0,0,0,0,0,0,0,0,0,0,0,0,0,0,0,0,0,1,0,0,0,0,0,0,0,0,0,1,0,0,1,0,0,0,0,0,0,0,0,0,0,0,1,0,0,0,0,0,0,1,0,1,1,0,0,0,0,1,0,0,0,0,0,0,0,0,0,0,1,0
0.06123995519603672,-0.21322905904889758,1.412783515790431,0.16072365703215635,1.2624890127883643,0.6128849136971609,-0.24942291715559667,1.4905230943442151,1.1400563019893057,0.009759465477002306,-1.3386995878348875,-0.30612210802244466,-0.3026700954125504,0.19341459186968896,0.6481117282754599,-1.2119308677580607,0.48252137827955527,-0.6515377383555188,-0.6481117282754707,0.26066446053150244,-0.5555237515561613,-0.5663607089508563,0.9089721027320734,-0.10188197420636477,-0.18600384606161657,0,1,1,0,0,0,0,0,0,0,1,1,0,0,0,0,0,0,0,0,0,0,0,0,0,0,0,0,0,0,0,0,0,0,0,0,0,0,0,1,0,0,0,1,0,0,0,0,0,0,0,0,0,0,0,1,0,0,0,1,0,0,0,0,0,1,0,0,1,0,0,0,0,1,1,0,0,0,0,0,0,1,0,0,0,0,0,0,0,0,0,1
-0.27772658647944365,-0.6510710694162436,-0.22238259044849376,0.834082303878247,2.1334714293377703,0.5805785031918022,-0.5413413221162596,0.4830238996349156,1.1400563019893057,-1.2101737191482849,-0.4384308670313317,0.03004605442134826,0.037415653456351235,-0.6038600572418862,-1.014992526986205,-1.3746816373040154,-0.5301153022651569,-0.6515377383555188,1.014992526986194,0.025052538043851737,0.840859141222292,0.8879220276755714,-1.4001915740430917,-0.6177745170397333,-0.18600384606161657,0,0,0,0,0,0,1,0,0,0,0,0,0,0,0,0,0,0,0,0,0,0,0,0,0,0,0,0,0,0,0,0,0,0,0,0,0,0,1,0,0,0,0,0,0,0,0,1,0,0,0,0,1,0,0,1,0,0,0,0,1,0,0,0,0,0,0,0,1,0,0,0,0,0,0,0,0,0,0,0,0,0,0,0,0,1,0,0,0,0,0,0
0.9738421827838685,0.771915464277631,-1.0399656435679563,-0.14942370486025927,2.5689626376124735,-0.9019267788874382,-0.8617395714633288,0.19516698686083,-0.8238649762007128,-1.2101737191482849,-0.4384308670313317,-0.2302792908857353,1.0825572231510245,0.33061999660051816,-0.8486821014600384,-1.2648155571757393,0.48252137827955527,-0.6515377383555188,0.8486821014600274,-1.2772858906516242,-0.7749553489927752,1.2618804456652244,-0.3610679194942681,0.3228953234180863,-1.355839355883106,0,1,0,0,0,0,0,0,0,1,0,0,0,0,0,0,0,0,0,1,0,0,0,0,0,0,0,0,0,0,0,0,0,0,0,0,1,0,0,0,0,0,0,0,0,0,0,1,0,1,0,0,1,0,1,0,0,0,0,0,1,0,0,0,0,0,0,0,0,0,0,0,1,0,0,1,0,0,0,0,0,0,0,0,0,0,0,0,0,0,0,0
2.008124707383411,2.304362500563342,-1.0399656435679563,-0.7863956616072006,1.6979802210630675,1.736430079050193,-0.5876210692441697,1.634451550731258,-0.8238649762007128,1.2296926501022896,-0.4384308670313317,-0.4496085188216246,0.6387867947489212,0.4890154252280005,0.3154908772231269,-0.6454688071644753,0.48252137827955527,-0.6515377383555188,-0.3154908772231378,0.8250974176997206,-1.1041027451476964,0.5762900126841938,0.45538638050838015,0.6211827232723509,-0.18600384606161657,0,1,0,1,1,0,0,0,0,0,0,0,0,0,0,0,0,0,1,0,0,0,0,0,0,0,0,0,1,0,0,0,0,0,0,0,0,0,0,0,0,0,0,0,1,0,0,0,0,1,0,0,0,0,0,1,0,0,0,0,0,0,0,0,0,1,0,0,0,0,0,0,0,0,1,0,0,0,0,0,0,0,0,1,0,0,0,0,0,0,0,1
1.2172027768072902,1.3192179772368136,-0.22238259044849376,-1.2152505023478557,-0.4794758203104481,-0.9019267788874382,-0.42386196402233434,0.914809268796044,1.1400563019893057,1.2296926501022896,0.461837853772224,2.0429554173469864,0.871040476903293,0.4487543798243595,0.14918045169696045,-0.8670631043723539,-1.542751982809869,-0.6515377383555188,-0.14918045169697136,-0.9588214239924919,1.8075857592996827,0.3126013846145672,-1.7427598118064396,1.4123069522083582,1.5687494186706172,0,0,0,0,0,0,0,0,0,1,0,0,0,0,0,0,0,0,0,0,0,1,0,0,0,0,0,0,0,0,0,0,0,0,0,0,1,0,0,0,0,0,0,1,0,0,0,0,0,0,0,0,1,0,0,0,0,1,0,0,1,0,0,0,0,0,0,0,1,0,0,0,1,0,0,1,0,1,0,0,0,0,0,0,0,0,0,0,0,1,0,0
0.00039980669018126864,0.11515244872661197,1.412783515790431,2.0922914324643886,-0.4794758203104481,-0.9019267788874382,-0.8012199021422157,-0.6684037514614268,-0.8238649762007128,0.009759465477002306,-0.4384308670313317,-0.6627883291518347,0.20745852789080205,-0.2293263848685416,-1.347613378038538,1.1589418986711075,0.48252137827955527,-0.6515377383555188,1.3476133780385269,-1.2332704765605245,-0.9544902923500049,0.8879220276755714,0.08427078959808616,-0.7156188643298256,-0.7709216009723612,0,1,1,0,1,0,0,1,0,0,0,0,0,0,0,0,1,0,0,0,0,0,0,0,0,0,0,0,0,0,0,0,0,1,0,0,0,0,0,0,0,0,0,0,0,0,0,0,0,1,0,1,0,0,0,1,0,0,0,0,0,0,0,1,0,0,0,0,0,0,0,0,0,1,0,0,1,0,0,0,0,0,0,0,0,0,0,0,0,0,1,0
0.6435670908949389,0.8813759668694676,-1.0399656435679563,0.11720714252168617,-0.4794758203104481,-0.9019267788874382,-0.46302175005364277,1.3465946379571725,-0.8238649762007128,1.2296926501022896,0.461837853772224,-0.3245703608394821,-0.32133333772852674,0.4699444037210127,0.8144221538016264,-0.842110469224576,-1.542751982809869,-0.6515377383555188,-0.8144221538016372,-0.9873019860514387,-0.7749553489927752,-0.7948908532778661,1.2718406805110285,0.07120916691189863,0.39891390884912803,1,0,0,1,1,0,0,0,0,1,0,0,0,0,0,0,1,0,0,0,0,0,0,0,0,0,0,0,0,0,0,0,0,0,0,0,0,0,0,0,1,0,0,1,0,0,0,0,0,1,0,1,0,0,0,0,0,0,0,0,0,0,0,0,1,0,0,1,0,0,0,0,0,0,0,1,0,0,0,0,0,0,0,0,0,0,0,1,0,0,0,1
1.9994332575968603,1.9759809927878327,1.412783515790431,0.6824301191294256,-0.4794758203104481,-0.9019267788874382,0.9538505081700629,0.4830238996349156,1.1400563019893057,0.009759465477002306,1.3621065745757797,0.739278884943009,0.7549136358261072,0.33009024600310183,-0.349750824881539,0.21670060129979188,0.9888397185519114,1.5348305111596448,0.34975082488152803,0.04317653208136333,0.5416342356269089,0.5762900126841938,-0.9053707861626996,0.11287623687924053,1.5687494186706172,0,1,0,1,1,0,0,1,0,0,0,0,0,0,0,0,0,0,0,0,0,0,0,1,0,0,1,0,0,0,0,0,0,0,0,0,0,0,0,0,0,0,0,0,0,0,0,0,0,0,0,1,0,0,0,0,0,0,1,0,0,0,0,1,0,0,1,0,0,0,0,0,0,0,0,0,0,0,0,0,0,0,0,0,1,0,0,0,0,0,0,0
0.04385705562293516,-0.3226895616407341,1.412783515790431,-0.135286984044711,-0.4794758203104481,-0.9019267788874382,0.9538505081700629,0.7708808124090012,1.1400563019893057,0.009759465477002306,1.3621065745757797,0.15303440653493106,0.1618372688961933,0.5907275399319357,1.4796638559062922,-1.0845607002873137,-1.542751982809869,-0.6515377383555188,-1.4796638559063031,0.04317653208136333,-0.28123425476039365,-0.28069802854209364,0.45538638050838015,0.3946325130232825,1.5687494186706172,1,0,0,0,0,0,0,0,1,0,0,0,1,0,0,0,0,0,0,0,0,0,0,0,0,0,0,1,0,0,0,0,0,0,0,0,0,0,0,0,0,0,0,0,0,0,0,1,0,0,0,1,0,0,0,1,0,0,0,0,0,0,1,0,0,0,0,1,0,0,0,0,1,0,1,0,0,0,0,0,0,0,1,0,0,0,0,0,0,1,0,0
0.4002064968715171,0.4435339565021215,1.412783515790431,1.1582024825767545,-0.4794758203104481,0.45494246233762925,0.9538505081700629,-1.3880460333966407,-0.8238649762007128,-1.2101737191482849,1.3621065745757797,0.6695854854119787,0.68440805374353,0.2580441647544811,-0.5160612504077055,1.6106963230629676,-1.0364336425375131,-0.6515377383555188,0.5160612504076945,1.0218722101069893,0.5416342356269089,0.5762900126841938,-0.9053707861626996,-0.08353030762393698,-0.18600384606161657,0,0,0,1,1,0,0,0,0,1,0,0,0,0,0,0,0,0,0,0,0,1,0,0,0,0,0,0,0,0,0,1,0,0,0,0,0,0,0,0,0,0,0,0,1,0,0,0,0,1,0,0,0,0,1,0,0,1,0,0,0,0,0,1,0,0,0,1,0,0,0,0,0,0,1,0,0,0,0,0,1,0,0,0,0,0,0,0,0,0,0,1
-1.2424775127865801,-1.5267550901509357,1.412783515790431,-1.0995752476745455,-0.4794758203104481,-0.9019267788874382,0.9538505081700629,-1.5319744897836836,1.1400563019893057,0.009759465477002306,-1.3386995878348875,-0.6955852230487901,-0.696671877638717,-0.7251729440502255,-0.8486821014600384,0.5500231155872731,-0.023796961992800816,-0.6515377383555188,0.8486821014600274,0.04317653208136333,-0.28123425476039365,-0.28069802854209364,0.45538638050838015,-0.44907526608851644,-0.18600384606161657,1,0,0,0,0,0,0,0,0,1,0,0,0,0,0,0,0,1,0,0,0,0,0,0,0,0,0,0,0,0,1,0,0,0,0,0,0,0,0,0,0,0,0,1,0,0,0,0,0,0,0,1,0,0,1,0,0,0,0,0,0,0,0,0,0,1,0,0,1,0,0,0,0,1,0,0,0,0,0,1,0,0,0,0,0,0,0,0,0,0,0,1
-1.0773399668421153,-1.1983735823754262,-0.22238259044849376,1.9839099062118533,-0.4794758203104481,-0.9019267788874382,0.29169412618612006,-1.244117577009598,-0.8238649762007128,-1.2101737191482849,-0.4384308670313317,-0.761179010842701,-0.763030072539966,-0.6298178365152863,0.9807325793277929,-1.7478538823498881,-1.0364336425375131,-0.6515377383555188,-0.9807325793278037,-0.4384038809153733,-0.5555237515561613,-0.5663607089508563,0.9089721027320734,-0.9962019457985932,-1.355839355883106,0,0,0,1,0,1,0,0,0,0,0,0,0,0,1,0,0,0,0,0,0,0,0,0,0,0,0,0,0,0,0,0,1,0,0,0,0,0,0,0,0,0,0,0,0,0,0,1,0,1,0,1,0,0,0,0,0,0,0,1,0,0,0,1,0,0,0,0,1,0,0,0,1,0,1,0,0,0,0,1,0,0,0,0,0,0,0,0,0,0,0,1
-1.555369705102408,-0.10376855645706107,-0.22238259044849376,1.1657830430140779,2.5689626376124735,0.5662200985227538,0.9538505081700629,-1.6759029461707264,-0.8238649762007128,0.009759465477002306,-0.4384308670313317,-1.425316112256048,-1.3353695035632396,-1.8567202201315043,-1.680234229090871,0.849082309970343,-1.0364336425375131,-0.6515377383555188,1.6802342290908596,1.102135612273112,-0.5555237515561613,1.718940734319244,-0.9053707861626996,-1.6633492337607425,-0.7709216009723612,0,1,1,0,1,1,0,0,0,0,0,0,0,0,0,0,0,0,0,0,0,0,0,0,0,0,0,0,0,0,0,0,0,0,0,0,0,1,0,0,0,0,0,0,0,0,0,1,0,0,1,0,0,1,0,0,1,0,0,0,0,0,0,0,1,0,0,0,1,0,0,0,0,0,0,1,0,0,0,0,0,0,0,0,0,0,0,1,0,0,0,1
-1.7378901506199744,-1.0889130797835898,-1.0399656435679563,0.514141677420858,1.6979802210630675,-0.9019267788874382,-1.8158143584079347,-1.1001891206225551,-0.8238649762007128,-1.2101737191482849,0.461837853772224,-1.3515231009878983,-1.4473489574590974,-1.8535417165470063,0.4818013027492934,-0.0320808953974567,0.9888397185519114,1.5348305111596448,-0.48180130274930427,-1.9711759480877822,1.1999290279367514,-0.7948908532778661,-0.3610679194942681,-1.6537753881633808,-0.7709216009723612,0,0,1,0,1,0,1,0,0,0,0,0,0,0,0,0,0,0,0,0,0,0,1,0,0,0,0,0,0,0,0,1,0,0,0,0,0,0,0,0,0,0,0,0,1,0,0,0,0,0,1,0,0,1,0,0,1,0,0,1,0,0,0,1,0,0,0,1,0,0,0,0,0,0,1,0,0,0,0,0,0,0,1,0,0,0,0,0,0,0,0,1
-1.4945295565965526,-1.0889130797835898,-1.0399656435679563,0.780895452809895,-0.4794758203104481,-0.9019267788874382,-0.673060602403388,-0.09268992591325557,1.1400563019893057,1.2296926501022896,-1.3386995878348875,0.6367885915150233,-0.4416075659870407,0.22414012651983603,0.14918045169696045,-0.06336479617974544,-0.5301153022651569,-0.6515377383555188,-0.14918045169697136,-1.1400613643676079,0.840859141222292,-0.9818700622726926,0.08427078959808616,-0.15056448829074803,0.39891390884912803,0,1,0,0,1,0,0,0,1,0,0,0,0,0,0,0,0,0,0,0,0,0,0,0,0,0,0,0,0,0,0,0,0,0,0,0,0,0,0,0,1,0,0,0,0,1,0,0,0,0,0,0,0,0,1,0,0,0,0,0,1,0,0,0,0,0,0,0,0,0,0,0,0,1,0,0,0,0,0,0,0,0,0,0,0,1,0,0,0,0,1,0
-0.6862247264473302,-0.8699920745999167,-1.0399656435679563,-0.1456539126427804,-0.4794758203104481,1.086712267775756,-0.48438163334344736,-1.1001891206225551,-0.8238649762007128,0.009759465477002306,0.461837853772224,-1.5237067939469142,-1.3353695035632396,-1.8312921914555205,-0.349750824881539,-1.473374895724331,0.9888397185519114,1.5348305111596448,0.34975082488152803,0.4315478328851831,-2.749839725922302,1.718940734319244,0.9089721027320734,-1.6335090222891806,-0.18600384606161657,1,0,0,1,1,0,0,1,0,0,0,0,0,0,0,0,0,1,0,0,0,0,0,0,0,0,0,0,0,0,0,0,0,0,0,0,1,0,0,0,0,0,0,0,0,0,0,0,1,0,0,0,0,1,0,0,1,0,0,0,1,0,0,0,0,0,0,0,0,0,0,0,0,1,1,0,0,0,0,0,0,0,0,0,0,1,0,0,0,0,0,1
0.6261841913218373,0.6624549616857945,-1.0399656435679563,-1.2633153531207193,-0.4794758203104481,0.6954457405441888,-1.2319775484866087,-0.09268992591325557,1.1400563019893057,-1.2101737191482849,0.461837853772224,1.317324139876848,-0.097374429936811,0.5605317558792049,0.8144221538016264,0.24723964730154993,-1.0364336425375131,-0.6515377383555188,-0.8144221538016372,-0.3943884668242737,1.1999290279367514,-0.7948908532778661,-0.3610679194942681,1.190539961576529,0.39891390884912803,0,0,0,1,0,0,1,0,0,0,0,0,0,0,0,0,1,0,0,0,0,0,0,0,0,0,0,0,0,0,0,0,0,0,0,0,0,0,1,0,0,0,0,0,0,0,0,1,0,0,0,0,0,0,1,0,0,1,0,0,0,0,0,1,0,0,1,0,0,0,0,0,1,0,1,0,0,0,0,0,1,0,0,0,0,0,0,0,0,0,1,0
-0.4863213813566623,-0.9794525771917532,-1.0399656435679563,0.8803032345447345,-0.4794758203104481,1.1620938922882595,-2.378291285039456,-1.1001891206225551,1.1400563019893057,1.2296926501022896,0.461837853772224,-0.6914856113116707,-0.6925244904573888,-0.7188159368812296,-1.347613378038538,-0.029473903665599304,-0.023796961992800816,-0.6515377383555188,1.3476133780385269,-0.8915037318531631,-0.28123425476039365,-0.28069802854209364,0.45538638050838015,-0.8808308957370896,1.5687494186706172,0,1,0,0,0,0,0,0,0,1,0,0,0,0,1,0,0,0,0,0,0,0,0,0,0,0,0,1,0,0,0,0,0,0,0,0,0,0,0,0,0,0,0,0,0,1,0,0,0,0,0,0,1,0,1,0,0,0,0,1,0,0,0,0,0,0,0,0,0,0,1,0,0,0,0,0,0,0,0,1,0,0,0,0,0,0,0,0,0,0,0,1
0.15684590284809527,-0.10376855645706107,1.412783515790431,-0.40335199150939377,-0.4794758203104481,-0.9019267788874382,-1.3423369454839327,1.2026661815701296,-0.8238649762007128,1.2296926501022896,0.461837853772224,-0.14623725027478707,-0.14092199534075572,0.48265841805900456,-0.6823716759338719,-0.8558902826643936,1.4951580588242674,1.5348305111596448,0.6823716759338609,-1.626820061375062,-0.5555237515561613,-0.5663607089508563,0.9089721027320734,0.343418516792507,0.39891390884912803,1,0,0,0,1,0,0,0,1,0,0,0,0,0,0,0,1,0,0,0,0,0,0,0,0,0,0,0,0,0,0,0,0,1,0,0,0,0,0,0,0,0,0,1,0,0,0,0,0,1,0,0,0,0,0,1,0,0,0,1,1,0,0,0,0,0,0,1,0,0,0,0,1,0,0,1,0,0,0,0,0,0,0,0,0,0,0,0,0,1,0,0
-1.4945295565965526,-0.10376855645706107,1.412783515790431,-2.8285576674196196,1.6979802210630675,-0.9019267788874382,0.9538505081700629,1.4905230943442151,-0.8238649762007128,-1.2101737191482849,-1.3386995878348875,-1.4335153357302868,-1.4432015702777692,-1.916052287042133,1.6459742814324587,1.0632280593729146,-0.5301153022651569,-0.6515377383555188,-1.6459742814324694,0.04317653208136333,0.5416342356269089,0.5762900126841938,-0.9053707861626996,-1.5878356256883106,-1.9407571107938504,0,0,1,0,1,0,0,0,0,0,0,1,0,0,0,0,0,0,0,0,0,0,0,0,0,0,0,0,0,0,0,0,0,0,0,0,0,1,0,0,0,0,0,0,0,0,1,0,1,0,0,0,0,1,0,0,1,0,0,1,0,0,0,0,0,0,0,0,0,0,0,1,0,1,0,0,0,0,0,0,0,1,0,0,0,0,0,0,0,0,0,1
-1.0947228664152169,-1.3078340849672627,-1.0399656435679563,-0.8011879984605708,-0.4794758203104481,-0.9019267788874382,-1.413536556449948,-1.1001891206225551,-0.8238649762007128,-1.2101737191482849,1.3621065745757797,-1.41096747117613,-1.306337793293943,-1.7761981293242222,0.6481117282754599,1.354093851170147,-1.0364336425375131,-0.6515377383555188,-0.6481117282754707,-1.678602901482238,-0.9544902923500049,0.8879220276755714,0.08427078959808616,-1.5456339629764746,-0.18600384606161657,0,1,0,1,1,0,0,1,0,0,0,0,0,0,0,0,0,1,0,0,0,0,0,0,0,0,0,0,0,0,0,0,0,0,0,0,0,0,0,1,0,0,0,0,1,0,0,0,1,0,0,0,0,1,0,0,1,0,0,1,0,0,0,1,0,0,0,0,1,0,0,0,0,0,0,0,0,0,0,0,0,0,0,0,0,0,0,0,1,0,0,1
0.2959090994329077,0.4435339565021215,-0.22238259044849376,1.098336543123086,1.2624890127883643,-0.9019267788874382,-0.6410207774686811,1.3465946379571725,2.1220169410843153,-1.2101737191482849,-1.3386995878348875,-0.6484396880719168,-0.6489769250534442,-0.19966035141322716,-1.680234229090871,0.7880042179668268,-1.542751982809869,-0.6515377383555188,1.6802342290908596,-1.1167590863193786,-0.7749553489927752,-0.7948908532778661,1.2718406805110285,-0.6399216848862179,-0.18600384606161657,0,1,1,0,1,0,1,0,0,0,0,0,0,0,0,1,0,0,0,0,0,0,0,0,0,0,0,0,1,0,0,0,0,0,0,0,0,0,0,0,0,0,0,0,0,0,0,1,0,0,0,1,0,0,0,1,0,0,0,0,0,0,0,0,0,0,0,1,0,0,0,0,0,0,0,0,0,0,0,0,0,0,0,0,0,1,0,0,0,0,0,1
0.9477678334242161,0.8813759668694676,-0.22238259044849376,1.2283124226214006,-0.4794758203104481,1.391828366993033,-0.9436191240742464,1.2026661815701296,-0.8238649762007128,0.009759465477002306,1.3621065745757797,-0.7734778460540592,-0.016500379900913662,-0.4581786429523957,-1.5139238035647045,-1.513597053872988,0.9888397185519114,1.5348305111596448,1.5139238035646931,0.317625584649396,-0.9544902923500049,0.8879220276755714,0.08427078959808616,-0.726764206724031,0.39891390884912803,1,0,1,0,1,1,0,0,0,0,0,0,0,0,0,0,0,0,0,1,0,0,0,0,0,0,0,0,0,0,0,0,0,0,0,0,0,0,1,0,0,0,0,0,0,0,0,1,0,1,0,0,0,0,0,0,0,0,0,0,0,0,0,1,0,0,0,1,0,0,0,0,0,1,0,0,0,0,0,0,0,0,0,0,0,0,0,0,0,1,0,0
1.1302882789417825,1.209757474644977,-1.0399656435679563,-0.1645848257349052,-0.4794758203104481,0.05649673277153798,-0.7264603106278996,-0.6684037514614268,-0.8238649762007128,1.2296926501022896,-1.3386995878348875,-0.4988038596670577,0.5392495023970475,-0.1551613012302555,0.4818013027492934,-1.0614702020908624,-0.5301153022651569,-0.6515377383555188,-0.48180130274930427,-0.4875975790171905,-0.7749553489927752,1.2618804456652244,-0.3610679194942681,-0.10803201690468393,-0.7709216009723612,0,1,0,1,1,0,0,0,0,1,0,0,0,0,0,0,0,0,1,0,0,0,0,0,0,0,0,0,0,0,0,0,0,0,0,0,0,1,0,0,0,0,0,0,0,0,0,1,0,1,0,1,0,0,0,0,0,1,0,0,1,0,0,0,0,0,1,0,0,0,0,0,0,0,1,0,0,0,1,0,0,0,0,0,0,0,0,0,0,0,1,0
-0.12128049032152963,-0.43215006423257063,-1.0399656435679563,0.9355388857312817,1.6979802210630675,-0.9019267788874382,0.9538505081700629,-1.1001891206225551,-0.8238649762007128,-1.2101737191482849,-0.4384308670313317,-1.3925192183590926,-1.4680858933657377,-1.8567202201315043,-1.1813029525123715,-0.9158510924971137,-1.542751982809869,-0.6515377383555188,1.1813029525123604,0.04317653208136333,0.5416342356269089,-1.1376860697683815,0.45538638050838015,-1.6721675795583177,-1.355839355883106,1,0,1,0,0,0,1,0,0,0,0,0,0,0,0,0,0,0,0,0,0,0,1,0,0,0,0,0,0,0,0,0,1,0,0,0,0,0,0,0,0,0,0,0,0,0,0,0,1,0,0,0,0,1,0,0,1,0,0,0,1,0,0,0,0,0,0,0,0,0,1,0,0,0,0,0,0,0,0,0,0,0,0,0,0,1,0,0,0,0,0,1
-0.08651469117532652,0.2246129513184485,-1.0399656435679563,-0.21551799667324242,-0.4794758203104481,0.9826138339251554,-0.8724195131082311,0.7708808124090012,1.1400563019893057,-1.2101737191482849,0.461837853772224,1.2845272459798927,2.726996240547604,1.2566240408842613,-1.014992526986205,1.2241166919675426,0.48252137827955527,-0.6515377383555188,1.014992526986194,0.07424623614566891,0.07142366969130737,1.555704916942808,-1.294158548068721,1.4572999216634952,0.39891390884912803,0,0,1,0,1,0,0,1,0,0,0,0,0,0,0,0,0,0,0,0,0,0,0,1,0,0,0,0,0,0,0,0,0,0,0,0,0,0,0,0,0,1,0,1,0,0,0,0,0,0,0,1,0,0,1,0,0,0,0,1,0,0,0,0,0,1,0,0,0,0,0,1,1,0,1,0,0,0,0,0,0,0,0,0,0,1,0,0,0,1,0,0
0.7478644883335482,0.8813759668694676,-0.22238259044849376,0.5611001761298952,-0.4794758203104481,-0.9019267788874382,-1.2319775484866087,1.2026661815701296,1.1400563019893057,0.009759465477002306,1.3621065745757797,-0.2446279319656533,1.053525512881728,-0.02590215546067125,-0.5160612504077055,-0.8827050547634983,-0.023796961992800816,-0.6515377383555188,0.5160612504076945,-1.5465566592089393,-0.5555237515561613,1.718940734319244,-0.9053707861626996,-0.14068709219134284,1.5687494186706172,1,0,1,0,1,0,1,0,0,0,0,0,0,1,0,0,0,0,0,0,0,0,0,0,0,0,1,0,0,0,0,0,0,0,0,0,0,0,0,0,0,0,0,0,1,0,0,0,0,0,0,0,1,0,1,0,0,0,0,0,0,0,0,0,0,1,0,0,1,0,0,0,0,1,0,1,1,0,0,0,0,0,0,0,0,0,0,0,0,1,0,0
-1.5466782553158573,0.334073453910285,-0.22238259044849376,0.934555461674548,-0.4794758203104481,0.918001012914438,-0.3384224308631159,-0.23661838230029839,-0.8238649762007128,1.2296926501022896,1.3621065745757797,-0.34916803126219864,0.8420087666339966,0.4190883463690451,-1.5139238035647045,-1.1590461783403823,-1.0364336425375131,-0.6515377383555188,1.5139238035646931,0.4160129808530304,-0.9544902923500049,0.8879220276755714,0.08427078959808616,-0.05326020947764929,0.9838316637598726,0,1,0,0,1,0,0,0,0,0,1,1,0,0,0,0,0,0,0,0,0,0,0,0,0,0,0,0,0,0,0,0,0,0,0,0,0,0,0,0,1,0,0,1,0,0,0,0,0,1,0,0,1,0,0,0,0,0,0,1,0,0,0,1,0,0,0,0,0,0,1,0,0,0,1,0,0,0,0,0,0,0,0,0,0,1,0,0,0,0,1,0
0.4349722960177202,0.2246129513184485,-1.0399656435679563,1.331162188554808,1.6979802210630675,0.6128849136971609,-0.7549401550143058,-0.524475295074384,-0.8238649762007128,1.2296926501022896,0.461837853772224,-0.3409688077879598,0.8585983153593089,0.4360403654863676,-1.014992526986205,0.8256193843836264,-0.5301153022651569,-0.6515377383555188,1.014992526986194,-0.106993704229447,-0.9544902923500049,0.8879220276755714,0.08427078959808616,-0.14748398721099848,0.39891390884912803,0,0,1,0,0,0,0,0,0,0,1,0,0,0,0,1,0,0,0,0,0,0,0,0,0,0,0,0,0,0,0,0,0,0,0,0,0,0,0,1,0,0,0,0,0,1,0,0,0,1,0,0,0,0,1,0,0,0,0,1,1,0,0,0,0,0,0,0,0,0,1,0,0,1,0,0,0,1,0,0,0,0,0,0,0,0,0,0,0,0,1,0
-0.04305744224257262,-0.10376855645706107,-0.22238259044849376,0.10180016563285701,-0.4794758203104481,-0.9019267788874382,-0.9364991629776449,-0.8123322078484696,-0.8238649762007128,-1.2101737191482849,0.461837853772224,0.1325363478493339,-0.696671877638717,-0.29713446133783167,0.3154908772231269,1.4125649514418057,-0.5301153022651569,-0.6515377383555188,-0.3154908772231378,-1.331657872764159,0.840859141222292,-0.9818700622726926,0.08427078959808616,-0.36891490540165855,-0.7709216009723612,0,0,1,0,0,0,1,0,0,0,0,0,0,0,0,0,0,0,0,0,0,0,1,0,0,0,0,0,0,0,0,0,0,0,0,1,0,0,0,0,0,0,0,0,1,0,0,0,0,1,0,0,0,0,0,0,0,0,0,1,0,0,0,0,0,1,1,0,0,0,0,0,1,0,0,0,0,1,0,0,0,0,0,0,0,0,0,0,0,0,1,0
-0.5819273290087209,-0.43215006423257063,-1.0399656435679563,1.6858504650167905,-0.4794758203104481,0.8390297872346721,-1.445576381384655,-1.1001891206225551,-0.8238649762007128,0.009759465477002306,-0.4384308670313317,-1.2777300897197488,-1.2856008573873028,-1.7867931412725488,-0.017129973829206037,-1.097968086336866,-0.5301153022651569,-0.6515377383555188,0.017129973829195105,-0.4461713069314497,0.840859141222292,0.8879220276755714,-1.4001915740430917,-1.6165071476151287,-0.7709216009723612,1,0,1,0,1,0,0,1,0,0,0,0,0,0,0,0,0,0,0,1,0,0,0,0,0,0,0,0,0,0,0,0,0,0,0,0,1,0,0,0,0,0,0,0,0,0,0,0,1,0,0,0,0,1,1,0,0,0,0,1,0,0,0,0,0,1,0,0,0,1,0,0,0,1,0,0,0,0,0,0,0,0,1,0,0,0,0,0,0,0,0,1
-0.6080016783683733,-0.3226895616407341,-0.22238259044849376,0.9875374327310805,-0.4794758203104481,-0.3957930143034845,-0.6303408358237789,0.7708808124090012,1.1400563019893057,1.2296926501022896,-1.3386995878348875,0.45435586921320886,0.4666702267238063,1.0579675668531379,-1.5139238035647045,1.5719638744753721,1.4951580588242674,1.5348305111596448,1.5139238035646931,-0.7439226375477116,-0.28123425476039365,-0.28069802854209364,0.45538638050838015,0.3160673832213429,0.39891390884912803,0,1,1,0,1,0,0,0,0,0,1,0,0,0,0,0,1,0,0,0,0,0,0,0,0,0,0,0,0,0,0,0,0,0,1,0,0,0,0,0,0,0,0,0,0,0,0,0,0,0,0,0,1,0,1,0,0,0,0,0,0,0,0,0,0,1,0,0,0,1,0,0,0,0,0,1,0,0,0,0,1,0,0,0,0,0,0,0,0,1,0,0
-1.1381801153479707,-0.9794525771917532,-1.0399656435679563,-1.8564020113359154,-0.4794758203104481,-0.9019267788874382,0.9538505081700629,0.4830238996349156,1.1400563019893057,-1.2101737191482849,-1.3386995878348875,-1.5237067939469142,0.8295666050900123,0.4063743320310532,1.3133534303801258,-0.9765567571103645,-0.5301153022651569,-0.6515377383555188,-1.3133534303801366,0.04317653208136333,-2.749839725922302,1.2618804456652244,1.2718406805110285,1.1035893834364583,-0.7709216009723612,0,1,0,0,0,0,1,0,0,0,0,0,0,0,0,0,0,0,0,0,1,0,0,0,0,0,0,0,0,0,0,0,0,0,0,0,0,0,1,0,0,0,0,0,0,0,0,0,0,0,0,1,0,0,0,1,0,0,1,0,0,0,0,0,0,1,0,0,0,0,0,1,1,0,0,1,1,0,0,0,0,0,0,0,0,0,0,0,0,0,0,0
0.7391730385469975,0.6624549616857945,1.412783515790431,-0.14340023251276476,-0.4794758203104481,0.7744169662239546,-1.627135389347994,-0.3805468386873412,-0.8238649762007128,1.2296926501022896,-0.4384308670313317,-1.462212617890123,-1.4722332805470657,-1.898040766729978,0.14918045169696045,0.3209802705740877,0.48252137827955527,-0.6515377383555188,-0.14918045169697136,-0.6248221053012069,-0.5555237515561613,-0.5663607089508563,0.9089721027320734,-1.6874251162605909,-0.18600384606161657,0,1,1,0,0,0,0,0,0,1,0,0,0,0,1,0,0,0,0,0,0,0,0,0,0,0,0,0,0,0,0,0,0,0,0,1,0,0,0,0,0,0,0,0,0,0,0,1,0,0,1,0,0,1,0,0,1,0,0,1,0,0,0,0,0,1,0,0,0,0,1,0,0,0,0,0,0,0,0,0,0,1,0,0,0,0,0,0,0,0,1,0
-0.24296078733324053,-0.3226895616407341,-1.0399656435679563,2.497175311822158,1.6979802210630675,0.2754624039745251,-0.8474996492701257,0.7708808124090012,-0.8238649762007128,1.2296926501022896,-0.4384308670313317,-0.6422902704662377,0.24893239970408274,-0.18694633707523525,0.14918045169696045,0.9380924562437597,-0.5301153022651569,-0.6515377383555188,-0.14918045169697136,-0.41769074487250285,-0.9544902923500049,0.8879220276755714,0.08427078959808616,-0.7478998396219033,-0.18600384606161657,0,1,1,0,1,1,0,0,0,0,0,0,0,0,0,0,0,0,0,0,0,0,0,1,0,0,0,0,0,0,0,0,0,0,1,0,0,0,0,0,0,0,0,0,0,0,1,0,0,1,0,1,0,0,0,1,0,0,0,1,0,0,0,0,0,1,0,1,0,0,0,0,1,0,0,1,0,0,0,0,0,0,0,0,0,0,0,0,1,1,0,0
-0.5123957307163146,-0.21322905904889758,1.412783515790431,0.7288149538053685,-0.4794758203104481,-0.9019267788874382,-0.32418250866991283,0.19516698686083,-0.8238649762007128,1.2296926501022896,1.3621065745757797,-0.496754053798498,0.5433968895783756,0.1139520022572396,-0.5160612504077055,1.371597938512618,1.4951580588242674,1.5348305111596448,0.5160612504076945,-0.8863254478424455,-0.9544902923500049,0.8879220276755714,0.08427078959808616,-0.21711151758638025,0.9838316637598726,0,1,1,0,0,0,0,0,0,0,0,0,0,0,0,0,0,0,0,0,0,0,1,0,0,0,0,0,0,0,0,0,0,0,0,0,0,0,0,0,1,0,0,0,0,0,1,0,0,1,0,1,0,0,0,0,0,0,1,0,0,0,0,0,1,0,0,0,0,0,0,0,1,0,1,0,0,0,0,0,0,0,0,0,1,0,0,0,0,0,0,0
-0.3472581847718499,-0.8699920745999167,-1.0399656435679563,-0.580737105742749,-0.4794758203104481,0.6954457405441888,-1.0361786183300663,-0.9562606642355124,-0.8238649762007128,0.009759465477002306,-1.3386995878348875,-1.425316112256048,-1.4349067959151132,-1.8312921914555205,-0.5160612504077055,-1.2227312620757558,-1.542751982809869,-0.6515377383555188,0.5160612504076945,-0.25198565652953975,-0.5555237515561613,-0.5663607089508563,0.9089721027320734,-1.61982373714518,-1.355839355883106,1,0,0,1,0,0,0,0,0,0,0,0,0,0,0,0,0,1,0,0,0,0,0,0,0,0,0,0,0,0,0,0,0,0,0,0,0,0,1,0,0,0,0,0,0,0,0,0,0,0,1,0,0,1,0,0,1,0,0,1,0,0,0,1,0,0,0,0,0,0,0,1,0,1,0,0,0,0,0,0,0,0,0,1,0,0,0,0,0,0,1,0
-0.15604628946773275,-0.10376855645706107,1.412783515790431,-0.15507839318647895,-0.4794758203104481,0.5087864798465604,-1.1928177624553002,1.634451550731258,1.1400563019893057,1.2296926501022896,0.461837853772224,0.8253707314225169,-0.34621766081649513,0.7226354386886016,-1.1813029525123715,-0.5598105074034466,1.4951580588242674,1.5348305111596448,1.1813029525123604,-0.5005432890439845,0.5416342356269089,-1.1376860697683815,0.45538638050838015,0.5138611516066127,1.5687494186706172,0,1,1,0,0,0,0,0,0,1,0,0,0,0,0,0,0,0,0,0,0,0,0,1,0,0,0,0,0,0,0,0,0,0,0,0,0,0,0,0,0,1,0,0,0,0,0,0,0,0,0,0,0,0,0,1,0,0,0,1,0,0,0,0,1,0,0,0,0,0,0,0,0,1,1,0,0,0,0,0,0,0,0,0,0,1,0,0,0,0,0,1
-1.0338827179093615,-0.8699920745999167,1.412783515790431,-0.0889841013734958,3.4399450541618797,-0.9019267788874382,0.9538505081700629,-1.5319744897836836,0.15809566289429652,1.2296926501022896,-0.4384308670313317,1.5264043384699388,0.008383943187054752,0.7496527191568344,-0.349750824881539,-0.28086239209470526,0.48252137827955527,-0.6515377383555188,0.34975082488152803,0.04317653208136333,1.1999290279367514,-0.7948908532778661,-0.3610679194942681,0.6693971435975233,0.39891390884912803,0,0,1,0,0,0,0,0,1,0,0,0,0,0,0,0,0,0,0,0,0,0,1,0,0,0,0,0,0,0,0,0,0,0,0,0,1,0,0,0,0,0,0,0,0,0,0,0,0,0,0,0,0,0,0,0,0,0,1,0,0,0,0,0,0,1,0,0,0,0,0,0,0,0,1,0,0,1,0,0,0,0,0,0,0,0,0,0,0,0,0,1
-0.3646410843449514,-0.6510710694162436,-1.0399656435679563,-1.194393717144627,-0.4794758203104481,0.7385209545513338,0.9538505081700629,0.7708808124090012,2.1220169410843153,1.2296926501022896,-0.4384308670313317,-0.8001253223453355,-0.8024302507625827,-0.5132727050836939,-1.5139238035647045,1.5127479194231828,-1.542751982809869,-0.6515377383555188,1.5139238035646931,1.2264144285303344,-0.7749553489927752,-0.7948908532778661,1.2718406805110285,-0.29183410781328234,1.5687494186706172,0,1,1,0,0,0,0,0,0,0,0,0,0,1,0,0,0,0,0,0,0,0,0,0,0,0,0,0,0,0,0,0,0,0,0,0,0,0,0,0,0,0,0,0,1,0,0,0,0,0,0,1,0,0,0,0,0,1,0,0,1,0,0,0,0,0,0,1,0,0,0,0,0,0,0,0,0,0,0,0,0,0,0,1,0,0,0,0,0,1,0,0
1.6691581657079309,1.9759809927878327,-1.0399656435679563,0.39055805429131285,-0.4794758203104481,-0.9019267788874382,-0.8047798826905165,-1.244117577009598,-0.8238649762007128,0.009759465477002306,1.3621065745757797,-1.425316112256048,-1.4349067959151132,-1.9202902918214637,-0.8486821014600384,0.7254364164022493,-0.023796961992800816,-0.6515377383555188,0.8486821014600274,-1.2358596185658834,0.840859141222292,0.8879220276755714,-1.4001915740430917,-1.6978797402411525,0.39891390884912803,0,0,0,1,1,0,1,0,0,0,0,0,0,0,0,0,0,0,0,0,0,0,1,0,0,0,0,1,0,0,0,0,0,0,0,0,0,0,0,0,0,0,0,0,0,0,0,1,1,0,0,0,0,1,1,0,0,0,0,0,1,0,0,0,0,0,0,0,0,0,0,1,0,1,1,0,0,0,0,0,0,0,0,0,0,0,0,0,1,0,0,1
0.5740354926025326,0.2246129513184485,-0.22238259044849376,-1.7993634160453564,-0.4794758203104481,1.3308051471495776,0.9538505081700629,0.7708808124090012,1.1400563019893057,0.009759465477002306,-0.4384308670313317,-0.5746466768037671,0.385796176687909,0.4434568738501962,1.4796638559062922,1.0285923120782379,0.9888397185519114,1.5348305111596448,-1.4796638559063031,1.6536228594145361,-1.2306978975149736,0.3126013846145672,0.7694072651247837,1.2129997711167,0.39891390884912803,0,0,1,0,1,0,1,0,0,0,0,0,0,0,0,0,0,0,0,0,0,1,0,0,0,0,0,0,0,1,0,0,0,0,0,0,0,0,0,0,0,0,0,0,0,0,1,0,0,0,0,1,0,0,0,1,0,0,0,0,0,0,0,1,0,0,1,0,0,0,0,0,1,0,0,0,0,0,0,0,0,0,0,1,0,0,0,0,0,1,0,0
-0.31249238562564674,0.005691946134775455,-0.22238259044849376,0.5457341752434298,-0.4794758203104481,-0.9019267788874382,-0.5627012054060643,1.634451550731258,1.1400563019893057,0.009759465477002306,1.3621065745757797,-0.7488801756313427,0.03326826627502316,-0.4073225856004281,1.6459742814324587,1.0509379554941585,-1.0364336425375131,-0.6515377383555188,-1.6459742814324694,-1.059797962201485,-0.9544902923500049,0.8879220276755714,0.08427078959808616,-0.5622754092348263,1.5687494186706172,0,0,0,1,0,0,0,0,0,1,0,0,0,0,0,0,1,0,0,0,0,0,0,0,0,0,0,0,0,0,0,1,0,0,0,0,0,0,0,0,0,0,0,0,0,1,0,0,0,0,0,1,0,0,0,0,0,1,0,0,1,0,0,0,0,0,0,0,1,0,0,0,0,1,0,0,0,0,1,0,0,0,0,0,0,0,0,0,0,0,0,1
0.6088012917487358,0.6624549616857945,-0.22238259044849376,0.3979747107191799,-0.4794758203104481,1.0615850596049212,-0.7513801744660049,0.19516698686083,-0.8238649762007128,-1.2101737191482849,-1.3386995878348875,0.87456607226795,-1.5344440882669867,0.4699444037210127,-1.680234229090871,-0.1821691336743896,-0.5301153022651569,-0.6515377383555188,1.6802342290908596,0.21923818844576168,1.1999290279367514,-2.8516621522209564,1.2718406805110285,-0.02236205129851203,-1.9407571107938504,1,0,1,0,0,0,0,1,0,0,0,0,0,0,0,0,0,0,0,0,0,0,1,0,0,0,0,0,0,1,0,0,0,0,0,0,0,0,0,0,0,0,0,0,0,0,1,0,0,1,0,0,1,0,1,0,0,0,0,0,1,0,0,0,0,0,1,0,0,0,0,0,0,1,0,0,0,0,0,0,0,0,0,0,0,0,0,0,0,0,0,0
0.5131953440966772,0.4435339565021215,-0.22238259044849376,0.15420847265629448,-0.4794758203104481,-0.9019267788874382,0.9538505081700629,0.7708808124090012,-0.8238649762007128,1.2296926501022896,1.3621065745757797,1.1861365642890265,-0.1637326248380601,1.1421979118423342,-1.347613378038538,0.7526236158916193,-0.023796961992800816,-0.6515377383555188,1.3476133780385269,0.04317653208136333,0.5416342356269089,-1.1376860697683815,0.45538638050838015,0.7115564367512142,0.9838316637598726,1,0,0,1,0,0,0,0,0,1,0,0,0,0,0,1,0,0,0,0,0,0,0,0,0,0,0,0,0,0,0,0,0,0,0,1,0,0,0,0,0,0,0,1,0,0,0,0,0,1,0,1,0,0,1,0,0,1,0,0,0,0,0,1,0,0,0,0,0,0,1,0,0,1,0,1,0,0,0,0,0,0,0,0,1,0,0,0,0,1,0,0
-0.4515555822104592,-0.6510710694162436,-0.22238259044849376,-1.7029468824830825,-0.4794758203104481,-0.9019267788874382,0.9538505081700629,-1.3880460333966407,-0.8238649762007128,-1.2101737191482849,0.461837853772224,0.015697413341430266,0.022899798321702993,1.5712958957495606,-0.5160612504077055,-0.4357921864450876,0.9888397185519114,1.5348305111596448,0.5160612504076945,0.04317653208136333,-0.9544902923500049,-0.9818700622726926,1.5687331532392639,2.2119527430460693,-0.7709216009723612,0,1,0,0,0,0,1,0,0,0,0,0,0,0,1,0,0,0,0,0,0,0,0,0,0,0,0,0,1,0,0,0,0,0,0,0,0,0,0,0,0,0,0,0,0,0,0,0,0,1,0,1,0,0,1,0,0,0,0,0,1,0,0,0,0,0,0,0,0,0,0,0,0,1,1,0,0,0,0,0,1,0,0,0,0,0,0,0,0,0,0,1
-1.3728492595848418,0.2246129513184485,1.412783515790431,-1.0580665572799066,-0.4794758203104481,0.6667289312060921,-1.4064165953533465,1.634451550731258,1.1400563019893057,0.009759465477002306,1.3621065745757797,1.1615388938663098,2.5403638173878407,0.4196180969664614,-0.1834403993553725,-1.190330079122671,0.48252137827955527,-0.6515377383555188,0.18344039935536155,-0.5419695611297253,0.5416342356269089,2.2902660951367695,-2.2661279528337777,1.419897281290621,1.5687494186706172,0,1,0,0,0,0,0,0,1,0,0,0,0,0,0,0,0,0,1,0,0,0,0,0,0,0,0,0,0,0,0,0,0,0,0,0,0,0,0,0,0,1,0,0,0,0,0,0,0,0,0,1,0,0,0,1,0,0,0,0,0,0,0,1,0,0,0,1,0,0,0,0,0,0,1,0,0,0,0,1,0,0,0,0,0,0,0,0,0,0,0,1
0.6261841913218373,0.771915464277631,1.412783515790431,-0.680554647501228,-0.4794758203104481,-0.9019267788874382,-1.5523757978336779,0.7708808124090012,-0.8238649762007128,0.009759465477002306,0.461837853772224,-0.35326764299931807,-0.3503650479978232,0.10812474568565998,0.3154908772231269,-1.4335251649659393,-1.542751982809869,-0.6515377383555188,-0.3154908772231378,-1.779579439691231,-0.5555237515561613,-0.5663607089508563,0.9089721027320734,0.13649716443227977,-0.18600384606161657,0,1,0,0,1,1,0,0,0,0,0,0,0,0,0,1,0,0,0,0,0,0,0,0,0,0,0,0,1,0,0,0,0,0,0,0,0,0,0,0,0,0,0,0,0,0,0,0,0,1,0,0,0,0,1,0,0,0,0,0,0,0,0,1,0,0,1,0,0,0,0,0,0,0,1,0,0,0,0,0,0,0,0,0,0,0,0,0,1,1,0,0
0.2611433002867046,0.5529944590939581,-1.0399656435679563,2.148223675691123,-0.4794758203104481,-0.9019267788874382,0.9538505081700629,-1.244117577009598,-0.8238649762007128,0.009759465477002306,-1.3386995878348875,-0.08474307421799568,-0.07871118762083469,0.9657909629026966,1.1470430048539593,-0.03655002408064081,-0.023796961992800816,-0.6515377383555188,-1.1470430048539701,0.04317653208136333,-0.7749553489927752,-0.7948908532778661,1.2718406805110285,-0.1765246934869611,-1.355839355883106,1,0,0,1,1,0,0,0,0,0,0,0,0,0,0,0,0,1,0,0,0,0,0,0,0,0,0,0,0,0,0,1,0,0,0,0,0,0,0,0,0,0,0,0,1,0,0,0,0,1,0,0,1,0,0,0,0,0,0,0,0,0,0,0,0,0,0,0,0,0,0,1,0,0,0,0,0,0,0,0,1,0,0,0,0,0,0,0,0,0,0,1
-1.2164031634269277,-0.9794525771917532,1.412783515790431,1.7398568361324207,-0.4794758203104481,-0.9019267788874382,-0.8652995520116296,0.6269523560219584,-0.8238649762007128,1.2296926501022896,-0.4384308670313317,-1.4232663063874884,-1.2296111304393738,-1.8535417165470063,1.6459742814324587,1.416289225344459,0.9888397185519114,1.5348305111596448,-1.6459742814324694,-1.279875032656983,-0.7749553489927752,3.318651744608314,-1.993976519499563,-1.6588271835416926,-0.18600384606161657,0,0,1,0,1,0,0,1,0,0,0,0,0,0,0,0,0,0,0,0,1,0,0,0,0,0,0,0,0,0,0,0,0,0,0,0,0,0,0,0,0,0,0,0,0,1,0,0,1,0,0,0,0,1,1,0,0,0,0,0,0,0,0,1,0,0,0,0,0,0,1,0,0,0,0,0,0,0,0,0,0,0,1,0,0,0,0,0,0,0,0,0
2.1906451529009776,2.5232835057470155,-0.22238259044849376,0.5710573447043249,-0.4794758203104481,2.0630837852710426,-0.8083398632388172,0.19516698686083,1.1400563019893057,0.009759465477002306,1.3621065745757797,-0.3881143427648332,0.7632084101887633,0.6320480865304093,1.1470430048539593,-1.000019682697081,0.9888397185519114,1.5348305111596448,-1.1470430048539701,0.9001825358551258,-1.1041027451476964,0.5762900126841938,0.45538638050838015,0.156662856541285,1.5687494186706172,0,1,1,0,0,0,0,0,1,0,0,0,0,0,0,0,0,0,0,0,1,0,0,0,0,0,0,0,1,0,0,0,0,0,0,0,0,0,0,0,0,0,0,0,0,1,0,0,0,0,0,0,1,0,0,0,0,0,1,0,0,0,1,0,0,0,0,1,0,0,0,0,1,0,0,0,0,0,0,0,0,0,0,0,0,1,0,0,0,0,0,0
-1.2685518621462324,-1.7456760953346089,1.412783515790431,0.8811227545920128,1.6979802210630675,1.1620938922882595,0.9538505081700629,-0.524475295074384,-0.8238649762007128,1.2296926501022896,-0.4384308670313317,-0.5848957061465656,0.36505924078126867,-0.06828220325397757,0.3154908772231269,1.3153614025825513,-1.0364336425375131,-0.6515377383555188,-0.3154908772231378,1.5319331851626727,-0.9544902923500049,0.8879220276755714,0.08427078959808616,-0.3870357788976637,-0.18600384606161657,0,1,0,1,1,0,1,0,0,0,0,0,0,0,0,0,0,0,0,0,0,0,0,1,0,0,0,0,0,0,0,0,0,0,0,0,0,0,1,0,0,0,0,0,0,1,0,0,0,1,0,1,0,0,0,0,0,1,0,0,0,0,0,0,0,0,0,0,0,0,1,0,0,0,0,0,0,0,1,0,0,0,0,0,0,0,0,0,0,0,1,0
2.3557826988454424,2.4138230031551786,-1.0399656435679563,0.03816443396170887,-0.4794758203104481,-0.9019267788874382,-1.164337918068894,1.634451550731258,-0.8238649762007128,-1.2101737191482849,0.461837853772224,0.5056010159272016,0.5185125664904072,0.35075051930233864,-1.1813029525123715,-0.3341195089026492,-0.5301153022651569,-0.6515377383555188,1.1813029525123604,-1.497362961107122,0.28844393089235454,0.3126013846145672,-0.4866762733408288,0.2870348680828361,-0.7709216009723612,0,0,0,1,0,0,0,0,0,1,0,0,0,0,0,1,0,0,0,0,0,0,0,0,0,0,0,0,0,0,0,0,0,0,0,0,1,0,0,0,0,0,0,0,0,0,0,1,0,1,0,0,0,0,0,0,0,1,0,0,0,0,0,1,0,0,1,0,0,0,0,0,0,1,1,0,0,0,0,0,0,0,0,1,0,0,0,0,0,0,0,1
-0.9382767702573028,-1.0889130797835898,-0.22238259044849376,0.07496088408449783,1.6979802210630675,0.8031337755620513,-1.135858073682488,0.4830238996349156,1.1400563019893057,1.2296926501022896,1.3621065745757797,-0.3881143427648332,0.7632084101887633,0.04508442459311683,-0.1834403993553725,-0.6700490149219879,1.4951580588242674,1.5348305111596448,0.18344039935536155,-0.24680737251882215,-0.7749553489927752,1.2618804456652244,-0.3610679194942681,-0.012581672775448752,2.1536671735813617,1,0,1,0,1,1,0,0,0,0,0,0,0,0,0,0,0,0,0,1,0,0,0,0,0,0,0,0,0,0,0,0,0,1,0,0,0,0,0,0,0,0,0,0,1,0,0,0,0,0,0,1,0,0,0,0,0,0,0,0,0,0,0,0,0,0,0,0,0,0,0,1,0,1,0,1,0,0,1,0,0,0,0,0,0,0,0,0,0,0,0,0
-0.9122024208976505,-1.1983735823754262,-1.0399656435679563,0.30315624124909857,-0.4794758203104481,-0.9019267788874382,0.9538505081700629,-1.244117577009598,-0.8238649762007128,1.2296926501022896,0.461837853772224,-0.5008536655356174,0.5351021152157195,-0.15886955541216982,-1.1813029525123715,-0.7449069203653217,-0.023796961992800816,-0.6515377383555188,1.1813029525123604,0.04317653208136333,-0.7749553489927752,1.2618804456652244,-0.3610679194942681,-0.25429973844492715,0.39891390884912803,0,1,0,0,1,0,0,0,1,0,0,0,0,0,0,0,0,0,0,1,0,0,0,0,1,0,0,0,0,0,0,0,0,0,0,0,0,0,0,0,0,0,0,0,0,0,0,1,0,1,0,0,0,0,0,1,0,0,1,0,1,0,0,0,0,0,1,0,0,0,0,0,0,0,0,1,0,0,0,1,0,0,0,0,0,0,0,0,0,0,0,1
-1.442380857877248,-1.1983735823754262,-1.0399656435679563,-0.5468499517877976,1.2624890127883643,1.8979621315769868,0.9538505081700629,-1.1001891206225551,1.1400563019893057,-1.2101737191482849,1.3621065745757797,1.0344509300156077,1.053525512881728,0.6352265901149073,-0.8486821014600384,1.026357747736646,-1.542751982809869,-0.6515377383555188,0.8486821014600274,2.0627072962612267,0.5416342356269089,0.5762900126841938,-0.9053707861626996,0.9302004090285751,0.9838316637598726,0,1,0,1,1,0,0,0,0,1,0,0,0,0,0,0,0,0,1,0,0,0,0,0,0,0,0,0,0,0,0,0,1,0,0,0,0,0,0,0,0,0,0,0,1,0,0,0,0,0,0,0,1,0,1,0,0,0,0,0,0,0,0,0,0,1,0,0,0,1,0,0,0,0,0,1,0,0,0,0,0,0,0,0,0,0,0,0,0,0,0,1
0.4784295449504741,0.5529944590939581,1.412783515790431,1.636515358170646,-0.4794758203104481,-0.9019267788874382,0.9538505081700629,-0.524475295074384,-0.8238649762007128,-1.2101737191482849,-1.3386995878348875,1.8133771600682986,1.8415290773340611,1.871664484484619,-0.5160612504077055,0.7876317905765614,-0.023796961992800816,-0.6515377383555188,0.5160612504076945,0.04317653208136333,0.28844393089235454,0.3126013846145672,-0.4866762733408288,0.8176349131651397,-1.9407571107938504,0,1,1,0,0,0,0,0,0,1,0,0,0,1,0,0,0,0,0,0,0,0,0,0,0,0,0,0,0,0,0,1,0,0,0,0,0,0,0,0,0,0,0,0,0,0,0,0,0,1,0,0,0,0,1,0,0,0,1,0,1,0,0,0,0,0,0,0,1,0,0,0,0,1,0,1,1,0,0,0,0,0,0,0,0,0,0,0,0,0,1,0
0.3219834487925601,0.4435339565021215,-0.22238259044849376,-1.3138387640354172,-0.4794758203104481,-0.9019267788874382,-0.3277424892182136,1.3465946379571725,-0.8238649762007128,0.009759465477002306,-1.3386995878348875,-1.2572320310341516,-1.3996540048738246,-1.7338180815309159,-0.349750824881539,1.25391088318877,0.48252137827955527,-0.6515377383555188,0.34975082488152803,-0.8889145898478044,0.840859141222292,-0.9818700622726926,0.08427078959808616,-1.4669498874437752,-1.355839355883106,1,0,1,0,1,0,0,0,0,0,0,0,0,0,0,0,0,0,0,1,0,0,0,0,0,0,0,0,0,0,0,0,1,0,0,0,0,0,0,0,0,0,0,0,0,1,0,0,0,0,1,0,0,1,0,0,1,0,0,1,0,0,1,0,0,0,0,0,1,0,0,0,0,0,0,1,0,0,0,0,0,0,0,0,0,0,0,0,1,0,0,1
2.0255076069565128,2.085441495379669,1.412783515790431,-0.2637467514555614,-0.4794758203104481,1.4707995926727988,-0.16398338399637824,1.634451550731258,-0.8238649762007128,-1.2101737191482849,-1.3386995878348875,0.7638765553657255,0.7797979589140756,-0.23568339203753752,-0.1834403993553725,-1.1571840413890555,-1.542751982809869,-0.6515377383555188,0.18344039935536155,0.9416088079408665,1.1999290279367514,1.2618804456652244,-1.993976519499563,0.12340549080047603,-1.9407571107938504,1,0,0,1,1,0,0,0,0,0,0,0,1,0,0,0,0,0,0,0,0,0,0,0,0,0,0,0,0,0,1,0,0,0,0,0,0,0,0,0,0,0,0,0,0,1,0,0,0,1,0,0,0,0,0,1,0,0,0,0,0,0,0,1,0,0,0,0,0,1,0,0,0,1,0,0,0,0,0,1,0,0,0,0,0,0,0,0,0,0,0,1
-0.6427674775145763,-0.5416105668244071,-1.0399656435679563,-1.0911751671899441,-0.4794758203104481,-0.9019267788874382,-0.5128614777298535,-0.524475295074384,-0.8238649762007128,0.009759465477002306,1.3621065745757797,-1.3064273718795847,-1.314632567656599,-1.8127509205459489,1.6459742814324587,-0.9758119023298338,0.9888397185519114,1.5348305111596448,-1.6459742814324694,-1.0235499741264618,0.840859141222292,0.8879220276755714,-1.4001915740430917,-1.5381055325721045,0.39891390884912803,0,1,0,0,1,0,0,0,0,1,0,0,0,0,0,0,0,0,0,0,0,1,0,0,0,0,0,0,0,0,0,0,0,0,1,0,0,0,0,0,0,0,0,0,1,0,0,0,1,0,0,0,0,1,0,0,1,0,0,0,1,0,0,0,0,0,0,0,0,0,1,0,1,0,0,1,0,0,0,1,0,0,0,0,0,0,0,0,0,0,1,0
0.5653440428159818,0.2246129513184485,1.412783515790431,0.6793978949544964,-0.4794758203104481,-0.9019267788874382,-0.6979804662414935,1.3465946379571725,-0.8238649762007128,1.2296926501022896,-0.4384308670313317,1.9978596882386728,2.028161500493824,0.7210461868963526,-0.017129973829206037,0.7470372050376392,0.48252137827955527,-0.6515377383555188,0.017129973829195105,-1.1581853584051194,1.1999290279367514,1.2618804456652244,-1.993976519499563,0.6751185657193584,-0.18600384606161657,0,1,0,0,0,0,0,0,0,0,0,0,0,0,0,1,0,0,0,0,0,0,0,0,0,0,0,0,0,0,0,0,0,0,0,0,0,1,0,0,0,0,0,0,0,0,1,0,0,1,0,0,1,0,0,0,0,0,0,0,0,0,0,0,0,1,0,0,0,0,1,0,0,1,0,0,0,0,0,0,0,0,0,0,0,0,1,0,0,0,0,1
-0.8774366217514473,-1.0889130797835898,-1.0399656435679563,-1.3995605609807114,-0.4794758203104481,1.6861756627085238,0.9538505081700629,-0.9562606642355124,-0.8238649762007128,1.2296926501022896,1.3621065745757797,-1.3617721303306969,-1.2068005009420695,-1.758186609012067,-0.017129973829206037,1.020026482102135,-0.023796961992800816,-0.6515377383555188,0.017129973829195105,1.9099479179450576,-0.5555237515561613,1.718940734319244,-0.9053707861626996,-1.4616310969824367,0.9838316637598726,0,1,0,1,1,0,0,0,0,0,0,0,0,0,0,0,0,0,0,1,0,0,0,0,0,0,0,0,0,0,0,0,0,0,0,0,0,0,0,0,0,0,0,0,1,0,0,0,1,0,0,0,0,1,1,0,0,0,0,1,0,1,0,0,0,0,1,0,0,0,0,0,0,0,0,0,0,0,0,0,0,0,0,0,0,0,0,0,0,0,1,0
0.6957157896142435,0.4435339565021215,-1.0399656435679563,-0.5432030875774103,-0.4794758203104481,0.8282609837328859,0.9538505081700629,0.051238530473787215,1.1400563019893057,-1.2101737191482849,-1.3386995878348875,-0.14623725027478707,-0.8376830418038712,-0.5853187863323147,0.3154908772231269,1.370480656341822,0.48252137827955527,-0.6515377383555188,-0.3154908772231378,1.2911429786643043,0.840859141222292,-0.9818700622726926,0.08427078959808616,-0.4419017865484563,-0.7709216009723612,0,0,1,0,1,0,0,0,0,0,1,0,0,0,0,0,0,0,0,1,0,0,0,0,0,0,0,0,0,0,0,0,0,0,1,0,0,0,0,0,0,0,0,0,1,0,0,0,0,0,0,0,1,0,0,1,0,1,0,0,0,0,0,0,0,1,1,0,0,0,0,0,0,0,0,1,0,0,1,0,0,0,0,0,0,0,0,0,0,0,0,0
-0.1299719401080804,0.005691946134775455,1.412783515790431,-1.7143791871426124,-0.4794758203104481,-0.9019267788874382,0.9538505081700629,-0.6684037514614268,1.1400563019893057,1.2296926501022896,-1.3386995878348875,-0.20363181459445903,-0.19898541587934868,0.7199866857015199,-1.347613378038538,0.6051423693465438,0.48252137827955527,-0.6515377383555188,1.3476133780385269,0.04317653208136333,-0.7749553489927752,-0.7948908532778661,1.2718406805110285,1.3429687238918857,0.39891390884912803,0,1,1,0,0,1,0,0,0,0,0,0,0,0,0,0,0,0,0,0,0,0,1,0,0,0,0,0,0,0,0,0,0,0,0,1,0,0,0,0,0,0,0,0,0,1,0,0,0,0,0,1,0,0,1,0,0,0,0,1,0,0,0,0,1,0,0,0,0,1,0,0,1,0,0,1,0,0,0,1,0,0,0,0,0,0,0,0,0,0,1,0
0.5479611432428804,0.4435339565021215,-1.0399656435679563,0.18141653822592943,-0.4794758203104481,0.8569777930709825,0.9538505081700629,-1.6759029461707264,-0.8238649762007128,0.009759465477002306,1.3621065745757797,-1.425316112256048,-1.5344440882669867,-1.9330043061594555,0.9807325793277929,-0.0019142767859639809,-1.0364336425375131,-0.6515377383555188,-0.9807325793278037,1.3118561147071748,2.1873712164015147,-2.8516621522209564,0.45538638050838015,-1.7172433174894852,0.39891390884912803,0,1,1,0,1,0,0,0,0,0,1,0,0,0,0,0,0,0,0,0,0,0,0,0,0,0,0,0,0,0,0,0,0,0,0,0,0,0,0,0,1,0,0,0,0,0,1,0,1,0,0,0,0,1,1,0,0,0,0,0,0,0,0,0,0,0,0,0,1,0,0,0,0,0,0,1,0,0,1,0,0,0,0,0,0,0,0,0,0,0,0,1
-1.4336894080906972,-1.8551365979264454,-1.0399656435679563,-0.3409045639067988,-0.4794758203104481,-0.9019267788874382,0.9538505081700629,0.33909544324787283,-0.8238649762007128,-1.2101737191482849,-0.4384308670313317,1.6862891962175963,0.0892579932229521,1.3090693500284778,0.6481117282754599,1.2337998041144413,0.9888397185519114,1.5348305111596448,-0.6481117282754707,0.04317653208136333,0.840859141222292,-0.9818700622726926,0.08427078959808616,1.203549181313509,-1.355839355883106,1,0,0,1,1,0,0,1,0,0,0,0,0,0,1,0,0,0,0,0,0,0,0,0,0,0,0,0,0,0,0,0,0,0,0,0,0,1,0,0,0,0,0,1,0,0,0,0,0,1,0,1,0,0,0,0,0,0,0,1,0,0,0,1,0,0,0,0,1,0,0,0,0,1,0,1,0,0,0,0,0,0,0,0,0,0,1,0,0,0,0,0
-0.5558529796490685,-0.7605315720080802,-0.22238259044849376,-1.1081392321686017,1.6979802210630675,-0.9019267788874382,0.9538505081700629,0.19516698686083,-0.8238649762007128,1.2296926501022896,1.3621065745757797,1.538703173681297,0.014605023959046854,1.1565011779725751,-1.680234229090871,0.7209672877190652,1.4951580588242674,1.5348305111596448,1.6802342290908596,0.04317653208136333,0.840859141222292,-0.9818700622726926,0.08427078959808616,1.6065318321730409,0.9838316637598726,0,0,1,0,0,1,0,0,0,0,0,0,0,0,0,0,0,0,0,0,1,0,0,0,0,0,0,0,0,1,0,0,0,0,0,0,0,0,0,0,0,0,0,0,1,0,0,0,0,1,0,0,1,0,0,0,0,1,0,0,0,0,0,0,1,0,0,0,0,1,0,0,1,0,1,0,0,0,1,0,0,0,0,0,0,0,0,0,0,0,0,0
0.33936634836566165,0.2246129513184485,-0.22238259044849376,-0.5211170223032638,-0.4794758203104481,-0.2809257769510978,-1.1963777430036011,-1.5319744897836836,-0.8238649762007128,0.009759465477002306,-1.3386995878348875,0.5383979098241571,-0.4913762121629775,-0.1440365386845126,-1.014992526986205,0.6621237600571411,-1.542751982809869,-0.6515377383555188,1.014992526986194,-1.072743672228279,1.1999290279367514,-0.7948908532778661,-0.3610679194942681,0.03136636320743707,-1.355839355883106,1,0,0,0,0,1,0,0,0,0,0,0,0,0,1,0,0,0,0,0,0,0,0,0,0,0,0,1,0,0,0,0,0,0,0,0,0,0,0,0,0,0,0,0,0,1,0,0,0,1,0,0,0,0,0,0,0,1,0,0,0,0,0,0,0,1,0,1,0,0,0,0,1,0,0,1,0,0,0,0,0,0,0,0,0,0,1,0,0,0,0,1
-0.7644477745262872,-0.8699920745999167,-1.0399656435679563,-0.2523144467960314,-0.4794758203104481,0.12469915494951757,0.9538505081700629,1.634451550731258,-0.8238649762007128,-1.2101737191482849,-1.3386995878348875,-0.6176926000435211,0.29870104588001956,-0.3702400437812851,-1.347613378038538,-0.9221823581316245,-1.0364336425375131,-0.6515377383555188,1.3476133780385269,0.7836711456139798,-0.7749553489927752,1.2618804456652244,-0.3610679194942681,-0.2752131585613931,-1.9407571107938504,1,0,1,0,0,0,0,0,1,0,0,0,0,0,0,0,0,0,0,1,0,0,0,0,0,0,0,1,0,0,0,0,0,0,0,0,0,0,0,0,0,0,0,0,0,0,0,0,0,1,0,0,1,0,0,0,0,0,0,1,0,0,0,1,0,0,0,0,0,0,1,0,0,0,0,0,0,0,0,0,0,0,0,0,0,0,1,0,0,0,0,1
0.13077155348844294,0.4435339565021215,-0.22238259044849376,-0.5823351698349417,-0.4794758203104481,0.9395386199180105,0.9538505081700629,-1.5319744897836836,-0.8238649762007128,1.2296926501022896,0.461837853772224,-0.2815244375997281,-0.277785772324582,0.8799713661212513,0.14918045169696045,-0.05740595793549997,-0.023796961992800816,-0.6515377383555188,-0.14918045169697136,1.371406380830427,-0.9544902923500049,-0.9818700622726926,1.5687331532392639,0.6517275727712039,0.39891390884912803,1,0,0,0,0,0,1,0,0,0,0,0,0,0,0,0,0,0,0,0,0,0,0,1,0,0,0,0,0,0,0,0,0,0,0,0,0,1,0,0,0,0,0,0,1,0,0,0,0,1,0,0,1,0,0,0,0,0,0,0,0,0,0,0,1,0,0,0,0,1,0,0,1,0,0,1,0,0,0,0,0,0,0,0,0,0,0,1,0,0,0,1
-0.9382767702573028,-1.4172945875590992,1.412783515790431,1.0351925234803043,-0.4794758203104481,-0.5429666621612299,0.9538505081700629,-0.3805468386873412,-0.8238649762007128,1.2296926501022896,1.3621065745757797,-0.06424501553239854,1.418495584838598,1.008171010696003,0.3154908772231269,-0.49426328671674635,-1.542751982809869,-0.6515377383555188,-0.3154908772231378,0.30209073261724323,-0.9544902923500049,0.8879220276755714,0.08427078959808616,0.3300692565175009,0.9838316637598726,0,1,1,0,0,0,0,0,0,0,0,0,0,0,0,0,0,0,0,1,0,0,0,0,0,0,1,0,0,0,0,0,0,0,0,0,0,0,0,0,0,0,0,0,0,0,0,0,0,1,0,0,0,0,0,1,0,0,0,0,0,0,0,1,0,0,0,0,0,0,1,0,0,1,0,0,0,0,0,0,0,0,0,0,0,1,0,0,0,0,1,0
-0.4776299315701116,-0.5416105668244071,-1.0399656435679563,-2.4239196440760336,-0.4794758203104481,-0.9019267788874382,-1.182137820810398,-1.244117577009598,-0.8238649762007128,-1.2101737191482849,-0.4384308670313317,1.788779489645582,1.8166447542460926,1.8430579522241375,-1.014992526986205,-0.48122832805745935,-0.5301153022651569,-0.6515377383555188,1.014992526986194,-1.510308671133916,0.28844393089235454,0.3126013846145672,-0.4866762733408288,4.637398689676527,-1.355839355883106,1,0,1,0,0,0,0,0,0,0,1,0,1,0,0,0,0,0,0,0,0,0,0,0,0,0,0,0,0,0,0,0,0,0,0,0,0,0,0,1,0,0,0,0,0,0,0,1,0,1,0,1,0,0,0,1,0,1,0,0,0,0,0,0,0,1,1,0,0,0,0,0,1,0,0,0,0,0,0,1,0,0,0,0,0,0,0,0,0,0,0,1
0.36544069772531396,0.4435339565021215,-0.22238259044849376,0.04504840235884558,2.1334714293377703,-0.9019267788874382,0.9538505081700629,-1.6759029461707264,-0.8238649762007128,1.2296926501022896,-0.4384308670313317,-0.48445521858713975,-0.48308143780032137,0.1393800309332234,0.14918045169696045,-1.484175290042026,-1.542751982809869,-0.6515377383555188,-0.14918045169697136,0.04317653208136333,-0.7749553489927752,-0.7948908532778661,1.2718406805110285,-0.15298415527636272,-0.18600384606161657,1,0,1,0,1,0,0,1,0,0,0,0,0,0,0,0,0,0,0,0,0,0,0,0,1,0,0,0,0,0,0,0,0,0,0,0,0,0,0,0,0,0,0,0,0,0,0,0,0,1,0,0,1,0,1,0,0,1,0,0,1,0,0,0,0,0,0,1,0,0,0,0,0,0,1,0,0,0,0,0,0,0,0,0,0,0,0,0,0,0,0,1
0.7739388376932006,0.6624549616857945,-0.22238259044849376,-0.5620930246671713,-0.4794758203104481,0.9467178222525346,0.9538505081700629,0.19516698686083,1.1400563019893057,0.009759465477002306,-0.4384308670313317,0.8089722844740392,-0.35451243517915126,-0.20071985260805983,1.6459742814324587,1.337707045998472,-0.5301153022651569,-0.6515377383555188,-1.6459742814324694,1.3765846648411448,1.6387922228099792,-0.5663607089508563,-0.9053707861626996,0.08053670385700205,0.39891390884912803,0,0,0,0,0,0,0,0,1,0,0,0,0,1,0,0,0,0,0,0,0,0,0,0,0,0,0,0,0,0,0,1,0,0,0,0,0,0,0,0,0,0,0,0,0,0,1,0,0,0,0,0,0,0,0,1,0,1,0,0,0,0,0,0,0,1,0,0,1,0,0,0,0,0,0,0,0,0,0,0,0,0,1,0,0,0,0,0,0,0,0,0
1.1737455278745363,0.9908364694613041,-1.0399656435679563,1.8115648402692588,-0.4794758203104481,-0.9019267788874382,0.9538505081700629,0.914809268796044,1.1400563019893057,1.2296926501022896,-0.4384308670313317,0.24732547648867784,0.2572271740667389,-0.178470327516574,-0.6823716759338719,-0.495008141497277,-1.0364336425375131,-0.6515377383555188,0.6823716759338609,0.04317653208136333,0.5416342356269089,0.5762900126841938,-0.9053707861626996,-0.5379804840486094,0.9838316637598726,0,1,0,0,1,0,0,1,0,0,0,0,0,0,0,0,0,1,0,0,0,0,0,0,0,0,0,0,0,0,1,0,0,0,0,0,0,0,0,0,0,0,0,0,0,0,1,0,0,0,0,1,0,0,0,1,0,1,0,0,0,0,0,1,0,0,0,1,0,0,0,0,0,0,1,0,0,0,0,0,0,0,0,0,0,0,0,0,1,1,0,0
-0.382023983918053,-0.6510710694162436,-0.22238259044849376,0.6817335270892388,-0.4794758203104481,1.309267540146005,0.9538505081700629,0.7708808124090012,1.1400563019893057,1.2296926501022896,1.3621065745757797,-0.44140929534738577,-0.43953387239637665,0.22837813129916665,0.14918045169696045,-0.9560732506457706,-1.0364336425375131,-0.6515377383555188,-0.14918045169697136,1.6380880073823834,-0.7749553489927752,-0.7948908532778661,1.2718406805110285,-0.2704329060173811,2.1536671735813617,0,0,0,1,0,0,1,0,0,0,0,0,0,1,0,0,0,0,0,0,0,0,0,0,0,0,0,0,0,0,0,1,0,0,0,0,0,0,0,0,0,0,0,0,0,0,0,0,0,0,0,0,0,0,0,1,0,0,0,0,0,0,0,0,0,0,0,0,0,0,1,0,1,0,0,1,0,0,0,0,0,0,0,0,1,0,0,0,0,1,0,0
0.17422880242119684,0.334073453910285,-1.0399656435679563,-0.17888545055990895,-0.4794758203104481,-0.9019267788874382,-0.8759794936565318,-0.09268992591325557,-0.8238649762007128,-1.2101737191482849,-1.3386995878348875,0.3621146051280218,1.3272530668493805,-0.3034914685068276,-1.1813029525123715,-0.4190329538831472,-1.0364336425375131,-0.6515377383555188,1.1813029525123604,-1.2876424586730593,0.5416342356269089,2.2902660951367695,-2.2661279528337777,0.07086205645768448,-1.9407571107938504,0,1,0,1,0,1,0,0,0,0,0,0,0,0,0,0,0,0,0,1,0,0,0,0,0,0,0,0,0,0,0,0,0,0,1,0,0,0,0,0,0,0,0,0,0,1,0,0,0,1,0,0,0,0,1,0,0,1,0,0,0,0,0,0,0,1,0,0,0,0,0,1,1,0,0,1,0,0,0,0,0,1,0,0,0,0,0,0,0,0,1,0
-0.08651469117532652,-0.5416105668244071,-0.22238259044849376,0.6840281832216175,-0.4794758203104481,1.0831226666084939,-0.3953821196359282,-1.6759029461707264,-0.8238649762007128,-1.2101737191482849,1.3621065745757797,-1.2367339723485544,-1.244126985574022,-1.6755455158151198,-0.349750824881539,1.048330963762301,-0.5301153022651569,-0.6515377383555188,0.34975082488152803,0.4936872410137943,0.28844393089235454,0.3126013846145672,-0.4866762733408288,-1.517594481436522,-0.18600384606161657,1,0,0,0,1,0,0,0,0,0,0,0,0,0,0,0,0,0,0,0,0,1,0,0,0,0,0,1,0,0,0,0,0,0,0,0,0,0,0,0,0,0,0,1,0,0,0,0,0,0,1,0,0,1,1,0,0,0,0,0,0,0,0,0,0,1,0,0,0,0,1,0,0,1,0,0,0,0,1,0,0,0,0,0,0,0,0,0,0,0,0,1
1.573552218055872,1.3192179772368136,-0.22238259044849376,-1.147476194437953,-0.4794758203104481,-0.9019267788874382,-1.2177376262934057,0.33909544324787283,1.1400563019893057,0.009759465477002306,1.3621065745757797,1.2476307403458178,-0.1326272209780996,0.4974914347866618,0.3154908772231269,1.5790399948904137,-0.5301153022651569,-0.6515377383555188,-0.3154908772231378,-1.536200091187504,1.1999290279367514,-0.7948908532778661,-0.3610679194942681,1.0339188648290611,1.5687494186706172,1,0,1,0,0,0,0,0,1,0,0,0,1,0,0,0,0,0,0,0,0,0,0,0,0,0,0,0,0,0,0,0,0,0,0,0,0,0,1,0,0,0,0,0,0,0,0,0,0,0,0,1,0,0,1,0,0,0,1,0,0,0,0,0,0,1,0,0,0,0,1,0,1,0,1,0,0,0,0,0,0,0,0,0,0,0,1,0,0,0,0,0
-0.9035109711110997,-0.6510710694162436,-1.0399656435679563,-0.5401298874001172,2.1334714293377703,1.513874806679944,0.9538505081700629,-1.1001891206225551,-0.8238649762007128,0.009759465477002306,0.461837853772224,-0.12983880332630937,-0.12433244661544345,-0.5683667672149921,-0.1834403993553725,-0.4235020825663313,-0.023796961992800816,-0.6515377383555188,0.18344039935536155,1.7856691016878352,0.5416342356269089,0.5762900126841938,-0.9053707861626996,-0.30415487615929954,-0.18600384606161657,0,1,1,0,1,1,0,0,0,0,0,0,0,0,0,0,0,0,0,0,0,0,0,0,0,0,0,0,0,0,0,0,1,0,0,0,0,0,0,0,0,0,0,1,0,0,0,0,0,1,0,1,0,0,1,0,0,0,1,0,0,0,0,0,0,0,1,0,0,0,0,0,0,0,0,0,0,1,0,0,0,0,0,0,0,0,0,0,0,0,0,1
1.4518719210441613,1.209757474644977,-0.22238259044849376,1.2822368417323022,-0.4794758203104481,1.95539575025318,0.9538505081700629,-1.3880460333966407,1.1400563019893057,1.2296926501022896,-0.4384308670313317,1.1410408351807126,1.1613575795962578,1.0897526026981177,0.9807325793277929,1.0870634123498966,-0.023796961992800816,-0.6515377383555188,-0.9807325793278037,2.1041335683469673,0.28844393089235454,0.3126013846145672,-0.4866762733408288,0.4090024077545746,0.9838316637598726,1,0,1,0,1,0,0,0,0,0,1,0,0,0,0,0,1,0,0,0,0,0,0,0,0,1,0,0,0,0,0,0,0,0,0,0,0,0,0,0,0,0,0,1,0,0,0,0,0,0,0,0,1,0,0,0,0,0,1,0,0,0,0,0,0,1,0,0,0,0,0,1,0,0,0,1,0,0,0,0,0,0,0,0,0,0,0,0,1,0,0,1
-0.2516522371197913,0.005691946134775455,-1.0399656435679563,0.4218637200973376,1.6979802210630675,-0.9019267788874382,-0.598301010889072,-0.3805468386873412,1.1400563019893057,1.2296926501022896,0.461837853772224,1.1451404469178321,-0.18446956074470044,0.7496527191568344,1.1470430048539593,0.937347601463229,1.4951580588242674,1.5348305111596448,-1.1470430048539701,-1.085689382255073,0.840859141222292,-0.9818700622726926,0.08427078959808616,0.36168395577089685,1.5687494186706172,1,0,0,1,1,0,0,0,0,0,1,0,0,1,0,0,0,0,0,0,0,0,0,0,0,0,0,0,0,0,0,0,0,1,0,0,0,0,0,0,0,0,0,0,0,0,0,0,0,0,0,0,0,0,0,0,0,0,1,0,0,0,0,1,0,0,0,0,0,0,0,0,0,1,0,1,0,0,0,0,0,0,0,0,0,0,0,1,0,0,1,0
1.4692548206172629,1.7570599876041597,-1.0399656435679563,1.438068578722242,-0.4794758203104481,-0.9019267788874382,0.9538505081700629,1.3465946379571725,2.1220169410843153,-1.2101737191482849,0.461837853772224,-0.2815244375997281,0.9788725436178228,0.23791364205266058,0.3154908772231269,-0.7143678743635636,-1.542751982809869,-0.6515377383555188,-0.3154908772231378,0.04317653208136333,-0.7749553489927752,1.2618804456652244,-0.3610679194942681,-0.24643218623297317,0.9838316637598726,1,0,1,0,1,0,0,0,1,0,0,0,0,0,0,0,0,0,0,0,0,1,0,0,0,0,0,0,0,0,0,0,0,0,0,0,0,0,0,0,0,0,1,0,0,1,0,0,0,0,0,1,0,0,0,0,0,0,1,0,0,0,0,1,0,0,0,0,0,0,0,0,1,0,0,0,0,0,0,1,0,0,0,0,0,0,0,0,0,0,0,1
0.4697380951639233,0.2246129513184485,-1.0399656435679563,-0.8775262908645308,-0.4794758203104481,-0.9019267788874382,-0.6267808552754781,-1.6759029461707264,1.1400563019893057,1.2296926501022896,1.3621065745757797,-0.1359882209319885,2.677227594371667,0.8598408434194308,0.4818013027492934,0.13662871239274332,1.4951580588242674,1.5348305111596448,-0.48180130274930427,-1.1064025182979433,-1.1041027451476964,2.2902660951367695,-0.9053707861626996,1.3875875546906302,2.1536671735813617,0,0,0,0,1,0,0,0,0,1,0,0,0,1,0,0,0,0,0,0,0,0,0,0,0,0,0,0,0,0,0,0,0,0,0,0,0,0,1,0,0,0,0,0,0,0,1,0,0,0,0,1,0,0,0,0,0,1,0,0,0,0,0,0,0,0,0,0,0,0,1,0,0,0,0,0,0,0,0,0,0,0,0,1,0,0,0,0,0,0,0,1
0.443663745804271,0.005691946134775455,-1.0399656435679563,0.8094557264575387,-0.4794758203104481,0.46930086700667756,0.9538505081700629,0.7708808124090012,1.1400563019893057,-1.2101737191482849,1.3621065745757797,-0.9231136744589183,-0.3192596441378627,-0.9227699168865162,0.8144221538016264,0.07108149170604308,-0.5301153022651569,-0.6515377383555188,-0.8144221538016372,1.0322287781284245,-0.7749553489927752,1.2618804456652244,-0.3610679194942681,-0.9589734369204654,0.9838316637598726,0,1,1,0,0,0,0,0,0,0,1,1,0,0,0,0,0,0,0,0,0,0,0,0,0,0,1,0,0,0,0,0,0,0,0,0,0,0,0,0,0,0,0,1,0,0,0,0,0,0,0,0,1,0,0,1,0,1,0,0,0,0,0,0,0,1,0,0,0,0,0,1,0,1,0,0,1,0,0,0,0,0,0,0,0,0,0,0,0,1,0,0
-1.4510723076637988,-0.8699920745999167,-1.0399656435679563,2.9225062163595177,-0.4794758203104481,-0.9019267788874382,0.9538505081700629,1.3465946379571725,1.1400563019893057,0.009759465477002306,-0.4384308670313317,-0.09909171529791366,1.347990002756021,0.9361249294473822,-1.680234229090871,-0.8894087477882744,0.48252137827955527,-0.6515377383555188,1.6802342290908596,0.04317653208136333,-0.9544902923500049,0.8879220276755714,0.08427078959808616,-0.20124972543394493,0.39891390884912803,0,0,0,1,0,0,0,0,1,0,0,0,0,0,0,0,0,0,0,0,0,1,0,0,0,0,0,0,0,0,0,0,0,0,0,0,0,0,0,1,0,0,0,0,0,1,0,0,0,0,0,0,1,0,0,1,0,1,0,0,0,0,0,0,0,1,0,0,1,0,0,0,0,0,0,1,0,0,0,1,0,0,0,0,0,0,0,0,0,0,0,1
1.025990881503173,0.5529944590939581,-0.22238259044849376,-0.4106457199301692,-0.4794758203104481,0.8892842035763413,-1.2782572956145188,1.2026661815701296,1.1400563019893057,-1.2101737191482849,1.3621065745757797,0.5015014041900823,-0.5100394544789538,-0.17741082632174135,0.8144221538016264,-0.3832799244176744,1.4951580588242674,1.5348305111596448,-0.8144221538016372,-0.2882336446045629,1.1999290279367514,-0.7948908532778661,-0.3610679194942681,-0.04241027138317813,0.9838316637598726,0,0,0,0,0,1,0,0,0,0,0,0,0,0,0,0,1,0,0,0,0,0,0,0,0,0,0,0,0,1,0,0,0,0,0,0,0,0,0,0,0,0,0,0,0,0,0,0,0,0,0,0,1,0,0,0,0,1,0,0,1,0,0,0,0,0,0,0,0,1,0,0,0,1,1,0,0,0,0,0,0,0,1,0,0,0,0,0,0,1,0,0
0.00039980669018126864,-0.10376855645706107,1.412783515790431,-0.5406215994284836,-0.4794758203104481,-0.9019267788874382,-0.6517007191135835,-0.9562606642355124,-0.8238649762007128,-1.2101737191482849,-0.4384308670313317,1.8502736657023735,1.8788555619660137,1.0426047995280643,-0.349750824881539,0.17312659663874685,0.9888397185519114,1.5348305111596448,0.34975082488152803,-1.124526512335455,0.840859141222292,0.8879220276755714,-1.4001915740430917,1.4916207019870094,-1.355839355883106,0,0,0,0,0,0,0,0,1,0,0,0,0,0,0,0,0,0,0,0,0,0,1,0,0,0,0,0,0,0,0,0,0,0,1,0,0,0,0,0,0,0,0,0,0,0,0,1,0,1,0,0,1,0,0,1,0,0,0,0,0,0,0,1,0,0,0,0,0,1,0,0,0,0,1,0,0,0,0,0,1,0,0,0,0,0,0,0,0,0,1,0
-1.1121057659883185,-0.8699920745999167,-1.0399656435679563,0.9715158158067924,1.6979802210630675,0.530324086850133,-0.612540933082275,-0.6684037514614268,-0.8238649762007128,1.2296926501022896,-0.4384308670313317,-1.2244351371371962,-1.3830644561485124,-1.699914043296271,-1.680234229090871,-0.6923946583379084,0.9888397185519114,1.5348305111596448,1.6802342290908596,-0.06297829013834742,0.840859141222292,-0.9818700622726926,0.08427078959808616,-1.5588774301572856,-0.18600384606161657,0,1,0,1,0,0,0,0,0,0,0,0,0,0,0,0,0,0,1,0,0,0,0,0,0,0,0,0,0,0,0,0,0,0,0,1,0,0,0,0,0,0,0,1,0,0,0,0,0,0,1,0,0,1,1,0,0,0,0,1,0,0,0,0,0,1,0,0,0,1,0,0,0,0,0,0,0,0,0,0,0,0,0,1,0,0,0,0,0,0,1,0
-0.0952061409618773,0.11515244872661197,-1.0399656435679563,-0.41396477612164545,-0.4794758203104481,0.32571682031619426,-0.19602320893108516,-0.8123322078484696,-0.8238649762007128,-1.2101737191482849,-1.3386995878348875,-0.2138808439372576,-0.20935388383266884,0.6987966618048668,-0.6823716759338719,-0.3933354639548386,-0.5301153022651569,-0.6515377383555188,0.6823716759338609,0.09237023018318051,-0.7749553489927752,-0.7948908532778661,1.2718406805110285,0.4683556925682432,-1.9407571107938504,0,0,0,0,0,0,0,0,0,0,1,0,0,0,0,1,0,0,0,0,0,0,0,0,0,0,0,0,0,0,0,0,0,0,0,1,0,0,0,0,0,0,0,1,0,0,0,0,0,1,0,0,1,0,1,0,0,1,0,0,1,0,0,0,0,0,1,0,0,0,0,0,0,0,0,1,0,0,0,0,0,0,0,0,0,0,0,0,0,0,1,0
1.7473812137868878,1.7570599876041597,-1.0399656435679563,-1.549778585646796,-0.4794758203104481,1.1477354876192114,0.9538505081700629,-1.3880460333966407,2.1220169410843153,-1.2101737191482849,0.461837853772224,-0.5336505594325728,-0.5328500839762582,-0.47407116087488554,-1.347613378038538,0.36455427523513273,1.4951580588242674,1.5348305111596448,1.3476133780385269,1.5215766171412375,-0.28123425476039365,-0.28069802854209364,0.45538638050838015,0.009277574564560662,0.9838316637598726,0,0,1,0,1,0,0,0,0,0,1,0,0,0,0,0,1,0,0,0,0,0,0,0,0,0,0,0,0,0,0,0,1,0,0,0,0,0,0,0,0,0,0,0,0,0,1,0,0,0,0,1,0,0,1,0,0,1,0,0,0,0,0,0,0,0,0,0,1,0,0,0,0,1,0,0,0,0,1,0,0,0,0,0,0,0,0,0,0,0,0,1
2.008124707383411,2.085441495379669,1.412783515790431,-0.4530149063744501,-0.4794758203104481,-0.9019267788874382,-0.4701417111502443,1.0587377251830867,1.1400563019893057,0.009759465477002306,-0.4384308670313317,0.3662142168651412,-0.578471342970867,-0.543998239733841,-0.1834403993553725,0.5682720577102749,0.9888397185519114,1.5348305111596448,0.18344039935536155,-0.9924802700621562,1.6387922228099792,-0.5663607089508563,-0.9053707861626996,-0.3070360002384291,0.39891390884912803,1,0,0,0,1,0,0,1,0,0,0,0,0,0,0,0,0,0,0,0,0,1,0,0,0,0,0,0,0,0,0,0,0,0,0,1,0,0,0,0,0,0,0,1,0,0,0,0,0,0,0,1,0,0,0,1,0,0,1,0,1,0,0,0,0,0,1,0,0,0,0,0,1,0,0,1,0,0,0,0,0,0,0,1,0,0,0,0,0,1,0,0
-1.3033176612924355,-0.43215006423257063,-1.0399656435679563,0.019971088912133745,-0.4794758203104481,1.5569500206870888,-0.5449013026645604,1.3465946379571725,1.1400563019893057,1.2296926501022896,-1.3386995878348875,1.4239140450419532,-0.04345839657954611,1.0378370441513174,1.1470430048539593,-1.1646325891943623,-0.5301153022651569,-0.6515377383555188,-1.1470430048539701,0.7267100214960862,0.840859141222292,-0.9818700622726926,0.08427078959808616,0.7687939633085892,0.39891390884912803,1,0,0,0,0,0,0,0,1,0,0,0,0,0,0,0,0,0,0,0,1,0,0,0,0,0,0,0,0,0,0,0,0,1,0,0,0,0,0,0,0,0,0,0,0,0,1,0,0,0,0,0,1,0,1,0,0,1,0,0,0,0,0,0,1,0,0,0,0,0,0,1,0,1,1,0,0,0,0,0,0,0,0,0,1,0,0,0,0,0,0,1
-0.5210871805028654,-0.43215006423257063,-1.0399656435679563,0.7009102961955478,-0.4794758203104481,-0.9019267788874382,0.9538505081700629,-1.244117577009598,1.1400563019893057,-1.2101737191482849,-1.3386995878348875,2.0798519229810615,0.28833257792669936,1.2502670337152653,-1.680234229090871,1.148513931743678,0.48252137827955527,-0.6515377383555188,1.6802342290908596,0.04317653208136333,1.1999290279367514,-0.7948908532778661,-0.3610679194942681,0.7229858990073604,-0.7709216009723612,0,0,0,0,1,0,1,0,0,0,0,0,0,0,0,0,1,0,0,0,0,0,0,0,0,0,0,0,0,1,0,0,0,0,0,0,0,0,0,0,0,0,0,0,0,0,0,1,0,0,0,0,1,0,0,0,0,0,0,1,0,0,0,0,0,1,0,0,0,0,0,1,1,0,1,0,0,0,0,1,0,0,0,0,0,0,0,0,0,0,0,1
-0.973042569403506,-0.7605315720080802,-1.0399656435679563,1.3768094551882013,-0.4794758203104481,1.212348308629929,-0.08210383138546058,1.4905230943442151,-0.8238649762007128,1.2296926501022896,1.3621065745757797,-0.4291104601360275,-0.42709171085239245,0.25380615997515044,-1.5139238035647045,0.5503955429775385,0.48252137827955527,-0.6515377383555188,1.5139238035646931,0.8147408496782854,-0.7749553489927752,-0.7948908532778661,1.2718406805110285,-0.41563929110826037,0.9838316637598726,0,0,0,1,1,0,0,0,0,1,0,0,0,0,0,0,0,0,0,1,0,0,0,0,0,0,0,0,0,0,0,0,0,0,0,0,0,0,0,0,0,0,1,0,0,0,0,0,0,1,0,1,0,0,0,1,0,0,0,0,0,0,0,0,0,1,1,0,0,0,0,0,1,0,0,1,0,0,0,0,0,0,1,0,0,0,0,0,0,0,0,1
-0.26903513669289286,-0.3226895616407341,-0.22238259044849376,0.07467405206795073,-0.4794758203104481,0.9287698164162242,0.9538505081700629,1.4905230943442151,-0.8238649762007128,1.2296926501022896,1.3621065745757797,0.4154095577105743,0.4272700485011897,-0.2552841641419417,-1.680234229090871,-0.7478863394874444,1.4951580588242674,1.5348305111596448,1.6802342290908596,1.3636389548143508,0.840859141222292,0.8879220276755714,-1.4001915740430917,-0.11983159428066184,0.9838316637598726,0,1,1,0,1,1,0,0,0,0,0,0,0,0,0,0,1,0,0,0,0,0,0,0,1,0,0,0,0,0,0,0,0,0,0,0,0,0,0,0,0,0,0,0,0,0,1,0,0,1,0,1,0,0,0,1,0,1,0,0,0,0,0,1,0,0,0,0,0,0,0,1,0,1,0,0,0,0,0,0,0,0,0,0,0,0,0,0,0,0,0,1
2.016816157169962,2.304362500563342,-1.0399656435679563,0.4339516407946905,-0.4794758203104481,1.52464361018173,-1.3708167898703387,0.6269523560219584,-0.8238649762007128,-1.2101737191482849,0.461837853772224,1.5346035619441776,0.01253133036838282,1.1522631731932444,-0.017129973829206037,1.3295136434126342,-1.0364336425375131,-0.6515377383555188,0.017129973829195105,0.10272679820461571,0.840859141222292,-0.9818700622726926,0.08427078959808616,0.6684991300798028,-0.7709216009723612,1,0,1,0,1,0,1,0,0,0,0,0,0,0,0,0,0,0,0,1,0,0,0,0,0,0,1,0,0,0,0,0,0,0,0,0,0,0,0,0,0,0,0,0,0,0,0,1,0,1,0,0,0,0,1,0,0,0,0,0,0,0,0,0,1,0,0,0,0,0,0,0,0,0,0,0,0,0,0,0,0,0,0,0,0,1,0,0,0,0,0,0
-0.42548123285080686,-0.43215006423257063,-0.22238259044849376,-1.3810394079122255,-0.4794758203104481,2.0989797969436634,0.9538505081700629,-1.6759029461707264,-0.8238649762007128,-1.2101737191482849,1.3621065745757797,0.12843673611221448,0.13695294580822487,-0.30137246611716234,-1.347613378038538,1.1518657782560662,1.4951580588242674,1.5348305111596448,1.3476133780385269,2.2076992485613194,0.5416342356269089,0.5762900126841938,-0.9053707861626996,0.3585184833465595,-0.18600384606161657,0,1,1,0,0,0,0,0,0,0,0,0,0,0,0,0,0,0,0,0,1,0,0,0,0,0,0,0,0,0,0,0,0,1,0,0,0,0,0,0,0,0,0,1,0,0,0,0,0,1,0,0,0,0,1,0,0,0,0,0,1,0,0,0,0,0,0,0,0,1,0,0,1,0,1,0,0,0,0,0,0,0,0,0,1,0,0,0,0,0,0,1
-1.0947228664152169,-0.8699920745999167,-0.22238259044849376,0.49508783632164066,-0.4794758203104481,1.7041236685448342,0.9538505081700629,-1.5319744897836836,1.1400563019893057,1.2296926501022896,-0.4384308670313317,-0.33276958431372095,0.8751878640846211,-0.16257780959408413,-1.347613378038538,1.4877952842754048,1.4951580588242674,1.5348305111596448,1.3476133780385269,1.9228936279718516,-0.5555237515561613,1.718940734319244,-0.9053707861626996,-0.2356345184775423,0.9838316637598726,0,1,1,0,0,0,0,0,0,1,0,1,0,0,0,0,0,0,0,0,0,0,0,0,0,0,0,0,0,0,0,0,0,0,1,0,0,0,0,0,0,0,0,0,0,0,1,0,0,0,0,0,1,0,1,0,0,0,1,0,1,0,0,0,0,0,0,1,0,0,0,0,1,0,1,0,0,0,0,0,0,0,0,0,1,0,0,0,0,0,0,1
2.051581956316165,1.9759809927878327,-0.22238259044849376,-1.0688842219039787,1.6979802210630675,0.9467178222525346,-0.9008993574946372,1.0587377251830867,1.1400563019893057,-1.2101737191482849,1.3621065745757797,1.01805248306713,1.0369359641564158,0.2898292005994608,0.3154908772231269,-0.692022230947643,-1.542751982809869,-0.6515377383555188,-0.3154908772231378,0.027641680049210533,0.840859141222292,0.8879220276755714,-1.4001915740430917,1.004230903381204,0.9838316637598726,0,0,0,0,1,1,0,0,0,0,0,0,0,0,0,0,0,0,0,0,1,0,0,0,0,0,0,0,0,0,0,0,0,0,0,0,1,0,0,0,0,0,0,0,0,0,0,1,0,0,0,1,0,0,0,0,0,0,0,1,0,0,0,1,0,0,0,0,0,0,0,0,0,1,1,0,0,0,0,0,0,0,1,0,0,0,0,0,0,1,0,0
0.521886793883228,0.4435339565021215,-1.0399656435679563,1.0314227312628246,2.1334714293377703,-0.9019267788874382,0.9538505081700629,-1.6759029461707264,1.1400563019893057,1.2296926501022896,-0.4384308670313317,1.2435311286086983,-0.13470091456876362,0.13620152734872543,1.6459742814324587,-1.1225482940943787,-1.0364336425375131,-0.6515377383555188,-1.6459742814324694,0.04317653208136333,1.6387922228099792,-0.5663607089508563,-0.9053707861626996,-0.1416650561032926,0.9838316637598726,0,0,0,0,1,0,0,0,0,0,1,0,1,0,0,0,0,0,0,0,0,0,0,0,1,0,0,0,0,0,0,0,0,0,0,0,0,0,0,0,0,0,0,0,0,0,0,1,0,0,0,1,0,0,0,0,0,0,1,0,1,0,0,0,0,0,1,0,0,0,0,0,1,0,0,0,0,0,0,0,0,0,1,0,0,0,0,0,0,0,0,1
-1.199020263853826,-0.9794525771917532,-1.0399656435679563,-3.1622662306712814,-0.4794758203104481,-0.14452093259513868,-1.2106176651968041,-1.3880460333966407,1.1400563019893057,-1.2101737191482849,0.461837853772224,0.9196618013762637,0.9373986718045422,0.20083110023351755,1.6459742814324587,-0.18887282669916575,0.9888397185519114,1.5348305111596448,-1.6459742814324694,-0.9847128440460798,0.840859141222292,0.8879220276755714,-1.4001915740430917,3.7148950654285993,0.39891390884912803,1,0,0,1,0,1,0,0,0,0,0,0,0,0,0,0,0,0,0,0,0,0,0,0,0,0,0,0,0,0,0,0,0,0,0,0,1,0,0,0,0,0,0,0,0,0,0,1,0,0,0,0,0,0,0,0,0,1,0,0,0,0,0,1,0,0,0,0,0,0,0,0,1,0,0,1,0,0,0,0,0,0,0,0,0,0,0,0,1,0,0,1
1.4084146721114075,1.209757474644977,-0.22238259044849376,1.2497838478600882,-0.4794758203104481,-0.14093133142787662,0.9538505081700629,-0.9562606642355124,1.1400563019893057,0.009759465477002306,1.3621065745757797,1.095945106072399,1.115736320601649,0.3602860300558326,1.1470430048539593,1.5667498910116573,1.4951580588242674,1.5348305111596448,-1.1470430048539701,0.5920746372174287,0.840859141222292,0.8879220276755714,-1.4001915740430917,0.0505862318734096,1.5687494186706172,1,0,0,1,0,0,1,0,0,0,0,0,0,0,0,1,0,0,0,0,0,0,0,0,1,0,0,0,0,0,0,0,0,0,0,0,0,0,0,0,0,0,0,0,0,0,0,0,0,0,0,1,0,0,1,0,0,0,0,1,1,0,0,0,0,0,0,0,0,0,0,0,0,1,0,0,0,0,0,0,0,0,0,1,0,0,0,0,0,0,1,0
-0.1386633898946312,-0.21322905904889758,-1.0399656435679563,0.8228139032281725,-0.4794758203104481,0.7600585615549064,0.9538505081700629,-0.8123322078484696,-0.8238649762007128,1.2296926501022896,-1.3386995878348875,-0.4988038596670577,-0.4975972929349696,-0.1551613012302555,-0.349750824881539,0.9984256934667451,0.9888397185519114,1.5348305111596448,0.34975082488152803,1.2419492805624872,-0.5555237515561613,-0.5663607089508563,0.9089721027320734,-0.5233613923094264,-0.7709216009723612,0,1,0,0,0,0,0,1,0,0,0,0,0,0,0,0,0,0,0,0,0,0,0,0,0,0,0,0,0,0,0,0,0,1,0,0,0,0,0,0,0,0,0,0,0,1,0,0,0,1,0,1,0,0,0,1,0,0,0,0,0,0,0,1,0,0,1,0,0,0,0,0,1,0,0,1,0,0,0,0,0,0,0,0,0,0,1,0,0,0,1,0
0.17422880242119684,0.005691946134775455,-0.22238259044849376,-0.5232477744261869,-0.4794758203104481,-0.9019267788874382,-0.7229003300795989,1.3465946379571725,1.1400563019893057,1.2296926501022896,-0.4384308670313317,1.009853259592891,-0.25290144923661356,0.2824126922356322,0.3154908772231269,-1.4078276750376308,-0.5301153022651569,-0.6515377383555188,-0.3154908772231378,-1.176309352442631,1.1999290279367514,-0.7948908532778661,-0.3610679194942681,0.4458742299867026,0.9838316637598726,0,0,0,1,0,0,0,1,0,0,0,0,0,0,0,0,0,0,0,1,0,0,0,0,0,0,0,0,0,0,0,0,0,0,0,0,0,0,0,0,1,0,0,0,1,0,0,0,0,0,0,1,0,0,0,1,0,1,0,0,0,0,0,0,1,0,0,0,0,0,1,0,0,1,1,0,0,0,0,0,0,0,0,0,0,0,1,0,0,0,0,1
0.4262808462311694,0.771915464277631,-1.0399656435679563,0.4171105038231249,-0.4794758203104481,0.9969722385942038,0.9538505081700629,-0.09268992591325557,1.1400563019893057,-1.2101737191482849,-1.3386995878348875,-0.3204707491023627,0.9000721871725895,0.47842041327967394,-0.6823716759338719,-0.564652063476896,0.9888397185519114,1.5348305111596448,0.6823716759338609,1.4128326529161679,-0.9544902923500049,0.8879220276755714,0.08427078959808616,0.15305902003006958,-0.7709216009723612,0,0,0,0,0,0,0,0,1,0,0,0,0,0,0,0,0,0,0,0,0,0,0,1,0,0,0,0,0,0,0,0,0,0,0,1,0,0,0,0,0,0,0,0,0,0,0,0,0,0,0,0,0,0,0,0,0,0,0,0,1,0,0,0,0,0,1,0,0,0,0,0,0,1,0,0,0,0,0,0,0,0,1,0,0,0,0,0,0,0,1,0
2.1037306550354695,2.4138230031551786,-0.22238259044849376,-0.09676954182263858,-0.4794758203104481,0.8892842035763413,-1.256897412324714,-1.244117577009598,-0.8238649762007128,1.2296926501022896,-1.3386995878348875,-0.07859365661231653,1.3894638745693015,0.6050308060621765,0.3154908772231269,0.37796166128468506,-0.5301153022651569,-0.6515377383555188,-0.3154908772231378,-0.27269879257241014,-0.7749553489927752,1.2618804456652244,-0.3610679194942681,0.544722332231335,-0.7709216009723612,0,0,0,0,0,0,1,0,0,0,0,0,0,0,0,0,0,0,0,0,0,0,0,0,0,0,0,0,0,0,0,0,0,0,0,0,0,0,1,0,0,0,0,0,0,0,1,0,0,1,0,1,0,0,1,0,0,0,1,0,0,0,0,0,1,0,0,0,0,0,0,1,0,1,0,1,0,0,0,0,0,0,0,0,0,0,1,0,0,0,0,1
-0.30380093583909595,-0.21322905904889758,-0.22238259044849376,-1.3121177719361328,-0.4794758203104481,1.6323316451995926,-0.7727400577558096,-1.1001891206225551,1.1400563019893057,1.2296926501022896,-0.4384308670313317,2.0368059997413073,-0.33377549927251093,-0.1689348167630801,-0.017129973829206037,0.024528067922875315,-1.542751982809869,-0.6515377383555188,0.017129973829195105,0.6153769152656579,3.1748134048662777,-0.7948908532778661,-1.993976519499563,0.733887941926685,0.9838316637598726,0,0,0,0,1,0,0,1,0,0,0,1,0,0,0,0,0,0,0,0,0,0,0,0,0,0,0,0,0,0,0,0,0,0,0,1,0,0,0,0,0,0,0,0,1,0,0,0,0,0,0,0,1,0,0,1,0,0,0,1,0,0,0,1,0,0,0,0,0,1,0,0,1,0,0,1,1,0,0,0,0,0,0,0,0,0,0,0,0,0,0,1
0.443663745804271,0.771915464277631,-1.0399656435679563,0.18821855461833747,-0.4794758203104481,-0.9019267788874382,-0.918699260236141,-1.3880460333966407,1.1400563019893057,0.009759465477002306,-1.3386995878348875,-0.4455089070845052,0.6470815691115773,0.21990212174050539,0.9807325793277929,-0.6588761932140276,-1.542751982809869,-0.6515377383555188,-0.9807325793278037,-1.318712162737365,-0.9544902923500049,0.8879220276755714,0.08427078959808616,0.026660444980766203,-0.18600384606161657,0,0,1,0,0,0,0,1,0,0,0,0,0,0,0,0,0,0,0,1,0,0,0,0,0,0,0,0,0,0,0,0,0,0,0,0,0,0,0,0,0,1,0,0,0,1,0,0,0,0,0,0,0,0,1,0,0,1,0,0,0,0,0,0,0,1,0,0,0,1,0,0,0,0,0,0,0,0,0,0,0,0,0,0,0,0,0,0,1,0,0,1
0.04385705562293516,0.005691946134775455,-1.0399656435679563,0.03517318578914355,-0.4794758203104481,1.5318228125162543,0.9538505081700629,1.4905230943442151,-0.8238649762007128,0.009759465477002306,-0.4384308670313317,0.19813013564324472,-0.6634927801880923,-0.674316886698258,-1.680234229090871,0.6930352334491645,-0.023796961992800816,-0.6515377383555188,1.6802342290908596,1.7986148117146292,1.6387922228099792,-0.5663607089508563,-0.9053707861626996,-0.5639334165746142,-0.7709216009723612,1,0,0,0,1,0,0,0,0,0,1,0,0,0,0,0,0,0,0,0,0,0,0,1,0,0,0,0,0,0,0,0,0,0,0,0,0,1,0,0,0,0,0,0,0,0,0,0,0,1,0,0,1,0,1,0,0,1,0,0,0,0,0,0,1,0,0,0,0,1,0,0,1,0,0,0,0,0,1,0,0,0,0,0,0,0,0,0,0,0,0,1
0.05254850540948594,-0.21322905904889758,-1.0399656435679563,0.8660435857220946,-0.4794758203104481,0.48724887284298796,-0.22450305331749132,-0.524475295074384,-0.8238649762007128,0.009759465477002306,1.3621065745757797,-0.22617967914861586,-0.22179604537665307,0.673368633128883,-0.8486821014600384,-1.4085725298181615,1.4951580588242674,1.5348305111596448,0.8486821014600274,0.18816848438145609,-0.7749553489927752,-0.7948908532778661,1.2718406805110285,-0.02615336909250847,0.39891390884912803,0,1,0,1,0,0,0,0,1,0,0,0,0,0,0,0,0,0,0,0,0,0,1,0,0,0,0,0,0,0,0,0,0,1,0,0,0,0,0,0,0,0,0,0,0,1,0,0,0,1,0,0,0,0,0,1,0,0,0,0,1,0,0,0,0,0,0,0,1,0,0,0,1,0,0,1,0,0,0,0,0,0,0,0,0,0,0,1,0,0,1,0
-0.2603436869063421,-0.6510710694162436,1.412783515790431,-0.5407855034379392,-0.4794758203104481,-0.9019267788874382,0.9538505081700629,0.33909544324787283,1.1400563019893057,-1.2101737191482849,-0.4384308670313317,0.2883215938598721,-0.6178715211934837,-0.3702400437812851,-1.680234229090871,-1.6592161634667366,0.48252137827955527,-0.6515377383555188,1.6802342290908596,0.04317653208136333,1.1999290279367514,-0.7948908532778661,-0.3610679194942681,-0.18117592537601562,-0.18600384606161657,1,0,1,0,0,1,0,0,0,0,0,0,0,0,1,0,0,0,0,0,0,0,0,0,0,0,0,0,0,0,0,0,0,0,0,0,1,0,0,0,0,0,0,0,0,1,0,0,0,0,0,1,0,0,0,1,0,0,0,0,0,0,0,0,0,1,0,0,0,1,0,0,0,1,0,1,0,0,0,0,0,0,0,0,0,1,0,0,0,0,0,0
-1.164254464707623,-1.1983735823754262,-0.22238259044849376,0.2598036307480839,-0.4794758203104481,1.5102852055126816,-1.1607779375205933,0.33909544324787283,2.1220169410843153,0.009759465477002306,-1.3386995878348875,-0.8021751282138952,-0.8045039443532467,-0.7039829201535723,0.14918045169696045,-0.2279777026770267,-0.5301153022651569,-0.6515377383555188,-0.14918045169697136,0.24512960849934964,-0.5555237515561613,-0.5663607089508563,0.9089721027320734,-0.8025980776535678,0.39891390884912803,0,0,1,0,1,0,1,0,0,0,0,0,0,0,0,0,1,0,0,0,0,0,0,0,0,0,0,0,0,0,0,0,0,0,0,0,0,0,0,0,0,0,1,0,0,0,0,0,0,0,0,0,1,0,1,0,0,0,0,1,0,0,0,0,0,1,0,0,0,0,0,0,0,0,0,1,0,0,0,0,0,0,0,0,0,0,0,1,0,0,0,0
-0.9991169187631582,-0.7605315720080802,1.412783515790431,0.9265651412135858,-0.4794758203104481,0.8605673942382447,-0.6517007191135835,-0.9562606642355124,-0.8238649762007128,0.009759465477002306,0.461837853772224,-1.5216569880783546,-1.5302967010856587,-2.0055801380054925,-0.5160612504077055,-1.7627509779605017,0.48252137827955527,-0.6515377383555188,0.5160612504076945,0.1467422122957153,-0.7749553489927752,1.2618804456652244,-0.3610679194942681,-1.7744387782545554,-0.18600384606161657,1,0,0,0,0,0,0,0,1,0,0,0,0,0,0,0,0,0,0,0,0,0,1,0,0,0,0,0,0,0,0,0,0,0,1,0,0,0,0,0,0,0,0,1,0,0,0,0,1,0,0,0,0,1,0,0,1,0,0,1,0,0,0,0,0,1,0,0,0,1,0,0,0,1,1,0,1,0,0,0,0,0,0,0,0,0,0,0,0,0,1,0
2.208028052474079,2.4138230031551786,-0.22238259044849376,0.2941005447266749,-0.4794758203104481,1.000561839761466,0.9538505081700629,0.914809268796044,-0.8238649762007128,1.2296926501022896,-0.4384308670313317,-0.24052832022853388,-0.2363119005113013,0.31207872569094663,-0.349750824881539,1.257262729701158,-0.5301153022651569,-0.6515377383555188,0.34975082488152803,1.4154217949215266,-0.5555237515561613,-0.5663607089508563,0.9089721027320734,-0.054899017609718534,-0.18600384606161657,1,0,0,0,0,0,1,0,0,0,0,0,0,0,0,0,0,0,0,0,1,0,0,0,0,0,1,0,0,0,0,0,0,0,0,0,0,0,0,0,0,0,0,0,1,0,0,0,0,1,0,0,0,0,1,0,0,1,0,0,0,0,0,0,0,1,1,0,0,0,0,0,0,0,0,0,0,0,0,0,0,0,0,0,0,0,0,0,1,1,0,0
0.3046005492194585,0.11515244872661197,-1.0399656435679563,0.8504317288214461,-0.4794758203104481,-0.9019267788874382,0.9538505081700629,1.2026661815701296,1.1400563019893057,-1.2101737191482849,-1.3386995878348875,-0.22412987328005615,-0.21972235178598903,1.0134685166701662,-0.349750824881539,-0.3773210861734289,-0.5301153022651569,-0.6515377383555188,0.34975082488152803,0.04317653208136333,-0.9544902923500049,-0.9818700622726926,1.5687331532392639,0.1570126484657941,-0.7709216009723612,1,0,0,0,0,0,0,1,0,0,0,0,0,0,0,0,0,0,0,0,0,1,0,0,0,0,0,0,0,0,0,0,0,0,0,0,0,0,0,1,0,0,0,0,0,1,0,0,0,0,0,1,0,0,0,1,0,0,0,1,0,0,0,0,0,0,0,0,0,0,0,1,1,0,0,1,0,0,0,1,0,0,0,0,0,0,0,0,0,1,0,0
-0.3733325341315022,-0.10376855645706107,1.412783515790431,-0.502186109211139,-0.4794758203104481,1.2590131238043358,0.9538505081700629,-1.6759029461707264,1.1400563019893057,1.2296926501022896,0.461837853772224,-0.49060463619281885,1.6009806208170332,0.1266660165952315,-0.349750824881539,-0.26819986082568364,0.9888397185519114,1.5348305111596448,0.34975082488152803,1.6018400193073603,-1.1041027451476964,2.2902660951367695,-0.9053707861626996,0.38852922342632923,1.5687494186706172,0,0,0,0,1,0,0,0,0,0,1,0,0,0,0,0,0,0,1,0,0,0,0,0,0,0,0,0,0,0,0,1,0,0,0,0,0,0,0,0,0,0,0,1,0,0,0,0,0,0,0,0,0,0,0,1,0,0,0,1,0,0,0,0,0,1,0,0,0,0,0,1,0,1,0,1,0,0,0,0,0,0,0,0,0,0,0,0,1,0,0,1
2.1037306550354695,2.4138230031551786,-0.22238259044849376,-0.8977274600299374,-0.4794758203104481,-0.9019267788874382,0.3949335620868423,-1.5319744897836836,1.1400563019893057,1.2296926501022896,-0.4384308670313317,-0.14213763853766764,1.2608948719481314,1.2041787317400447,-0.017129973829206037,-0.5389545735485874,0.48252137827955527,-0.6515377383555188,0.017129973829195105,-0.3633187627599681,-1.1041027451476964,0.5762900126841938,0.45538638050838015,1.3885377967512689,0.9838316637598726,1,0,0,1,0,0,1,0,0,0,0,0,0,0,0,0,0,0,0,0,0,0,1,0,0,0,0,0,0,0,0,0,0,0,0,0,0,0,0,1,0,0,0,0,0,0,0,1,0,0,0,1,0,0,1,0,0,0,0,1,0,0,0,0,0,0,0,1,0,0,0,0,1,0,0,0,0,0,0,0,0,0,0,0,1,0,0,0,0,0,0,1
2.364474148631993,2.4138230031551786,-0.22238259044849376,1.2554795121886708,-0.4794758203104481,0.6344225207007334,-1.474056225771061,-0.23661838230029839,-0.8238649762007128,0.009759465477002306,0.461837853772224,0.3170188760197081,-0.6033556660588354,-0.10642424626795326,0.6481117282754599,1.1939500733560497,1.4951580588242674,1.5348305111596448,-0.6481117282754707,-0.6144655372797716,0.840859141222292,-0.9818700622726926,0.08427078959808616,-0.494022569020304,-0.18600384606161657,1,0,1,0,0,0,0,0,0,1,0,0,0,0,0,1,0,0,0,0,0,0,0,0,0,0,0,0,0,0,1,0,0,0,0,0,0,0,0,0,0,0,0,1,0,0,0,0,0,1,0,0,0,0,0,1,0,1,0,0,0,0,0,0,0,1,0,1,0,0,0,0,1,0,0,1,0,0,0,0,0,0,0,0,0,0,1,0,0,0,1,0
-1.164254464707623,-1.0889130797835898,-0.22238259044849376,0.694067303800775,-0.4794758203104481,1.3379843494841017,-0.9080193185912387,0.051238530473787215,-0.8238649762007128,-1.2101737191482849,1.3621065745757797,0.8458687901081141,0.8627457025406369,0.44027837026569827,0.6481117282754599,-0.6670695957998651,1.4951580588242674,1.5348305111596448,-0.6481117282754707,0.30467987462260204,0.5416342356269089,0.5762900126841938,-0.9053707861626996,0.19795842252716525,-0.18600384606161657,1,0,0,0,0,0,0,0,1,0,0,1,0,0,0,0,0,0,0,0,0,0,0,0,0,0,0,0,0,0,0,0,0,0,0,0,0,0,0,0,0,1,0,0,1,0,0,0,0,1,0,0,0,0,1,0,0,0,0,0,0,0,0,0,0,0,0,0,0,0,1,0,0,0,1,0,0,0,0,1,0,0,0,0,0,0,0,0,0,0,0,0
0.25245185050015384,0.2246129513184485,1.412783515790431,1.469947908561363,-0.4794758203104481,1.5066956043454196,0.9538505081700629,-0.8123322078484696,-0.8238649762007128,-1.2101737191482849,-0.4384308670313317,-1.3843199948848537,-1.3934329241018324,-1.8832077500023208,0.9807325793277929,0.6006732406633597,-1.0364336425375131,-0.6515377383555188,-0.9807325793278037,1.7804908176771175,0.840859141222292,0.8879220276755714,-1.4001915740430917,-1.6831607753020692,-1.355839355883106,0,1,0,1,0,0,0,0,0,0,0,0,0,0,0,0,0,0,0,0,0,0,1,0,0,1,0,0,0,0,0,0,0,0,0,0,0,0,0,0,0,0,0,0,1,0,0,0,0,0,1,0,0,1,1,0,0,0,0,0,1,0,0,0,0,0,0,0,0,0,0,1,0,0,1,0,0,0,1,0,0,0,0,0,0,0,0,0,0,0,1,0
-0.7122990758069826,-0.6510710694162436,-1.0399656435679563,-0.08156744494562877,-0.4794758203104481,-0.9019267788874382,-0.7798600188524111,-1.5319744897836836,-0.8238649762007128,-1.2101737191482849,-0.4384308670313317,-1.4294157239931675,-1.3436642779258956,-1.814340172338198,-0.349750824881539,1.4583735204444428,-0.023796961992800816,-0.6515377383555188,0.34975082488152803,-1.2177356245283717,-0.9544902923500049,0.8879220276755714,0.08427078959808616,-1.611027638443416,-1.355839355883106,0,0,1,0,1,0,0,0,0,0,1,0,0,0,0,0,0,1,0,0,0,0,0,0,0,0,1,0,0,0,0,0,0,0,0,0,0,0,0,0,0,0,0,0,0,0,0,0,1,0,0,0,0,1,0,0,1,0,0,0,1,0,0,0,0,0,0,1,0,0,0,0,0,0,0,0,0,0,0,0,0,0,0,0,1,0,0,0,0,0,0,1
1.1389797287283332,0.9908364694613041,1.412783515790431,-0.977016024604098,-0.4794758203104481,1.2482443203025497,-0.28502272263860434,1.3465946379571725,1.1400563019893057,-1.2101737191482849,-1.3386995878348875,-0.8554700807964478,-0.1823958671540364,-0.627698834125621,-0.017129973829206037,0.8814834929234276,-0.023796961992800816,-0.6515377383555188,0.017129973829195105,0.6930511754264218,-0.9544902923500049,0.8879220276755714,0.08427078959808616,-0.34690503539852424,-0.7709216009723612,0,0,0,1,0,0,0,0,1,0,0,0,0,0,0,0,1,0,0,0,0,0,0,0,0,0,0,0,1,0,0,0,0,0,0,0,0,0,0,0,0,0,0,0,0,0,0,1,0,0,0,0,0,0,0,1,0,0,0,1,0,0,0,0,0,1,1,0,0,0,0,0,0,0,0,1,0,1,0,0,0,0,0,0,0,0,0,0,0,0,0,1
0.46104664537737255,0.11515244872661197,1.412783515790431,0.20321577148352793,-0.4794758203104481,0.7528793592203822,-0.7157803689829972,-1.244117577009598,1.1400563019893057,1.2296926501022896,-0.4384308670313317,0.054643724844064816,-0.7360720558613336,0.03025140786545962,0.4818013027492934,0.28001325764490004,0.9888397185519114,1.5348305111596448,-0.48180130274930427,0.022463396038492938,0.28844393089235454,-1.2695303838031946,0.7694072651247837,-0.22119619196190574,0.9838316637598726,1,0,0,0,1,0,0,0,0,0,0,0,0,0,0,0,1,0,0,0,0,0,0,0,0,0,0,0,0,1,0,0,0,0,0,0,0,0,0,0,0,0,0,0,0,0,0,0,0,0,0,0,0,0,0,0,0,0,0,0,1,0,0,0,0,0,1,0,0,0,0,0,0,1,1,0,0,0,0,0,1,0,0,0,0,0,0,0,0,0,0,1
-1.0338827179093615,-1.3078340849672627,1.412783515790431,-0.33709379568695513,-0.4794758203104481,0.9072322094126517,-1.2355375290349095,0.33909544324787283,2.1220169410843153,-1.2101737191482849,-1.3386995878348875,0.6777847088862176,-0.4208706300804004,0.26652017431314234,1.1470430048539593,0.755603035013742,-1.542751982809869,-0.6515377383555188,-1.1470430048539701,-0.24421823051346334,0.840859141222292,-0.9818700622726926,0.08427078959808616,0.26545649060319265,-0.18600384606161657,0,0,0,1,1,1,0,0,0,0,0,0,0,0,0,0,0,0,1,0,0,0,0,0,0,0,0,0,0,0,1,0,0,0,0,0,0,0,0,0,0,0,0,0,0,0,1,0,0,0,0,1,0,0,1,0,0,1,0,0,1,0,0,0,0,0,0,0,1,0,0,0,0,1,0,0,0,0,0,0,0,0,0,0,0,0,0,1,0,0,0,0
-0.616693128154924,-0.9794525771917532,-0.22238259044849376,-0.104063270243414,-0.4794758203104481,-0.9019267788874382,-0.17466332564128056,1.0587377251830867,1.1400563019893057,0.009759465477002306,0.461837853772224,-0.8759681394820449,-0.879156913617152,-0.8374800707024872,0.3154908772231269,-0.4912838675946236,1.4951580588242674,1.5348305111596448,-0.3154908772231378,-0.777581483617376,-0.5555237515561613,-0.5663607089508563,0.9089721027320734,-0.8391588116434461,0.9838316637598726,1,0,0,1,1,1,0,0,0,0,0,0,0,0,0,0,0,0,0,0,0,0,0,0,0,1,0,0,0,0,0,0,0,0,0,0,0,0,0,0,0,0,0,0,0,0,0,0,0,0,0,0,0,0,1,0,0,1,0,0,0,0,0,1,0,0,0,0,0,0,1,0,0,0,1,0,0,0,0,1,0,0,0,0,0,0,0,0,0,1,0,0
-0.738373425166635,-0.5416105668244071,-1.0399656435679563,0.1752701378713433,-0.4794758203104481,1.1477354876192114,0.9538505081700629,-0.6684037514614268,-0.8238649762007128,1.2296926501022896,-0.4384308670313317,0.17353246522052818,0.18257420480283362,-0.47407116087488554,-1.1813029525123715,-1.3534532760588909,-0.023796961992800816,-0.6515377383555188,1.1813029525123604,1.5215766171412375,0.840859141222292,0.8879220276755714,-1.4001915740430917,-0.3539734467211284,-0.18600384606161657,0,0,1,0,0,1,0,0,0,0,0,0,0,0,0,0,0,0,0,0,0,0,1,0,0,0,0,0,0,0,0,0,0,1,0,0,0,0,0,0,0,0,0,0,0,0,0,1,0,1,0,0,0,0,0,0,0,1,0,0,0,1,0,0,0,0,0,0,0,0,0,1,0,1,0,1,0,0,0,0,0,1,0,0,0,0,0,0,0,0,1,0
-0.30380093583909595,-0.5416105668244071,-1.0399656435679563,0.8741978101925122,-0.4794758203104481,-0.9019267788874382,-1.0966982876511795,-1.6759029461707264,-0.8238649762007128,-1.2101737191482849,-1.3386995878348875,0.06284294831830367,-0.7319246686800055,-0.5741940237865717,1.1470430048539593,0.7500166241597619,0.48252137827955527,-0.6515377383555188,-1.1470430048539701,-1.448169263005305,1.1999290279367514,-0.7948908532778661,-0.3610679194942681,-0.7080956090012605,-1.9407571107938504,1,0,0,0,0,0,0,1,0,0,0,0,0,0,0,0,0,0,0,0,0,1,0,0,0,0,0,0,0,0,0,0,0,0,0,0,0,0,1,0,0,0,0,1,0,0,0,0,0,1,0,1,0,0,1,0,0,1,0,0,0,0,0,0,1,0,0,0,0,0,0,0,1,0,0,1,0,0,0,0,0,0,0,0,0,0,0,0,1,0,0,1
0.18292025220774763,0.005691946134775455,-1.0399656435679563,0.5503644635105519,-0.4794758203104481,2.1097486004454495,-0.9008993574946372,-0.8123322078484696,-0.8238649762007128,1.2296926501022896,-0.4384308670313317,-1.3064273718795847,-1.424538327961793,-1.7846741388828835,0.9807325793277929,0.8017840314066444,0.48252137827955527,-0.6515377383555188,-0.9807325793278037,0.8665236897854613,0.840859141222292,-0.9818700622726926,0.08427078959808616,-1.6069724510049903,-0.18600384606161657,0,1,1,0,1,0,0,0,0,1,0,0,0,0,0,0,0,0,0,0,0,0,1,0,0,0,0,0,0,0,0,0,0,0,0,0,1,0,0,0,0,0,0,0,1,0,0,0,1,0,0,0,0,1,0,0,1,0,0,0,0,0,0,1,0,0,0,0,0,1,0,0,0,1,0,1,0,0,0,0,0,0,0,0,1,0,0,0,0,0,1,0
-1.0425741676959122,-0.7605315720080802,-1.0399656435679563,1.7934534472244115,2.5689626376124735,-0.9019267788874382,0.9538505081700629,-1.6759029461707264,-0.8238649762007128,-1.2101737191482849,0.461837853772224,-0.5459493946439311,0.443859597226502,0.26493092252089334,-1.680234229090871,0.12694560024584442,0.48252137827955527,-0.6515377383555188,1.6802342290908596,0.04317653208136333,-1.1041027451476964,0.5762900126841938,0.45538638050838015,-0.40532752802864624,-0.7709216009723612,0,0,0,1,0,0,0,0,0,0,0,0,0,0,0,0,0,0,0,1,0,0,0,0,0,0,0,0,0,1,0,0,0,0,0,0,0,0,0,0,0,0,0,0,0,0,0,0,0,1,0,1,0,0,0,1,0,0,1,0,1,0,0,0,0,0,0,0,1,0,0,0,0,1,1,0,0,1,0,0,0,0,0,0,0,0,0,0,0,0,0,1
-0.30380093583909595,0.005691946134775455,1.412783515790431,-0.47637122772187657,-0.4794758203104481,-0.9019267788874382,-0.35622233360461975,-0.3805468386873412,1.1400563019893057,-1.2101737191482849,1.3621065745757797,-0.6627883291518347,0.20745852789080205,-0.2293263848685416,1.6459742814324587,0.03756302658216229,-1.542751982809869,-0.6515377383555188,-1.6459742814324694,-0.9096277258906748,-0.9544902923500049,0.8879220276755714,0.08427078959808616,-0.13195949447506636,0.9838316637598726,0,1,0,0,1,0,1,0,0,0,0,1,0,0,0,0,0,0,0,0,0,0,0,0,0,0,0,0,0,0,0,1,0,0,0,0,0,0,0,0,0,0,0,0,0,0,0,0,0,0,0,1,0,0,0,1,0,0,0,1,0,0,0,0,1,0,0,0,0,0,1,0,0,1,0,0,0,0,0,0,0,0,0,0,0,0,1,0,0,0,1,0
-0.694916176233881,-0.7605315720080802,-0.22238259044849376,0.22251546859692847,-0.4794758203104481,0.14982636312035216,0.9538505081700629,1.634451550731258,-0.8238649762007128,-1.2101737191482849,-0.4384308670313317,-0.3409688077879598,-0.337922886453839,0.4360403654863676,-0.349750824881539,-0.6056190764060837,-0.5301153022651569,-0.6515377383555188,0.34975082488152803,0.8017951396514914,-0.7749553489927752,-0.7948908532778661,1.2718406805110285,0.010185111922511557,-1.355839355883106,1,0,0,0,0,0,0,0,0,1,0,0,0,0,1,0,0,0,0,0,0,0,0,0,0,0,0,0,0,0,0,0,0,0,1,0,0,0,0,0,0,0,0,0,0,0,0,1,0,1,0,0,1,0,0,1,0,0,0,0,1,0,0,0,0,0,1,0,0,0,0,0,0,1,0,0,0,0,0,0,0,0,0,0,0,0,0,1,0,0,0,1
1.0086079819300715,0.9908364694613041,1.412783515790431,1.9426060958290348,2.5689626376124735,0.7600585615549064,-0.5306613804713574,0.19516698686083,1.1400563019893057,1.2296926501022896,-1.3386995878348875,-0.5643976474609685,0.40653311259454933,0.22202112413017072,-1.680234229090871,-1.5281217220933363,0.9888397185519114,1.5348305111596448,1.6802342290908596,0.1622770643278681,-1.1041027451476964,0.5762900126841938,0.45538638050838015,-0.4595232161235074,0.39891390884912803,0,0,1,0,1,1,0,0,0,0,0,0,0,0,0,0,0,0,0,0,0,0,0,1,0,0,0,0,0,0,0,0,0,1,0,0,0,0,0,0,0,0,0,1,0,0,0,0,0,0,0,0,0,0,1,0,0,1,0,0,0,0,0,0,0,1,0,0,0,1,0,0,0,0,0,0,0,0,0,0,0,0,0,0,0,1,0,0,0,0,0,0
0.8087046368394036,0.8813759668694676,-1.0399656435679563,1.476135284918313,2.5689626376124735,-0.9019267788874382,-1.164337918068894,-1.6759029461707264,1.1400563019893057,-1.2101737191482849,1.3621065745757797,-0.3860645368962735,-0.3835441454484477,-0.24521890279103145,-1.014992526986205,-1.0670566129448427,0.48252137827955527,-0.6515377383555188,1.014992526986194,-1.497362961107122,-0.28123425476039365,-0.28069802854209364,0.45538638050838015,-0.6620861685568117,0.9838316637598726,1,0,1,0,1,0,0,0,1,0,0,0,0,0,0,0,0,0,0,0,0,0,0,0,0,0,0,0,0,0,0,0,0,0,0,1,0,0,0,0,0,0,0,0,0,0,1,0,0,0,0,0,1,0,0,1,0,1,0,0,0,0,0,0,0,1,1,0,0,0,0,0,1,0,0,1,0,0,0,0,0,0,1,0,0,0,0,0,0,0,0,1
1.8864444103717002,1.8665204901959962,-1.0399656435679563,2.7840892803742374,1.2624890127883643,0.8749257989072929,-1.93329371650186,-0.6684037514614268,-0.8238649762007128,1.2296926501022896,1.3621065745757797,1.932265900444762,0.21367960866279415,1.5633496367883157,-0.1834403993553725,1.622986426941724,-1.542751982809869,-0.6515377383555188,0.18344039935536155,-0.7749923416120171,0.840859141222292,-0.9818700622726926,0.08427078959808616,0.16769898229819402,0.9838316637598726,1,0,0,0,1,0,0,0,0,1,0,0,0,0,0,0,1,0,0,0,0,0,0,0,0,0,0,0,0,0,0,0,0,0,0,0,0,0,1,0,0,0,0,0,0,1,0,0,0,1,0,1,0,0,0,0,0,0,0,0,1,0,0,0,0,0,0,1,0,0,0,0,1,0,1,0,0,0,0,0,0,0,0,1,0,0,0,0,0,0,1,0
-0.5906187787952717,-0.6510710694162436,-0.22238259044849376,-1.6442282710956029,-0.4794758203104481,0.45853206350489134,0.9538505081700629,1.634451550731258,-0.8238649762007128,-1.2101737191482849,-0.4384308670313317,-0.8944163922990823,-0.2611962235992697,-0.870854358339716,1.6459742814324587,-0.033198177568252725,1.4951580588242674,1.5348305111596448,-1.6459742814324694,1.024461352112348,-0.7749553489927752,1.2618804456652244,-0.3610679194942681,-0.31955646966858653,-1.355839355883106,0,1,1,0,0,0,0,0,0,0,1,0,1,0,0,0,0,0,0,0,0,0,0,0,0,0,0,0,0,0,0,0,0,0,0,0,1,0,0,0,0,0,0,1,0,0,0,0,0,1,0,0,1,0,1,0,0,1,0,0,0,0,0,0,0,0,0,0,0,1,0,0,0,1,0,1,0,0,0,0,0,0,0,0,0,0,0,1,0,0,0,1
-1.3728492595848418,-1.6362155927427724,1.412783515790431,1.2787129055290065,1.2624890127883643,0.7780065673912168,0.9538505081700629,-0.6684037514614268,-0.8238649762007128,1.2296926501022896,-1.3386995878348875,0.7966734492626809,-0.36073351595114334,0.08958347477608847,-1.014992526986205,0.40440400599352433,-1.542751982809869,-0.6515377383555188,1.014992526986194,1.2548949905892812,1.1999290279367514,-0.7948908532778661,-0.3610679194942681,-0.31202211272848535,-0.7709216009723612,0,1,1,0,0,0,1,0,0,0,0,1,0,0,0,0,0,0,0,0,0,0,0,0,0,0,0,0,0,0,0,0,0,0,0,0,0,0,0,0,0,0,1,0,0,0,1,0,0,1,0,0,1,0,0,0,0,1,0,0,1,0,0,0,0,0,0,0,0,1,0,0,0,0,1,0,0,0,0,0,0,0,0,0,0,0,0,1,0,0,1,0
-1.477146657023451,-1.6362155927427724,1.412783515790431,1.2052019572881565,-0.4794758203104481,-0.9019267788874382,-0.032264103709249835,1.2026661815701296,-0.8238649762007128,-1.2101737191482849,-0.4384308670313317,-1.3884196066219732,-1.3975803112831606,-1.869434234469496,-1.1813029525123715,-1.271891677590781,1.4951580588242674,1.5348305111596448,1.1813029525123604,-0.674015803403024,0.5416342356269089,0.5762900126841938,-0.9053707861626996,-1.6734822939515364,-1.355839355883106,1,0,0,1,0,0,0,0,1,0,0,1,0,0,0,0,0,0,0,0,0,0,0,0,0,0,0,0,0,0,1,0,0,0,0,0,0,0,0,0,0,0,0,0,0,1,0,0,1,0,0,0,0,1,0,0,1,0,0,0,0,0,0,0,1,0,0,1,0,0,0,0,0,1,1,0,1,0,0,0,0,0,0,0,0,0,0,0,0,1,0,0
-0.9469682200438536,-0.9794525771917532,1.412783515790431,0.46923197883001533,-0.4794758203104481,0.8533881919037205,0.9538505081700629,1.4905230943442151,-0.8238649762007128,-1.2101737191482849,1.3621065745757797,-0.8103743516881341,-0.0911533491648189,-0.7188159368812296,-1.014992526986205,0.9406994479756171,0.9888397185519114,1.5348305111596448,1.014992526986194,1.309266972701816,-0.7749553489927752,1.2618804456652244,-0.3610679194942681,-0.7465289195483388,-0.18600384606161657,0,0,1,0,1,1,0,0,0,0,0,0,0,0,0,0,0,0,0,0,0,0,0,1,0,0,0,0,0,0,0,0,0,0,0,0,0,0,0,0,0,1,0,0,0,0,1,0,0,1,0,1,0,0,1,0,0,0,0,1,0,0,0,1,0,0,0,0,0,0,0,0,0,1,1,0,0,0,0,0,0,0,0,0,0,0,0,0,0,0,0,1
-0.5558529796490685,-0.3226895616407341,-1.0399656435679563,0.4391965690972705,-0.4794758203104481,0.6487809253697817,0.9538505081700629,-0.23661838230029839,1.1400563019893057,1.2296926501022896,-1.3386995878348875,0.10588887155805764,0.1141423163109205,1.3599254073804454,-0.8486821014600384,1.468429059981607,1.4951580588242674,1.5348305111596448,0.8486821014600274,1.1616858783963644,-0.7749553489927752,-0.7948908532778661,1.2718406805110285,0.5899779940904258,0.39891390884912803,1,0,1,0,0,0,0,1,0,0,0,1,0,0,0,0,0,0,0,0,0,0,0,0,0,0,0,0,0,0,0,0,0,0,1,0,0,0,0,0,0,0,0,1,0,0,0,0,0,0,0,1,0,0,1,0,0,0,1,0,1,0,0,0,0,0,0,0,0,0,1,0,1,0,0,1,0,0,1,0,0,0,0,0,0,0,0,0,0,0,1,0
-0.03436599245602184,-0.5416105668244071,-0.22238259044849376,-1.7537161494119637,0.8269978045136612,-0.9019267788874382,0.9538505081700629,-0.23661838230029839,-0.8238649762007128,1.2296926501022896,0.461837853772224,-0.3758155075534749,-0.3731756774951276,0.3639942842377469,0.6481117282754599,0.015962237946772446,-0.023796961992800816,-0.6515377383555188,-0.6481117282754707,0.04317653208136333,-0.7749553489927752,-0.7948908532778661,1.2718406805110285,0.9674342378916692,0.39891390884912803,1,0,1,0,0,1,0,0,0,0,0,0,0,0,0,0,0,0,0,1,0,0,0,0,1,0,0,0,0,0,0,0,0,0,0,0,0,0,0,0,0,0,0,0,1,0,0,0,0,1,0,0,0,0,0,1,0,0,0,1,1,0,0,0,0,0,0,0,0,0,0,0,1,0,0,0,0,0,1,0,0,0,0,0,0,0,0,0,0,0,1,0
-0.7036076260204318,-1.0889130797835898,-1.0399656435679563,-0.19166996329744762,-0.4794758203104481,1.4241347774983917,-0.6196608941788766,0.7708808124090012,-0.8238649762007128,0.009759465477002306,-1.3386995878348875,1.8133771600682986,-1.5344440882669867,1.0092305118908356,1.4796638559062922,-1.4327803101854086,-0.5301153022651569,-0.6515377383555188,-1.4796638559063031,0.5765397851852758,1.6387922228099792,-2.8516621522209564,0.9089721027320734,0.6818185472073172,-1.355839355883106,1,0,1,0,0,0,0,0,0,1,0,0,0,0,0,0,1,0,0,0,0,0,0,0,0,0,0,0,1,0,0,0,0,0,0,0,0,0,0,0,0,0,0,1,0,0,0,0,0,1,0,1,0,0,1,0,0,0,0,0,0,0,0,0,0,0,0,0,0,0,0,0,0,1,0,1,0,0,0,0,0,0,0,0,0,0,0,0,1,1,0,0
0.5479611432428804,0.771915464277631,1.412783515790431,-0.5951196825724804,-0.4794758203104481,0.3544336296542909,0.9538505081700629,-1.244117577009598,-0.8238649762007128,1.2296926501022896,1.3621065745757797,-1.33922426577654,-1.4411278766871052,-1.8185781771175284,-1.680234229090871,-0.3385886375858333,-1.0364336425375131,-0.6515377383555188,1.6802342290908596,0.9493762339569429,0.840859141222292,-0.9818700622726926,0.08427078959808616,-1.5963067796194677,0.9838316637598726,0,1,1,0,1,0,0,0,1,0,0,0,1,0,0,0,0,0,0,0,0,0,0,0,0,0,0,0,0,0,0,0,0,0,0,0,0,0,0,0,0,0,0,0,0,0,1,0,1,0,0,0,0,1,0,0,1,0,0,0,0,0,0,0,0,1,0,0,0,0,0,0,0,1,0,1,0,0,0,0,0,0,0,0,0,0,0,1,0,0,0,1
0.7478644883335482,0.334073453910285,-1.0399656435679563,-1.0917488312230388,-0.4794758203104481,0.2646936004727388,0.9538505081700629,-0.23661838230029839,-0.8238649762007128,-1.2101737191482849,-0.4384308670313317,-0.539799977038252,0.4563017587704862,-0.2293263848685416,1.3133534303801258,-1.629049544855244,-1.0364336425375131,-0.6515377383555188,-1.3133534303801366,0.884647683822973,-0.7749553489927752,1.2618804456652244,-0.3610679194942681,0.19144602734696098,-1.355839355883106,1,0,0,1,1,0,0,0,0,1,0,0,0,0,0,0,1,0,0,0,0,0,0,0,0,0,0,0,0,0,0,0,0,0,1,0,0,0,0,0,0,0,0,0,0,1,0,0,0,1,0,1,0,0,1,0,0,0,0,0,0,0,0,0,0,1,0,1,0,0,0,0,0,0,0,0,0,0,0,0,0,0,0,0,0,1,0,0,0,0,1,0
-1.3815407093713925,-0.21322905904889758,-0.22238259044849376,-0.582581025849125,-0.4794758203104481,-0.9019267788874382,0.9538505081700629,-1.5319744897836836,-0.8238649762007128,-1.2101737191482849,-0.4384308670313317,0.6162905328294263,-0.4519760339403609,-0.07357970922814086,-0.017129973829206037,-1.3519635664978293,-0.023796961992800816,-0.6515377383555188,0.017129973829195105,0.04317653208136333,1.1999290279367514,-0.7948908532778661,-0.3610679194942681,0.12494780686911626,-1.355839355883106,1,0,1,0,1,1,0,0,0,0,0,0,0,0,0,0,0,0,0,1,0,0,0,0,0,0,0,0,0,0,1,0,0,0,0,0,0,0,0,0,0,0,0,0,0,0,0,1,0,1,0,0,1,0,0,0,0,1,0,0,0,0,0,1,0,0,0,0,0,0,0,0,0,1,0,1,0,0,0,0,0,0,0,0,1,0,0,0,0,0,0,1
-0.15604628946773275,-0.10376855645706107,1.412783515790431,0.37248763724882933,-0.4794758203104481,2.002060565427587,-3.0012878809920904,-1.5319744897836836,1.1400563019893057,1.2296926501022896,1.3621065745757797,0.9975544243815329,1.0161990282497755,0.5970845471009316,-1.680234229090871,-0.8786083534705795,-1.542751982809869,-0.6515377383555188,1.6802342290908596,-0.738744353536994,0.5416342356269089,0.5762900126841938,-0.9053707861626996,0.4468097598346762,2.1536671735813617,1,0,1,0,0,0,0,1,0,0,0,0,0,0,0,0,0,0,0,0,1,0,0,0,0,0,0,0,0,0,1,0,0,0,0,0,0,0,0,0,0,0,0,0,0,0,1,0,0,0,0,1,0,0,1,0,0,0,0,0,1,0,0,0,0,0,0,0,0,0,0,1,0,0,1,0,1,0,0,0,0,0,0,0,0,0,0,0,0,0,0,1
-0.5993102285818225,-0.5416105668244071,1.412783515790431,1.7665731896736883,-0.4794758203104481,-0.9019267788874382,-1.5238959534472718,-0.6684037514614268,-0.8238649762007128,0.009759465477002306,0.461837853772224,1.682189584480477,0.08718429963228806,0.8905663780695778,0.6481117282754599,0.5094285300483509,0.48252137827955527,-0.6515377383555188,-0.6481117282754707,-1.7588663036483605,1.1999290279367514,-0.7948908532778661,-0.3610679194942681,0.10429865683103369,-0.18600384606161657,0,0,1,0,0,0,0,1,0,0,0,0,0,0,0,0,0,0,0,0,1,0,0,0,0,0,0,0,0,0,0,0,0,0,0,0,0,0,0,0,0,0,0,0,1,0,0,0,0,1,0,0,1,0,0,1,0,1,0,0,0,0,0,0,0,0,0,0,1,0,0,0,1,0,0,0,1,0,0,0,0,0,0,0,0,0,0,0,0,0,1,0
-0.8165964732455919,-0.6510710694162436,-0.22238259044849376,-0.29882220947906596,-0.4794758203104481,-0.9019267788874382,0.9538505081700629,1.0587377251830867,-0.8238649762007128,1.2296926501022896,1.3621065745757797,1.3050253046654898,0.3733540151439248,-0.3034914685068276,1.6459742814324587,0.9258023523650034,-1.542751982809869,-0.6515377383555188,-1.6459742814324694,0.04317653208136333,2.1873712164015147,0.5762900126841938,-2.2661279528337777,0.11656803911159859,0.9838316637598726,1,0,1,0,1,0,0,0,0,0,0,0,0,0,0,0,0,1,0,0,0,0,0,0,0,0,1,0,0,0,0,0,0,0,0,0,0,0,0,0,0,0,0,0,0,0,0,0,0,1,0,1,0,0,0,0,0,0,0,0,0,0,0,0,1,0,0,0,1,0,0,0,1,0,0,0,0,0,0,0,0,0,0,0,0,1,0,0,0,1,0,0
0.4784295449504741,0.4435339565021215,1.412783515790431,1.150294114120521,-0.4794758203104481,-0.9019267788874382,-1.121618151489285,-1.244117577009598,1.1400563019893057,-1.2101737191482849,0.461837853772224,-0.22412987328005615,-0.21972235178598903,0.34174475914626107,1.1470430048539593,1.347762585535636,0.48252137827955527,-0.6515377383555188,-1.1470430048539701,-1.4662932570428164,-0.5555237515561613,-0.5663607089508563,0.9089721027320734,-0.26999917548289404,0.39891390884912803,0,0,0,1,0,0,0,0,0,0,1,0,0,0,0,1,0,0,0,0,0,0,0,0,0,0,0,0,0,0,0,0,0,0,1,0,0,0,0,0,0,0,0,0,0,1,0,0,0,0,0,0,1,0,0,1,0,0,1,0,1,0,0,0,0,0,0,0,1,0,0,0,0,0,0,1,0,0,0,0,1,0,0,0,0,0,0,0,0,0,0,1
-0.7818306740993888,-0.9794525771917532,-0.22238259044849376,-0.3407406598973433,-0.4794758203104481,-0.9019267788874382,-0.2814627420903036,-1.244117577009598,-0.8238649762007128,-1.2101737191482849,1.3621065745757797,-1.417116888781809,-1.426612021552457,-1.8164591747278631,1.3133534303801258,-0.7274028330228506,-0.5301153022651569,-0.6515377383555188,-1.3133534303801366,-0.85525574377814,-0.5555237515561613,-0.5663607089508563,0.9089721027320734,-1.6152208141347915,-0.18600384606161657,0,1,1,0,0,0,0,0,0,1,0,0,0,0,0,0,0,0,0,0,1,0,0,0,0,0,0,0,0,0,1,0,0,0,0,0,0,0,0,0,0,0,0,0,0,0,0,0,0,0,1,0,0,1,1,0,0,0,0,0,0,0,0,0,0,1,0,0,0,0,0,0,0,0,0,1,0,0,1,0,0,0,0,0,0,0,0,0,0,0,0,1
1.738689764000337,1.8665204901959962,-0.22238259044849376,0.4292394005228417,1.2624890127883643,-0.9019267788874382,-1.3138571010975264,1.634451550731258,-0.8238649762007128,1.2296926501022896,-1.3386995878348875,-0.4352598777417066,-0.4333127916243846,0.24109214563715856,-0.017129973829206037,-1.1154721736793372,-0.023796961992800816,-0.6515377383555188,0.017129973829195105,-1.6061069253321916,-0.7749553489927752,-0.7948908532778661,1.2718406805110285,-0.19327365402423416,-0.7709216009723612,1,0,1,0,0,0,0,0,0,1,0,0,0,0,0,0,0,0,0,0,0,0,0,1,0,0,0,0,0,1,0,0,0,0,0,0,0,0,0,0,0,0,0,1,0,0,0,0,0,1,0,0,0,0,1,0,0,0,0,0,0,0,0,0,1,0,0,1,0,0,0,0,0,0,0,1,0,0,0,0,0,0,0,0,0,0,0,0,0,0,0,1
0.678332890041142,0.9908364694613041,1.412783515790431,0.6808320550372328,2.5689626376124735,0.06367593510606215,-1.0148187350402618,-0.6684037514614268,-0.8238649762007128,0.009759465477002306,0.461837853772224,-1.3925192183590926,-1.4680858933657377,-1.8736722392488268,1.3133534303801258,1.4889125664462008,-1.542751982809869,-0.6515377383555188,-1.3133534303801366,-0.6921397974405356,0.840859141222292,-0.9818700622726926,0.08427078959808616,-1.6767122790327742,-0.18600384606161657,0,1,0,1,0,0,0,0,1,0,0,0,0,0,0,0,0,0,0,1,0,0,0,0,0,0,0,0,0,0,0,0,0,0,0,0,0,0,0,0,0,1,0,0,0,0,0,0,0,0,1,0,0,1,1,0,0,0,0,0,0,0,0,0,0,1,0,0,0,0,0,1,1,0,0,0,0,0,0,0,0,0,0,0,0,0,0,0,0,0,1,0
-1.277243311932783,-1.5267550901509357,1.412783515790431,-0.4644472110339801,-0.4794758203104481,1.3631115576549364,-0.9720989684606526,-1.6759029461707264,1.1400563019893057,-1.2101737191482849,-0.4384308670313317,1.4649101624131473,1.4890011669211753,0.307840720911616,0.8144221538016264,0.8181708365783195,0.48252137827955527,-0.6515377383555188,-0.8144221538016372,0.27619931256365526,1.1999290279367514,1.2618804456652244,-1.993976519499563,0.8122393275246154,-0.18600384606161657,0,0,0,1,0,0,0,0,0,1,0,0,0,0,0,0,0,0,0,0,0,0,1,0,0,0,0,0,0,0,1,0,0,0,0,0,0,0,0,0,0,0,0,0,0,1,0,0,0,0,0,0,0,0,0,1,0,0,0,0,0,0,0,0,1,0,0,0,0,0,1,0,0,0,0,1,0,0,0,0,0,0,0,0,1,0,0,0,0,0,0,1
0.09600575434223983,-0.10376855645706107,-1.0399656435679563,0.6117874910540492,-0.4794758203104481,-0.9019267788874382,0.9538505081700629,-0.23661838230029839,-0.8238649762007128,-1.2101737191482849,-0.4384308670313317,-0.0744940448751971,1.3977586489319578,0.6124473144260052,0.4818013027492934,-1.0953610946050087,1.4951580588242674,1.5348305111596448,-0.48180130274930427,0.04317653208136333,-0.7749553489927752,1.2618804456652244,-0.3610679194942681,0.2648761444960327,-1.355839355883106,1,0,1,0,0,0,0,0,0,0,1,0,1,0,0,0,0,0,0,0,0,0,0,0,0,0,0,1,0,0,0,0,0,0,0,0,0,0,0,0,0,0,0,0,0,0,1,0,0,1,0,1,0,0,0,1,0,0,0,1,0,0,0,1,0,0,0,0,0,0,0,0,1,0,0,0,0,0,0,0,0,0,0,0,0,0,0,0,1,0,1,0
-0.5558529796490685,-0.9794525771917532,-1.0399656435679563,0.40072010287756193,-0.4794758203104481,2.7056223942109554,0.9538505081700629,-1.1001891206225551,2.1220169410843153,-1.2101737191482849,-1.3386995878348875,-0.4024629838447512,0.7341766999194668,0.3089002221064487,0.14918045169696045,-1.6756029686384117,-1.0364336425375131,-0.6515377383555188,-0.14918045169697136,2.6452642474669563,-0.9544902923500049,0.8879220276755714,0.08427078959808616,0.02683968686926056,-0.18600384606161657,0,0,0,0,0,1,0,0,0,0,0,0,0,0,0,0,0,0,0,0,0,0,0,0,0,0,1,0,0,0,0,0,0,0,0,0,0,0,0,0,0,0,0,0,0,0,0,1,0,0,0,0,1,0,1,0,0,0,1,0,0,0,0,1,0,0,1,0,0,0,0,0,1,0,1,0,0,0,0,0,0,0,0,0,1,0,0,0,0,0,0,1
0.4002064968715171,0.334073453910285,-1.0399656435679563,-0.8228233277087147,-0.4794758203104481,1.5928460323597096,-0.4950615749883497,0.6269523560219584,-0.8238649762007128,0.009759465477002306,-0.4384308670313317,1.2640291872942955,-0.12433244661544345,0.8725548577574227,0.6481117282754599,-0.39035604483271585,0.9888397185519114,1.5348305111596448,-0.6481117282754707,0.7888494296246974,0.840859141222292,-0.9818700622726926,0.08427078959808616,1.0998610461003129,-0.7709216009723612,1,0,0,0,1,0,1,0,0,0,0,0,0,1,0,0,0,0,0,0,0,0,0,0,0,0,0,0,0,0,0,0,0,0,0,0,1,0,0,0,0,0,0,0,0,0,0,0,0,1,0,1,0,0,0,0,0,0,1,0,0,0,0,1,0,0,1,0,0,0,0,0,1,0,1,0,0,0,0,0,1,0,0,0,0,0,0,0,0,0,0,0
0.7130986891873451,0.2246129513184485,-0.22238259044849376,-1.0529855329867825,-0.4794758203104481,0.02419032226617923,0.9538505081700629,-1.244117577009598,-0.8238649762007128,1.2296926501022896,-1.3386995878348875,-1.3556227127250178,-1.4494226510497614,-1.8572499707289205,0.6481117282754599,0.1869064100785645,-0.023796961992800816,-0.6515377383555188,-0.6481117282754707,0.7111751694639334,1.1999290279367514,-0.7948908532778661,-0.3610679194942681,-1.610615831585675,-0.7709216009723612,0,0,1,0,1,1,0,0,0,0,0,0,0,0,0,0,0,0,0,1,0,0,0,0,0,0,0,0,0,0,0,0,0,0,0,0,1,0,0,0,0,0,0,0,0,0,0,1,0,0,1,0,0,1,0,0,1,0,0,1,0,0,0,0,0,1,0,0,1,0,0,0,0,1,1,0,0,0,1,0,0,0,0,0,0,0,0,0,0,0,0,1
1.3215001742458996,0.8813759668694676,1.412783515790431,-0.41154719198217526,-0.4794758203104481,-0.9019267788874382,0.9538505081700629,-0.9562606642355124,-0.8238649762007128,-1.2101737191482849,1.3621065745757797,-0.37786531342203467,0.7839453460954036,0.35975627945841626,0.6481117282754599,-0.47229007069109114,-1.542751982809869,-0.6515377383555188,-0.6481117282754707,0.04317653208136333,-0.9544902923500049,0.8879220276755714,0.08427078959808616,0.38256212523420036,-0.18600384606161657,1,0,1,0,1,0,1,0,0,0,0,0,0,0,0,0,0,0,0,1,0,0,0,0,0,0,0,1,0,0,0,0,0,0,0,0,0,0,0,0,0,0,0,0,0,0,0,0,0,1,0,0,1,0,1,0,0,0,1,0,0,0,0,1,0,0,1,0,0,0,0,0,0,1,1,0,0,0,0,1,0,0,0,0,0,0,0,0,0,0,1,0
-1.207711713640377,-1.0889130797835898,-0.22238259044849376,1.9279366869827563,-0.4794758203104481,-0.9019267788874382,0.9538505081700629,0.33909544324787283,-0.8238649762007128,-1.2101737191482849,-1.3386995878348875,-1.376120771410615,-1.2358322112113658,-1.7422940910895772,-1.014992526986205,1.5637704718895347,-0.5301153022651569,-0.6515377383555188,1.014992526986194,0.04317653208136333,-0.7749553489927752,1.2618804456652244,-0.3610679194942681,-1.6078972166761254,-1.9407571107938504,0,0,1,0,1,0,1,0,0,0,0,0,0,0,0,0,0,1,0,0,0,0,0,0,1,0,0,0,0,0,0,0,0,0,0,0,0,0,0,0,0,0,0,0,0,1,0,0,0,0,1,0,0,1,0,0,1,0,0,0,0,0,0,0,1,0,0,1,0,0,0,0,1,0,1,0,1,0,0,0,0,0,0,0,0,0,0,0,0,0,0,0
-0.14735483968118196,-0.5416105668244071,-1.0399656435679563,-0.09767101387464466,-0.4794758203104481,1.2338859156335014,0.9538505081700629,-0.6684037514614268,1.1400563019893057,-1.2101737191482849,-1.3386995878348875,0.15713401827205048,-0.6842297160947327,-0.2717064326618479,0.9807325793277929,-0.14529882203812072,1.4951580588242674,1.5348305111596448,-0.9807325793278037,1.5837160252698486,0.840859141222292,-0.9818700622726926,0.08427078959808616,-0.2915551646215246,-0.7709216009723612,1,0,0,1,0,0,0,0,0,0,1,0,0,0,0,0,1,0,0,0,0,0,0,0,0,0,0,0,0,0,0,0,0,0,0,0,0,1,0,0,0,0,0,1,0,0,0,0,0,0,0,0,1,0,1,0,0,1,0,0,1,0,0,0,0,0,0,0,0,0,0,0,1,0,1,0,0,0,0,0,0,0,0,0,1,0,0,0,0,0,1,0
1.582243667842423,1.5381389824204867,-1.0399656435679563,-0.7283736422599073,-0.4794758203104481,0.4190464506650084,0.9538505081700629,0.6269523560219584,-0.8238649762007128,1.2296926501022896,1.3621065745757797,0.960657918747458,-0.277785772324582,0.5589425040869559,0.14918045169696045,-0.7858739332945093,0.9888397185519114,1.5348305111596448,-0.14918045169697136,0.9959807900534013,0.840859141222292,-0.9818700622726926,0.08427078959808616,0.7319817562488862,0.9838316637598726,0,1,1,0,1,0,0,1,0,0,0,0,1,0,0,0,0,0,0,0,0,0,0,0,0,0,0,1,0,0,0,0,0,0,0,0,0,0,0,0,0,0,0,1,0,0,0,0,0,1,0,0,0,0,1,0,0,0,0,1,0,0,0,0,0,1,0,0,1,0,0,0,1,0,0,1,0,0,0,0,0,1,0,0,0,0,0,0,0,0,0,0
-0.06044034181567418,0.2246129513184485,-0.22238259044849376,0.28016870392294596,-0.4794758203104481,-0.9019267788874382,-1.3423369454839327,-0.8123322078484696,-0.8238649762007128,1.2296926501022896,0.461837853772224,1.6083965732123273,0.04985781500033544,0.8238178027951204,-1.347613378038538,0.756720317184538,0.9888397185519114,1.5348305111596448,1.3476133780385269,-1.626820061375062,1.1999290279367514,-0.7948908532778661,-0.3610679194942681,0.5643165660892759,0.39891390884912803,0,1,0,1,0,0,0,0,0,0,1,0,0,0,0,0,0,0,0,1,0,0,0,0,1,0,0,0,0,0,0,0,0,0,0,0,0,0,0,0,0,0,0,1,0,0,0,0,0,1,0,0,0,0,0,0,0,0,0,1,0,0,0,0,0,0,0,0,0,1,0,0,0,0,0,1,0,0,0,0,0,0,0,0,0,0,0,0,1,0,1,0
-0.3298752851987483,-0.21322905904889758,-1.0399656435679563,1.0741197257260164,-0.4794758203104481,-0.9019267788874382,0.9538505081700629,-0.23661838230029839,-0.8238649762007128,0.009759465477002306,-0.4384308670313317,0.6490874267263816,0.6636711178368896,-0.043913675772826434,-0.6823716759338719,0.9723557761481711,1.4951580588242674,1.5348305111596448,0.6823716759338609,0.04317653208136333,0.840859141222292,0.8879220276755714,-1.4001915740430917,-0.2183940390564194,-0.7709216009723612,1,0,1,0,0,0,0,0,1,0,0,0,1,0,0,0,0,0,0,0,0,0,0,0,0,0,0,0,0,0,0,0,0,0,1,0,0,0,0,0,0,0,0,1,0,0,0,0,0,1,0,1,0,0,0,1,0,0,0,0,0,0,1,0,0,0,0,0,0,0,1,0,0,1,0,0,0,0,0,0,1,0,0,0,0,0,0,0,0,0,1,0
0.7739388376932006,1.1002969720531406,1.412783515790431,-0.07107758834046869,-0.4794758203104481,0.35084402848702884,0.9538505081700629,1.0587377251830867,-0.8238649762007128,0.009759465477002306,-0.4384308670313317,-0.4557579364273037,0.6263446332049369,0.19871209784385224,-0.5160612504077055,0.8330679321889332,0.9888397185519114,1.5348305111596448,0.5160612504076945,0.9467870919515841,-0.9544902923500049,0.8879220276755714,0.08427078959808616,0.10076175253056,-0.7709216009723612,0,0,0,0,0,0,0,1,0,0,0,0,0,0,0,0,0,0,0,0,0,0,0,1,0,0,0,0,0,0,0,0,0,0,0,0,0,0,0,1,0,0,0,0,0,0,0,0,0,1,0,0,0,0,0,1,0,0,0,1,0,0,0,1,0,0,0,0,0,0,1,0,1,0,1,0,0,0,0,0,0,0,0,0,0,0,0,0,1,1,0,0
-0.2168864379735882,-0.7605315720080802,1.412783515790431,-0.03985387453917075,-0.4794758203104481,-0.9019267788874382,0.9538505081700629,-0.23661838230029839,-0.8238649762007128,-1.2101737191482849,-0.4384308670313317,-0.3143213314966835,-0.31096486977520654,0.17858157514203174,0.14918045169696045,0.6997389264739406,-0.5301153022651569,-0.6515377383555188,-0.14918045169697136,0.04317653208136333,-0.5555237515561613,-0.5663607089508563,0.9089721027320734,-0.047827102742026804,-1.355839355883106,0,1,0,1,0,0,0,0,0,0,1,0,0,0,0,0,0,0,1,0,0,0,0,0,0,0,0,0,0,0,0,0,0,0,0,1,0,0,0,0,0,0,0,0,0,1,0,0,0,1,0,0,0,0,1,0,0,1,0,0,1,0,0,0,0,0,0,0,0,0,0,0,1,0,1,0,0,0,0,0,0,0,0,0,0,0,1,0,0,0,1,0
-1.1121057659883185,-1.6362155927427724,-0.22238259044849376,1.5008028383413852,-0.4794758203104481,-0.9019267788874382,0.9538505081700629,-0.8123322078484696,1.1400563019893057,0.009759465477002306,-0.4384308670313317,1.538703173681297,0.014605023959046854,0.7607774817025773,-1.347613378038538,-1.2610912832730858,-0.5301153022651569,-0.6515377383555188,1.3476133780385269,0.04317653208136333,1.1999290279367514,-0.7948908532778661,-0.3610679194942681,0.09192820528057975,0.39891390884912803,0,1,1,0,0,0,0,0,1,0,0,0,0,0,0,0,0,0,1,0,0,0,0,0,0,0,0,0,0,0,0,0,0,0,0,0,1,0,0,0,0,0,0,0,0,0,0,0,0,0,0,0,1,0,0,1,0,0,0,0,0,0,0,0,0,1,0,0,0,0,1,0,0,0,1,0,0,0,0,0,0,0,0,0,0,0,1,0,0,0,1,0
-0.8600537221783459,-1.1983735823754262,-1.0399656435679563,-0.7131715453828984,-0.4794758203104481,-0.9019267788874382,0.9538505081700629,0.051238530473787215,1.1400563019893057,1.2296926501022896,0.461837853772224,0.9565583070103386,-0.279859465915246,0.23420538787074627,-1.680234229090871,0.8353024965305252,0.9888397185519114,1.5348305111596448,1.6802342290908596,0.04317653208136333,1.1999290279367514,-0.7948908532778661,-0.3610679194942681,0.49230640401914116,1.5687494186706172,0,1,1,0,0,0,0,0,0,0,0,0,0,0,0,0,0,0,0,1,0,0,0,0,0,0,0,0,0,0,0,0,1,0,0,0,0,0,0,0,0,0,0,0,0,1,0,0,0,0,0,1,0,0,0,0,0,1,0,0,0,0,0,1,0,0,0,0,0,0,1,0,0,0,0,0,1,0,0,0,0,0,0,0,0,0,0,0,0,0,0,0
-0.929585320470752,-1.4172945875590992,-0.22238259044849376,0.05795584310347587,-0.4794758203104481,-0.9019267788874382,-1.612895467154791,-0.23661838230029839,1.1400563019893057,1.2296926501022896,1.3621065745757797,0.05874333658118424,1.6673388157182822,1.2624512974558408,0.14918045169696045,0.5787000246377045,-1.0364336425375131,-0.6515377383555188,-0.14918045169697136,-1.8235948537823305,-0.9544902923500049,0.8879220276755714,0.08427078959808616,0.9365215939178531,2.1536671735813617,0,1,1,0,1,0,0,0,0,1,0,0,0,0,0,0,0,0,0,0,1,0,0,0,0,0,0,0,1,0,0,0,0,0,0,0,0,0,0,0,0,0,0,0,0,0,1,0,0,0,0,0,1,0,0,1,0,0,1,0,0,0,0,0,0,0,0,0,0,0,1,0,0,1,0,0,0,0,0,0,0,0,1,0,0,0,0,0,0,0,1,0
-0.4863213813566623,-0.3226895616407341,-0.22238259044849376,-0.08230501298817937,1.6979802210630675,1.0759434642739696,0.9538505081700629,-1.6759029461707264,-0.8238649762007128,1.2296926501022896,-1.3386995878348875,-0.3860645368962735,0.7673557973700913,0.34280426034109374,0.6481117282754599,0.821895110480973,0.9888397185519114,1.5348305111596448,-0.6481117282754707,1.4697937770340614,-0.9544902923500049,0.8879220276755714,0.08427078959808616,0.22774800627867414,-0.7709216009723612,0,0,0,1,0,0,0,0,1,0,0,0,0,0,0,0,0,0,0,0,0,0,0,0,0,0,0,0,0,0,0,0,0,1,0,0,0,0,0,0,0,0,0,0,0,1,0,0,0,1,0,0,1,0,0,1,0,0,0,1,0,0,1,0,0,0,0,0,0,1,0,0,0,0,0,0,0,0,0,1,0,0,0,0,0,0,0,0,0,0,0,1
-1.1034143162017676,-1.4172945875590992,1.412783515790431,-1.928273919482209,-0.4794758203104481,0.8821050012418171,0.9538505081700629,0.051238530473787215,1.1400563019893057,1.2296926501022896,-1.3386995878348875,1.0508493769640854,-0.23216451332997323,0.6521786092322298,0.6481117282754599,-0.858497274396251,-0.5301153022651569,-0.6515377383555188,-0.6481117282754707,1.3299801087446863,0.840859141222292,-0.9818700622726926,0.08427078959808616,1.7920375350577575,0.39891390884912803,0,0,1,0,1,0,0,1,0,0,0,0,0,1,0,0,0,0,0,0,0,0,0,0,0,0,0,0,0,0,0,0,0,0,0,1,0,0,0,0,0,0,0,0,1,0,0,0,0,0,0,1,0,0,0,0,0,0,0,1,1,0,0,0,0,0,0,1,0,0,0,0,0,1,1,0,1,0,0,0,0,0,0,0,0,0,0,0,0,0,0,0
0.7913217372663021,0.771915464277631,-1.0399656435679563,0.03865614599007531,-0.4794758203104481,0.9718450304233692,-0.6303408358237789,-0.23661838230029839,-0.8238649762007128,0.009759465477002306,1.3621065745757797,-1.367921547936376,-1.4556437318217534,-1.8281136878710225,0.3154908772231269,-1.0692911772864346,0.48252137827955527,-0.6515377383555188,-0.3154908772231378,0.24254046649399086,0.5416342356269089,-1.1376860697683815,0.45538638050838015,-1.6309161313671914,0.39891390884912803,1,0,1,0,0,0,0,1,0,0,0,0,0,0,0,0,0,0,0,1,0,0,0,0,0,0,0,0,0,0,0,0,0,0,0,0,1,0,0,0,0,0,0,0,0,1,0,0,0,0,1,0,0,1,1,0,0,0,0,0,0,0,0,0,1,0,0,0,0,0,0,0,0,1,0,1,0,0,0,0,0,0,0,0,1,0,0,0,0,0,1,0
-0.6775332766607794,-1.1983735823754262,-1.0399656435679563,1.0346188594472103,-0.4794758203104481,-0.9019267788874382,0.9538505081700629,-1.244117577009598,2.1220169410843153,-1.2101737191482849,-0.4384308670313317,0.7925738375255615,0.808829669183372,0.3851843081344,0.9807325793277929,1.3622872537559845,-0.023796961992800816,-0.6515377383555188,-0.9807325793278037,0.04317653208136333,0.5416342356269089,0.5762900126841938,-0.9053707861626996,0.04719158355135421,0.39891390884912803,1,0,1,0,0,0,0,1,0,0,0,0,0,0,0,0,1,0,0,0,0,0,0,0,0,0,0,0,0,0,0,0,0,0,0,0,0,0,0,1,0,0,0,0,1,0,0,0,0,0,0,1,0,0,0,1,0,0,0,1,0,0,0,0,0,1,0,0,1,0,0,0,0,0,1,0,0,0,0,0,1,0,0,0,0,0,0,0,0,0,0,1
-0.6253845779414747,-0.7605315720080802,1.412783515790431,-0.612862291596053,-0.4794758203104481,0.6451913242025197,-0.18178328673788208,1.3465946379571725,-0.8238649762007128,0.009759465477002306,-0.4384308670313317,-1.2941285366682265,-1.418317247189801,-1.801626158000206,-0.017129973829206037,0.5671547755394789,-0.5301153022651569,-0.6515377383555188,0.017129973829195105,0.3331604366815488,1.1999290279367514,-0.7948908532778661,-0.3610679194942681,-1.5717555990143495,-0.7709216009723612,0,1,1,0,1,0,0,0,0,0,1,0,0,0,0,0,0,1,0,0,0,0,0,0,0,0,0,0,0,0,0,0,0,0,0,0,0,0,1,0,0,0,0,0,0,0,0,1,0,0,1,0,0,1,1,0,0,0,0,1,0,0,0,1,0,0,0,0,0,0,1,0,0,1,0,1,0,0,0,0,0,0,0,0,0,0,1,0,0,0,0,1
1.4431804712576104,1.7570599876041597,1.412783515790431,0.5438492791346909,2.5689626376124735,-0.9019267788874382,-0.9400591435259457,-0.8123322078484696,-0.8238649762007128,-1.2101737191482849,0.461837853772224,-1.33922426577654,-1.1611792419474607,-1.6755455158151198,1.6459742814324587,-1.4718851861632696,-1.0364336425375131,-0.6515377383555188,-1.6459742814324694,-1.3342470147695178,-0.7749553489927752,1.2618804456652244,-0.3610679194942681,-1.5141245610774037,-0.7709216009723612,1,0,0,1,1,0,0,1,0,0,0,0,0,0,0,0,0,1,0,0,0,0,0,0,1,0,0,0,0,0,0,0,0,0,0,0,0,0,0,0,0,0,0,0,0,0,0,1,0,0,1,0,0,1,1,0,0,0,0,0,0,0,0,0,0,0,0,0,0,1,0,0,1,0,1,0,0,0,0,0,0,0,0,1,0,0,0,0,0,0,1,0
0.46104664537737255,0.4435339565021215,-0.22238259044849376,-1.1537455227996307,-0.4794758203104481,0.9682554292561072,0.9538505081700629,-1.6759029461707264,-0.8238649762007128,-1.2101737191482849,-0.4384308670313317,2.8485291236909536,-0.06004794530485838,1.0039330059166722,0.14918045169696045,1.3328654899250225,-0.023796961992800816,-0.6515377383555188,-0.14918045169697136,1.3921195168732976,2.1873712164015147,-1.1376860697683815,-0.9053707861626996,1.7763605375193734,-1.355839355883106,1,0,0,0,0,0,0,1,0,0,0,0,0,0,0,0,0,0,0,0,0,0,0,1,0,0,0,0,0,0,0,0,0,0,1,0,0,0,0,0,0,0,0,0,1,0,0,0,0,1,0,1,0,0,0,1,0,0,0,1,0,0,0,0,1,0,0,0,1,0,0,0,0,0,0,1,0,0,0,0,0,0,0,0,1,0,0,0,0,0,0,1
-1.6944329016872206,-1.6362155927427724,1.412783515790431,0.19690546711948634,-0.4794758203104481,0.9538970245870588,-0.23162301441409283,-0.8123322078484696,-0.8238649762007128,-1.2101737191482849,1.3621065745757797,-1.4130172770446898,-1.310485180475271,-1.7804361341035528,-0.6823716759338719,-0.0391570158124982,0.9888397185519114,1.5348305111596448,0.6823716759338609,0.5195786610673823,-0.9544902923500049,0.8879220276755714,0.08427078959808616,-1.5922935322368246,-0.18600384606161657,0,0,0,0,0,0,0,0,0,0,1,0,0,0,0,0,1,0,0,0,0,0,0,0,0,0,0,0,0,0,0,0,1,0,0,0,0,0,0,0,0,0,0,0,1,0,0,0,0,0,1,0,0,1,0,0,1,0,0,0,0,0,0,0,0,0,0,0,0,0,0,0,0,0,0,1,1,0,0,0,0,0,0,0,0,0,0,0,0,0,1,0
-0.16473773925428353,-0.5416105668244071,-1.0399656435679563,0.00390849598548173,-0.4794758203104481,-0.9019267788874382,0.9538505081700629,1.2026661815701296,1.1400563019893057,0.009759465477002306,-0.4384308670313317,0.39081188728785776,-0.5660291814268827,-0.030140160240001882,-0.8486821014600384,-1.1046717793616423,0.48252137827955527,-0.6515377383555188,0.8486821014600274,0.04317653208136333,0.840859141222292,-0.9818700622726926,0.08427078959808616,-0.11837991146927386,0.39891390884912803,0,1,1,0,0,0,0,0,0,0,1,1,0,0,0,0,0,0,0,0,0,0,0,0,0,0,0,0,0,0,0,0,0,0,0,1,0,0,0,0,0,0,0,0,0,0,0,0,0,0,0,0,1,0,0,0,0,1,0,0,0,0,0,1,0,0,0,0,0,0,0,0,0,1,1,0,0,1,0,0,0,0,0,0,0,0,0,0,0,1,0,0
0.2611433002867046,0.4435339565021215,-1.0399656435679563,0.0025972639098369526,-0.4794758203104481,-0.9019267788874382,-0.7834199994007118,-1.1001891206225551,-0.8238649762007128,1.2296926501022896,0.461837853772224,0.5916928624067096,-0.4644181954843451,-0.09582923431962667,0.9807325793277929,1.626338273454112,1.4951580588242674,1.5348305111596448,-0.9807325793278037,-1.2203247665337307,1.1999290279367514,-0.7948908532778661,-0.3610679194942681,-0.11052877718325942,0.39891390884912803,0,1,1,0,1,0,0,0,0,0,0,0,0,0,0,0,0,0,0,0,1,0,0,0,0,0,0,0,0,0,0,0,0,0,0,0,0,0,1,0,0,0,0,0,0,1,0,0,0,1,0,1,0,0,0,0,0,0,0,1,0,0,0,1,0,0,0,0,0,1,0,0,0,0,0,1,0,0,0,1,0,0,0,0,0,0,0,0,0,0,0,1
0.4262808462311694,0.5529944590939581,1.412783515790431,-2.1999448151549155,-0.4794758203104481,0.7421105557185959,0.9538505081700629,-0.3805468386873412,-0.8238649762007128,-1.2101737191482849,1.3621065745757797,-1.4007184418333314,-1.4100224728271447,-1.7867931412725488,-1.1813029525123715,-0.7095263182901141,0.48252137827955527,-0.6515377383555188,1.1813029525123604,1.2290035705356932,-0.5555237515561613,-0.5663607089508563,0.9089721027320734,-1.4724620901174765,-0.18600384606161657,0,1,0,0,0,0,1,0,0,0,0,0,0,0,1,0,0,0,0,0,0,0,0,0,0,0,0,0,0,0,0,0,1,0,0,0,0,0,0,0,0,0,0,0,0,1,0,0,1,0,0,0,0,1,0,0,1,0,0,0,0,0,0,1,0,0,0,0,0,0,0,0,0,0,1,0,0,0,1,0,0,0,0,0,0,0,0,0,0,0,1,0
0.25245185050015384,0.005691946134775455,1.412783515790431,1.0972301910592608,-0.4794758203104481,-0.9019267788874382,0.9538505081700629,1.2026661815701296,1.1400563019893057,0.009759465477002306,-1.3386995878348875,-0.41066220731899006,-0.4084284685364162,0.0042936285920595,-1.014992526986205,0.14147026846619276,-0.023796961992800816,-0.6515377383555188,1.014992526986194,0.04317653208136333,-0.5555237515561613,-0.5663607089508563,0.9089721027320734,-0.4753616533089791,-0.18600384606161657,0,1,0,1,1,0,0,1,0,0,0,0,1,0,0,0,0,0,0,0,0,0,0,0,0,0,0,0,0,0,0,0,0,0,0,0,0,0,1,0,0,0,0,0,0,0,1,0,0,0,0,1,0,0,1,0,0,1,0,0,0,0,0,1,0,0,0,0,0,1,0,0,1,0,0,1,0,0,0,0,0,0,0,0,0,1,0,0,0,1,0,0
0.6088012917487358,0.5529944590939581,-1.0399656435679563,0.5702788006594105,-0.4794758203104481,-0.9019267788874382,0.9538505081700629,-0.6684037514614268,-0.8238649762007128,1.2296926501022896,-0.4384308670313317,-1.3474234892507788,-1.3561064394698799,-1.8042749109872875,-0.8486821014600384,-0.6100882050892678,-0.023796961992800816,-0.6515377383555188,0.8486821014600274,0.04317653208136333,0.28844393089235454,0.3126013846145672,-0.4866762733408288,-1.6145475002415344,-0.18600384606161657,1,0,0,1,0,0,0,1,0,0,0,0,0,0,0,0,0,0,0,0,0,0,1,0,0,0,0,0,0,0,0,0,0,0,0,0,0,0,1,0,0,0,0,0,0,0,0,0,0,0,1,0,0,1,1,0,0,0,0,1,0,0,0,0,0,1,0,0,0,0,0,1,0,0,1,0,0,1,0,0,0,0,0,0,0,0,0,0,0,0,1,0
0.8087046368394036,0.9908364694613041,-0.22238259044849376,-0.052146675248342975,-0.4794758203104481,-0.9019267788874382,-1.5879756033166856,0.914809268796044,1.1400563019893057,-1.2101737191482849,0.461837853772224,-0.11549016224639137,-1.5344440882669867,0.5382822307877191,-0.5160612504077055,-1.6878930725171681,0.48252137827955527,-0.6515377383555188,0.5160612504076945,-1.805470859744819,-0.28123425476039365,-2.8516621522209564,2.496522130514999,0.017066664676280905,0.39891390884912803,0,0,0,1,1,0,0,0,0,1,0,0,0,0,0,0,0,0,0,0,1,0,0,0,0,0,0,1,0,0,0,0,0,0,0,0,0,0,0,0,0,0,0,0,0,0,0,1,0,0,0,0,0,0,0,0,0,0,1,0,1,0,0,0,0,0,0,0,0,0,0,1,1,0,1,0,0,0,0,0,0,0,0,0,0,0,0,1,0,1,0,0
0.600109841962185,0.8813759668694676,-0.22238259044849376,-0.27603955216473364,-0.4794758203104481,1.2374755168007634,0.9538505081700629,-1.6759029461707264,1.1400563019893057,0.009759465477002306,1.3621065745757797,0.10793867742661735,-0.7091140391827011,-0.5334032277855144,1.4796638559062922,-1.3124862631297032,0.9888397185519114,1.5348305111596448,-1.4796638559063031,1.5863051672752075,1.1999290279367514,-0.7948908532778661,-0.3610679194942681,-0.4181442572622163,1.5687494186706172,0,1,0,1,0,0,0,0,0,0,0,0,0,0,0,0,0,0,0,1,0,0,0,0,0,0,0,0,0,0,0,0,0,0,0,0,0,0,0,0,0,1,0,0,0,1,0,0,0,0,0,0,1,0,1,0,0,0,0,1,0,0,0,0,1,0,0,0,0,1,0,0,0,0,1,0,0,0,0,0,0,0,1,0,0,0,0,0,0,0,0,1
-0.4950128311432131,-0.21322905904889758,1.412783515790431,0.4871384918630424,-0.4794758203104481,-0.9019267788874382,0.9538505081700629,-0.09268992591325557,1.1400563019893057,-1.2101737191482849,-0.4384308670313317,-0.2446279319656533,-0.24045928769262936,0.304662217327118,1.6459742814324587,-1.522535311239356,0.9888397185519114,1.5348305111596448,-1.6459742814324694,0.04317653208136333,-0.5555237515561613,-0.5663607089508563,0.9089721027320734,-0.11920896688195871,-0.18600384606161657,1,0,0,1,0,0,0,0,0,1,0,1,0,0,0,0,0,0,0,0,0,0,0,0,0,0,0,0,1,0,0,0,0,0,0,0,0,0,0,0,0,0,0,0,0,1,0,0,0,0,0,0,1,0,0,0,0,0,0,0,0,0,0,1,0,0,1,0,0,0,0,0,1,0,1,0,0,0,0,0,1,0,0,0,0,0,0,0,0,0,1,0
0.7044072394007943,0.334073453910285,-1.0399656435679563,0.5438492791346909,-0.4794758203104481,1.3631115576549364,-1.872774047180747,0.19516698686083,-0.8238649762007128,-1.2101737191482849,1.3621065745757797,-0.44345910121594545,0.6512289562929054,-0.05503843831856935,-0.017129973829206037,1.4788570269090366,0.48252137827955527,-0.6515377383555188,0.017129973829195105,-0.3788536147921209,-0.7749553489927752,1.2618804456652244,-0.3610679194942681,-0.236856645322577,-0.18600384606161657,1,0,0,0,1,0,0,0,0,0,0,0,0,0,0,0,0,0,1,0,0,0,0,0,0,0,0,0,0,0,0,0,1,0,0,0,0,0,0,0,0,0,0,1,0,0,0,0,0,1,0,0,1,0,0,1,0,1,0,0,0,0,0,0,1,0,0,1,0,0,0,0,0,0,1,0,0,0,0,0,0,0,0,0,0,0,0,1,0,0,0,0
0.7391730385469975,0.4435339565021215,-0.22238259044849376,0.5372111667517374,-0.4794758203104481,-0.9019267788874382,0.9538505081700629,1.0587377251830867,1.1400563019893057,0.009759465477002306,1.3621065745757797,0.03824527789558711,0.04571042781900737,0.8164012944312918,0.8144221538016264,-0.1248153155735269,1.4951580588242674,1.5348305111596448,-0.8144221538016372,0.04317653208136333,-0.5555237515561613,-0.5663607089508563,0.9089721027320734,0.22962589210242704,1.5687494186706172,0,1,0,1,0,0,0,0,0,0,0,0,0,0,0,0,0,0,0,0,0,1,0,0,0,0,0,0,0,0,0,0,0,0,0,0,0,0,0,0,0,0,0,1,0,0,0,0,0,0,0,0,1,0,1,0,0,1,0,0,1,0,0,0,0,0,0,0,0,0,1,0,0,1,1,0,0,0,0,0,0,0,1,0,0,0,0,0,0,1,0,0
1.938593109091005,2.304362500563342,-0.22238259044849376,-0.31877752263028936,2.5689626376124735,-0.9019267788874382,-0.9827789101055548,1.634451550731258,-0.8238649762007128,0.009759465477002306,0.461837853772224,1.1369412234435934,2.503037332755888,1.0849848473213706,-0.1834403993553725,-0.5113949466689521,0.48252137827955527,-0.6515377383555188,0.18344039935536155,-1.3653167188338233,0.07142366969130737,1.555704916942808,-1.294158548068721,1.352835018486947,-0.18600384606161657,1,0,0,0,1,0,0,0,1,0,0,0,1,0,0,0,0,0,0,0,0,0,0,0,0,1,0,0,0,0,0,0,0,0,0,0,0,0,0,0,0,0,0,0,0,1,0,0,0,1,0,0,1,0,0,0,0,0,0,0,1,0,0,0,0,0,0,0,0,0,0,1,0,1,0,1,0,0,0,0,0,0,0,0,0,0,0,0,1,0,0,1
1.5300949691231183,1.5381389824204867,1.412783515790431,-0.3679077494646144,2.1334714293377703,-0.9019267788874382,0.9538505081700629,1.634451550731258,-0.8238649762007128,-1.2101737191482849,1.3621065745757797,-1.4068678594390105,-1.416243553599137,-1.767722119765561,-0.6823716759338719,-1.2543875902483097,-1.0364336425375131,-0.6515377383555188,0.6823716759338609,0.04317653208136333,-0.7749553489927752,-0.7948908532778661,1.2718406805110285,-1.578801556878448,-0.18600384606161657,0,0,1,0,1,0,0,0,0,0,0,0,0,0,0,0,0,0,1,0,0,0,0,0,0,0,1,0,0,0,0,0,0,0,0,0,0,0,0,0,0,0,0,0,0,0,0,1,1,0,0,0,0,1,0,0,1,0,0,1,0,0,0,0,0,0,0,0,1,0,0,0,0,0,0,0,0,0,0,0,0,0,0,0,0,1,0,0,0,0,0,1
-1.6596671025410175,-1.9645971005182818,-0.22238259044849376,1.2288860866544948,-0.4794758203104481,-0.9019267788874382,-1.7161349030555133,1.0587377251830867,1.1400563019893057,1.2296926501022896,-1.3386995878348875,0.24527567062011812,0.25515348047607483,2.1052844979452203,1.4796638559062922,-0.6421169606520872,-1.542751982809869,-0.6515377383555188,-1.4796638559063031,-1.8986799719377356,-0.9544902923500049,-0.9818700622726926,1.5687331532392639,0.699393814627032,0.39891390884912803,1,0,0,0,1,0,0,0,0,0,0,0,0,0,0,0,0,0,0,1,0,0,0,0,0,0,0,0,0,0,0,0,1,0,0,0,0,0,0,0,0,0,0,1,0,0,0,0,0,0,0,0,1,0,0,1,0,0,0,1,1,0,0,0,0,0,0,1,0,0,0,0,0,1,0,1,0,0,0,0,0,0,0,0,0,0,0,0,0,1,0,0
0.678332890041142,0.4435339565021215,-1.0399656435679563,0.8025717580604019,-0.4794758203104481,1.818990905897221,0.9538505081700629,1.0587377251830867,-0.8238649762007128,0.009759465477002306,0.461837853772224,-0.5643976474609685,0.40653311259454933,-0.2738254350515132,0.3154908772231269,-0.6123227694308598,-0.023796961992800816,-0.6515377383555188,-0.3154908772231378,2.005746172143333,-0.7749553489927752,1.2618804456652244,-0.3610679194942681,-0.4687732074566677,-0.18600384606161657,0,1,1,0,1,0,0,0,1,0,0,0,0,0,1,0,0,0,0,0,0,0,0,0,0,0,0,0,0,0,0,0,0,0,0,0,0,0,0,0,0,1,0,1,0,0,0,0,0,1,0,0,1,0,0,0,0,0,0,0,0,0,0,1,0,0,0,0,1,0,0,0,0,0,0,0,1,0,0,0,0,0,0,0,0,0,0,0,0,1,0,0
0.9390763836376653,0.8813759668694676,-0.22238259044849376,-0.1816718187206549,-0.4794758203104481,1.4995164020108955,-0.890219415849735,0.7708808124090012,1.1400563019893057,1.2296926501022896,1.3621065745757797,-0.08064346248087624,-0.07456380043950663,0.22837813129916665,-0.8486821014600384,-0.03357060495851807,1.4951580588242674,1.5348305111596448,0.8486821014600274,0.4341369748905419,-0.28123425476039365,-0.28069802854209364,0.45538638050838015,0.10941634057694156,2.1536671735813617,0,1,0,1,0,0,0,0,1,0,0,0,0,1,0,0,0,0,0,0,0,0,0,0,0,0,0,0,0,0,0,0,0,0,0,0,0,1,0,0,0,0,0,0,0,0,0,1,0,0,0,0,1,0,0,1,0,1,0,0,1,0,0,0,0,0,0,0,1,0,0,0,0,0,0,0,0,0,0,0,0,0,0,1,0,0,0,0,0,1,0,0
0.5392696934563296,0.771915464277631,1.412783515790431,1.3199757399094612,-0.4794758203104481,-0.9019267788874382,-0.5199814388264551,0.914809268796044,-0.8238649762007128,0.009759465477002306,1.3621065745757797,0.03209586028990797,1.6134227823610174,1.2073572353245425,-1.5139238035647045,-0.9571905328165667,-0.5301153022651569,-0.6515377383555188,1.5139238035646931,-1.0287282581371795,-0.9544902923500049,0.8879220276755714,0.08427078959808616,0.37026891883063323,0.39891390884912803,0,1,0,0,1,0,0,0,0,0,0,0,0,0,0,1,0,0,0,0,0,0,0,0,0,0,0,0,1,0,0,0,0,0,0,0,0,0,0,0,0,0,0,0,0,0,0,0,0,1,0,0,0,0,1,0,0,1,0,0,0,0,0,0,0,1,0,1,0,0,0,0,0,0,0,1,0,0,0,0,0,0,0,0,1,0,0,0,0,1,0,0
-1.5119124561696542,-0.3226895616407341,-1.0399656435679563,0.9500443905681049,-0.4794758203104481,-0.9019267788874382,-1.306737140000925,0.7708808124090012,1.1400563019893057,1.2296926501022896,0.461837853772224,-0.33686919605084037,-0.33377549927251093,0.4445163750450289,0.4818013027492934,0.11130364985470004,0.9888397185519114,1.5348305111596448,-0.48180130274930427,-1.600928641321474,-0.7749553489927752,-0.7948908532778661,1.2718406805110285,-0.19759168587280262,1.5687494186706172,1,0,0,1,0,1,0,0,0,0,0,0,0,0,0,0,1,0,0,0,0,0,0,0,0,0,0,0,0,0,0,0,1,0,0,0,0,0,0,0,0,0,0,0,0,0,0,1,0,0,0,0,1,0,0,1,0,0,0,1,0,0,0,0,0,1,0,0,0,1,0,0,0,0,1,0,0,0,0,0,0,0,0,0,0,1,0,0,0,1,0,0
-0.0517488920291234,-0.3226895616407341,-0.22238259044849376,-0.6556822140663355,-0.4794758203104481,-0.9019267788874382,0.9538505081700629,-0.09268992591325557,1.1400563019893057,0.009759465477002306,1.3621065745757797,-0.3983633721076318,-0.3959863069924319,0.026543153683545317,1.6459742814324587,0.13141472892902853,-1.542751982809869,-0.6515377383555188,-1.6459742814324694,0.04317653208136333,-0.5555237515561613,-0.5663607089508563,0.9089721027320734,0.052578823340349974,1.5687494186706172,1,0,1,0,1,0,1,0,0,0,0,1,0,0,0,0,0,0,0,0,0,0,0,0,0,0,0,0,0,0,0,0,0,0,1,0,0,0,0,0,0,0,0,0,0,1,0,0,0,0,0,1,0,0,0,1,0,1,0,0,0,0,0,1,0,0,0,0,0,0,0,1,1,0,0,1,1,0,0,0,0,0,0,0,0,0,0,0,0,0,1,0
0.7478644883335482,0.6624549616857945,1.412783515790431,-0.1681907139429295,-0.4794758203104481,1.0508162561031351,0.9538505081700629,1.4905230943442151,1.1400563019893057,-1.2101737191482849,-0.4384308670313317,-0.1667353089603842,-0.16165893124739605,0.7962707717294714,1.1470430048539593,1.119092167912716,0.9888397185519114,1.5348305111596448,-1.1470430048539701,1.45166978299655,-0.7749553489927752,-0.7948908532778661,1.2718406805110285,0.43437125044437763,-0.18600384606161657,0,1,0,1,1,0,0,0,0,0,0,0,0,0,0,0,0,0,0,0,0,0,1,0,0,0,0,0,0,0,0,0,0,0,0,0,0,0,1,0,0,0,0,0,0,1,0,0,0,0,0,0,1,0,1,0,0,1,0,0,0,0,0,0,0,1,0,0,1,0,0,0,1,0,0,0,0,0,0,0,0,0,0,0,0,0,1,0,0,0,0,1
0.48712099473702486,0.771915464277631,1.412783515790431,0.9267290452230413,-0.4794758203104481,0.3544336296542909,0.9538505081700629,-0.6684037514614268,-0.8238649762007128,-1.2101737191482849,-0.4384308670313317,0.6654858736748593,0.6802606665622019,0.25380615997515044,-0.017129973829206037,1.6363938129912763,0.48252137827955527,-0.6515377383555188,0.017129973829195105,0.9493762339569429,0.5416342356269089,0.5762900126841938,-0.9053707861626996,-0.022284004509713917,-1.355839355883106,0,1,0,0,1,0,0,0,1,0,0,0,0,0,0,0,0,0,1,0,0,0,0,0,0,0,0,0,0,0,0,0,0,0,0,0,0,0,1,0,0,0,0,0,0,0,0,0,0,1,0,0,0,0,1,0,0,1,0,0,1,0,0,0,0,0,1,0,0,0,0,0,0,0,0,0,0,0,0,0,0,0,0,0,0,0,0,1,0,0,1,0
0.25245185050015384,0.4435339565021215,-0.22238259044849376,-1.2384019436834637,-0.4794758203104481,-0.9019267788874382,0.9538505081700629,0.7708808124090012,1.1400563019893057,1.2296926501022896,1.3621065745757797,0.21862819432884187,-0.6531243122347722,-0.43328036487382826,-0.8486821014600384,0.2405359542767738,-1.0364336425375131,-0.6515377383555188,0.8486821014600274,0.04317653208136333,1.1999290279367514,-0.7948908532778661,-0.3610679194942681,0.03125410935793655,2.1536671735813617,0,1,1,0,0,1,0,0,0,0,0,0,0,0,0,0,0,0,0,0,0,0,1,0,0,0,0,0,0,0,1,0,0,0,0,0,0,0,0,0,0,0,0,0,1,0,0,0,0,0,0,0,1,0,1,0,0,0,1,0,0,0,0,1,0,0,0,0,0,1,0,0,1,0,0,1,0,0,0,0,0,0,0,0,1,0,0,0,0,1,0,0
-0.6427674775145763,-0.9794525771917532,1.412783515790431,-0.25817401513406946,-0.4794758203104481,-0.9019267788874382,-0.49862155553665044,0.6269523560219584,1.1400563019893057,1.2296926501022896,1.3621065745757797,0.3006204290712304,-0.6116504404214915,-0.12337626538527578,-0.017129973829206037,-1.4335251649659393,-1.542751982809869,-0.6515377383555188,0.017129973829195105,-1.0131934061050267,0.840859141222292,-0.9818700622726926,0.08427078959808616,-0.1118098186311403,2.1536671735813617,0,0,0,1,1,0,0,0,0,0,1,0,0,1,0,0,0,0,0,0,0,0,0,0,0,0,1,0,0,0,0,0,0,0,0,0,0,0,0,0,0,0,0,0,0,1,0,0,0,0,0,0,1,0,0,1,0,0,1,0,0,0,0,1,0,0,1,0,0,0,0,0,0,0,1,0,0,0,0,0,0,0,0,0,0,0,1,0,0,0,0,0
0.2263775011405015,0.334073453910285,-0.22238259044849376,-0.9559543593890496,-0.4794758203104481,-0.9019267788874382,-0.658820680210185,0.19516698686083,1.1400563019893057,0.009759465477002306,0.461837853772224,0.6695854854119787,0.68440805374353,-0.025372404863254924,-1.014992526986205,-0.37434166705130617,0.48252137827955527,-0.6515377383555188,1.014992526986194,-1.1297047963461726,0.840859141222292,0.8879220276755714,-1.4001915740430917,0.5582565274445314,0.9838316637598726,1,0,0,0,0,0,0,0,1,0,0,0,0,0,0,0,0,0,0,0,0,0,0,0,0,0,0,0,0,0,0,0,1,0,0,0,0,0,0,0,0,0,0,0,0,1,0,0,0,0,0,1,0,0,1,0,0,0,1,0,1,0,0,0,0,0,0,0,1,0,0,0,0,0,0,1,0,0,0,0,0,0,0,0,0,0,0,0,0,0,0,0
0.0699314049825875,0.11515244872661197,-0.22238259044849376,1.098336543123086,-0.4794758203104481,1.7256612755484066,0.9538505081700629,0.7708808124090012,1.1400563019893057,-1.2101737191482849,0.461837853772224,0.16533324174628933,0.1742794304401775,1.4828275459810336,0.14918045169696045,-0.1255601703540576,-0.5301153022651569,-0.6515377383555188,-0.14918045169697136,1.9384284800040044,-0.7749553489927752,-0.7948908532778661,1.2718406805110285,0.4174332067126254,0.39891390884912803,0,0,0,1,0,0,0,0,0,1,0,0,0,0,0,0,0,1,0,0,0,0,0,0,0,0,0,0,0,0,0,0,1,0,0,0,0,0,0,0,0,0,0,0,0,0,0,0,0,0,0,0,1,0,1,0,0,0,1,0,1,0,0,0,0,0,0,0,0,1,0,0,0,1,0,1,0,0,0,0,0,0,0,0,1,0,0,0,0,1,0,0
0.8260875364125052,0.5529944590939581,-0.22238259044849376,1.6263942855867608,-0.4794758203104481,-0.9019267788874382,-0.7834199994007118,-1.244117577009598,-0.8238649762007128,1.2296926501022896,-1.3386995878348875,-0.1339384150634288,-0.12847983379677153,0.14573703810221933,0.6481117282754599,-0.9195753663997671,1.4951580588242674,1.5348305111596448,-0.6481117282754707,-1.2203247665337307,-0.28123425476039365,-0.28069802854209364,0.45538638050838015,-0.44517133634830564,-0.7709216009723612,0,1,0,1,0,1,0,0,0,0,0,0,0,0,0,0,0,1,0,0,0,0,0,0,0,0,1,0,0,0,0,0,0,0,0,0,0,0,0,0,0,0,0,0,1,0,0,0,0,1,0,1,0,0,1,0,0,0,0,0,0,0,0,0,0,1,0,0,0,0,0,1,0,1,1,0,0,0,0,0,0,0,0,0,0,0,1,0,0,0,0,1
-0.9817340191900567,-1.4172945875590992,-0.22238259044849376,-0.9586177995427034,-0.4794758203104481,0.9897930362596796,0.9538505081700629,0.4830238996349156,1.1400563019893057,-1.2101737191482849,0.461837853772224,-0.0027508394756071497,0.004236556005726683,1.135311154075922,-1.5139238035647045,0.32284240752541443,-1.542751982809869,-0.6515377383555188,1.5139238035646931,1.4076543689054504,-0.7749553489927752,-0.7948908532778661,1.2718406805110285,1.1692858436087137,0.39891390884912803,0,0,1,0,0,0,0,0,0,0,0,1,0,0,0,0,0,0,0,0,0,0,0,0,0,0,0,0,0,0,0,0,0,0,0,0,0,0,0,0,0,1,0,0,1,0,0,0,0,0,0,0,0,0,1,0,0,0,1,0,0,0,0,1,0,0,0,0,0,0,0,0,1,0,1,0,0,0,0,0,0,0,1,0,0,0,0,0,0,0,0,0
1.6865410652810322,1.5381389824204867,1.412783515790431,0.5737617608603431,-0.4794758203104481,-0.13016252792609034,0.9538505081700629,0.6269523560219584,-0.8238649762007128,1.2296926501022896,-0.4384308670313317,-0.44345910121594545,-0.4416075659870407,-0.05503843831856935,-0.8486821014600384,1.5146100563745093,-0.023796961992800816,-0.6515377383555188,0.8486821014600274,0.5998420632335051,-0.5555237515561613,-0.5663607089508563,0.9089721027320734,-0.3981357110834828,-0.18600384606161657,0,0,0,0,0,0,0,0,0,0,0,0,0,0,0,0,0,0,1,0,0,0,0,0,0,0,0,0,0,0,0,0,0,0,0,0,0,0,0,0,0,0,0,0,0,0,1,0,0,1,0,0,0,0,0,1,0,1,0,0,0,0,0,0,0,1,0,1,0,0,0,0,0,1,1,0,0,0,0,0,0,0,0,0,0,0,0,1,0,0,0,0
0.12208010370189216,0.4435339565021215,-1.0399656435679563,1.0864535024375526,-0.4794758203104481,1.2913195343096946,-1.3423369454839327,0.914809268796044,-0.8238649762007128,0.009759465477002306,1.3621065745757797,1.2722284107685344,-0.12018505943411538,0.5197409598781476,-0.349750824881539,0.8036461683579712,0.48252137827955527,-0.6515377383555188,0.34975082488152803,-0.044854296100835835,1.1999290279367514,-0.7948908532778661,-0.3610679194942681,0.04269773402832417,0.39891390884912803,0,0,1,0,0,0,0,0,0,0,0,0,0,0,0,0,0,0,1,0,0,0,0,0,0,0,0,0,0,0,0,0,0,0,0,0,0,1,0,0,0,0,0,0,1,0,0,0,0,1,0,1,0,0,0,0,0,1,0,0,0,0,0,1,0,0,0,1,0,0,0,0,1,0,0,1,0,0,0,1,0,0,0,0,0,0,0,0,0,1,0,0
-0.4515555822104592,-0.6510710694162436,-0.22238259044849376,-0.910225140750929,-0.4794758203104481,-0.9019267788874382,0.9538505081700629,0.914809268796044,-0.8238649762007128,0.009759465477002306,-1.3386995878348875,-0.06834462726951797,-0.06212163889552241,0.6235720769717481,1.4796638559062922,0.09305470773169827,0.48252137827955527,-0.6515377383555188,-1.4796638559063031,0.04317653208136333,-0.5555237515561613,-0.5663607089508563,0.9089721027320734,0.7313010732570486,-1.355839355883106,1,0,0,0,0,0,0,1,0,0,0,1,0,0,0,0,0,0,0,0,0,0,0,0,0,0,0,0,0,0,0,1,0,0,0,0,0,0,0,0,0,0,0,0,0,0,0,0,0,1,0,0,0,0,1,0,0,1,0,0,1,0,0,0,0,0,0,1,0,0,0,0,0,0,0,0,0,0,0,0,0,0,0,0,0,0,0,0,0,1,0,0
0.0699314049825875,0.005691946134775455,-0.22238259044849376,-0.004327680489663628,-0.4794758203104481,1.262602724971598,-1.1429780347790894,1.4905230943442151,0.15809566289429652,-1.2101737191482849,1.3621065745757797,0.9073629661649054,-0.3047437890032144,0.18970633768777465,0.4818013027492934,-1.0964783767758046,0.9888397185519114,1.5348305111596448,-0.48180130274930427,0.07942452015638651,1.1999290279367514,-0.7948908532778661,-0.3610679194942681,0.1407550705385663,0.39891390884912803,0,1,0,0,0,0,0,1,0,0,0,0,0,0,0,0,0,0,0,0,1,0,0,0,0,0,0,0,0,0,0,0,0,0,0,0,0,0,0,1,0,0,0,1,0,0,0,0,0,0,0,1,0,0,0,1,0,0,0,0,1,0,0,0,0,0,0,0,0,0,1,0,0,0,0,1,0,0,0,1,0,0,0,0,0,0,0,0,0,0,0,1
0.33067489857911087,0.5529944590939581,1.412783515790431,0.575646656969083,2.1334714293377703,-0.9019267788874382,-1.2390975095832104,0.4830238996349156,1.1400563019893057,0.009759465477002306,0.461837853772224,-0.1523866678804662,1.2401579360414912,0.47153365551326165,-1.014992526986205,-0.19818351145579932,-0.5301153022651569,-0.6515377383555188,1.014992526986194,-1.5517349432196568,-0.7749553489927752,1.2618804456652244,-0.3610679194942681,0.16731994690975832,0.9838316637598726,0,0,0,1,0,1,0,0,0,0,0,0,0,0,0,0,0,0,1,0,0,0,0,0,0,0,0,0,1,0,0,0,0,0,0,0,0,0,0,0,0,0,0,0,1,0,0,0,0,0,0,0,0,0,1,0,0,0,1,0,0,0,0,1,0,0,0,0,0,0,0,1,0,0,0,1,0,0,0,0,0,0,0,0,0,0,1,0,0,0,0,0
-1.0773399668421153,-1.3078340849672627,-1.0399656435679563,-1.8893876932388614,-0.4794758203104481,-0.9019267788874382,-0.8617395714633288,0.6269523560219584,1.1400563019893057,0.009759465477002306,1.3621065745757797,-0.7632288167112607,0.004236556005726683,-0.43698861905574254,-0.8486821014600384,-1.7098662885428233,-0.023796961992800816,-0.6515377383555188,0.8486821014600274,-1.2772858906516242,-0.9544902923500049,0.8879220276755714,0.08427078959808616,0.306227099889635,1.5687494186706172,0,1,0,1,1,0,0,1,0,0,0,0,0,0,1,0,0,0,0,0,0,0,0,0,0,0,0,0,0,0,0,0,0,0,0,0,0,0,0,1,0,0,0,0,0,0,0,0,0,0,0,1,0,0,0,0,0,0,0,1,0,1,0,0,0,0,0,0,0,0,0,0,0,1,1,0,0,0,0,0,1,0,0,0,0,0,0,0,0,0,0,0
0.48712099473702486,0.4435339565021215,-1.0399656435679563,-1.123505233055067,-0.4794758203104481,1.0544058572703972,-1.612895467154791,0.914809268796044,-0.8238649762007128,0.009759465477002306,-1.3386995878348875,1.567400455841133,0.029120879093695096,0.7867352609759775,0.9807325793277929,-0.9903365705501821,-0.023796961992800816,-0.6515377383555188,-0.9807325793278037,-0.4125124608617853,1.1999290279367514,-0.7948908532778661,-0.3610679194942681,1.3396016970075557,-1.355839355883106,1,0,0,0,0,0,0,1,0,0,0,0,0,1,0,0,0,0,0,0,0,0,0,0,0,0,0,0,0,0,0,0,0,0,0,0,0,0,0,1,0,0,0,1,0,0,0,0,0,1,0,0,0,0,0,1,0,1,0,0,1,0,0,0,0,0,0,0,0,0,1,0,1,0,1,0,0,0,0,0,0,1,0,0,0,0,0,0,0,1,0,0
-0.616693128154924,-0.5416105668244071,-1.0399656435679563,-0.7471406513425776,-0.4794758203104481,1.6431004487013787,-1.2212976068417065,-0.524475295074384,-0.8238649762007128,1.2296926501022896,-1.3386995878348875,-1.4376149474674063,-1.3602538266512079,-1.8535417165470063,1.3133534303801258,0.9961911291251531,-0.5301153022651569,-0.6515377383555188,-1.3133534303801366,0.29691244860652566,-0.7749553489927752,1.2618804456652244,-0.3610679194942681,-1.6184104784043507,-0.7709216009723612,1,0,0,1,0,0,0,1,0,0,0,0,0,0,0,0,0,0,0,1,0,0,0,0,0,0,1,0,0,0,0,0,0,0,0,0,0,0,0,0,0,0,0,0,0,0,0,0,1,0,0,0,0,1,1,0,0,0,0,0,0,0,0,0,0,1,0,0,1,0,0,0,0,0,0,1,0,0,0,0,0,0,1,0,0,0,0,0,0,0,1,0
0.7478644883335482,0.6624549616857945,-0.22238259044849376,0.2249330527363987,-0.4794758203104481,0.48006967050846383,0.9538505081700629,1.634451550731258,1.1400563019893057,-1.2101737191482849,-1.3386995878348875,-0.3245703608394821,-0.32133333772852674,0.1600403042324602,-0.6823716759338719,1.429324184003746,0.9888397185519114,1.5348305111596448,0.6823716759338609,1.0399962041445008,-0.5555237515561613,-0.5663607089508563,0.9089721027320734,-0.14698164587221016,-0.7709216009723612,0,1,0,0,0,0,0,0,0,0,0,0,0,0,0,0,1,0,0,0,0,0,0,0,0,0,0,0,1,0,0,0,0,0,0,0,0,0,0,0,0,0,0,0,0,0,0,1,0,0,0,0,1,0,0,0,0,0,0,0,1,0,0,0,0,0,0,1,0,0,0,0,0,1,0,1,0,0,0,0,1,0,0,0,0,0,0,0,0,0,0,1
1.025990881503173,1.1002969720531406,1.412783515790431,0.08487707665656279,-0.4794758203104481,-0.9019267788874382,-0.6837405440482903,0.914809268796044,-0.8238649762007128,-1.2101737191482849,0.461837853772224,0.05054411310694539,0.05815258936299158,-0.5853187863323147,0.3154908772231269,0.046873711338795844,-1.542751982809869,-0.6515377383555188,-0.3154908772231378,-1.1478287903836841,0.840859141222292,0.8879220276755714,-1.4001915740430917,-0.4343022293134708,-0.7709216009723612,0,0,1,0,0,0,0,0,0,0,1,1,0,0,0,0,0,0,0,0,0,0,0,0,0,0,0,0,0,0,0,0,0,0,1,0,0,0,0,0,0,0,0,0,0,1,0,0,0,1,0,1,0,0,0,0,0,0,0,0,0,0,0,0,0,1,0,1,0,0,0,0,1,0,0,1,0,0,1,0,0,0,0,0,0,0,0,0,0,1,0,0
0.20899460156739996,0.005691946134775455,-1.0399656435679563,0.5417595030141308,-0.4794758203104481,0.36161283198881505,0.9538505081700629,-0.23661838230029839,-0.8238649762007128,0.009759465477002306,-1.3386995878348875,-0.1687851148289439,-0.1637326248380601,0.4418676220579472,-1.680234229090871,-1.4476774057960224,-1.542751982809869,-0.6515377383555188,1.6802342290908596,0.9545545179676606,-0.5555237515561613,-0.5663607089508563,0.9089721027320734,-0.03775925125008176,-1.355839355883106,1,0,0,1,0,0,0,1,0,0,0,0,0,0,0,0,0,0,0,0,0,1,0,0,0,0,0,0,0,0,0,0,0,0,0,0,0,0,1,0,0,0,0,0,0,0,0,0,0,1,0,0,1,0,1,0,0,0,1,0,0,0,0,0,0,0,0,0,0,0,1,0,0,1,0,1,0,0,0,0,0,0,0,1,0,0,0,0,0,0,1,0
-0.07782324138877574,-0.21322905904889758,-0.22238259044849376,0.6151065472455254,3.0044538458871766,-0.9019267788874382,0.9538505081700629,0.051238530473787215,-0.8238649762007128,-1.2101737191482849,0.461837853772224,-0.6176926000435211,-0.6178715211934837,-0.13609027972326768,-0.5160612504077055,1.4386348687603796,-0.5301153022651569,-0.6515377383555188,0.5160612504076945,0.04317653208136333,-0.7749553489927752,-0.7948908532778661,1.2718406805110285,-0.5012681174917043,-0.7709216009723612,0,0,0,0,1,0,0,0,1,0,0,0,0,0,0,0,0,0,0,0,0,0,1,0,0,0,0,0,0,0,0,0,0,0,0,0,0,0,0,0,0,0,0,0,0,0,1,0,0,1,0,0,1,0,0,0,0,0,0,0,0,0,0,1,0,0,0,0,0,0,0,0,0,0,0,0,0,0,0,0,0,0,1,0,0,0,0,0,0,0,0,0
0.37413214751186474,0.005691946134775455,-1.0399656435679563,1.2369993351225486,-0.4794758203104481,-0.9019267788874382,-0.8012199021422157,-0.9562606642355124,-0.8238649762007128,0.009759465477002306,0.461837853772224,-1.3658717420678164,-1.2150952753047255,-1.7237528201800056,-0.8486821014600384,1.4047439762462335,-1.542751982809869,-0.6515377383555188,0.8486821014600274,-1.2332704765605245,-0.7749553489927752,1.2618804456652244,-0.3610679194942681,-1.5765520579819865,-0.18600384606161657,1,0,0,0,0,0,0,0,0,1,0,0,0,0,0,0,0,0,0,0,1,0,0,0,0,0,0,0,0,0,0,0,0,0,0,0,0,0,1,0,0,0,0,0,0,0,1,0,0,0,1,0,0,1,0,0,1,0,0,1,0,0,0,0,0,1,0,0,0,0,0,1,0,1,1,0,0,0,0,0,0,0,0,0,0,1,0,0,0,0,1,0
1.7473812137868878,1.9759809927878327,-0.22238259044849376,-0.5078407975373578,1.2624890127883643,0.7600585615549064,0.9538505081700629,1.3465946379571725,1.1400563019893057,1.2296926501022896,1.3621065745757797,0.5752944154582319,0.5890181485729844,0.16057005482987655,0.4818013027492934,0.2796408302546347,-0.023796961992800816,-0.6515377383555188,-0.48180130274930427,1.2419492805624872,0.5416342356269089,0.5762900126841938,-0.9053707861626996,0.42558648665159143,2.1536671735813617,1,0,0,1,1,0,0,0,1,0,0,0,0,0,0,0,0,0,1,0,0,0,0,0,0,0,0,0,0,0,0,1,0,0,0,0,0,0,0,0,0,0,0,0,1,0,0,0,0,0,0,0,0,0,0,1,0,0,1,0,1,0,0,0,0,0,0,0,1,0,0,0,1,0,1,0,0,0,0,0,0,0,0,0,0,1,0,0,0,0,0,1
-0.5210871805028654,-0.21322905904889758,1.412783515790431,2.624528727169183,-0.4794758203104481,1.743609281384717,0.9538505081700629,0.7708808124090012,1.1400563019893057,0.009759465477002306,1.3621065745757797,-0.4086124014504303,0.7217345383754825,0.008001882773973804,1.6459742814324587,-1.4540086714305331,0.9888397185519114,1.5348305111596448,-1.6459742814324694,1.9513741900307984,-0.7749553489927752,1.2618804456652244,-0.3610679194942681,-0.612795055232619,1.5687494186706172,0,1,1,0,0,0,0,0,0,0,1,0,0,0,0,1,0,0,0,0,0,0,0,0,0,0,0,0,0,0,0,0,0,0,0,0,0,0,0,0,1,0,0,1,0,0,0,0,0,0,0,1,0,0,0,0,0,1,0,0,0,0,0,1,0,0,1,0,0,0,0,0,0,1,0,0,0,0,1,0,0,0,0,0,0,0,0,0,0,1,0,0
1.1650540780879857,0.8813759668694676,-1.0399656435679563,-0.46280817093942345,1.2624890127883643,-0.9019267788874382,0.9538505081700629,-1.1001891206225551,-0.8238649762007128,1.2296926501022896,-0.4384308670313317,0.4769037337673657,0.4894808562211107,0.05885794012594139,-0.5160612504077055,0.8878147585579385,-0.5301153022651569,-0.6515377383555188,0.5160612504076945,0.04317653208136333,0.5416342356269089,0.5762900126841938,-0.9053707861626996,0.3021531643759468,-0.18600384606161657,0,0,0,1,1,0,0,0,1,0,0,0,0,0,0,0,0,0,1,0,0,0,0,0,0,0,0,0,0,0,0,0,0,0,0,0,0,1,0,0,0,0,0,0,1,0,0,0,0,1,0,0,0,0,0,1,0,0,1,0,0,0,0,0,0,0,0,0,0,0,0,0,0,1,1,0,0,0,0,0,0,0,0,1,0,0,0,0,0,0,0,1
-0.7209905255935334,-0.5416105668244071,-1.0399656435679563,0.11888715861860671,-0.4794758203104481,-0.9019267788874382,0.9538505081700629,-0.09268992591325557,-0.8238649762007128,0.009759465477002306,-0.4384308670313317,-0.14418744440622736,-0.1388483017500917,0.8428888243021083,-0.8486821014600384,1.4918919855683235,-0.5301153022651569,-0.6515377383555188,0.8486821014600274,0.04317653208136333,-0.7749553489927752,-0.7948908532778661,1.2718406805110285,0.34857881666009366,-0.7709216009723612,1,0,0,1,1,0,0,0,1,0,0,0,0,0,0,0,0,0,1,0,0,0,0,0,0,0,0,0,0,0,0,0,0,0,0,0,0,0,0,0,0,1,0,0,0,0,0,1,0,1,0,0,0,0,0,0,0,1,0,0,0,0,0,0,1,0,0,0,0,1,0,0,0,0,0,0,0,0,0,1,0,0,0,0,0,0,0,0,0,0,1,0
1.6865410652810322,1.7570599876041597,1.412783515790431,0.20018354730859875,-0.4794758203104481,1.4743891938400608,-0.8154598243354187,0.914809268796044,-0.8238649762007128,0.009759465477002306,1.3621065745757797,-0.8390716338479701,-0.14921676970341186,-0.593794795890976,-1.1813029525123715,1.4345381674674609,-0.023796961992800816,-0.6515377383555188,1.1813029525123604,0.4703849629655651,-0.9544902923500049,0.8879220276755714,0.08427078959808616,-0.6343370631895576,0.39891390884912803,0,1,1,0,1,0,0,0,1,0,0,0,0,0,1,0,0,0,0,0,0,0,0,0,0,0,0,0,0,0,0,0,0,0,0,0,0,0,0,1,0,0,0,0,0,0,0,1,0,1,0,1,0,0,0,0,0,1,0,0,0,0,0,0,1,0,0,1,0,0,0,0,1,0,0,1,0,1,0,0,0,0,0,0,0,0,0,0,0,1,0,0
-1.6944329016872206,-0.9794525771917532,-0.22238259044849376,-0.7481240753993114,-0.4794758203104481,-0.9019267788874382,0.9538505081700629,0.051238530473787215,-0.8238649762007128,-1.2101737191482849,-1.3386995878348875,1.6698907492691186,1.6963705259875788,0.8794416155238349,0.9807325793277929,1.0665799058853027,-1.542751982809869,-0.6515377383555188,-0.9807325793278037,0.04317653208136333,0.840859141222292,0.8879220276755714,-1.4001915740430917,1.462770748904233,-1.9407571107938504,0,0,0,0,0,0,1,0,0,0,0,0,0,0,0,0,1,0,0,0,0,0,0,0,0,0,0,0,0,0,1,0,0,0,0,0,0,0,0,0,0,0,0,1,0,0,0,0,0,1,0,1,0,0,0,1,0,0,0,1,1,0,0,0,0,0,0,0,0,1,0,0,1,0,0,0,0,1,0,0,0,0,0,0,0,0,0,0,0,0,0,0
-0.773139224312838,-0.8699920745999167,-0.22238259044849376,-0.8389268966377297,-0.4794758203104481,-0.9019267788874382,0.9538505081700629,0.914809268796044,1.1400563019893057,-1.2101737191482849,1.3621065745757797,-1.5237067939469142,-0.6489769250534442,-0.42586385650999964,-0.017129973829206037,-0.5084155275468294,1.4951580588242674,1.5348305111596448,0.017129973829195105,0.04317653208136333,-2.749839725922302,-0.28069802854209364,2.496522130514999,-0.45836865932771675,0.9838316637598726,0,1,0,1,0,0,0,0,0,0,0,0,0,1,0,0,0,0,0,0,0,0,0,0,0,0,1,0,0,0,0,0,0,0,0,0,0,0,0,0,0,0,0,1,0,0,0,0,0,0,0,0,1,0,0,0,0,0,0,0,0,0,0,0,0,1,0,0,0,0,1,0,0,1,0,0,1,0,0,0,0,0,0,0,0,0,0,0,0,1,0,0
0.6609499904680405,0.9908364694613041,-0.22238259044849376,0.5365555507139146,-0.4794758203104481,-0.9019267788874382,-1.6093354866064902,0.6269523560219584,-0.8238649762007128,1.2296926501022896,0.461837853772224,0.5711948037211125,0.5848707613916563,0.15633205005054593,-1.1813029525123715,-1.6893827820782295,-0.5301153022651569,-0.6515377383555188,1.1813029525123604,-1.8210057117769718,0.5416342356269089,0.5762900126841938,-0.9053707861626996,0.017389083250039246,0.39891390884912803,0,0,1,0,1,0,0,1,0,0,0,0,0,0,0,0,0,0,0,0,0,0,0,1,0,0,0,0,0,0,0,0,0,0,0,0,1,0,0,0,0,0,0,1,0,0,0,0,0,1,0,0,0,0,1,0,0,1,0,0,0,0,0,0,0,1,0,1,0,0,0,0,0,0,1,0,0,1,0,0,0,0,0,0,0,0,0,0,0,0,0,0
0.4349722960177202,0.6624549616857945,-1.0399656435679563,-0.7079266170803175,-0.4794758203104481,1.2446547191352875,0.9538505081700629,1.0587377251830867,1.1400563019893057,-1.2101737191482849,-1.3386995878348875,1.1984353995003847,1.2194210001348509,0.8047467812881326,-0.1834403993553725,-0.2078666236026982,0.48252137827955527,-0.6515377383555188,0.18344039935536155,1.591483451285925,0.5416342356269089,0.5762900126841938,-0.9053707861626996,1.208258474449082,-0.7709216009723612,0,0,1,0,1,0,0,1,0,0,0,0,0,0,0,0,0,1,0,0,0,0,0,0,0,0,0,0,0,0,0,0,0,0,0,0,1,0,0,0,0,0,0,0,0,0,0,0,0,0,0,1,0,0,0,1,0,0,0,1,0,0,0,0,0,0,1,0,0,0,0,0,0,1,1,0,0,1,0,0,0,0,0,0,0,0,0,0,0,1,0,0
-0.5471615298625178,-0.9794525771917532,-0.22238259044849376,2.439604028500868,-0.4794758203104481,1.9266789409150835,0.9538505081700629,0.19516698686083,-0.8238649762007128,0.009759465477002306,-1.3386995878348875,-0.11753996811495108,-0.11189028507145925,0.5345739766058049,-0.5160612504077055,0.21707302869005723,-1.542751982809869,-0.6515377383555188,0.5160612504076945,2.0834204323040972,-0.5555237515561613,-0.5663607089508563,0.9089721027320734,-0.4234828620595813,-1.355839355883106,0,0,1,0,0,0,1,0,0,0,0,0,1,0,0,0,0,0,0,0,0,0,0,0,0,0,0,0,0,0,0,1,0,0,0,0,0,0,0,0,0,0,0,0,1,0,0,0,0,1,0,0,0,0,0,1,0,1,0,0,0,0,0,1,0,0,0,0,0,0,1,0,0,0,0,1,1,0,0,0,0,0,0,0,0,0,0,0,0,0,0,0
2.060273406102716,1.7570599876041597,-1.0399656435679563,0.05689046704201431,1.2624890127883643,-0.040422498744538266,-0.8439396687218249,-1.1001891206225551,-0.8238649762007128,-1.2101737191482849,-1.3386995878348875,-1.3925192183590926,-1.4017276984644886,-1.7380560863102466,-0.5160612504077055,-1.008585512673184,-0.023796961992800816,-0.6515377383555188,0.5160612504076945,-0.6429460993387184,-0.7749553489927752,-0.7948908532778661,1.2718406805110285,-1.5726175269719425,-1.9407571107938504,1,0,1,0,1,1,0,0,0,0,0,1,0,0,0,0,0,0,0,0,0,0,0,0,0,0,0,0,0,0,0,1,0,0,0,0,0,0,0,0,0,0,0,0,0,0,0,0,1,0,0,0,0,1,1,0,0,0,0,0,0,0,0,0,1,0,0,0,0,0,0,0,0,0,0,0,0,0,0,0,0,1,0,0,0,0,0,0,0,0,0,1
1.5387864189096692,1.7570599876041597,-1.0399656435679563,0.8342052318853386,-0.4794758203104481,0.38674004015964963,0.9538505081700629,-0.524475295074384,-0.8238649762007128,0.009759465477002306,0.461837853772224,0.960657918747458,-0.277785772324582,0.23791364205266058,0.9807325793277929,1.4658220682497496,-1.542751982809869,-0.6515377383555188,-0.9807325793278037,0.9726785120051721,1.1999290279367514,-0.7948908532778661,-0.3610679194942681,-0.09192021731028234,-0.18600384606161657,0,1,0,1,0,0,0,0,1,0,0,0,0,0,0,0,0,1,0,0,0,0,0,0,0,0,0,0,1,0,0,0,0,0,0,0,0,0,0,0,0,0,0,0,0,0,0,1,0,1,0,1,0,0,0,0,0,1,0,0,0,0,0,1,0,0,0,0,0,1,0,0,0,1,0,1,0,0,0,0,0,0,0,0,0,0,0,0,0,0,1,0
-0.11258904053497885,-0.10376855645706107,1.412783515790431,-0.012154096941169352,-0.4794758203104481,-0.9019267788874382,0.9538505081700629,1.0587377251830867,1.1400563019893057,1.2296926501022896,-1.3386995878348875,0.5752944154582319,-0.47271296984700123,0.16057005482987655,0.3154908772231269,-0.5113949466689521,0.9888397185519114,1.5348305111596448,-0.3154908772231378,0.04317653208136333,0.840859141222292,-0.9818700622726926,0.08427078959808616,0.0471489922297816,0.39891390884912803,0,0,0,0,0,0,0,0,0,1,0,0,1,0,0,0,0,0,0,0,0,0,0,0,0,0,0,0,0,0,0,0,0,0,0,0,0,0,0,0,1,0,0,1,0,0,0,0,0,0,0,0,1,0,0,0,0,0,0,0,0,0,0,0,1,0,0,1,0,0,0,0,0,0,0,0,0,0,0,0,0,0,0,0,0,0,0,0,1,1,0,0
-0.5123957307163146,-0.5416105668244071,-0.22238259044849376,-0.46682381917108645,-0.4794758203104481,-0.9019267788874382,0.9538505081700629,0.914809268796044,-0.8238649762007128,1.2296926501022896,-1.3386995878348875,0.42360878118481315,-0.5494396327015705,0.0037638779946431718,1.1470430048539593,1.5883506796470472,-1.0364336425375131,-0.6515377383555188,-1.1470430048539701,0.04317653208136333,0.840859141222292,-0.9818700622726926,0.08427078959808616,0.07969103470465518,-0.7709216009723612,1,0,0,0,0,0,0,1,0,0,0,0,0,0,0,0,0,0,1,0,0,0,0,0,0,0,0,0,0,0,0,0,0,0,0,0,0,0,0,0,1,0,0,0,1,0,0,0,0,1,0,0,1,0,0,1,0,0,0,0,0,0,0,0,0,0,0,0,1,0,0,0,0,1,0,0,0,0,0,0,0,0,0,0,0,0,1,0,0,1,0,0
2.390548497991645,2.304362500563342,-0.22238259044849376,-0.2784571363042038,-0.4794758203104481,-0.9019267788874382,-0.6410207774686811,-0.3805468386873412,0.15809566289429652,-1.2101737191482849,1.3621065745757797,-0.4188614307932289,0.7009976024688422,-0.01053938813559771,0.14918045169696045,-0.11364249386556664,1.4951580588242674,1.5348305111596448,-0.14918045169697136,-1.1167590863193786,-0.7749553489927752,1.2618804456652244,-0.3610679194942681,0.06423598260297347,0.39891390884912803,0,0,0,1,0,0,0,0,1,0,0,0,0,1,0,0,0,0,0,0,0,0,0,0,0,0,0,1,0,0,0,0,0,0,0,0,0,0,0,0,0,0,0,0,1,0,0,0,0,0,0,1,0,0,0,1,0,0,1,0,0,0,0,1,0,0,0,0,0,0,0,0,1,0,1,0,0,0,0,0,0,0,0,0,0,1,0,0,0,0,1,0
0.09600575434223983,-0.43215006423257063,-0.22238259044849376,-0.53681083120864,-0.4794758203104481,0.533913688017395,-0.5911810497924704,-0.8123322078484696,-0.8238649762007128,1.2296926501022896,-0.4384308670313317,-1.4786110648386006,-1.4432015702777692,-1.904397773898974,-0.6823716759338719,-0.325181251536281,-0.023796961992800816,-0.6515377383555188,0.6823716759338609,-0.044854296100835835,-1.1041027451476964,0.5762900126841938,0.45538638050838015,-1.6819328256763186,-0.18600384606161657,0,0,0,1,1,0,0,0,0,1,0,0,0,0,0,0,0,0,0,0,0,0,0,0,0,0,0,0,0,0,0,0,0,0,0,0,0,0,0,0,0,0,1,0,0,0,0,0,0,0,1,0,0,1,0,0,1,0,0,0,0,0,0,0,0,1,1,0,0,0,0,0,1,0,0,0,0,0,0,0,0,0,1,0,0,0,0,0,0,0,1,0
-1.4163065085175957,-0.6510710694162436,-1.0399656435679563,0.15572458474375953,-0.4794758203104481,-0.9019267788874382,0.9538505081700629,-0.524475295074384,-0.8238649762007128,-1.2101737191482849,-1.3386995878348875,-1.240833584085674,-1.24827437275535,-1.6803132711918667,0.9807325793277929,-1.1650050165846277,-1.542751982809869,-0.6515377383555188,-0.9807325793278037,0.04317653208136333,0.28844393089235454,0.3126013846145672,-0.4866762733408288,-1.4958163582939352,-1.9407571107938504,0,1,1,0,1,0,1,0,0,0,0,0,0,0,0,0,0,0,0,0,0,0,0,1,0,0,0,0,0,0,0,0,0,0,0,0,0,0,0,0,1,0,0,0,0,0,0,0,0,0,1,0,0,1,1,0,0,0,0,0,0,0,0,0,0,0,0,0,0,0,0,0,0,1,1,0,0,0,0,1,0,0,0,0,0,0,0,0,0,0,1,0
-1.3815407093713925,-0.8699920745999167,-1.0399656435679563,0.8321974077695071,-0.4794758203104481,-0.9019267788874382,0.9538505081700629,-0.8123322078484696,-0.8238649762007128,0.009759465477002306,1.3621065745757797,-1.318726207090943,-1.3270747292005833,-1.7973881532208753,-0.8486821014600384,1.5574392062550237,-1.0364336425375131,-0.6515377383555188,0.8486821014600274,0.04317653208136333,0.5416342356269089,0.5762900126841938,-0.9053707861626996,-1.61026427897588,0.39891390884912803,1,0,0,0,1,0,0,0,1,0,0,0,0,0,0,0,0,0,1,0,0,0,0,0,0,0,0,0,0,0,0,0,0,0,0,1,0,0,0,0,0,0,0,1,0,0,0,0,1,0,0,0,0,1,1,0,0,0,0,0,1,0,0,0,0,0,0,0,0,0,0,1,1,0,1,0,0,0,0,0,0,0,0,0,0,0,1,0,0,0,1,0
-0.4167897830642561,-0.10376855645706107,-1.0399656435679563,0.45722601013739017,-0.4794758203104481,0.04931753043701381,0.9538505081700629,1.634451550731258,1.1400563019893057,-1.2101737191482849,1.3621065745757797,0.739278884943009,-0.38976522622043985,0.03766791622928823,-1.1813029525123715,-1.0275793095767163,-1.0364336425375131,-0.6515377383555188,1.1813029525123604,0.729299163501445,1.1999290279367514,-0.7948908532778661,-0.3610679194942681,-0.1388541351576349,0.9838316637598726,0,0,0,0,1,0,1,0,0,0,0,1,0,0,0,0,0,0,0,0,0,0,0,0,0,1,0,0,0,0,0,0,0,0,0,0,0,0,0,0,0,0,0,0,0,1,0,0,0,0,0,0,0,0,0,0,0,1,0,0,0,0,0,0,0,1,0,0,1,0,0,0,1,0,1,0,0,0,0,0,0,0,0,0,0,1,0,0,0,0,0,1
0.36544069772531396,0.6624549616857945,-1.0399656435679563,1.3848407516515262,-0.4794758203104481,-0.9019267788874382,0.9538505081700629,0.19516698686083,-0.8238649762007128,-1.2101737191482849,1.3621065745757797,-1.3884196066219732,-1.2607165342993343,-1.7295800767515852,0.4818013027492934,0.33476008401390533,1.4951580588242674,1.5348305111596448,-0.48180130274930427,0.04317653208136333,-0.9544902923500049,0.8879220276755714,0.08427078959808616,-1.5922970110513595,-0.18600384606161657,1,0,1,0,1,0,0,0,0,0,0,0,0,1,0,0,0,0,0,0,0,0,0,0,0,1,0,0,0,0,0,0,0,0,0,0,0,0,0,0,0,0,0,0,0,1,0,0,1,0,0,0,0,1,0,0,1,0,0,0,0,0,0,1,0,0,0,0,0,0,1,0,0,0,0,1,0,0,0,0,0,0,0,0,0,1,0,0,0,0,0,0
-0.22557788776013898,0.005691946134775455,-1.0399656435679563,-0.9031772683443368,-0.4794758203104481,-0.9019267788874382,0.9538505081700629,-1.244117577009598,1.1400563019893057,1.2296926501022896,-1.3386995878348875,0.8868649074793084,0.9042195743539175,0.17116506677820312,0.8144221538016264,-0.9676184997439963,0.9888397185519114,1.5348305111596448,-0.8144221538016372,0.04317653208136333,0.840859141222292,0.8879220276755714,-1.4001915740430917,0.7577054665682931,0.39891390884912803,0,0,0,0,0,0,0,1,0,0,0,0,0,1,0,0,0,0,0,0,0,0,0,0,0,0,0,0,0,0,0,0,0,0,0,0,0,0,0,0,1,0,0,0,0,1,0,0,0,0,0,0,0,0,1,0,0,0,0,1,1,0,0,0,0,0,0,0,0,0,0,1,0,0,1,0,0,0,0,0,0,0,1,0,0,0,0,0,0,0,0,1
0.28721764964635693,0.4435339565021215,-1.0399656435679563,-1.4131645937655288,-0.4794758203104481,1.00774104209599,0.9538505081700629,1.634451550731258,-0.8238649762007128,-1.2101737191482849,-0.4384308670313317,-1.5237067939469142,0.9208091230792299,0.4996104371763271,-1.1813029525123715,-0.971715201036915,-0.5301153022651569,-0.6515377383555188,1.1813029525123604,1.4206000789322444,-2.749839725922302,1.2618804456652244,1.2718406805110285,0.8597258079759046,-1.355839355883106,0,1,1,0,0,0,0,0,0,0,1,0,0,0,0,0,0,0,0,0,0,1,0,0,1,0,0,0,0,0,0,0,0,0,0,0,0,0,0,0,0,0,0,0,0,0,0,0,0,1,0,1,0,0,0,0,0,0,0,1,0,0,0,0,0,1,0,0,0,1,0,0,0,0,0,0,0,0,1,0,0,0,0,0,0,0,0,0,0,0,0,1
-0.6688418268742287,-0.5416105668244071,-1.0399656435679563,0.2604592467859067,-0.4794758203104481,1.743609281384717,0.9538505081700629,-0.524475295074384,-0.8238649762007128,0.009759465477002306,1.3621065745757797,-1.4273659181246077,-1.3395168907445676,-1.8350004456374347,-1.1813029525123715,-0.6182816076751053,-1.0364336425375131,-0.6515377383555188,1.1813029525123604,1.9513741900307984,-0.7749553489927752,1.2618804456652244,-0.3610679194942681,-1.632607758553016,0.39891390884912803,0,1,0,1,0,0,0,0,0,0,0,0,1,0,0,0,0,0,0,0,0,0,0,0,0,0,0,0,0,0,0,0,0,0,0,0,1,0,0,0,0,0,0,0,0,1,0,0,0,0,1,0,0,1,1,0,0,0,0,0,0,0,0,0,0,0,0,0,0,0,0,0,0,1,1,0,0,0,0,0,0,0,0,0,0,1,0,0,0,0,1,0
-1.7639644999796267,-0.6510710694162436,1.412783515790431,0.5540932797256678,-0.4794758203104481,1.2949091354769566,0.9538505081700629,1.634451550731258,-0.8238649762007128,-1.2101737191482849,1.3621065745757797,-0.10114152116647337,-0.09530073634614697,0.9318869246680516,-0.8486821014600384,0.8501995921411389,-0.023796961992800816,-0.6515377383555188,0.8486821014600274,1.6277314393609483,-0.7749553489927752,-0.7948908532778661,1.2718406805110285,0.2476086216141716,-0.18600384606161657,0,1,1,0,1,0,0,0,0,0,0,0,0,0,0,0,0,0,0,0,0,1,0,0,0,0,0,0,0,0,0,0,0,0,0,0,0,0,0,0,0,1,0,0,0,0,0,0,0,1,0,0,1,0,0,1,0,0,1,0,1,0,0,0,0,0,1,0,0,0,0,0,0,1,0,0,0,0,0,0,0,0,0,1,0,0,0,0,0,0,0,1
-1.7291987008334238,-1.9645971005182818,-1.0399656435679563,-1.397265904848333,1.6979802210630675,-0.9019267788874382,0.9538505081700629,1.634451550731258,-0.8238649762007128,-1.2101737191482849,-1.3386995878348875,-0.6935354171802305,-0.6945981840480528,-0.29289645655850105,-1.1813029525123715,-0.09911782564521829,-0.5301153022651569,-0.6515377383555188,1.1813029525123604,0.04317653208136333,-0.7749553489927752,-0.7948908532778661,1.2718406805110285,0.01913891932868815,-1.9407571107938504,1,0,1,0,0,0,1,0,0,0,0,0,0,1,0,0,0,0,0,0,0,0,0,0,0,0,0,0,0,0,0,0,0,0,0,0,0,0,0,0,1,0,0,0,0,1,0,0,0,1,0,0,1,0,0,1,0,0,0,1,1,0,0,0,0,0,0,0,0,1,0,0,0,1,0,0,0,0,0,0,0,0,0,0,1,0,0,0,0,0,0,1
-1.2164031634269277,-1.1983735823754262,-0.22238259044849376,0.8703870419726686,-0.4794758203104481,1.136966684117425,-0.890219415849735,-0.3805468386873412,1.1400563019893057,1.2296926501022896,-0.4384308670313317,-0.4988038596670577,0.5392495023970475,0.37458929618607345,-1.347613378038538,1.3995299927825187,0.48252137827955527,-0.6515377383555188,1.3476133780385269,0.1726336323493033,-1.1041027451476964,0.5762900126841938,0.45538638050838015,-0.11863676437596343,0.9838316637598726,0,0,0,1,1,0,0,1,0,0,0,0,0,0,0,1,0,0,0,0,0,0,0,0,0,0,0,0,0,0,0,0,0,0,0,0,0,0,0,1,0,0,0,0,1,0,0,0,0,0,0,0,1,0,1,0,0,1,0,0,0,0,0,1,0,0,0,0,0,0,1,0,0,0,0,0,0,0,0,0,0,1,0,0,0,0,0,0,0,0,1,0
-0.538470080075967,-0.9794525771917532,-1.0399656435679563,0.6406755727206037,-0.4794758203104481,1.4815683961745851,-1.3138571010975264,1.4905230943442151,-0.8238649762007128,1.2296926501022896,1.3621065745757797,0.7761753905770838,0.7922401204580597,0.3682322890170775,-1.5139238035647045,0.5459264142943544,0.9888397185519114,1.5348305111596448,1.5139238035646931,0.1130833662260509,0.5416342356269089,0.5762900126841938,-0.9053707861626996,0.15754723988278826,0.9838316637598726,1,0,0,1,1,0,0,0,0,0,1,1,0,0,0,0,0,0,0,0,0,0,0,0,1,0,0,0,0,0,0,0,0,0,0,0,0,0,0,0,0,0,0,0,0,0,0,1,0,1,0,0,1,0,1,0,0,0,1,0,0,0,0,0,0,1,0,0,0,0,1,0,0,1,0,0,0,0,0,0,0,0,0,0,0,0,0,0,1,0,0,1
-0.929585320470752,-1.3078340849672627,-1.0399656435679563,1.3598044142071792,-0.4794758203104481,1.133377082950163,-0.8012199021422157,1.4905230943442151,1.1400563019893057,1.2296926501022896,-0.4384308670313317,0.20017994151180443,0.20953222148146608,1.1093533748025217,1.4796638559062922,-0.030591185836395328,0.9888397185519114,1.5348305111596448,-1.4796638559063031,0.23477304047791445,-0.5555237515561613,-0.5663607089508563,0.9089721027320734,0.157730742733725,0.9838316637598726,0,1,0,1,0,0,1,0,0,0,0,0,0,0,0,0,0,0,0,0,0,0,1,0,0,0,0,0,0,0,0,0,0,0,0,1,0,0,0,0,0,0,0,0,0,0,0,0,0,0,0,0,1,0,0,1,0,0,1,0,0,0,0,0,1,0,0,0,0,0,1,0,0,1,0,1,0,0,0,0,0,0,0,0,0,1,0,0,0,0,0,1
-0.7209905255935334,-0.8699920745999167,-0.22238259044849376,-0.47325705154221964,-0.4794758203104481,0.9395386199180105,0.9538505081700629,0.4830238996349156,1.1400563019893057,0.009759465477002306,0.461837853772224,-0.20568162046301874,-0.2010591094700127,0.7157486809221894,-0.5160612504077055,1.4419867152727677,1.4951580588242674,1.5348305111596448,0.5160612504076945,1.371406380830427,-0.7749553489927752,-0.7948908532778661,1.2718406805110285,0.5110702941608855,0.9838316637598726,1,0,0,0,1,0,0,0,0,0,0,0,0,0,0,0,0,0,0,0,0,0,0,0,0,0,0,0,0,0,0,0,0,0,0,0,1,0,0,0,0,0,0,0,1,0,0,0,0,0,0,0,1,0,0,0,0,1,0,0,0,0,0,0,1,0,0,0,1,0,0,0,0,0,1,0,0,0,1,0,0,0,0,0,0,0,0,0,0,0,0,0
0.18292025220774763,0.4435339565021215,-0.22238259044849376,1.0700221254896258,-0.4794758203104481,-0.9019267788874382,0.2098145735752024,0.6269523560219584,1.1400563019893057,1.2296926501022896,-1.3386995878348875,-0.20363181459445903,-0.19898541587934868,0.7199866857015199,0.9807325793277929,-0.3493890319035282,0.48252137827955527,-0.6515377383555188,-0.9807325793278037,-0.49795414703862567,-0.7749553489927752,-0.7948908532778661,1.2718406805110285,-0.05416197975934387,0.39891390884912803,0,1,0,0,1,0,0,1,0,0,0,0,0,0,0,0,0,0,1,0,0,0,0,0,0,0,0,1,0,0,0,0,0,0,0,0,0,0,0,0,0,0,0,0,0,1,0,0,0,0,0,1,0,0,0,0,0,0,0,1,0,0,0,1,0,0,1,0,0,0,0,0,0,0,0,1,0,1,0,0,0,0,0,0,0,0,0,0,0,0,0,0
1.9212102095179033,1.5381389824204867,1.412783515790431,-1.410050417585872,-0.4794758203104481,0.6380121218679955,-0.43810188621553736,0.7708808124090012,1.1400563019893057,0.009759465477002306,0.461837853772224,1.7928791013827015,1.8207921414274209,1.4192574742910742,-0.017129973829206037,1.5820194140125363,0.9888397185519114,1.5348305111596448,0.017129973829195105,0.1415639282849977,0.5416342356269089,0.5762900126841938,-0.9053707861626996,2.5433852293810535,0.9838316637598726,0,1,1,0,0,0,1,0,0,0,0,0,0,0,0,0,0,0,1,0,0,0,0,0,0,0,0,0,0,0,0,0,0,0,0,0,1,0,0,0,0,0,0,0,0,0,0,0,0,0,0,0,0,0,1,0,0,1,0,0,0,0,0,0,0,1,0,0,1,0,0,0,1,0,1,0,0,0,0,0,0,0,0,0,0,1,0,0,0,1,0,0
0.7044072394007943,0.5529944590939581,1.412783515790431,-0.45936618674085555,-0.4794758203104481,0.9862034350924176,0.9538505081700629,-1.244117577009598,-0.8238649762007128,0.009759465477002306,-1.3386995878348875,-1.4212165005189286,-1.4307594087337852,-1.7709006233500588,0.8144221538016264,1.425972337491358,-0.5301153022651569,-0.6515377383555188,-0.8144221538016372,1.4050652269000916,-0.9544902923500049,-0.9818700622726926,1.5687331532392639,-1.5820284867337007,-1.355839355883106,0,1,1,0,1,0,0,0,1,0,0,0,0,0,0,0,0,0,1,0,0,0,0,0,0,0,0,0,0,0,0,0,0,0,0,0,0,0,0,0,0,0,0,1,0,0,0,0,0,0,1,0,0,1,1,0,0,0,0,1,0,0,0,0,0,1,0,0,0,1,0,0,0,1,1,0,0,0,0,0,0,1,0,0,0,0,0,0,0,0,0,1
-0.10389759074842807,-0.10376855645706107,-0.22238259044849376,0.10253773367540761,-0.4794758203104481,1.434903581000178,-0.8368197076252234,-0.23661838230029839,1.1400563019893057,-1.2101737191482849,0.461837853772224,-0.8944163922990823,-0.2611962235992697,-0.870854358339716,0.8144221538016264,-1.2305522372713278,0.48252137827955527,-0.6515377383555188,-0.8144221538016372,0.42636954887446554,-0.7749553489927752,1.2618804456652244,-0.3610679194942681,-0.8044594668399099,0.39891390884912803,1,0,0,1,0,0,0,0,0,1,0,0,0,0,0,0,0,0,0,0,0,0,0,1,0,0,0,0,0,0,0,0,0,0,0,0,0,0,0,1,0,0,0,1,0,0,0,0,0,0,0,1,0,0,0,1,0,0,1,0,0,0,0,1,0,0,0,0,1,0,0,0,1,0,0,0,0,0,0,0,0,0,1,0,0,0,0,0,0,0,1,0
0.7044072394007943,0.9908364694613041,1.412783515790431,-0.6333093167756428,-0.4794758203104481,0.7528793592203822,0.9538505081700629,-0.3805468386873412,-0.8238649762007128,0.009759465477002306,0.461837853772224,-0.761179010842701,-0.763030072539966,-0.6298178365152863,1.1470430048539593,-1.4845477174322912,0.48252137827955527,-0.6515377383555188,-1.1470430048539701,1.2367709965517697,-0.5555237515561613,-0.5663607089508563,0.9089721027320734,-0.543486354762385,-0.18600384606161657,0,0,0,0,0,1,0,0,0,0,0,0,0,0,0,0,0,0,0,0,0,1,0,0,0,0,0,0,0,0,1,0,0,0,0,0,0,0,0,0,0,0,0,0,0,0,0,1,0,1,0,0,1,0,1,0,0,0,0,1,0,0,1,0,0,0,0,0,0,0,0,1,0,0,0,1,0,0,0,0,0,0,0,0,1,0,0,0,0,0,1,0
-0.9208938706842013,-1.4172945875590992,1.412783515790431,-0.71423692144436,-0.4794758203104481,-0.9019267788874382,-0.1461834812548744,0.19516698686083,0.15809566289429652,-1.2101737191482849,-0.4384308670313317,1.4567109389389086,-0.026868847854233834,0.30148371374262006,-0.6823716759338719,0.13364929327062058,-0.023796961992800816,-0.6515377383555188,0.6823716759338609,-0.7568683475745056,1.6387922228099792,-0.5663607089508563,-0.9053707861626996,0.6778309358806337,-0.7709216009723612,1,0,0,1,1,0,0,1,0,0,0,0,0,1,0,0,0,0,0,0,0,0,0,0,0,0,0,0,0,0,0,0,0,0,1,0,0,0,0,0,0,0,0,0,1,0,0,0,0,0,0,0,0,0,0,1,0,0,0,1,0,0,0,0,0,1,0,0,1,0,0,0,1,0,0,1,0,0,0,0,0,0,1,0,0,0,0,0,0,0,0,0
-0.2516522371197913,-0.3226895616407341,-1.0399656435679563,-0.29079091301573995,-0.4794758203104481,0.7098041452132372,-0.9151392796878403,0.4830238996349156,1.1400563019893057,1.2296926501022896,-0.4384308670313317,-0.7283821169457456,0.07474213808830385,-0.3649425378071218,0.14918045169696045,1.3514868594382896,0.48252137827955527,-0.6515377383555188,-0.14918045169697136,-0.15359826032590537,-0.9544902923500049,0.8879220276755714,0.08427078959808616,-0.31537633099006357,0.9838316637598726,0,1,0,1,1,0,0,0,0,1,0,0,0,1,0,0,0,0,0,0,0,0,0,0,0,0,0,0,0,0,0,0,0,0,1,0,0,0,0,0,0,0,0,1,0,0,0,0,0,0,0,1,0,0,0,0,0,0,0,1,0,0,0,0,0,0,0,0,1,0,0,0,0,1,0,1,0,0,0,0,0,0,0,0,0,0,0,0,0,0,0,0
0.4784295449504741,0.6624549616857945,1.412783515790431,-0.3332830274671124,-0.4794758203104481,0.1785431724584488,0.9538505081700629,1.634451550731258,-0.8238649762007128,0.009759465477002306,-0.4384308670313317,0.11203828916373679,0.1203633970829126,1.7953803984566679,0.9807325793277929,-0.6719111518733146,0.9888397185519114,1.5348305111596448,-0.9807325793278037,0.8225082756943618,-0.9544902923500049,-0.9818700622726926,1.5687331532392639,1.2558426923666584,-0.7709216009723612,0,0,0,1,1,0,0,0,1,0,0,0,1,0,0,0,0,0,0,0,0,0,0,0,0,0,0,0,0,0,0,0,0,0,0,1,0,0,0,0,0,0,0,1,0,0,0,0,0,1,0,0,1,0,1,0,0,1,0,0,0,0,0,0,0,1,0,0,0,0,0,1,1,0,0,0,0,0,0,0,0,1,0,0,0,0,0,0,0,0,0,1
-0.5558529796490685,-0.3226895616407341,1.412783515790431,-1.1356341297547838,-0.4794758203104481,-0.9019267788874382,-1.4313364591914517,-1.3880460333966407,2.1220169410843153,-1.2101737191482849,0.461837853772224,1.460810550676028,1.4848537797398471,0.304662217327118,-1.1813029525123715,0.2248940038856294,1.4951580588242674,1.5348305111596448,1.1813029525123604,-1.691548611509032,1.1999290279367514,1.2618804456652244,-1.993976519499563,1.2412227489450836,0.9838316637598726,0,1,0,1,0,0,0,1,0,0,0,0,0,0,0,0,0,0,0,0,0,0,0,1,0,0,0,0,0,1,0,0,0,0,0,0,0,0,0,0,0,0,0,0,0,1,0,0,0,0,0,0,0,0,0,0,0,1,0,0,1,0,0,0,0,0,0,0,0,0,1,0,0,1,0,1,0,0,0,0,0,1,0,0,0,0,0,0,0,0,0,1
0.2350689509270523,-0.21322905904889758,-1.0399656435679563,-1.375138863571823,-0.4794758203104481,-0.9019267788874382,0.9538505081700629,0.33909544324787283,-0.8238649762007128,1.2296926501022896,-1.3386995878348875,-1.5237067939469142,0.10584754194826436,1.3429733882631227,-1.347613378038538,1.3872398889037625,0.48252137827955527,-0.6515377383555188,1.3476133780385269,0.04317653208136333,-2.749839725922302,-0.5663607089508563,2.723314991626845,1.3618305499123617,-0.7709216009723612,0,1,1,0,0,0,1,0,0,0,0,0,0,0,0,0,0,0,0,0,0,1,0,0,0,0,0,0,1,0,0,0,0,0,0,0,0,0,0,0,0,0,0,0,0,0,0,1,0,1,0,1,0,0,0,0,0,1,0,0,0,0,0,1,0,0,0,1,0,0,0,0,0,1,1,0,0,0,0,0,0,0,0,1,0,0,0,0,0,0,0,0
-0.15604628946773275,-0.10376855645706107,-1.0399656435679563,-1.3667797590895856,-0.4794758203104481,1.6215628416978063,-1.5701757005751817,-0.6684037514614268,-0.8238649762007128,0.009759465477002306,-0.4384308670313317,-1.4417145592045257,-1.4514963446404254,-1.860958224910835,-1.014992526986205,-1.5400393985818273,-0.5301153022651569,-0.6515377383555188,1.014992526986194,0.027641680049210533,-0.5555237515561613,-0.5663607089508563,0.9089721027320734,-1.6187921610903493,-0.7709216009723612,0,1,0,0,1,0,1,0,0,0,0,0,0,0,0,0,0,0,0,0,0,0,0,0,0,0,0,0,0,0,0,0,1,0,0,0,0,0,0,0,0,0,0,0,0,0,0,0,0,0,1,0,0,1,0,0,1,0,0,0,1,0,0,0,0,0,0,1,0,0,0,0,1,0,0,1,0,0,0,0,0,1,0,0,0,0,0,0,0,0,1,0
0.21768605135395072,0.2246129513184485,1.412783515790431,-0.6097890914187599,0.8269978045136612,1.4456723845019643,0.9538505081700629,1.634451550731258,-0.8238649762007128,0.009759465477002306,1.3621065745757797,0.6162905328294263,0.6304920203862651,0.20295010262318286,0.6481117282754599,0.42563236723864883,0.48252137827955527,-0.6515377383555188,-0.6481117282754707,1.736475403586018,0.5416342356269089,0.5762900126841938,-0.9053707861626996,0.5190567430966094,0.39891390884912803,0,1,1,0,1,0,0,0,0,0,1,0,0,0,0,0,0,0,0,0,0,0,1,0,0,0,0,0,1,0,0,0,0,0,0,0,0,0,0,0,0,0,0,1,0,0,0,0,0,1,0,0,1,0,0,0,0,0,1,0,1,0,0,0,0,0,1,0,0,0,0,0,0,0,0,0,0,0,0,0,0,0,0,1,0,0,0,0,0,0,0,1
-0.2081949881870374,-0.3226895616407341,-1.0399656435679563,0.06578225955498253,-0.4794758203104481,-0.9019267788874382,0.9538505081700629,-0.6684037514614268,1.1400563019893057,1.2296926501022896,-0.4384308670313317,1.0713474356496826,-0.22179604537665307,0.673368633128883,-1.1813029525123715,-1.7474814549596227,-0.023796961992800816,-0.6515377383555188,1.1813029525123604,0.04317653208136333,0.840859141222292,-0.9818700622726926,0.08427078959808616,0.4445752302098105,0.9838316637598726,0,0,0,0,1,1,0,0,0,0,0,0,0,0,0,0,0,0,0,1,0,0,0,0,0,0,0,0,0,0,0,1,0,0,0,0,0,0,0,0,0,0,0,0,0,0,0,1,0,0,0,0,0,0,1,0,0,0,0,0,1,0,0,0,0,0,0,0,0,1,0,0,0,1,1,0,0,0,0,0,0,0,0,0,0,0,0,1,0,0,1,0
-0.1386633898946312,-0.6510710694162436,-0.22238259044849376,0.343517603577547,-0.4794758203104481,-0.9019267788874382,-1.4954161090608655,-0.524475295074384,1.1400563019893057,0.009759465477002306,-1.3386995878348875,1.3091249164026093,-0.10152181711813907,0.9191729103300597,-1.680234229090871,1.072166316739283,1.4951580588242674,1.5348305111596448,1.6802342290908596,-1.7381531676054902,0.840859141222292,-0.9818700622726926,0.08427078959808616,0.5254920773928787,-0.18600384606161657,0,0,1,0,1,0,1,0,0,0,0,0,0,0,0,0,0,0,0,0,1,0,0,0,0,0,0,0,1,0,0,0,0,0,0,0,0,0,0,0,0,0,0,0,0,1,0,0,0,0,0,1,0,0,1,0,0,0,0,1,1,0,0,0,0,0,0,1,0,0,0,0,0,1,1,0,0,0,0,1,0,0,0,0,0,0,0,0,0,0,1,0
0.08731430455568906,0.11515244872661197,-0.22238259044849376,1.6045950523291623,-0.4794758203104481,1.1692730946227838,-0.5947410303407712,0.7708808124090012,-0.8238649762007128,0.009759465477002306,-1.3386995878348875,0.12433712437509506,-0.700819264820045,-0.30561047089649296,-0.8486821014600384,0.2036656426405049,-0.5301153022651569,-0.6515377383555188,0.8486821014600274,0.4108346968423128,0.840859141222292,-0.9818700622726926,0.08427078959808616,-0.6877332588841444,-1.355839355883106,0,1,0,0,1,0,0,1,0,0,0,0,0,0,0,0,0,0,0,0,0,0,0,1,0,0,0,0,0,0,0,0,0,0,0,0,0,0,0,0,0,0,0,1,0,0,0,0,0,1,0,1,0,0,0,1,0,0,1,0,0,0,0,0,0,1,0,0,0,1,0,0,0,0,0,1,0,0,0,0,0,0,0,0,0,0,0,0,0,1,0,0
-0.22557788776013898,-0.10376855645706107,-1.0399656435679563,0.5111094532459288,-0.4794758203104481,-0.9019267788874382,0.9538505081700629,-0.23661838230029839,1.1400563019893057,-1.2101737191482849,1.3621065745757797,-0.45780774229586346,0.6221972460236089,0.1944740930645216,0.9807325793277929,-1.7273703758852943,1.4951580588242674,1.5348305111596448,-0.9807325793278037,0.04317653208136333,-0.9544902923500049,0.8879220276755714,0.08427078959808616,-0.09565843735119485,0.9838316637598726,0,0,1,0,0,1,0,0,0,0,0,0,0,0,0,0,0,1,0,0,0,0,0,0,0,0,0,1,0,0,0,0,0,0,0,0,0,0,0,0,0,0,0,0,0,0,0,1,0,0,0,1,0,0,1,0,0,0,1,0,1,0,0,0,0,0,0,0,0,1,0,0,0,0,0,0,0,1,0,0,0,0,0,0,0,0,0,0,0,0,1,0
-1.2946262115058846,-0.43215006423257063,-1.0399656435679563,-0.23752210994266026,3.0044538458871766,-0.9019267788874382,0.9538505081700629,-0.3805468386873412,-0.8238649762007128,-1.2101737191482849,1.3621065745757797,-1.4089176653075703,-1.418317247189801,-1.9054572750938066,-1.1813029525123715,-1.228690100320001,-0.5301153022651569,-0.6515377383555188,1.1813029525123604,0.04317653208136333,0.840859141222292,0.8879220276755714,-1.4001915740430917,-1.6728309521316254,-0.18600384606161657,0,0,0,1,1,0,0,0,1,0,0,0,0,0,0,0,0,0,1,0,0,0,0,0,0,0,0,0,0,0,0,0,0,0,0,0,0,1,0,0,0,0,0,0,0,0,0,1,0,0,1,0,0,1,1,0,0,0,0,1,0,0,0,0,0,1,1,0,0,0,0,0,0,0,0,0,0,0,0,0,0,0,0,0,1,0,0,0,0,0,1,0
-0.9904254689766074,-0.8699920745999167,1.412783515790431,-1.2503259603713608,-0.4794758203104481,0.6092953125298988,0.9538505081700629,-1.3880460333966407,-0.8238649762007128,0.009759465477002306,-1.3386995878348875,1.3009256929283703,-0.10566920429946713,0.9106969007713984,0.3154908772231269,1.5727087292559028,-1.0364336425375131,-0.6515377383555188,-0.3154908772231378,1.1332053163374176,0.840859141222292,-0.9818700622726926,0.08427078959808616,1.457653301536387,-1.355839355883106,0,1,1,0,0,0,0,0,0,0,1,0,0,0,0,0,0,1,0,0,0,0,0,0,0,0,0,0,0,0,0,0,0,1,0,0,0,0,0,0,0,0,0,1,0,0,0,0,0,1,0,1,0,0,0,1,0,0,1,0,0,0,0,1,0,0,0,1,0,0,0,0,0,1,0,1,0,0,0,0,0,0,0,0,0,0,0,0,0,0,0,1
-0.5993102285818225,-0.9794525771917532,1.412783515790431,0.3476152038139378,-0.4794758203104481,0.42981525416679467,-0.7015404467897942,0.914809268796044,1.1400563019893057,-1.2101737191482849,-0.4384308670313317,-0.30612210802244466,-0.9185570918397686,-0.7506009727262093,-0.349750824881539,-0.9497419850112598,-1.542751982809869,-0.6515377383555188,0.34975082488152803,-0.20020281642236376,0.840859141222292,-0.9818700622726926,0.08427078959808616,-0.7882006718253693,-0.18600384606161657,1,0,0,1,0,0,0,0,1,0,0,0,0,0,1,0,0,0,0,0,0,0,0,0,0,0,0,0,0,0,0,0,0,0,0,0,0,0,0,1,0,0,0,0,0,0,0,1,0,0,0,1,0,0,1,0,0,0,0,0,0,0,0,0,0,1,0,0,0,0,1,0,0,0,0,0,0,0,0,0,0,1,0,0,0,0,0,0,0,1,0,0
0.6348756411083881,0.771915464277631,1.412783515790431,-0.32303902687613556,-0.4794758203104481,-0.9019267788874382,-1.3779367509669402,-1.1001891206225551,-0.8238649762007128,1.2296926501022896,1.3621065745757797,-1.4355651415988466,-1.3561064394698799,-1.872612738053994,0.8144221538016264,1.2565178749206272,0.9888397185519114,1.5348305111596448,-0.8144221538016372,-1.65271148142865,-0.5555237515561613,1.718940734319244,-0.9053707861626996,-1.6437430862865494,0.9838316637598726,0,0,1,0,0,0,0,0,0,0,0,0,0,0,0,0,0,0,0,0,0,0,0,0,0,0,0,0,0,0,0,0,0,0,0,0,0,0,0,0,0,1,0,0,0,0,0,0,0,0,1,0,0,1,1,0,0,0,0,1,0,0,0,0,1,0,0,0,0,0,0,0,1,0,0,0,0,0,0,0,0,0,1,0,0,0,0,0,0,0,0,1
0.06123995519603672,-0.10376855645706107,-0.22238259044849376,-0.824913103829274,-0.4794758203104481,-0.9019267788874382,0.9538505081700629,0.051238530473787215,-0.8238649762007128,-1.2101737191482849,1.3621065745757797,0.18173168869476702,1.9161820465979664,1.5167315842156788,-0.017129973829206037,0.6431299631536087,-1.0364336425375131,-0.6515377383555188,0.017129973829195105,0.04317653208136333,-0.9544902923500049,0.8879220276755714,0.08427078959808616,1.7446653032235737,-0.18600384606161657,1,0,1,0,0,0,0,0,0,1,0,0,0,0,0,0,0,0,0,0,0,0,0,1,0,0,0,0,0,0,0,0,0,0,0,0,0,0,0,0,0,1,0,0,0,1,0,0,0,1,0,0,0,0,0,1,0,1,0,0,1,0,0,0,0,0,1,0,0,0,0,0,1,0,0,1,0,1,0,0,0,0,0,0,0,0,0,0,0,0,0,0
-0.4167897830642561,-0.7605315720080802,-1.0399656435679563,0.9140674604925942,-0.4794758203104481,-0.9019267788874382,0.9538505081700629,0.4830238996349156,-0.8238649762007128,0.009759465477002306,1.3621065745757797,-0.13188860919486908,1.281631807854772,0.868316852978092,0.4818013027492934,1.338824328169268,-1.0364336425375131,-0.6515377383555188,-0.48180130274930427,0.04317653208136333,-0.9544902923500049,0.8879220276755714,0.08427078959808616,0.27255330496278357,0.39891390884912803,0,0,1,0,1,0,0,0,0,1,0,0,0,0,0,0,0,0,0,1,0,0,0,0,0,0,1,0,0,0,0,0,0,0,0,0,0,0,0,0,0,0,0,0,0,0,1,0,0,1,0,0,0,0,0,0,0,0,1,0,1,0,0,0,0,0,0,0,0,1,0,0,0,1,0,1,0,0,0,1,0,0,0,0,0,0,0,0,0,0,0,0
-1.0425741676959122,-0.9794525771917532,1.412783515790431,2.339622582732934,-0.4794758203104481,-0.9019267788874382,0.3878136009902408,-0.3805468386873412,-0.8238649762007128,0.009759465477002306,1.3621065745757797,-1.4376149474674063,-1.3602538266512079,-1.8312921914555205,-1.1813029525123715,0.8874423311676731,-0.023796961992800816,-0.6515377383555188,1.1813029525123604,-0.3684970467706857,-0.9544902923500049,0.8879220276755714,0.08427078959808616,-1.6745280145454873,0.39891390884912803,1,0,0,1,1,0,0,0,0,0,0,0,0,0,0,0,0,0,1,0,0,0,0,0,0,0,0,0,0,0,0,0,0,0,0,0,0,1,0,0,0,0,0,0,1,0,0,0,0,0,1,0,0,1,0,0,1,0,0,1,0,0,0,0,1,0,0,0,0,0,0,1,0,1,1,0,1,0,0,0,0,0,0,0,0,0,0,0,0,0,1,0
-0.5906187787952717,-0.7605315720080802,-1.0399656435679563,-0.3556149487554422,-0.4794758203104481,-0.9019267788874382,0.9538505081700629,-0.8123322078484696,-0.8238649762007128,-1.2101737191482849,-1.3386995878348875,0.5260990746127988,0.5392495023970475,-0.1551613012302555,0.4818013027492934,0.15376037234494905,-0.5301153022651569,-0.6515377383555188,-0.48180130274930427,0.04317653208136333,0.840859141222292,0.8879220276755714,-1.4001915740430917,0.13206622374596416,-1.9407571107938504,1,0,0,0,0,0,0,1,0,0,0,0,0,0,0,0,0,0,0,0,0,1,0,0,0,0,0,0,0,0,0,0,0,0,0,0,0,0,0,0,0,0,1,1,0,0,0,0,0,1,0,0,1,0,0,0,0,0,0,1,0,0,0,1,0,0,0,0,0,0,0,0,0,1,0,0,0,0,0,0,0,0,0,0,0,0,0,1,0,0,1,0
0.9216934840645638,0.9908364694613041,-1.0399656435679563,1.0651050052059567,-0.4794758203104481,-0.5070706504886091,0.9538505081700629,-0.09268992591325557,2.1220169410843153,-1.2101737191482849,0.461837853772224,1.182036952551907,-0.16580631842872412,0.08852397358125581,-1.5139238035647045,0.3317806648917826,1.4951580588242674,1.5348305111596448,1.5139238035646931,0.3279821526708312,1.6387922228099792,-0.5663607089508563,-0.9053707861626996,-0.18667878046309866,0.9838316637598726,1,0,0,0,0,0,0,1,0,0,0,0,0,0,0,0,0,0,0,0,0,0,0,0,0,0,0,0,0,0,0,0,0,0,0,0,0,0,0,0,1,0,0,0,0,0,1,0,0,0,0,1,0,0,0,0,0,0,0,1,0,0,0,1,0,0,0,0,0,0,0,1,0,1,0,0,0,0,0,0,0,0,0,0,0,1,0,0,0,0,1,0
-0.7036076260204318,-0.5416105668244071,1.412783515790431,0.05656265902310335,-0.4794758203104481,-0.32400099095824286,-1.2248575873900072,0.19516698686083,1.1400563019893057,0.009759465477002306,-0.4384308670313317,-0.2651259906512504,-1.5344440882669867,0.592846542321601,-0.8486821014600384,-0.6946292226795004,-0.5301153022651569,-0.6515377383555188,0.8486821014600274,-1.124526512335455,-0.5555237515561613,-2.8516621522209564,2.723314991626845,-0.010819124060431704,0.39891390884912803,0,1,0,1,0,1,0,0,0,0,0,0,0,0,0,0,0,0,0,0,0,1,0,0,0,0,0,0,0,0,0,0,0,0,0,0,0,0,0,0,1,0,0,0,0,0,0,0,0,0,0,0,1,0,0,1,0,1,0,0,0,0,1,0,0,0,1,0,0,0,0,0,0,0,1,0,0,0,0,0,0,0,0,0,1,0,0,0,0,0,0,0
0.33936634836566165,0.5529944590939581,-1.0399656435679563,-1.8328408099766687,-0.4794758203104481,0.2898208086435734,0.9538505081700629,-1.1001891206225551,1.1400563019893057,1.2296926501022896,-0.4384308670313317,-0.47010657750722173,0.5973129229356405,-0.10324574268345528,-1.5139238035647045,0.559706227734172,-1.0364336425375131,-0.6515377383555188,1.5139238035646931,0.9027716778604845,-0.7749553489927752,1.2618804456652244,-0.3610679194942681,0.8021056164181034,0.9838316637598726,0,0,1,0,1,0,0,1,0,0,0,0,1,0,0,0,0,0,0,0,0,0,0,0,0,0,0,0,0,0,0,0,0,0,0,0,0,1,0,0,0,0,0,0,1,0,0,0,0,0,0,0,1,0,1,0,0,0,1,0,0,0,0,0,0,0,0,0,0,0,0,1,1,0,0,1,0,0,0,0,0,1,0,0,0,0,0,0,0,0,0,1
-1.4597637574503495,-0.21322905904889758,-0.22238259044849376,-0.5761068174756279,-0.4794758203104481,-0.9019267788874382,-1.1750178597137966,1.2026661815701296,1.1400563019893057,0.009759465477002306,1.3621065745757797,-0.41271201318754974,0.7134397640128264,-0.2865394493895051,0.4818013027492934,-1.5925516606092405,-0.023796961992800816,-0.6515377383555188,-0.48180130274930427,-1.5051303871231985,-0.5555237515561613,1.718940734319244,-0.9053707861626996,-0.0021911580977921645,1.5687494186706172,0,0,0,1,0,0,0,0,0,1,0,0,0,0,0,0,1,0,0,0,0,0,0,0,0,0,0,0,0,0,0,0,0,0,0,0,0,0,1,0,0,0,0,0,0,0,0,0,0,0,0,0,1,0,1,0,0,0,0,0,1,0,0,0,0,0,1,0,0,0,0,0,0,1,1,0,0,0,0,1,0,0,0,0,0,0,0,0,0,1,0,0
-0.5037042809297639,-0.8699920745999167,-0.22238259044849376,0.8246168473321847,1.6979802210630675,-0.9019267788874382,0.9538505081700629,-1.6759029461707264,1.1400563019893057,0.009759465477002306,1.3621065745757797,-0.33071977844516126,-0.3275544185005188,0.1489155416867173,0.8144221538016264,1.549990658449717,-1.0364336425375131,-0.6515377383555188,-0.8144221538016372,0.04317653208136333,-0.5555237515561613,-0.5663607089508563,0.9089721027320734,-0.3181760997562218,1.5687494186706172,0,1,0,0,0,1,0,0,0,0,0,1,0,0,0,0,0,0,0,0,0,0,0,0,0,0,0,1,0,0,0,0,0,0,0,0,0,0,0,0,0,0,0,0,0,1,0,0,0,0,0,1,0,0,0,0,0,0,0,0,0,0,0,0,1,0,0,0,0,0,1,0,0,0,1,0,0,0,0,0,0,0,0,0,0,0,0,1,0,0,0,1
-0.43417268263735764,-0.5416105668244071,-0.22238259044849376,-0.8811731550749189,-0.4794758203104481,1.004151440928728,-0.6089809525339742,0.914809268796044,2.1220169410843153,1.2296926501022896,1.3621065745757797,1.2476307403458178,1.2691896463107877,0.4974914347866618,-0.017129973829206037,0.3176284240616996,-1.542751982809869,-0.6515377383555188,0.017129973829195105,0.28137759657437283,0.840859141222292,0.8879220276755714,-1.4001915740430917,1.1220477168947678,2.7385849284921067,0,1,0,0,0,0,0,1,0,0,0,0,0,0,0,0,0,0,1,0,0,0,0,0,0,0,0,0,0,1,0,0,0,0,0,0,0,0,0,0,0,0,0,0,0,0,0,0,0,0,0,0,1,0,0,1,0,0,1,0,0,0,0,0,0,1,0,1,0,0,0,0,1,0,0,1,0,0,0,0,0,0,0,0,0,0,0,1,0,1,0,0
0.00039980669018126864,0.11515244872661197,-0.22238259044849376,1.7923880711629498,2.5689626376124735,0.6774977347078784,0.21337455412350315,-0.8123322078484696,-0.8238649762007128,0.009759465477002306,-1.3386995878348875,-0.4291104601360275,-0.42709171085239245,0.25380615997515044,-0.349750824881539,1.3306309255834303,0.48252137827955527,-0.6515377383555188,0.34975082488152803,0.6438574773246046,-0.7749553489927752,-0.7948908532778661,1.2718406805110285,-0.4971629387383228,-1.355839355883106,0,1,1,0,1,0,1,0,0,0,0,0,0,0,0,0,0,0,0,0,1,0,0,0,0,0,0,0,0,0,0,0,0,0,0,0,0,1,0,0,0,0,0,0,1,0,0,0,0,1,0,0,0,0,1,0,0,0,0,1,1,0,0,0,0,0,0,0,0,1,0,0,1,0,1,0,0,0,0,0,0,1,0,0,0,0,0,0,0,0,1,0
2.208028052474079,2.1949019979715056,-0.22238259044849376,1.7590336052387296,-0.4794758203104481,0.2252079876328559,0.9538505081700629,1.634451550731258,-0.8238649762007128,1.2296926501022896,0.461837853772224,1.4198144333048337,1.4433799079265666,0.2728771814821383,-1.680234229090871,-0.9549559684749747,-1.0364336425375131,-0.6515377383555188,1.6802342290908596,0.8561671217640262,1.1999290279367514,1.2618804456652244,-1.993976519499563,-0.047798412302103285,0.39891390884912803,1,0,0,0,0,0,1,0,0,0,0,0,0,0,0,0,0,0,0,0,1,0,0,0,0,0,0,0,0,0,0,0,0,1,0,0,0,0,0,0,0,0,0,0,0,0,0,1,0,1,0,0,0,0,0,1,0,0,0,1,0,0,0,0,1,0,0,1,0,0,0,0,1,0,0,1,0,0,0,0,0,0,1,0,0,0,0,0,0,0,0,1
-0.4950128311432131,-0.8699920745999167,-1.0399656435679563,-0.8256096958694598,2.1334714293377703,0.961076226921583,0.9538505081700629,-1.1001891206225551,-0.8238649762007128,-1.2101737191482849,-1.3386995878348875,0.224777611934521,-1.5344440882669867,1.1538524249854933,1.3133534303801258,0.6740414365456321,0.48252137827955527,-0.6515377383555188,-1.3133534303801366,1.3869412328625799,-0.28123425476039365,-2.8516621522209564,2.496522130514999,0.8492351228656264,-1.9407571107938504,1,0,1,0,0,0,0,0,0,0,1,0,0,0,0,0,0,0,0,1,0,0,0,0,0,0,0,0,0,0,0,1,0,0,0,0,0,0,0,0,0,0,0,0,0,1,0,0,0,1,0,0,0,0,0,0,0,0,1,0,1,0,0,0,0,0,0,0,0,1,0,0,1,0,1,0,0,0,0,0,0,0,0,0,0,0,0,1,0,0,0,1
0.6522585406814897,0.6624549616857945,1.412783515790431,0.31782565009537717,2.1334714293377703,1.2913195343096946,-0.13906352015827286,1.3465946379571725,1.1400563019893057,0.009759465477002306,-1.3386995878348875,0.7515777201543673,0.7673557973700913,0.048792678775031136,0.9807325793277929,1.3578181250728003,-1.542751982809869,-0.6515377383555188,-0.9807325793278037,0.8302757017104382,0.840859141222292,0.8879220276755714,-1.4001915740430917,0.08098235877805789,-0.18600384606161657,1,0,1,0,0,0,0,0,1,0,0,0,0,0,0,0,0,1,0,0,0,0,0,0,0,0,1,0,0,0,0,0,0,0,0,0,0,0,0,0,0,0,0,0,0,0,1,0,0,0,0,1,0,0,0,0,0,0,1,0,0,0,0,1,0,0,0,0,0,0,0,0,1,0,1,0,0,0,0,1,0,0,0,0,0,0,0,0,0,0,0,1
0.9043105844914623,0.8813759668694676,-0.22238259044849376,-0.9948815616347616,2.1334714293377703,0.7385209545513338,-0.5199814388264551,-0.6684037514614268,-0.8238649762007128,0.009759465477002306,-0.4384308670313317,-1.3474234892507788,-1.3561064394698799,-1.8042749109872875,-0.5160612504077055,-1.5884549593163217,0.9888397185519114,1.5348305111596448,0.5160612504076945,0.15450963831179168,0.28844393089235454,0.3126013846145672,-0.4866762733408288,-1.5532618362551944,-0.7709216009723612,0,1,0,0,0,0,0,0,0,0,0,0,1,0,0,0,0,0,0,0,0,0,0,0,0,0,0,0,0,0,0,0,0,0,0,1,0,0,0,0,0,0,0,0,0,1,0,0,1,0,0,0,0,1,1,0,0,0,0,0,1,0,0,0,0,0,0,0,0,0,0,1,1,0,0,1,0,0,0,0,0,0,0,0,0,0,1,0,0,0,1,0
0.6957157896142435,0.9908364694613041,-1.0399656435679563,-1.2215198307095338,-0.4794758203104481,0.8174921802310997,0.9538505081700629,1.0587377251830867,1.1400563019893057,-1.2101737191482849,-1.3386995878348875,0.2227278060659613,0.23234285097877047,-0.4295721106919139,-1.1813029525123715,-0.8555178552741283,-0.023796961992800816,-0.6515377383555188,1.1813029525123604,1.283375552648228,0.840859141222292,0.8879220276755714,-1.4001915740430917,0.2082053393159851,-0.7709216009723612,0,0,0,1,0,0,0,0,0,0,1,0,0,0,0,0,1,0,0,0,0,0,0,0,0,0,0,0,0,0,0,1,0,0,0,0,0,0,0,0,0,0,0,0,0,0,0,0,0,0,0,0,1,0,0,0,0,1,0,0,1,0,0,0,0,0,1,0,0,0,0,0,1,0,1,0,0,0,0,0,0,0,0,0,0,0,0,0,1,1,0,0
-0.8339793728186935,-0.8699920745999167,1.412783515790431,-0.5915547703668209,2.1334714293377703,0.9933826374269418,-0.9792189295572541,-0.9562606642355124,-0.8238649762007128,0.009759465477002306,1.3621065745757797,-1.3638219361992567,-1.3726959881951921,-1.8646664790927492,-1.1813029525123715,0.006651553190138889,-1.0364336425375131,-0.6515377383555188,1.1813029525123604,0.004339402000981344,0.840859141222292,0.8879220276755714,-1.4001915740430917,-1.6205455053038547,0.39891390884912803,1,0,1,0,0,0,0,0,0,0,1,0,0,0,0,0,0,1,0,0,0,0,0,0,0,0,0,0,0,0,0,0,0,0,0,0,0,0,0,0,0,0,0,0,0,1,0,0,1,0,0,0,0,1,1,0,0,0,0,0,0,0,0,1,0,0,0,0,0,0,0,0,0,0,0,0,0,0,0,0,0,0,0,0,0,0,0,0,1,0,1,0
1.8864444103717002,1.9759809927878327,1.412783515790431,-0.2054788760940849,-0.4794758203104481,1.607204437028758,0.9538505081700629,1.4905230943442151,1.1400563019893057,-1.2101737191482849,-1.3386995878348875,1.6944884196918353,0.09340538040428016,0.9016911406153209,1.6459742814324587,-0.019418364128435065,0.9888397185519114,1.5348305111596448,-1.6459742814324694,1.852986793827164,1.1999290279367514,-0.7948908532778661,-0.3610679194942681,0.8650620863883036,-0.7709216009723612,1,0,1,0,0,0,0,0,0,0,0,1,0,0,0,0,0,0,0,0,0,0,0,0,0,0,1,0,0,0,0,0,0,0,0,0,0,0,0,0,0,0,0,0,0,1,0,0,0,0,0,0,0,0,1,0,0,0,0,1,0,0,0,0,0,0,0,0,0,0,0,0,0,1,0,0,1,0,0,0,0,0,0,0,0,0,0,0,0,0,0,1
0.5392696934563296,0.334073453910285,-0.22238259044849376,-2.0190357647182644,-0.4794758203104481,-0.4424578294778916,-0.8154598243354187,0.051238530473787215,-0.8238649762007128,0.009759465477002306,1.3621065745757797,0.08949042460957994,0.09755276758560823,0.9091076489791494,-0.017129973829206037,0.4870828866324303,-0.5301153022651569,-0.6515377383555188,0.017129973829195105,-0.9122168678960335,-0.5555237515561613,-0.5663607089508563,0.9089721027320734,1.988602756118028,0.39891390884912803,0,0,0,1,1,0,0,0,0,0,0,0,0,0,0,0,0,0,0,1,0,0,0,0,0,0,0,0,0,0,0,0,0,0,0,1,0,0,0,0,0,0,0,0,0,1,0,0,0,1,0,0,1,0,0,1,0,0,0,1,0,0,0,1,0,0,0,0,0,1,0,0,0,1,0,1,0,0,0,0,0,0,1,0,0,0,0,0,0,0,0,0
1.8082213622927432,1.8665204901959962,-1.0399656435679563,-0.8762560347912499,-0.4794758203104481,-0.9019267788874382,-1.3992966342567448,1.0587377251830867,1.1400563019893057,-1.2101737191482849,0.461837853772224,1.575599679315372,0.03326826627502316,0.3936603176930613,-1.347613378038538,-0.07379276310717502,-1.0364336425375131,-0.6515377383555188,1.3476133780385269,-1.6682463334608029,1.6387922228099792,-0.5663607089508563,-0.9053707861626996,0.8725835475449932,0.39891390884912803,0,0,1,0,1,0,1,0,0,0,0,0,0,0,0,1,0,0,0,0,0,0,0,0,0,0,0,0,0,0,0,0,0,0,0,0,0,0,0,0,0,0,1,0,0,1,0,0,0,0,0,0,0,0,0,1,0,0,0,1,0,0,0,1,0,0,0,0,0,0,0,1,0,0,0,0,0,0,0,0,0,0,0,0,0,0,1,0,0,1,0,0
-1.5032210063831035,-0.7605315720080802,1.412783515790431,0.028985809432193567,1.2624890127883643,0.7780065673912168,-2.1540125104965075,-0.23661838230029839,-0.8238649762007128,1.2296926501022896,-1.3386995878348875,-0.43730968361026634,0.6636711178368896,0.5176219574884823,-1.347613378038538,0.3325255196723133,0.9888397185519114,1.5348305111596448,1.3476133780385269,-1.0054259800889502,-1.1041027451476964,0.5762900126841938,0.45538638050838015,0.2665934000507329,-0.7709216009723612,0,0,0,0,0,0,0,1,0,0,0,0,0,0,0,0,0,1,0,0,0,0,0,0,0,0,0,0,0,0,0,0,0,1,0,0,0,0,0,0,0,0,0,0,0,0,0,1,0,1,0,0,1,0,0,0,0,1,0,0,0,0,0,0,0,1,0,1,0,0,0,0,1,0,1,0,1,0,0,0,0,0,0,0,0,0,0,0,0,0,1,0
2.2688682009799344,2.632744008338852,-1.0399656435679563,-1.0220076751996683,2.1334714293377703,-0.9019267788874382,0.9538505081700629,-0.6684037514614268,-0.8238649762007128,-1.2101737191482849,1.3621065745757797,-0.5316007535640132,-0.5307763903855942,-0.21449336814088438,1.6459742814324587,-1.3478668652049106,-0.023796961992800816,-0.6515377383555188,-1.6459742814324694,0.04317653208136333,-0.5555237515561613,-0.5663607089508563,0.9089721027320734,-0.020847246252673035,-0.18600384606161657,0,0,1,0,0,0,0,0,0,1,0,0,0,0,0,0,0,0,0,0,0,1,0,0,0,1,0,0,0,0,0,0,0,0,0,0,0,0,0,0,0,0,0,0,0,1,0,0,0,1,0,0,1,0,1,0,0,0,1,0,0,0,0,0,0,1,1,0,0,0,0,0,0,0,1,0,0,0,0,0,0,0,0,0,0,0,1,0,0,0,1,0
-0.6775332766607794,-0.8699920745999167,-0.22238259044849376,0.2944283527455858,-0.4794758203104481,0.616474514864423,-0.6766205829516888,0.7708808124090012,-0.8238649762007128,0.009759465477002306,-0.4384308670313317,1.2476307403458178,-0.1326272209780996,0.1393800309332234,0.9807325793277929,0.7343746737686175,0.48252137827955527,-0.6515377383555188,-0.9807325793278037,-0.047443438106194634,1.6387922228099792,-0.5663607089508563,-0.9053707861626996,0.08255114083395419,-0.7709216009723612,0,1,1,0,1,0,0,0,0,1,0,0,0,0,0,0,0,0,0,0,0,1,0,0,0,0,0,0,0,0,0,1,0,0,0,0,0,0,0,0,0,0,0,1,0,0,0,0,0,1,0,0,0,0,0,1,0,0,0,1,0,0,0,0,0,1,0,1,0,0,0,0,0,0,0,0,0,0,0,0,0,0,0,0,0,0,1,0,0,1,0,0
1.7647641133599894,1.7570599876041597,-0.22238259044849376,-0.025922033735442773,1.6979802210630675,-0.9019267788874382,-1.1002582681994801,-1.6759029461707264,1.1400563019893057,1.2296926501022896,1.3621065745757797,0.8048726727369198,0.8212718307273562,0.39789832247239193,0.8144221538016264,0.8077428696508899,1.4951580588242674,1.5348305111596448,-0.8144221538016372,-1.4507584050106637,0.5416342356269089,0.5762900126841938,-0.9053707861626996,0.43660648469180485,2.1536671735813617,0,1,0,0,0,0,0,0,0,0,1,0,0,0,0,0,0,0,0,0,0,0,1,0,0,0,1,0,0,0,0,0,0,0,0,0,0,0,0,0,0,0,0,0,0,0,0,1,0,0,0,0,1,0,0,1,0,0,0,1,0,0,0,0,0,1,0,0,0,0,0,0,1,0,0,1,0,0,0,0,1,0,0,0,0,0,0,0,0,0,0,1
-0.8948195213245489,-1.3078340849672627,-1.0399656435679563,-1.1215383849415994,2.1334714293377703,0.2036703806292834,-0.6018609914373727,-0.3805468386873412,-0.8238649762007128,0.009759465477002306,-1.3386995878348875,-1.3310250423023011,-1.4369804895057772,-1.8101021675588673,-0.6823716759338719,0.5664099207589482,-1.0364336425375131,-0.6515377383555188,0.6823716759338609,-0.2908227866099217,0.840859141222292,-0.9818700622726926,0.08427078959808616,-1.5635716484970816,-1.355839355883106,0,0,0,1,0,1,0,0,0,0,0,0,0,0,0,0,0,0,0,0,0,0,0,1,0,0,0,0,0,0,0,0,0,0,0,0,0,0,0,0,0,1,0,0,0,0,1,0,1,0,0,0,0,1,1,0,0,0,0,0,0,0,0,1,0,0,0,0,0,0,0,0,0,0,0,0,0,0,0,0,0,0,0,0,0,0,0,1,0,0,1,0
-0.14735483968118196,-0.21322905904889758,-0.22238259044849376,0.63780725255513,1.6979802210630675,1.2554235226370738,0.9538505081700629,1.3465946379571725,-0.8238649762007128,-1.2101737191482849,1.3621065745757797,-0.3409688077879598,-0.337922886453839,0.4360403654863676,-0.8486821014600384,-1.569088735022524,0.48252137827955527,-0.6515377383555188,0.8486821014600274,1.5992508773020013,-0.7749553489927752,-0.7948908532778661,1.2718406805110285,-0.11810206825487608,-0.18600384606161657,1,0,0,1,0,0,0,0,0,1,0,0,0,0,0,0,0,0,0,0,1,0,0,0,0,0,0,0,0,0,0,0,0,0,0,0,0,0,1,0,0,0,0,1,0,0,0,0,0,1,0,0,1,0,0,1,0,0,0,0,0,0,0,0,0,0,0,0,0,0,1,0,1,0,1,0,0,0,0,0,0,0,0,0,1,0,0,0,0,0,0,1
0.4175893964446186,0.771915464277631,1.412783515790431,-0.7773399650847769,-0.4794758203104481,-0.9019267788874382,0.9538505081700629,1.4905230943442151,1.1400563019893057,-1.2101737191482849,0.461837853772224,1.5346035619441776,1.5595067490037524,1.1522631731932444,1.4796638559062922,0.7060701921084516,0.48252137827955527,-0.6515377383555188,-1.4796638559063031,0.04317653208136333,0.5416342356269089,0.5762900126841938,-0.9053707861626996,1.630207768751695,0.39891390884912803,1,0,0,1,0,0,0,1,0,0,0,0,0,0,0,1,0,0,0,0,0,0,0,0,0,0,0,0,0,0,0,0,0,0,0,0,0,0,0,0,1,0,0,0,0,1,0,0,0,0,0,0,0,0,0,1,0,0,1,0,0,0,0,0,1,0,0,0,1,0,0,0,0,0,0,0,1,0,0,0,0,0,0,0,0,0,0,0,0,0,0,1
0.21768605135395072,0.4435339565021215,1.412783515790431,1.3486589415641963,-0.4794758203104481,0.6272433183662093,-0.6267808552754781,-1.244117577009598,-0.8238649762007128,0.009759465477002306,-1.3386995878348875,-1.4376149474674063,-1.3602538266512079,-1.8312921914555205,1.1470430048539593,0.6416402535925473,-0.023796961992800816,-0.6515377383555188,-1.1470430048539701,-0.003428024015095052,-0.9544902923500049,0.8879220276755714,0.08427078959808616,-1.6588710525971944,-1.355839355883106,1,0,1,0,1,0,1,0,0,0,0,0,0,0,0,0,0,0,0,0,1,0,0,0,0,0,0,0,0,0,0,0,0,0,0,0,0,0,1,0,0,0,0,1,0,0,0,0,0,0,1,0,0,1,1,0,0,0,0,0,0,0,0,0,0,1,0,1,0,0,0,0,0,0,0,1,0,0,0,0,0,0,0,0,0,0,0,0,1,0,0,1
0.36544069772531396,0.005691946134775455,-0.22238259044849376,0.6542796055054207,-0.4794758203104481,-0.9019267788874382,-0.3491023725080182,0.6269523560219584,-0.8238649762007128,-1.2101737191482849,1.3621065745757797,-0.4947042479299383,-0.49344990575364156,-0.14774479286642692,-0.1834403993553725,-0.7072917539485221,-1.0364336425375131,-0.6515377383555188,0.18344039935536155,-0.9044494418799571,-0.5555237515561613,-0.5663607089508563,0.9089721027320734,-0.481783411095024,-0.18600384606161657,1,0,1,0,0,0,0,1,0,0,0,0,1,0,0,0,0,0,0,0,0,0,0,0,0,0,0,0,0,0,0,0,0,0,0,0,0,0,0,0,0,0,1,0,1,0,0,0,0,1,0,1,0,0,1,0,0,0,0,0,0,0,0,0,0,1,0,0,0,1,0,0,0,1,1,0,0,0,0,0,0,1,0,0,0,0,0,0,0,0,0,0
-0.12128049032152963,-0.10376855645706107,-1.0399656435679563,-0.0425173146928251,-0.4794758203104481,1.3200363436477913,-0.8261397659803211,0.33909544324787283,-0.8238649762007128,-1.2101737191482849,-1.3386995878348875,0.3252180994939469,-0.5992082788775073,-0.33686575614405634,1.3133534303801258,-0.7639007172688541,-0.5301153022651569,-0.6515377383555188,-1.3133534303801366,0.3512844307190604,1.1999290279367514,-0.7948908532778661,-0.3610679194942681,-0.3076033143128837,-1.9407571107938504,0,1,1,0,1,0,0,1,0,0,0,0,1,0,0,0,0,0,0,0,0,0,0,0,0,0,0,0,0,0,0,0,0,0,0,1,0,0,0,0,0,0,0,0,0,0,1,0,0,1,0,0,1,0,0,1,0,0,1,0,1,0,0,0,0,0,0,0,0,0,1,0,0,1,0,0,0,0,0,0,0,0,0,0,1,0,0,0,0,0,0,0
-0.9469682200438536,-0.7605315720080802,1.412783515790431,0.4107182474543556,-0.4794758203104481,1.5318228125162543,-0.7763000383041103,1.3465946379571725,1.1400563019893057,-1.2101737191482849,1.3621065745757797,1.575599679315372,1.6009806208170332,0.794151769339806,-0.349750824881539,0.7071874742792476,-1.542751982809869,-0.6515377383555188,0.34975082488152803,0.5402917971102527,0.840859141222292,0.8879220276755714,-1.4001915740430917,0.7116415834351839,0.9838316637598726,1,0,0,1,1,0,0,0,0,1,0,0,0,0,0,0,1,0,0,0,0,0,0,0,0,0,0,0,0,0,0,0,1,0,0,0,0,0,0,0,0,0,0,1,0,0,0,0,0,0,0,0,1,0,0,1,0,0,0,1,0,0,0,1,0,0,0,0,0,0,0,1,0,1,0,1,0,0,0,0,0,0,0,0,0,0,0,1,0,0,0,1
0.009091256476732047,0.334073453910285,1.412783515790431,0.5379897107966519,1.2624890127883643,-0.9019267788874382,0.9538505081700629,1.0587377251830867,-0.8238649762007128,1.2296926501022896,-0.4384308670313317,1.6862891962175963,1.712960074712891,0.8942746322514922,-1.680234229090871,-0.8186475436378594,1.4951580588242674,1.5348305111596448,1.6802342290908596,0.04317653208136333,0.840859141222292,0.8879220276755714,-1.4001915740430917,0.7428328484388297,-0.18600384606161657,0,0,0,0,0,0,1,0,0,0,0,0,0,0,0,0,0,0,1,0,0,0,0,0,0,0,0,0,0,0,0,0,0,0,0,0,0,0,0,1,0,0,0,0,1,0,0,0,0,1,0,1,0,0,1,0,0,0,0,1,0,0,0,0,0,1,1,0,0,0,0,0,0,0,0,0,0,0,1,0,0,0,0,0,0,0,0,0,0,1,0,0
-1.4163065085175957,-1.5267550901509357,-0.22238259044849376,-1.033685835873382,-0.4794758203104481,0.36879203432333924,0.9538505081700629,0.19516698686083,1.1400563019893057,0.009759465477002306,1.3621065745757797,0.4441068398704103,-0.5390711647482503,-0.2293263848685416,-1.680234229090871,-0.18887282669916575,1.4951580588242674,1.5348305111596448,1.6802342290908596,0.9597328019783781,1.1999290279367514,-0.7948908532778661,-0.3610679194942681,0.16366564346356913,1.5687494186706172,0,1,0,0,1,0,0,0,0,1,0,0,0,0,0,0,0,0,1,0,0,0,0,0,0,0,0,0,0,0,0,0,0,0,0,0,0,0,0,0,1,0,0,0,0,0,0,1,0,0,0,0,0,0,0,0,0,1,0,0,0,0,0,0,0,0,0,1,0,0,0,0,0,0,0,0,0,0,0,1,0,0,0,0,0,0,0,0,0,0,0,0
-0.5819273290087209,-0.43215006423257063,-1.0399656435679563,-0.611919843541683,-0.4794758203104481,-0.9019267788874382,-0.658820680210185,1.3465946379571725,-0.8238649762007128,-1.2101737191482849,-1.3386995878348875,-1.4007184418333314,-1.4100224728271447,-1.898040766729978,0.4818013027492934,1.466194495640015,-0.5301153022651569,-0.6515377383555188,-0.48180130274930427,-1.1297047963461726,0.840859141222292,0.8879220276755714,-1.4001915740430917,-1.6561504370387077,-1.9407571107938504,0,1,0,1,0,0,1,0,0,0,0,0,0,0,0,0,0,0,0,0,1,0,0,0,0,0,0,0,0,0,0,0,0,0,0,1,0,0,0,0,0,0,0,0,0,0,0,0,0,0,1,0,0,1,1,0,0,0,0,1,0,0,0,0,1,0,0,1,0,0,0,0,0,0,0,1,0,0,0,0,0,0,0,0,0,1,0,0,0,0,0,1
-0.08651469117532652,-0.5416105668244071,-1.0399656435679563,0.7111542967865246,-0.4794758203104481,1.5318228125162543,0.9538505081700629,-0.09268992591325557,1.1400563019893057,0.009759465477002306,0.461837853772224,0.8212711196853975,-0.34829135440715914,0.11183299986757428,-0.017129973829206037,1.4419867152727677,-1.542751982809869,-0.6515377383555188,0.017129973829195105,1.7986148117146292,1.1999290279367514,-0.7948908532778661,-0.3610679194942681,-0.15306686709252157,0.9838316637598726,0,0,0,0,0,0,0,1,0,0,0,0,0,0,0,0,0,0,0,0,1,0,0,0,0,1,0,0,0,0,0,0,0,0,0,0,0,0,0,0,0,0,0,0,0,0,0,0,0,0,0,1,0,0,1,0,0,0,0,0,1,0,0,0,0,0,0,0,1,0,0,0,0,0,0,1,0,0,0,0,0,0,0,0,0,0,0,1,0,0,1,0
-0.6601503770876779,-0.43215006423257063,-0.22238259044849376,-0.7433708591250978,-0.4794758203104481,-0.9019267788874382,-0.7834199994007118,0.6269523560219584,-0.8238649762007128,1.2296926501022896,-1.3386995878348875,-1.240833584085674,-1.3913592305111684,-1.7168660624135934,1.1470430048539593,0.10534481161045457,0.48252137827955527,-0.6515377383555188,-1.1470430048539701,-1.2203247665337307,0.840859141222292,-0.9818700622726926,0.08427078959808616,-1.490508399207911,-0.7709216009723612,1,0,1,0,0,0,0,0,0,0,0,0,0,0,0,0,0,0,0,0,0,0,0,0,0,0,1,0,0,0,0,0,0,0,0,0,0,0,0,0,0,0,0,0,0,0,0,0,0,0,1,0,0,1,0,0,1,0,0,1,0,0,0,0,1,0,1,0,0,0,0,0,1,0,1,0,0,0,0,0,0,0,0,0,0,0,0,0,0,0,0,0
-0.4689384817835608,-0.21322905904889758,-0.22238259044849376,-1.0219666991973044,-0.4794758203104481,0.18931197596023508,-2.228772102010824,-0.3805468386873412,-0.8238649762007128,-1.2101737191482849,0.461837853772224,1.0016540361186523,1.0203464154311035,0.9276489198887209,1.3133534303801258,-1.6469260595879804,-1.0364336425375131,-0.6515377383555188,-1.3133534303801366,-1.484417251080328,0.28844393089235454,0.3126013846145672,-0.4866762733408288,1.4515995477102634,-0.7709216009723612,0,1,0,1,0,0,0,0,0,0,1,0,0,0,0,0,0,0,0,0,0,0,0,1,0,1,0,0,0,0,0,0,0,0,0,0,0,0,0,0,0,0,0,0,0,0,1,0,0,1,0,1,0,0,0,1,0,0,0,1,0,0,0,0,1,0,0,0,0,0,0,0,0,0,1,0,0,0,1,0,0,0,0,0,0,0,0,0,0,0,1,0
-0.8687451719648965,-0.9794525771917532,-1.0399656435679563,-0.8340917283587893,-0.4794758203104481,-0.9019267788874382,-1.5416958561887757,-0.524475295074384,-0.8238649762007128,-1.2101737191482849,-1.3386995878348875,-1.3269254305651819,-1.4349067959151132,-1.8312921914555205,0.14918045169696045,-1.150107920974014,-1.542751982809869,-0.6515377383555188,-0.14918045169697136,-1.7718120136751545,1.1999290279367514,-0.7948908532778661,-0.3610679194942681,-1.592072431738203,-1.9407571107938504,0,1,0,0,0,0,0,0,1,0,0,0,0,0,0,0,0,0,0,0,1,0,0,0,0,0,0,0,0,0,0,0,0,0,0,0,0,0,0,1,0,0,0,0,1,0,0,0,0,0,1,0,0,1,1,0,0,0,0,1,0,0,0,0,0,1,0,0,0,0,1,0,0,0,0,1,0,1,0,0,0,0,0,0,0,0,0,0,0,0,1,0
-0.3559496345584007,-0.21322905904889758,-0.22238259044849376,-0.22977764549588228,1.2624890127883643,-0.9019267788874382,-0.34198241141141666,-0.6684037514614268,-0.8238649762007128,1.2296926501022896,-0.4384308670313317,-1.4437643650730854,-1.3726959881951921,-1.8646664790927492,0.4818013027492934,-1.0577459281882091,0.48252137827955527,-0.6515377383555188,-0.48180130274930427,-0.8992711578692395,-0.7749553489927752,1.2618804456652244,-0.3610679194942681,-1.6452584339418697,-0.18600384606161657,1,0,0,1,0,0,1,0,0,0,0,0,1,0,0,0,0,0,0,0,0,0,0,0,0,0,0,0,0,1,0,0,0,0,0,0,0,0,0,0,0,0,0,0,0,1,0,0,0,0,1,0,0,1,1,0,0,0,0,1,0,0,0,0,0,1,0,0,0,0,0,1,1,0,0,1,0,0,0,0,0,0,0,0,0,0,0,0,1,0,1,0
-1.0773399668421153,-1.4172945875590992,-0.22238259044849376,0.35482698022998543,-0.4794758203104481,1.4169555751638676,0.9538505081700629,0.051238530473787215,-0.8238649762007128,-1.2101737191482849,-1.3386995878348875,0.32931771123106635,0.34017491769330027,1.8218679283274843,-1.680234229090871,0.09268228034143293,0.9888397185519114,1.5348305111596448,1.6802342290908596,1.7157622675431476,-0.7749553489927752,-0.7948908532778661,1.2718406805110285,0.9557989060965968,-1.9407571107938504,0,0,0,0,1,0,0,0,0,1,0,0,0,0,0,1,0,0,0,0,0,0,0,0,0,0,0,1,0,0,0,0,0,0,0,0,0,0,0,0,0,0,0,0,1,0,0,0,0,1,0,0,0,0,1,0,0,0,1,0,0,0,0,1,0,0,0,0,0,0,0,0,1,0,0,0,0,1,0,0,0,0,0,0,0,0,0,0,0,0,0,0
-1.207711713640377,-1.0889130797835898,1.412783515790431,0.7588503635381124,1.6979802210630675,-0.9019267788874382,0.9538505081700629,1.3465946379571725,1.1400563019893057,-1.2101737191482849,-1.3386995878348875,-0.23437890262285474,1.0742624487883683,0.32320348823668954,-1.1813029525123715,-0.3259261063168117,-1.542751982809869,-0.6515377383555188,1.1813029525123604,0.04317653208136333,-0.7749553489927752,1.2618804456652244,-0.3610679194942681,-0.005644116579601414,-0.7709216009723612,0,1,1,0,0,0,0,0,1,0,0,0,0,0,0,0,0,0,0,0,0,1,0,0,0,0,0,0,0,0,0,0,0,0,1,0,0,0,0,0,0,0,0,0,0,1,0,0,0,0,0,1,0,0,1,0,0,0,1,0,0,0,0,0,0,0,1,0,0,0,0,0,0,1,1,0,0,0,0,0,0,0,1,0,0,0,0,0,0,0,0,1
-0.2168864379735882,-0.7605315720080802,-0.22238259044849376,0.7253319936044368,2.1334714293377703,1.0292786490995625,0.9538505081700629,-1.1001891206225551,-0.8238649762007128,0.009759465477002306,0.461837853772224,-0.41271201318754974,0.7134397640128264,0.0005853744101451977,1.4796638559062922,1.0181643451508082,-0.023796961992800816,-0.6515377383555188,-1.4796638559063031,1.4361349309643971,-0.7749553489927752,1.2618804456652244,-0.3610679194942681,-0.24196217279672358,-0.18600384606161657,0,1,0,0,0,0,0,0,0,0,0,0,0,0,0,0,0,0,0,0,1,0,0,0,0,0,0,0,0,0,0,0,0,0,0,0,0,0,0,0,0,0,0,0,0,1,0,0,0,1,0,1,0,0,0,0,0,0,0,1,0,0,0,0,0,0,0,0,0,0,0,0,0,1,0,0,0,0,0,0,0,0,0,0,1,0,0,0,0,0,0,1
1.460563370830712,1.209757474644977,1.412783515790431,0.4596026182744965,-0.4794758203104481,-0.9019267788874382,0.9538505081700629,0.914809268796044,1.1400563019893057,1.2296926501022896,0.461837853772224,-0.4619073540329829,0.6139024716609528,-0.08841272595579808,-0.349750824881539,-0.35646515231856973,0.9888397185519114,1.5348305111596448,0.34975082488152803,0.04317653208136333,-0.7749553489927752,1.2618804456652244,-0.3610679194942681,-0.24041690910416483,1.5687494186706172,0,1,0,1,0,0,0,0,1,0,0,0,0,0,0,0,0,0,0,0,0,0,1,0,0,0,0,0,0,0,0,0,0,0,0,0,1,0,0,0,0,0,0,0,1,0,0,0,0,0,0,0,1,0,0,0,0,0,0,1,1,0,0,0,0,0,0,0,1,0,0,0,0,0,0,1,0,0,0,0,0,0,0,0,0,0,0,0,0,1,0,0
1.6865410652810322,1.7570599876041597,-1.0399656435679563,-1.6153401894290478,-0.4794758203104481,1.5892564311924475,0.9538505081700629,-0.6684037514614268,-0.8238649762007128,1.2296926501022896,1.3621065745757797,-1.4007184418333314,-1.2856008573873028,-1.755008105427569,1.1470430048539593,1.6017580656965995,-1.542751982809869,-0.6515377383555188,-1.1470430048539701,1.84004108380037,-0.9544902923500049,0.8879220276755714,0.08427078959808616,-1.466375016255082,0.9838316637598726,0,1,1,0,1,0,1,0,0,0,0,0,0,0,0,0,0,0,0,0,0,0,0,0,0,0,0,0,0,0,0,0,0,0,0,1,0,0,0,0,0,0,0,0,0,0,1,0,0,0,1,0,0,1,0,0,1,0,0,1,0,0,0,1,0,0,0,0,1,0,0,0,1,0,1,0,0,0,0,0,0,0,0,0,0,0,0,0,0,0,1,0
0.07862285476913827,-0.43215006423257063,-1.0399656435679563,-1.5773554352377057,-0.4794758203104481,1.1979899039608806,-1.812254377859634,0.19516698686083,-0.8238649762007128,1.2296926501022896,-1.3386995878348875,1.239431516871579,-0.13677460815942766,0.8471268290814389,0.3154908772231269,1.5458939571567982,-0.023796961992800816,-0.6515377383555188,-0.3154908772231378,-0.4539387329475261,0.840859141222292,-0.9818700622726926,0.08427078959808616,1.677031304778413,-0.7709216009723612,0,1,1,0,1,0,0,0,1,0,0,0,0,0,0,0,0,0,0,0,0,0,1,0,0,0,0,0,0,0,0,0,0,0,0,1,0,0,0,0,0,0,0,0,0,0,0,0,0,1,0,0,1,0,0,1,0,1,0,0,0,0,0,1,0,0,0,0,0,1,0,0,0,1,0,1,0,0,0,0,1,0,0,0,0,0,0,0,0,0,0,0
-1.086031416628666,-1.5267550901509357,-1.0399656435679563,2.4857430071626276,-0.4794758203104481,1.0149202444305143,-0.2992626448318074,-1.6759029461707264,-0.8238649762007128,1.2296926501022896,-0.4384308670313317,1.2558299638200567,-0.12847983379677153,0.5049079431504904,-1.680234229090871,0.17647844315113492,0.48252137827955527,-0.6515377383555188,1.6802342290908596,0.5144003770566647,1.1999290279367514,-0.7948908532778661,-0.3610679194942681,-0.2995975618821609,-0.18600384606161657,0,1,0,1,0,0,0,0,0,0,0,0,0,0,0,0,0,0,1,0,0,0,0,0,0,0,0,0,0,0,0,0,0,0,0,0,1,0,0,0,0,0,0,1,0,0,0,0,0,1,0,0,0,0,0,1,0,1,0,0,0,0,0,0,1,0,0,0,1,0,0,0,0,0,1,0,0,0,0,0,0,0,0,1,0,0,0,0,0,0,0,1
0.24376040071360305,0.5529944590939581,1.412783515790431,-0.30636179391402457,-0.4794758203104481,0.02419032226617923,0.9538505081700629,1.4905230943442151,-0.8238649762007128,0.009759465477002306,-0.4384308670313317,-0.3881143427648332,0.7632084101887633,0.04508442459311683,-0.5160612504077055,1.0032672495401946,1.4951580588242674,1.5348305111596448,0.5160612504076945,0.7111751694639334,-0.7749553489927752,1.2618804456652244,-0.3610679194942681,0.1263889807397796,-0.7709216009723612,0,1,1,0,1,1,0,0,0,0,0,0,0,0,0,0,0,1,0,0,0,0,0,0,0,0,0,0,0,0,0,1,0,0,0,0,0,0,0,0,0,0,0,0,0,0,0,1,0,1,0,1,0,0,0,0,0,1,0,0,1,0,0,0,0,0,0,0,1,0,0,0,1,0,0,1,0,0,0,0,0,0,1,0,0,0,0,0,0,0,0,1
0.2263775011405015,-0.21322905904889758,-0.22238259044849376,-0.8017616624936659,-0.4794758203104481,-0.9019267788874382,-0.8795394742048326,0.4830238996349156,-0.8238649762007128,1.2296926501022896,1.3621065745757797,0.489202568978724,-0.516260535250946,-0.18853558886748426,-1.5139238035647045,-0.4391440329574757,0.48252137827955527,-0.6515377383555188,1.5139238035646931,-1.2902316006784182,1.1999290279367514,-0.7948908532778661,-0.3610679194942681,0.1022086159420566,0.9838316637598726,0,0,0,1,1,0,0,0,0,0,1,0,0,0,0,0,0,0,0,0,0,0,1,0,0,0,0,0,0,0,0,0,0,0,0,0,0,0,1,0,0,0,0,0,0,1,0,0,0,1,0,1,0,0,0,0,0,0,0,0,0,0,0,1,0,0,1,0,0,0,0,0,0,1,1,0,0,0,0,0,0,0,0,0,0,0,1,0,0,0,0,0
0.2611433002867046,0.2246129513184485,-1.0399656435679563,-1.2491376563028076,-0.4794758203104481,1.2302963144662393,-1.844294202794341,-1.244117577009598,1.1400563019893057,1.2296926501022896,-0.4384308670313317,1.575599679315372,0.03326826627502316,1.9956261242800402,0.3154908772231269,1.5995235013550073,1.4951580588242674,1.5348305111596448,-0.3154908772231378,-0.4539387329475261,0.28844393089235454,-1.2695303838031946,0.7694072651247837,2.4162817973103548,0.9838316637598726,1,0,0,0,0,0,0,1,0,0,0,0,0,0,0,0,0,0,0,0,0,0,0,1,0,0,0,0,0,0,0,0,0,0,0,0,0,0,0,0,0,1,0,0,0,0,0,1,0,0,0,0,1,0,0,0,0,0,0,1,0,0,0,1,0,0,0,0,0,0,1,0,0,0,1,0,0,0,1,0,0,0,0,0,0,0,0,0,0,0,0,1
0.3132919990060093,0.11515244872661197,-1.0399656435679563,1.1362803213120642,3.4399450541618797,-0.9019267788874382,-1.5701757005751817,0.914809268796044,0.15809566289429652,-1.2101737191482849,0.461837853772224,-0.28357424346828786,0.9747251564364947,0.5547044993076253,0.4818013027492934,-0.3598169988309578,0.9888397185519114,1.5348305111596448,-0.48180130274930427,-1.792525149718025,-0.9544902923500049,0.8879220276755714,0.08427078959808616,-0.015411276021768863,-0.18600384606161657,1,0,0,0,0,0,0,1,0,0,0,0,0,0,0,0,0,0,0,0,1,0,0,0,0,0,0,0,0,0,0,0,0,0,0,0,0,1,0,0,0,0,0,0,0,1,0,0,0,0,0,1,0,0,0,1,0,1,0,0,0,0,0,0,1,0,0,0,1,0,0,0,0,1,1,0,0,0,0,0,1,0,0,0,0,0,0,0,0,1,0,0
-0.5297786302894162,-0.6510710694162436,-0.22238259044849376,-0.2307610695526161,-0.4794758203104481,0.47648006934120174,0.7509316169169191,0.7708808124090012,1.1400563019893057,1.2296926501022896,0.461837853772224,1.3624198689851617,-0.07456380043950663,0.6013225518802623,-0.5160612504077055,1.1127609022782052,-1.542751982809869,-0.6515377383555188,0.5160612504076945,0.8898259678336905,1.1999290279367514,-0.7948908532778661,-0.3610679194942681,0.6046061409398592,1.5687494186706172,0,1,0,1,0,0,0,0,0,0,0,0,1,0,0,0,0,0,0,0,0,0,0,0,0,1,0,0,0,0,0,0,0,0,0,0,0,0,0,0,0,0,0,0,0,0,1,0,0,0,0,0,1,0,0,0,0,1,0,0,0,0,0,0,0,1,0,0,0,0,0,0,1,0,1,0,0,0,0,0,0,0,0,0,0,0,0,0,0,1,0,0
0.5392696934563296,0.334073453910285,-1.0399656435679563,-0.6661720706714965,1.2624890127883643,-0.9019267788874382,-0.811899843787118,0.914809268796044,1.1400563019893057,0.009759465477002306,-0.4384308670313317,-0.6135929883064016,0.3069958202426757,0.10759499508824365,1.6459742814324587,-0.13747784684254855,0.9888397185519114,1.5348305111596448,-1.6459742814324694,-1.241037902576601,-1.1041027451476964,0.5762900126841938,0.45538638050838015,0.20051084168545802,0.39891390884912803,1,0,0,0,1,0,0,0,0,0,0,0,0,0,0,0,0,0,0,0,0,0,0,0,0,1,0,0,0,0,0,0,0,0,0,0,0,0,0,0,0,0,0,0,1,0,0,0,0,0,0,0,1,0,0,0,0,0,0,0,0,0,0,0,0,1,0,0,0,0,0,1,1,0,0,0,0,0,0,0,0,0,0,0,0,0,1,0,0,1,0,0
-0.9991169187631582,-0.7605315720080802,-0.22238259044849376,-1.0960103354688855,-0.4794758203104481,0.08880314327689673,0.9538505081700629,-0.09268992591325557,-0.8238649762007128,1.2296926501022896,1.3621065745757797,1.6288946318979245,1.654896654174298,0.842359073704692,-1.014992526986205,0.6967595073518179,0.48252137827955527,-0.6515377383555188,1.014992526986194,0.7577797255603917,0.840859141222292,0.8879220276755714,-1.4001915740430917,1.6957597474859627,0.9838316637598726,1,0,1,0,0,0,1,0,0,0,0,0,1,0,0,0,0,0,0,0,0,0,0,0,0,0,0,0,0,0,0,0,1,0,0,0,0,0,0,0,0,0,0,0,0,0,1,0,0,1,0,0,0,0,0,1,0,0,1,0,1,0,0,0,0,0,1,0,0,0,0,0,1,0,0,1,0,0,0,1,0,0,0,0,0,0,0,0,0,0,1,0
0.21768605135395072,-0.21322905904889758,-0.22238259044849376,0.30950752161550404,-0.4794758203104481,-0.9019267788874382,-1.0183787155885626,0.7708808124090012,-0.8238649762007128,-1.2101737191482849,0.461837853772224,0.5097006276643211,0.5226599536717352,-0.16999431795791273,-0.1834403993553725,0.9496377053419853,-0.023796961992800816,-0.6515377383555188,0.18344039935536155,-1.3912081388874113,0.840859141222292,0.8879220276755714,-1.4001915740430917,-0.11402079953716998,-0.7709216009723612,1,0,0,1,0,0,0,0,0,1,0,0,0,0,1,0,0,0,0,0,0,0,0,0,0,0,0,0,0,0,0,0,0,0,0,0,0,0,0,0,0,0,0,1,0,0,0,0,0,1,0,1,0,0,0,1,0,0,1,0,1,0,0,0,0,0,1,0,0,0,0,0,0,0,0,1,0,0,0,0,0,0,0,0,0,1,0,0,0,1,0,0
0.35674924793876317,0.11515244872661197,-0.22238259044849376,0.43042770459139484,-0.4794758203104481,0.5087864798465604,0.9538505081700629,0.051238530473787215,-0.8238649762007128,-1.2101737191482849,0.461837853772224,0.007498189867191416,0.014605023959046854,1.5522248742425728,-1.014992526986205,-1.0603529199200665,1.4951580588242674,1.5348305111596448,1.014992526986194,1.0607093401873713,-0.9544902923500049,-0.9818700622726926,1.5687331532392639,0.6733244714657809,-0.7709216009723612,0,0,0,1,1,0,0,0,0,0,1,0,0,0,0,1,0,0,0,0,0,0,0,0,0,0,0,1,0,0,0,0,0,0,0,0,0,0,0,0,0,0,0,0,0,0,1,0,0,1,0,1,0,0,1,0,0,0,0,0,0,1,0,0,0,0,0,0,1,0,0,0,0,1,0,1,0,0,0,0,0,0,0,0,0,0,1,0,0,0,0,0
-1.3380834604386387,0.5529944590939581,1.412783515790431,-0.2782112802900206,-0.4794758203104481,-0.9019267788874382,-1.3886166926118426,0.4830238996349156,1.1400563019893057,0.009759465477002306,0.461837853772224,-0.2712754082569296,0.9996094795244632,0.2564549129622321,0.4818013027492934,0.16977475012635876,-0.023796961992800816,-0.6515377383555188,-0.48180130274930427,-1.6604789074447264,-0.7749553489927752,1.2618804456652244,-0.3610679194942681,0.3101079085946872,0.9838316637598726,0,1,1,0,1,1,0,0,0,0,0,0,0,0,0,1,0,0,0,0,0,0,0,0,0,0,1,0,0,0,0,0,0,0,0,0,0,0,0,0,0,0,0,0,0,0,1,0,0,0,0,0,0,0,0,1,0,0,0,1,1,0,0,0,0,0,0,0,1,0,0,0,1,0,0,0,0,0,0,1,0,0,0,0,0,0,0,0,0,0,0,0
0.2263775011405015,0.4435339565021215,1.412783515790431,-0.6333912687803706,-0.4794758203104481,0.13546795845130383,0.9538505081700629,-1.6759029461707264,1.1400563019893057,-1.2101737191482849,1.3621065745757797,-0.45985754816442315,0.6180498588422808,-0.08470447177388377,0.9807325793277929,-0.6912773761671124,-0.023796961992800816,-0.6515377383555188,-0.9807325793278037,0.7914385716300562,-0.7749553489927752,1.2618804456652244,-0.3610679194942681,0.13529955308714314,0.9838316637598726,1,0,0,1,1,0,1,0,0,0,0,0,0,1,0,0,0,0,0,0,0,0,0,0,0,0,0,0,0,1,0,0,0,0,0,0,0,0,0,0,0,0,0,0,1,0,0,0,0,0,0,0,0,0,1,0,0,0,0,1,1,0,0,0,0,0,0,0,0,0,0,0,1,0,0,1,0,1,0,0,0,0,0,0,0,0,0,0,0,0,0,1
-1.6249013033948143,0.005691946134775455,-0.22238259044849376,-1.7023732184499873,-0.4794758203104481,0.2646936004727388,-1.9226137748569578,-0.3805468386873412,-0.8238649762007128,1.2296926501022896,-0.4384308670313317,-1.4355651415988466,-1.4452752638684334,-1.872612738053994,-0.5160612504077055,-0.6316889937246576,-0.023796961992800816,-0.6515377383555188,0.5160612504076945,-1.2073790565069367,-0.28123425476039365,-0.28069802854209364,0.45538638050838015,-1.6110919475920609,-0.18600384606161657,0,0,1,0,0,0,0,1,0,0,0,0,0,0,0,0,0,0,0,0,0,0,0,0,0,0,0,0,0,0,0,0,0,1,0,0,0,0,0,0,0,0,0,0,0,0,1,0,1,0,0,0,0,1,0,0,1,0,0,1,0,0,0,1,0,0,0,0,0,0,0,0,1,0,1,0,0,0,0,0,0,0,0,0,0,0,1,0,0,0,1,0
-0.3559496345584007,-0.3226895616407341,-0.22238259044849376,1.0113035141021467,-0.4794758203104481,1.0974810712775422,-0.8225797854320204,-1.5319744897836836,-0.8238649762007128,1.2296926501022896,-0.4384308670313317,-0.35326764299931807,0.8337139922713405,-0.19436284543906387,1.3133534303801258,0.2874618054502069,0.9888397185519114,1.5348305111596448,-1.3133534303801366,0.19334676839217368,-0.5555237515561613,1.718940734319244,-0.9053707861626996,-0.38913605482117053,-0.18600384606161657,1,0,1,0,1,0,0,0,1,0,0,0,0,0,0,0,0,1,0,0,0,0,0,0,0,0,0,0,0,1,0,0,0,0,0,0,0,0,0,0,0,0,0,0,0,0,0,0,0,1,0,0,1,0,0,1,0,0,0,0,0,0,0,0,0,1,0,0,0,0,0,1,0,1,0,0,0,0,0,0,0,0,0,0,0,0,0,1,0,0,0,1
-1.5206039059562049,-0.7605315720080802,-0.22238259044849376,1.9098662699402726,-0.4794758203104481,-0.9019267788874382,0.18845469028539777,1.4905230943442151,-0.8238649762007128,-1.2101737191482849,0.461837853772224,0.052593918975505104,0.06022628295365561,1.249737283117849,-1.680234229090871,-0.02723933932400725,-1.0364336425375131,-0.6515377383555188,1.6802342290908596,-0.5134889990707785,-0.7749553489927752,-0.7948908532778661,1.2718406805110285,0.035458403170748866,-0.7709216009723612,0,1,0,0,1,0,1,0,0,0,0,0,0,0,0,0,0,1,0,0,0,0,0,0,0,0,0,0,0,0,0,0,0,0,0,0,0,0,0,0,0,0,0,0,0,0,0,1,0,1,0,0,1,0,0,0,0,0,1,0,0,0,0,0,0,1,1,0,0,0,0,0,1,0,1,0,0,0,0,0,0,0,1,0,0,0,0,0,0,0,0,1
0.24376040071360305,0.334073453910285,-1.0399656435679563,-1.2799925860828298,-0.4794758203104481,-0.9019267788874382,-1.1251781320375855,-0.09268992591325557,-0.8238649762007128,1.2296926501022896,1.3621065745757797,1.632994243635044,0.062299976544319645,0.8460673278866062,1.6459742814324587,-1.519183464726968,-0.023796961992800816,-0.6515377383555188,-1.6459742814324694,-1.4688823990481752,1.1999290279367514,-0.7948908532778661,-0.3610679194942681,1.5345027083593907,0.9838316637598726,1,0,0,0,1,1,0,0,0,0,0,0,0,0,0,1,0,0,0,0,0,0,0,0,0,0,0,0,0,0,0,0,0,0,1,0,0,0,0,0,0,0,0,1,0,0,0,0,0,1,0,1,0,0,1,0,0,0,1,0,0,0,0,0,0,1,0,0,0,0,1,0,0,1,1,0,0,0,0,0,0,0,0,0,0,0,0,1,0,0,1,0
0.2698347500732554,0.005691946134775455,1.412783515790431,0.8080625423771652,1.2624890127883643,-0.9019267788874382,0.9538505081700629,-0.23661838230029839,-0.8238649762007128,-1.2101737191482849,1.3621065745757797,0.3785130520764995,0.38994356386923706,0.20295010262318286,1.1470430048539593,-1.5333357055570511,-1.0364336425375131,-0.6515377383555188,-1.1470430048539701,0.04317653208136333,0.28844393089235454,0.3126013846145672,-0.4866762733408288,-0.09234434408986338,-0.18600384606161657,0,0,0,1,1,0,0,1,0,0,0,0,1,0,0,0,0,0,0,0,0,0,0,0,0,0,0,0,0,0,0,0,0,0,0,0,0,0,0,0,0,0,1,0,1,0,0,0,0,1,0,0,1,0,0,0,0,0,1,0,0,0,0,0,0,0,0,1,0,0,0,0,1,0,1,0,0,0,1,0,0,0,0,0,0,0,0,0,0,0,1,0
0.7913217372663021,0.771915464277631,-1.0399656435679563,1.7065433462105646,-0.4794758203104481,-0.9019267788874382,0.9538505081700629,-0.9562606642355124,-0.8238649762007128,0.009759465477002306,-0.4384308670313317,0.9647575304845775,-0.27571207873391795,0.2416218962345749,-1.347613378038538,0.4260047946289142,-1.0364336425375131,-0.6515377383555188,1.3476133780385269,0.04317653208136333,1.1999290279367514,-0.7948908532778661,-0.3610679194942681,-0.30395828899764643,-0.7709216009723612,1,0,0,0,0,0,1,0,0,0,0,1,0,0,0,0,0,0,0,0,0,0,0,0,0,0,0,0,0,0,1,0,0,0,0,0,0,0,0,0,0,0,0,0,0,0,0,1,0,1,0,1,0,0,1,0,0,1,0,0,1,0,0,0,0,0,1,0,0,0,0,0,0,1,0,0,0,0,0,0,0,1,0,0,0,0,0,0,0,0,1,0
-1.5814440544620605,-1.9645971005182818,-0.22238259044849376,-0.034240162215315874,-0.4794758203104481,0.444173658835843,-0.9685389879123518,-1.244117577009598,1.1400563019893057,0.009759465477002306,0.461837853772224,-0.3102217197595641,-1.5344440882669867,0.4996104371763271,1.6459742814324587,-0.7285201151936466,1.4951580588242674,1.5348305111596448,-1.6459742814324694,-0.3840318988028385,-0.5555237515561613,-2.8516621522209564,2.723314991626845,-0.043869662564513974,0.9838316637598726,1,0,1,0,0,0,1,0,0,0,0,0,0,1,0,0,0,0,0,0,0,0,0,0,0,0,0,0,0,0,0,0,0,0,0,1,0,0,0,0,0,0,0,0,0,0,0,0,0,0,0,1,0,0,0,1,0,0,0,1,0,0,0,1,0,0,0,0,0,0,0,0,0,1,1,0,0,0,1,0,0,0,0,0,0,0,0,0,0,0,0,1
0.7130986891873451,0.4435339565021215,-1.0399656435679563,1.2621586005739882,0.8269978045136612,1.8800141257406764,-0.213823111672589,0.914809268796044,-0.8238649762007128,1.2296926501022896,0.461837853772224,-0.7427307580256636,-0.7443668302239898,-0.5964435488780576,1.3133534303801258,1.089670404081754,0.9888397185519114,1.5348305111596448,-1.3133534303801366,1.2005230084767464,-0.5555237515561613,-0.5663607089508563,0.9089721027320734,-0.8872495831843318,0.39891390884912803,0,0,0,0,0,0,0,0,1,0,0,0,0,0,0,0,0,0,0,1,0,0,0,0,0,0,0,0,0,0,0,0,0,0,0,1,0,0,0,0,0,0,0,0,0,0,1,0,0,1,0,1,0,0,1,0,0,1,0,0,1,0,0,0,0,0,0,0,0,1,0,0,1,0,0,1,0,0,0,0,0,0,1,0,0,0,0,0,0,1,0,0
0.46104664537737255,0.5529944590939581,-0.22238259044849376,0.10028405354539288,-0.4794758203104481,1.2302963144662393,-0.1924632283827844,1.3465946379571725,-0.8238649762007128,-1.2101737191482849,-0.4384308670313317,-1.5237067939469142,-0.4519760339403609,0.20295010262318286,-0.5160612504077055,-0.5989153833813075,0.48252137827955527,-0.6515377383555188,0.5160612504076945,0.7474231575389566,-2.749839725922302,-0.5663607089508563,2.723314991626845,-0.28799460500953267,-1.355839355883106,0,1,0,0,1,0,0,0,1,0,0,0,0,0,0,0,0,1,0,0,0,0,0,0,1,0,0,0,0,0,0,0,0,0,0,0,0,0,0,0,0,0,0,0,1,0,0,0,0,1,0,1,0,0,0,1,0,0,1,0,0,0,0,0,0,1,0,0,0,0,1,0,0,0,0,0,0,0,0,0,0,0,0,0,0,0,0,0,0,0,0,1
-0.9556596698304044,-1.4172945875590992,-1.0399656435679563,-2.1870783504126488,-0.4794758203104481,0.9036426082453897,0.9538505081700629,-0.8123322078484696,1.1400563019893057,0.009759465477002306,0.461837853772224,-0.7714280401854996,-0.012352992719585593,-0.6483591074248578,0.8144221538016264,-0.7787978128794678,0.48252137827955527,-0.6515377383555188,-0.8144221538016372,1.345514960776839,-0.7749553489927752,1.2618804456652244,-0.3610679194942681,0.28476008366738303,0.9838316637598726,1,0,0,0,1,0,0,0,1,0,0,0,0,1,0,0,0,0,0,0,0,0,0,0,0,0,0,1,0,0,0,0,0,0,0,0,0,0,0,0,0,0,0,0,0,0,0,0,0,0,0,0,0,0,0,0,0,1,0,0,0,1,0,0,0,0,0,0,0,0,0,1,0,1,0,1,0,0,0,0,0,0,0,0,1,0,0,0,0,0,1,0
-0.694916176233881,-1.1983735823754262,-0.22238259044849376,-0.08714018126711978,-0.4794758203104481,-0.9019267788874382,-0.18890324783448362,1.2026661815701296,1.1400563019893057,-1.2101737191482849,-0.4384308670313317,-0.28972366107396696,-0.28608054668723815,0.5419904849696334,1.1470430048539593,0.029742051386590106,-1.0364336425375131,-0.6515377383555188,-1.1470430048539701,-0.7879380516388111,-0.7749553489927752,-0.7948908532778661,1.2718406805110285,0.2017221529615887,-0.18600384606161657,0,1,1,0,1,0,0,0,1,0,0,0,0,1,0,0,0,0,0,0,0,0,0,0,0,0,0,1,0,0,0,0,0,0,0,0,0,0,0,0,0,0,0,0,0,0,0,0,0,0,0,0,1,0,0,1,0,0,1,0,0,1,0,0,0,0,0,1,0,0,0,0,1,0,1,0,0,0,0,0,0,0,0,0,0,0,0,0,1,1,0,0
-0.5471615298625178,-0.9794525771917532,-0.22238259044849376,0.3713812851850039,-0.4794758203104481,-0.9019267788874382,-1.9688935219848678,-0.8123322078484696,-0.8238649762007128,0.009759465477002306,0.461837853772224,-1.4130172770446898,-1.310485180475271,-1.751829601843071,-1.5139238035647045,-0.6994707787529499,-0.023796961992800816,-0.6515377383555188,1.5139238035646931,-2.0825090543182103,-1.1041027451476964,0.5762900126841938,0.45538638050838015,-1.581861382966469,-0.18600384606161657,1,0,0,1,1,0,1,0,0,0,0,0,0,0,0,0,0,0,0,0,0,1,0,0,0,0,1,0,0,0,0,0,0,0,0,0,0,0,0,0,0,0,0,0,0,1,0,0,1,0,0,0,0,1,1,0,0,0,0,0,0,0,0,1,0,0,0,0,1,0,0,0,1,0,0,1,0,0,0,0,0,1,0,0,0,0,0,0,0,0,1,0
-1.746581600406525,-0.10376855645706107,-0.22238259044849376,0.2228842526182033,-0.4794758203104481,-0.9019267788874382,0.9538505081700629,1.2026661815701296,-0.8238649762007128,-1.2101737191482849,-0.4384308670313317,2.0511546408212253,0.27381672279205116,1.2243092544418652,0.14918045169696045,1.4460834165656864,1.4951580588242674,1.5348305111596448,-0.14918045169697136,0.04317653208136333,1.1999290279367514,-0.7948908532778661,-0.3610679194942681,0.9238158624679392,-1.355839355883106,0,1,0,1,0,0,0,0,0,1,0,0,1,0,0,0,0,0,0,0,0,0,0,0,0,0,0,0,0,0,0,0,0,0,0,0,1,0,0,0,0,0,0,0,0,0,1,0,0,1,0,0,0,0,1,0,0,1,0,0,0,0,0,0,0,0,0,0,0,1,0,0,0,1,1,0,0,0,0,0,0,1,0,0,0,0,0,0,0,1,0,0
0.7044072394007943,0.2246129513184485,-0.22238259044849376,0.7391409064010732,-0.4794758203104481,1.6431004487013787,0.9538505081700629,1.634451550731258,-0.8238649762007128,1.2296926501022896,1.3621065745757797,2.182342216409047,2.214793923653587,1.8218679283274843,1.6459742814324587,-1.6219734244402024,0.9888397185519114,1.5348305111596448,-1.6459742814324694,1.8788782138807518,0.5416342356269089,0.5762900126841938,-0.9053707861626996,1.2883120755874404,0.9838316637598726,0,0,0,0,0,0,0,0,0,0,1,0,0,0,0,0,0,0,0,1,0,0,0,0,0,0,0,0,0,0,0,0,0,0,0,0,0,0,0,0,1,0,0,0,0,0,0,1,0,1,0,1,0,0,0,0,0,1,0,0,0,0,0,1,0,0,0,0,1,0,0,0,0,1,1,0,0,0,0,0,0,0,0,0,0,0,0,0,1,0,0,1
-0.6427674775145763,-0.5416105668244071,-1.0399656435679563,0.5207388138014467,0.8269978045136612,0.35802323082155296,0.9538505081700629,-1.1001891206225551,1.1400563019893057,1.2296926501022896,1.3621065745757797,0.013647607472870554,0.020826104731038957,0.7719022442483202,-1.5139238035647045,-0.14194697552573265,0.48252137827955527,-0.6515377383555188,1.5139238035646931,0.9519653759623017,-0.5555237515561613,-0.5663607089508563,0.9089721027320734,0.2037620190711208,2.1536671735813617,0,1,1,0,0,0,0,0,0,1,0,1,0,0,0,0,0,0,0,0,0,0,0,0,0,0,1,0,0,0,0,0,0,0,0,0,0,0,0,0,0,0,0,0,1,0,0,0,0,0,0,0,1,0,1,0,0,0,0,1,0,0,0,0,0,0,0,0,0,0,0,0,1,0,0,1,0,0,0,0,0,0,0,0,0,0,1,0,0,0,0,1
2.208028052474079,2.5232835057470155,1.412783515790431,0.4118655755205449,1.6979802210630675,-0.9019267788874382,0.9538505081700629,-1.3880460333966407,-0.8238649762007128,-1.2101737191482849,-0.4384308670313317,-0.45370813055874404,-0.4519760339403609,-0.07357970922814086,-1.1813029525123715,-1.3195623835447445,-0.023796961992800816,-0.6515377383555188,1.1813029525123604,0.04317653208136333,-0.5555237515561613,-0.5663607089508563,0.9089721027320734,-0.3714464396983124,-1.355839355883106,0,0,0,1,1,0,0,0,0,0,0,0,0,0,0,1,0,0,0,0,0,0,0,0,0,0,0,0,0,0,0,0,0,0,0,0,0,0,0,0,0,0,0,0,0,0,0,1,0,1,0,1,0,0,0,0,0,0,1,0,1,0,0,0,0,0,0,0,0,0,0,0,1,0,0,1,1,0,0,0,0,0,0,0,0,0,0,0,0,0,0,1
2.1906451529009776,2.304362500563342,-0.22238259044849376,-2.0087098121225595,-0.4794758203104481,-0.9019267788874382,0.9538505081700629,-0.8123322078484696,-0.8238649762007128,-1.2101737191482849,1.3621065745757797,-1.4294157239931675,-1.3436642779258956,-1.814340172338198,0.3154908772231269,0.7232018520606572,-0.023796961992800816,-0.6515377383555188,-0.3154908772231378,0.04317653208136333,-0.9544902923500049,0.8879220276755714,0.08427078959808616,-1.5090399880841139,-0.18600384606161657,0,1,1,0,0,0,0,0,0,0,0,0,0,0,0,0,0,0,0,0,0,1,0,0,0,0,0,0,0,0,0,0,0,0,1,0,0,0,0,0,0,0,0,0,0,0,0,0,1,0,0,0,0,1,1,0,0,0,0,1,0,0,0,0,0,1,1,0,0,0,0,0,1,0,1,0,0,0,0,0,0,0,0,1,0,0,0,0,0,0,1,0
